seed,method,method_label,epoch,train_loss,test_loss,train_score,test_score,train_r2,test_r2
0,bp,BP,1,0.9832403784574464,0.9604417667832486,0.01675957441329956,0.014208316802978516,0.01675957441329956,0.014208316802978516
0,bp,BP,2,0.9461240389550379,0.9235548243042111,0.05387592315673828,0.05206882953643799,0.05387592315673828,0.05206882953643799
0,bp,BP,3,0.827987905158553,0.8149862622105798,0.17201203107833862,0.16350305080413818,0.17201203107833862,0.16350305080413818
0,bp,BP,4,0.5854645745698795,0.5900354322999023,0.41453540325164795,0.39439117908477783,0.41453540325164795,0.39439117908477783
0,bp,BP,5,0.4670007482979649,0.47959633344827696,0.5329992771148682,0.5077451467514038,0.5329992771148682,0.5077451467514038
0,bp,BP,6,0.4379017212132151,0.45233390127965645,0.5620982646942139,0.5357272624969482,0.5620982646942139,0.5357272624969482
0,bp,BP,7,0.42252257766649703,0.4364640088968499,0.5774774551391602,0.552016019821167,0.5774774551391602,0.552016019821167
0,bp,BP,8,0.4107343873312307,0.4238403661306514,0.5892655849456787,0.5649727582931519,0.5892655849456787,0.5649727582931519
0,bp,BP,9,0.40661308134711066,0.419394921424777,0.5933868885040283,0.5695356130599976,0.5933868885040283,0.5695356130599976
0,bp,BP,10,0.38647054701812505,0.39503939877184785,0.6135294437408447,0.5945339202880859,0.6135294437408447,0.5945339202880859
0,bp,BP,11,0.37282786119815914,0.38106511475503907,0.6271721124649048,0.6088770627975464,0.6271721124649048,0.6088770627975464
0,bp,BP,12,0.3788715699153353,0.38330034876978675,0.6211284399032593,0.6065828800201416,0.6211284399032593,0.6065828800201416
0,bp,BP,13,0.3562855301208274,0.3626262591790783,0.643714427947998,0.6278026103973389,0.643714427947998,0.6278026103973389
0,bp,BP,14,0.39282077585541925,0.39333510560582774,0.6071792244911194,0.5962831974029541,0.6071792244911194,0.5962831974029541
0,bp,BP,15,0.3448079064372898,0.3491414210131002,0.6551921367645264,0.6416433453559875,0.6551921367645264,0.6416433453559875
0,bp,BP,16,0.33665962124517723,0.33956622338110165,0.6633403897285461,0.6514713168144226,0.6633403897285461,0.6514713168144226
0,bp,BP,17,0.33107872619185336,0.3328166952890943,0.6689212322235107,0.6583989262580872,0.6689212322235107,0.6583989262580872
0,bp,BP,18,0.33203409288742747,0.3318934722464214,0.6679658889770508,0.6593465805053711,0.6679658889770508,0.6593465805053711
0,bp,BP,19,0.33881512653920076,0.3415197935677314,0.6611848473548889,0.6494661569595337,0.6611848473548889,0.6494661569595337
0,bp,BP,20,0.3399902681509654,0.3379302380620971,0.6600097417831421,0.6531504392623901,0.6600097417831421,0.6531504392623901
0,bp,BP,21,0.32537276777186136,0.3268033425475276,0.6746273040771484,0.6645710468292236,0.6746273040771484,0.6645710468292236
0,bp,BP,22,0.3170637290838153,0.31681144976800724,0.6829362511634827,0.6748266220092773,0.6829362511634827,0.6748266220092773
0,bp,BP,23,0.3192282773034517,0.31760876747064815,0.6807717084884644,0.6740082502365112,0.6807717084884644,0.6740082502365112
0,bp,BP,24,0.3345903661824012,0.33154338136199835,0.6654096245765686,0.6597058773040771,0.6654096245765686,0.6597058773040771
0,bp,BP,25,0.3171212721702664,0.3148896019588145,0.6828787326812744,0.6767991781234741,0.6828787326812744,0.6767991781234741
0,bp,BP,26,0.3441886126764061,0.3464620556942252,0.6558114290237427,0.6443934440612793,0.6558114290237427,0.6443934440612793
0,bp,BP,27,0.3102405366971511,0.3096321486225424,0.6897594332695007,0.6821954250335693,0.6897594332695007,0.6821954250335693
0,bp,BP,28,0.31090287598528604,0.30876669518707334,0.6890970468521118,0.6830837726593018,0.6890970468521118,0.6830837726593018
0,bp,BP,29,0.3064209613227105,0.30537099708882415,0.6935790181159973,0.6865690350532532,0.6935790181159973,0.6865690350532532
0,bp,BP,30,0.3575177710185679,0.3528042948523233,0.6424822807312012,0.6378837823867798,0.6424822807312012,0.6378837823867798
0,bp,BP,31,0.3044733083987421,0.3020018376121225,0.695526659488678,0.690027117729187,0.695526659488678,0.690027117729187
0,bp,BP,32,0.3241051918314409,0.3245820913665978,0.6758947968482971,0.6668509244918823,0.6758947968482971,0.6668509244918823
0,bp,BP,33,0.3013090663409048,0.29979230082312297,0.6986908912658691,0.6922949552536011,0.6986908912658691,0.6922949552536011
0,bp,BP,34,0.2999789221573246,0.2978779236937678,0.7000210881233215,0.6942599415779114,0.7000210881233215,0.6942599415779114
0,bp,BP,35,0.2996377309625463,0.2978261307228443,0.7003622651100159,0.6943130493164062,0.7003622651100159,0.6943130493164062
0,bp,BP,36,0.30106609251148014,0.29962886488714885,0.6989338994026184,0.692462682723999,0.6989338994026184,0.692462682723999
0,bp,BP,37,0.3079830535160479,0.30702519000962725,0.6920169591903687,0.6848711967468262,0.6920169591903687,0.6848711967468262
0,bp,BP,38,0.3079425336778626,0.3068713656691618,0.6920574903488159,0.6850290298461914,0.6920574903488159,0.6850290298461914
0,bp,BP,39,0.29667448812676955,0.293898039547972,0.7033255100250244,0.6983448266983032,0.7033255100250244,0.6983448266983032
0,bp,BP,40,0.3212326733871948,0.3170580411142157,0.6787673234939575,0.674573540687561,0.6787673234939575,0.674573540687561
0,bp,BP,41,0.3296478443829588,0.32974165955255197,0.6703521013259888,0.6615551710128784,0.6703521013259888,0.6615551710128784
0,bp,BP,42,0.2983397657788077,0.2950781971909279,0.7016602754592896,0.6971335411071777,0.7016602754592896,0.6971335411071777
0,bp,BP,43,0.292868366537168,0.29027056486107583,0.7071316242218018,0.7020680904388428,0.7071316242218018,0.7020680904388428
0,bp,BP,44,0.3094911117886388,0.3053810106691464,0.6905089020729065,0.6865587830543518,0.6905089020729065,0.6865587830543518
0,bp,BP,45,0.3009186509505723,0.2976150746031325,0.699081301689148,0.6945297122001648,0.699081301689148,0.6945297122001648
0,bp,BP,46,0.2927108984584956,0.29064746951872067,0.7072890996932983,0.7016811370849609,0.7072890996932983,0.7016811370849609
0,bp,BP,47,0.29159259865450304,0.28833816541257756,0.7084074020385742,0.7040514945983887,0.7084074020385742,0.7040514945983887
0,bp,BP,48,0.29734819965769155,0.2938314112581948,0.7026517391204834,0.6984131932258606,0.7026517391204834,0.6984131932258606
0,bp,BP,49,0.3088941983012266,0.3050376430962437,0.691105842590332,0.6869112253189087,0.691105842590332,0.6869112253189087
0,bp,BP,50,0.2919595026692679,0.28990419128144435,0.7080404758453369,0.7024440765380859,0.7080404758453369,0.7024440765380859
0,bp,BP,51,0.28929271947505864,0.28605542626491814,0.7107073068618774,0.7063944339752197,0.7107073068618774,0.7063944339752197
0,bp,BP,52,0.2900561225968738,0.2866909302944361,0.7099438905715942,0.7057421207427979,0.7099438905715942,0.7057421207427979
0,bp,BP,53,0.29394338435904926,0.2919278371241666,0.7060565948486328,0.7003670334815979,0.7060565948486328,0.7003670334815979
0,bp,BP,54,0.2917139825894851,0.2895848091489585,0.7082860469818115,0.7027719020843506,0.7082860469818115,0.7027719020843506
0,bp,BP,55,0.29528351890486343,0.29137588378994966,0.7047165632247925,0.700933575630188,0.7047165632247925,0.700933575630188
0,bp,BP,56,0.2893690771834795,0.28573506654695024,0.7106308937072754,0.7067232131958008,0.7106308937072754,0.7067232131958008
0,bp,BP,57,0.28748561499654784,0.2848452008509821,0.7125144004821777,0.7076365947723389,0.7125144004821777,0.7076365947723389
0,bp,BP,58,0.29100307521894,0.288933945487636,0.7089968919754028,0.7034399509429932,0.7089968919754028,0.7034399509429932
0,bp,BP,59,0.2858901252580244,0.28287507443465004,0.7141098380088806,0.7096587419509888,0.7141098380088806,0.7096587419509888
0,bp,BP,60,0.29400757278582845,0.28998390048049216,0.7059924006462097,0.7023622989654541,0.7059924006462097,0.7023622989654541
0,bp,BP,61,0.29953781486481657,0.2956749210061953,0.7004622220993042,0.6965210437774658,0.7004622220993042,0.6965210437774658
0,bp,BP,62,0.28707961715007013,0.28450098679971325,0.7129203677177429,0.7079899311065674,0.7129203677177429,0.7079899311065674
0,bp,BP,63,0.30400457158107164,0.2999341809010321,0.6959954500198364,0.6921494007110596,0.6959954500198364,0.6921494007110596
0,bp,BP,64,0.28667416429334835,0.28421858299610225,0.7133258581161499,0.7082797884941101,0.7133258581161499,0.7082797884941101
0,bp,BP,65,0.28484829313071197,0.28237190773320753,0.7151516675949097,0.7101751565933228,0.7151516675949097,0.7101751565933228
0,bp,BP,66,0.28402336392291755,0.28102805009183957,0.7159765958786011,0.7115545272827148,0.7159765958786011,0.7115545272827148
0,bp,BP,67,0.2897004861702291,0.28781537700069043,0.7102994918823242,0.704587996006012,0.7102994918823242,0.704587996006012
0,bp,BP,68,0.32461292833782907,0.32388627494490424,0.6753870248794556,0.667565107345581,0.6753870248794556,0.667565107345581
0,bp,BP,69,0.31967074764791387,0.3195565506931423,0.6803293228149414,0.6720090508460999,0.6803293228149414,0.6720090508460999
0,bp,BP,70,0.3005671873111133,0.2965408106182897,0.6994328498840332,0.6956323385238647,0.6994328498840332,0.6956323385238647
0,bp,BP,71,0.33936077090658884,0.33458438122919365,0.660639226436615,0.656584620475769,0.660639226436615,0.656584620475769
0,bp,BP,72,0.28779516952444417,0.2856911145901495,0.7122048139572144,0.7067683935165405,0.7122048139572144,0.7067683935165405
0,bp,BP,73,0.292563690464626,0.29082251865734426,0.7074363231658936,0.7015014886856079,0.7074363231658936,0.7015014886856079
0,bp,BP,74,0.32480235594187595,0.32473249352255534,0.6751976609230042,0.6666965484619141,0.6751976609230042,0.6666965484619141
0,bp,BP,75,0.28391300372837125,0.28164831727974177,0.7160869836807251,0.7109178304672241,0.7160869836807251,0.7109178304672241
0,bp,BP,76,0.29308556378349776,0.29083922285904257,0.7069144248962402,0.7014843225479126,0.7069144248962402,0.7014843225479126
0,bp,BP,77,0.28203754820102866,0.27944258398325866,0.7179624438285828,0.7131818532943726,0.7179624438285828,0.7131818532943726
0,bp,BP,78,0.2817171842090843,0.27905268747677175,0.7182828187942505,0.7135820388793945,0.7182828187942505,0.7135820388793945
0,bp,BP,79,0.2833224923111672,0.2807617455489876,0.7166774868965149,0.7118277549743652,0.7166774868965149,0.7118277549743652
0,bp,BP,80,0.28214160797669907,0.27978420188260633,0.7178584337234497,0.7128311395645142,0.7178584337234497,0.7128311395645142
0,bp,BP,81,0.28160470007926,0.27937581037828163,0.7183952927589417,0.7132503986358643,0.7183952927589417,0.7132503986358643
0,bp,BP,82,0.29956063027529756,0.2984415442906609,0.7004393339157104,0.6936814188957214,0.7004393339157104,0.6936814188957214
0,bp,BP,83,0.3399413537609485,0.34004528993783995,0.6600586175918579,0.6509795188903809,0.6600586175918579,0.6509795188903809
0,bp,BP,84,0.2804885699536449,0.27784575314022775,0.7195113897323608,0.7148208618164062,0.7195113897323608,0.7148208618164062
0,bp,BP,85,0.28084788419479545,0.27862657953140346,0.7191520929336548,0.7140193581581116,0.7191520929336548,0.7140193581581116
0,bp,BP,86,0.28071388556051624,0.2782148512065873,0.7192860841751099,0.7144418954849243,0.7192860841751099,0.7144418954849243
0,bp,BP,87,0.28000357677770216,0.27707232130590337,0.7199963927268982,0.7156146764755249,0.7199963927268982,0.7156146764755249
0,bp,BP,88,0.2827861302120741,0.28072122016618417,0.7172138690948486,0.711869478225708,0.7172138690948486,0.711869478225708
0,bp,BP,89,0.2893175436544788,0.2878009749706401,0.7106824517250061,0.704602837562561,0.7106824517250061,0.704602837562561
0,bp,BP,90,0.28683459262053174,0.2833918628766555,0.7131654024124146,0.7091283202171326,0.7131654024124146,0.7091283202171326
0,bp,BP,91,0.2793919818345891,0.2767649999884672,0.7206079959869385,0.7159300446510315,0.7206079959869385,0.7159300446510315
0,bp,BP,92,0.28000950813293457,0.27789809121642,0.7199904918670654,0.7147670984268188,0.7199904918670654,0.7147670984268188
0,bp,BP,93,0.2789141199616499,0.2765134055485097,0.7210859060287476,0.7161883115768433,0.7210859060287476,0.7161883115768433
0,bp,BP,94,0.28822032009908394,0.2845250943372416,0.7117797136306763,0.7079651355743408,0.7117797136306763,0.7079651355743408
0,bp,BP,95,0.2808248839637106,0.27888511987619624,0.7191751599311829,0.7137539982795715,0.7191751599311829,0.7137539982795715
0,bp,BP,96,0.279577268879543,0.27763536838135977,0.7204227447509766,0.7150367498397827,0.7204227447509766,0.7150367498397827
0,bp,BP,97,0.27852528894594475,0.2759516807489617,0.7214747071266174,0.7167648673057556,0.7214747071266174,0.7167648673057556
0,bp,BP,98,0.28067064054252566,0.2792620310025622,0.7193293571472168,0.7133671641349792,0.7193293571472168,0.7133671641349792
0,bp,BP,99,0.28184015147907787,0.2791867859141771,0.7181598544120789,0.7134443521499634,0.7181598544120789,0.7134443521499634
0,bp,BP,100,0.2778068499047627,0.2752369064693303,0.7221931219100952,0.7174984812736511,0.7221931219100952,0.7174984812736511
0,bp,BP,101,0.30126046579937604,0.30030708419260127,0.6987395286560059,0.691766619682312,0.6987395286560059,0.691766619682312
0,bp,BP,102,0.2786639365114907,0.27709967695003335,0.7213360667228699,0.7155865430831909,0.7213360667228699,0.7155865430831909
0,bp,BP,103,0.2825260298658711,0.2790578982626745,0.7174739837646484,0.7135766744613647,0.7174739837646484,0.7135766744613647
0,bp,BP,104,0.27880592263022136,0.2759723402270975,0.7211940288543701,0.7167437076568604,0.7211940288543701,0.7167437076568604
0,bp,BP,105,0.2767648216365844,0.2745882152586944,0.7232351303100586,0.718164324760437,0.7232351303100586,0.718164324760437
0,bp,BP,106,0.27666554351647693,0.27423571593077606,0.7233344316482544,0.7185261249542236,0.7233344316482544,0.7185261249542236
0,bp,BP,107,0.2904786252698233,0.2896127946848093,0.7095214128494263,0.7027431726455688,0.7095214128494263,0.7027431726455688
0,bp,BP,108,0.2778312144584434,0.2751078896744307,0.7221688032150269,0.717630922794342,0.7221688032150269,0.717630922794342
0,bp,BP,109,0.2774384688268336,0.27504695362822956,0.7225615382194519,0.7176934480667114,0.7225615382194519,0.7176934480667114
0,bp,BP,110,0.279598464568456,0.2780154253854308,0.7204015254974365,0.7146466374397278,0.7204015254974365,0.7146466374397278
0,bp,BP,111,0.28515724606754245,0.28428765322810917,0.7148427367210388,0.7082088589668274,0.7148427367210388,0.7082088589668274
0,bp,BP,112,0.27820148324781613,0.27689906781496004,0.7217985391616821,0.7157924771308899,0.7217985391616821,0.7157924771308899
0,bp,BP,113,0.2821736492851908,0.2790657817855362,0.7178263664245605,0.7135685682296753,0.7178263664245605,0.7135685682296753
0,bp,BP,114,0.2801119391770326,0.279066672851873,0.7198880910873413,0.7135676145553589,0.7198880910873413,0.7135676145553589
0,bp,BP,115,0.30034597090972487,0.29658805630927865,0.6996540427207947,0.6955838203430176,0.6996540427207947,0.6955838203430176
0,bp,BP,116,0.2830605286267377,0.27978063415187276,0.7169394493103027,0.7128348350524902,0.7169394493103027,0.7128348350524902
0,bp,BP,117,0.27465335990107337,0.2728338156097619,0.7253466844558716,0.7199650406837463,0.7253466844558716,0.7199650406837463
0,bp,BP,118,0.30520670936089156,0.30152071146077886,0.6947932839393616,0.6905209422111511,0.6947932839393616,0.6905209422111511
0,bp,BP,119,0.27413330290668697,0.2719288077927375,0.7258666753768921,0.7208938598632812,0.7258666753768921,0.7208938598632812
0,bp,BP,120,0.27719772924748504,0.2758221986681916,0.7228022813796997,0.71689772605896,0.7228022813796997,0.71689772605896
0,bp,BP,121,0.2821427604486776,0.28152858564095906,0.7178572416305542,0.711040735244751,0.7178572416305542,0.711040735244751
0,bp,BP,122,0.2733927260535632,0.27089540914509647,0.7266072630882263,0.7219545841217041,0.7266072630882263,0.7219545841217041
0,bp,BP,123,0.28283284269562065,0.28203835020693696,0.7171671390533447,0.7105175256729126,0.7171671390533447,0.7105175256729126
0,bp,BP,124,0.28103574671486553,0.2776760281056397,0.7189642786979675,0.7149950265884399,0.7189642786979675,0.7149950265884399
0,bp,BP,125,0.2781362334887187,0.27742438930873725,0.7218637466430664,0.7152532339096069,0.7218637466430664,0.7152532339096069
0,bp,BP,126,0.3014008437478265,0.2974122898985249,0.698599100112915,0.6947377920150757,0.698599100112915,0.6947377920150757
0,bp,BP,127,0.2736861185972081,0.27220005905905437,0.7263138294219971,0.7206155061721802,0.7263138294219971,0.7206155061721802
0,bp,BP,128,0.27914090535437414,0.27887392136477684,0.7208590507507324,0.7137655019760132,0.7208590507507324,0.7137655019760132
0,bp,BP,129,0.2737015483453292,0.2723193741584009,0.726298451423645,0.7204930782318115,0.726298451423645,0.7204930782318115
0,bp,BP,130,0.28022356654784475,0.2775092476098112,0.719776451587677,0.7151661515235901,0.719776451587677,0.7151661515235901
0,bp,BP,131,0.27710570510505705,0.27630169943783633,0.7228943109512329,0.7164055705070496,0.7228943109512329,0.7164055705070496
0,bp,BP,132,0.27618605071722074,0.27305787432101347,0.7238140106201172,0.7197350263595581,0.7238140106201172,0.7197350263595581
0,bp,BP,133,0.27205205506594604,0.2699787271346233,0.7279479503631592,0.7228954434394836,0.7279479503631592,0.7228954434394836
0,bp,BP,134,0.28580297287120376,0.28575304520222566,0.714197039604187,0.7067047953605652,0.714197039604187,0.7067047953605652
0,bp,BP,135,0.28918521660704943,0.2894738998061927,0.7108147740364075,0.7028857469558716,0.7108147740364075,0.7028857469558716
0,bp,BP,136,0.27505279950393263,0.2720923765685207,0.7249472141265869,0.7207260131835938,0.7249472141265869,0.7207260131835938
0,bp,BP,137,0.2791295536728792,0.2787367827439493,0.7208704352378845,0.7139062881469727,0.7208704352378845,0.7139062881469727
0,bp,BP,138,0.2719219955363015,0.271088236639666,0.7280780076980591,0.7217566967010498,0.7280780076980591,0.7217566967010498
0,bp,BP,139,0.2709841541079588,0.2687615190827569,0.7290158271789551,0.7241448163986206,0.7290158271789551,0.7241448163986206
0,bp,BP,140,0.27016001038773113,0.2684761422087056,0.7298400402069092,0.7244377136230469,0.7298400402069092,0.7244377136230469
0,bp,BP,141,0.27372917186382206,0.2734083006548327,0.7262707948684692,0.7193753719329834,0.7262707948684692,0.7193753719329834
0,bp,BP,142,0.2692590845647708,0.26773175608742145,0.7307409048080444,0.7252017259597778,0.7307409048080444,0.7252017259597778
0,bp,BP,143,0.2784061307130858,0.278630137905594,0.7215938568115234,0.7140157222747803,0.7215938568115234,0.7140157222747803
0,bp,BP,144,0.26933417036089785,0.26816011283748836,0.7306658029556274,0.7247620820999146,0.7306658029556274,0.7247620820999146
0,bp,BP,145,0.28197482366894566,0.27911908173745914,0.7180252075195312,0.7135138511657715,0.7180252075195312,0.7135138511657715
0,bp,BP,146,0.2685425799022349,0.267539668568345,0.7314574122428894,0.7253988981246948,0.7314574122428894,0.7253988981246948
0,bp,BP,147,0.2692535055238147,0.2675320000149483,0.7307465076446533,0.7254067659378052,0.7307465076446533,0.7254067659378052
0,bp,BP,148,0.27374520990275597,0.2713445154733436,0.7262548208236694,0.7214936017990112,0.7262548208236694,0.7214936017990112
0,bp,BP,149,0.26868778455627057,0.26688506009504775,0.7313122153282166,0.726070761680603,0.7313122153282166,0.726070761680603
0,bp,BP,150,0.27085158783336016,0.2689969555814137,0.7291483879089355,0.7239031791687012,0.7291483879089355,0.7239031791687012
0,bp,BP,151,0.2683194054420604,0.26642787317897,0.7316805720329285,0.7265399694442749,0.7316805720329285,0.7265399694442749
0,bp,BP,152,0.2684320608774821,0.26796111672423606,0.7315679788589478,0.724966287612915,0.7315679788589478,0.724966287612915
0,bp,BP,153,0.2841680476138758,0.2851427334916684,0.7158319354057312,0.7073311805725098,0.7158319354057312,0.7073311805725098
0,bp,BP,154,0.26837924815887626,0.2666234471077143,0.731620728969574,0.7263393402099609,0.731620728969574,0.7263393402099609
0,bp,BP,155,0.2706804704065471,0.2692692427672157,0.7293195128440857,0.7236236333847046,0.7293195128440857,0.7236236333847046
0,bp,BP,156,0.29065779544586356,0.28783084648524143,0.7093422412872314,0.7045721411705017,0.7093422412872314,0.7045721411705017
0,bp,BP,157,0.26637434012206024,0.26575587990210037,0.7336256504058838,0.7272297143936157,0.7336256504058838,0.7272297143936157
0,bp,BP,158,0.2760617614023445,0.2736112507738808,0.7239382266998291,0.7191671133041382,0.7239382266998291,0.7191671133041382
0,bp,BP,159,0.28151018975317016,0.2784058754296266,0.7184898257255554,0.7142459154129028,0.7184898257255554,0.7142459154129028
0,bp,BP,160,0.26662394358206165,0.26629144738810934,0.7333760261535645,0.7266800999641418,0.7333760261535645,0.7266800999641418
0,bp,BP,161,0.2653931232616883,0.2647273464258327,0.7346068620681763,0.7282854318618774,0.7346068620681763,0.7282854318618774
0,bp,BP,162,0.26535107230031213,0.2650212275889493,0.7346489429473877,0.727983832359314,0.7346489429473877,0.727983832359314
0,bp,BP,163,0.2649566661710887,0.26447067092093385,0.7350433468818665,0.7285488843917847,0.7350433468818665,0.7285488843917847
0,bp,BP,164,0.26770275034183677,0.26757439867008564,0.7322972416877747,0.7253632545471191,0.7322972416877747,0.7253632545471191
0,bp,BP,165,0.26855290120886277,0.2668311646742414,0.7314471006393433,0.7261260747909546,0.7314471006393433,0.7261260747909546
0,bp,BP,166,0.28298751940560896,0.2803434986014699,0.7170124650001526,0.7122570872306824,0.7170124650001526,0.7122570872306824
0,bp,BP,167,0.2932097836751346,0.29591218907703726,0.7067902088165283,0.6962774991989136,0.7067902088165283,0.6962774991989136
0,bp,BP,168,0.2660758174205011,0.2644895469957544,0.733924150466919,0.7285295128822327,0.733924150466919,0.7285295128822327
0,bp,BP,169,0.2641966016024582,0.2634979079860125,0.7358034253120422,0.7295473217964172,0.7358034253120422,0.7295473217964172
0,bp,BP,170,0.3094541818596596,0.31198758256527803,0.6905457973480225,0.6797777414321899,0.6905457973480225,0.6797777414321899
0,bp,BP,171,0.273419307876927,0.2746847202611524,0.7265806794166565,0.7180652618408203,0.7265806794166565,0.7180652618408203
0,bp,BP,172,0.26332155840341437,0.2633706437524899,0.7366784811019897,0.7296779155731201,0.7366784811019897,0.7296779155731201
0,bp,BP,173,0.26354449918103773,0.2632539181053176,0.7364555597305298,0.7297977209091187,0.7364555597305298,0.7297977209091187
0,bp,BP,174,0.26525641388671345,0.2642158161300097,0.734743595123291,0.7288104891777039,0.734743595123291,0.7288104891777039
0,bp,BP,175,0.2744723857604256,0.27255272287731025,0.7255275845527649,0.7202534675598145,0.7255275845527649,0.7202534675598145
0,bp,BP,176,0.2644629835389381,0.26408636685489684,0.7355369925498962,0.7289433479309082,0.7355369925498962,0.7289433479309082
0,bp,BP,177,0.26276853045289833,0.2624858229659324,0.7372314929962158,0.7305861115455627,0.7372314929962158,0.7305861115455627
0,bp,BP,178,0.2652604415897251,0.2639874113622562,0.7347395420074463,0.7290449142456055,0.7347395420074463,0.7290449142456055
0,bp,BP,179,0.268201855032943,0.2669828906077747,0.7317981719970703,0.7259703874588013,0.7317981719970703,0.7259703874588013
0,bp,BP,180,0.2655690750179365,0.2645277930784595,0.7344309091567993,0.7284902334213257,0.7344309091567993,0.7284902334213257
0,bp,BP,181,0.27616202715755434,0.27868985078593556,0.7238379716873169,0.7139543890953064,0.7238379716873169,0.7139543890953064
0,bp,BP,182,0.27453037449555806,0.27653194132239317,0.7254695892333984,0.7161692976951599,0.7254695892333984,0.7161692976951599
0,bp,BP,183,0.26249655642250713,0.2623442522315092,0.7375034093856812,0.7307314276695251,0.7375034093856812,0.7307314276695251
0,bp,BP,184,0.2616037904292114,0.26247640635616093,0.7383962273597717,0.7305957674980164,0.7383962273597717,0.7305957674980164
0,bp,BP,185,0.26608922615531805,0.2676348105188488,0.7339107990264893,0.7253012657165527,0.7339107990264893,0.7253012657165527
0,bp,BP,186,0.266582698207493,0.26789151166760644,0.733417272567749,0.7250377535820007,0.733417272567749,0.7250377535820007
0,bp,BP,187,0.2650883315607559,0.26500939398772955,0.7349116802215576,0.7279959917068481,0.7349116802215576,0.7279959917068481
0,bp,BP,188,0.26880451690318974,0.2680405292862145,0.7311954498291016,0.7248848080635071,0.7311954498291016,0.7248848080635071
0,bp,BP,189,0.2690817712582359,0.2684110190517219,0.7309182286262512,0.7245045304298401,0.7309182286262512,0.7245045304298401
0,bp,BP,190,0.2602146799250167,0.260117405375769,0.7397853136062622,0.733017086982727,0.7397853136062622,0.733017086982727
0,bp,BP,191,0.26119436600873636,0.26239714557810345,0.7388056516647339,0.7306771874427795,0.7388056516647339,0.7306771874427795
0,bp,BP,192,0.2597211890442427,0.2605155506568362,0.7402788400650024,0.732608437538147,0.7402788400650024,0.732608437538147
0,bp,BP,193,0.2600172143573909,0.2598678445400194,0.7399827837944031,0.7332732081413269,0.7399827837944031,0.7332732081413269
0,bp,BP,194,0.26697279408920643,0.26886142582394357,0.7330271601676941,0.7240422964096069,0.7330271601676941,0.7240422964096069
0,bp,BP,195,0.25998188428176466,0.25995874162330185,0.7400181293487549,0.7331799268722534,0.7400181293487549,0.7331799268722534
0,bp,BP,196,0.2677640183720478,0.26641583604406016,0.7322360277175903,0.7265523672103882,0.7322360277175903,0.7265523672103882
0,bp,BP,197,0.26343951299209,0.2636413158372391,0.7365604639053345,0.7294001579284668,0.7365604639053345,0.7294001579284668
0,bp,BP,198,0.26750467151634455,0.27004268210987714,0.7324953079223633,0.7228298187255859,0.7324953079223633,0.7228298187255859
0,bp,BP,199,0.27656278060388195,0.27941229442755383,0.7234371900558472,0.7132128477096558,0.7234371900558472,0.7132128477096558
0,bp,BP,200,0.26055333341738973,0.26091653847879215,0.7394466400146484,0.7321968078613281,0.7394466400146484,0.7321968078613281
0,np,IS NP,1,1.0553041668825371,1.0414774676626042,-0.05530416965484619,-0.06896615028381348,-0.05530416965484619,-0.06896615028381348
0,np,IS NP,2,0.9475624644479086,0.9265521242637043,0.052437543869018555,0.0489925742149353,0.052437543869018555,0.0489925742149353
0,np,IS NP,3,0.9176989322484925,0.8947259529616481,0.0823010802268982,0.08165878057479858,0.0823010802268982,0.08165878057479858
0,np,IS NP,4,0.8210801472959592,0.8090824748194495,0.17891991138458252,0.16956257820129395,0.17891991138458252,0.16956257820129395
0,np,IS NP,5,0.7244011436321939,0.717724973841231,0.27559894323349,0.26333141326904297,0.27559894323349,0.26333141326904297
0,np,IS NP,6,0.6798154198846151,0.6853191459825797,0.320184588432312,0.2965925335884094,0.320184588432312,0.2965925335884094
0,np,IS NP,7,0.5357043676136076,0.545778841935387,0.4642956256866455,0.439815878868103,0.4642956256866455,0.439815878868103
0,np,IS NP,8,0.5054121782151304,0.5198219968366993,0.49458783864974976,0.46645790338516235,0.49458783864974976,0.46645790338516235
0,np,IS NP,9,0.4893904919772185,0.5088397622570511,0.51060950756073,0.47772979736328125,0.51060950756073,0.47772979736328125
0,np,IS NP,10,0.48954704380774683,0.5059586948202562,0.5104529857635498,0.48068714141845703,0.5104529857635498,0.48068714141845703
0,np,IS NP,11,0.4799667629160622,0.49710773543794023,0.5200332403182983,0.48977160453796387,0.5200332403182983,0.48977160453796387
0,np,IS NP,12,0.46173514183177505,0.4800176084503647,0.5382648706436157,0.5073127746582031,0.5382648706436157,0.5073127746582031
0,np,IS NP,13,0.4526683951533118,0.47293300222056783,0.5473315715789795,0.5145844221115112,0.5473315715789795,0.5145844221115112
0,np,IS NP,14,0.4534648280273112,0.4731251860773841,0.5465351343154907,0.5143871903419495,0.5465351343154907,0.5143871903419495
0,np,IS NP,15,0.47988871456116666,0.4994976377302362,0.5201113224029541,0.48731863498687744,0.5201113224029541,0.48731863498687744
0,np,IS NP,16,0.4397031142730121,0.4572761520858883,0.560296893119812,0.5306544303894043,0.560296893119812,0.5306544303894043
0,np,IS NP,17,0.43523380945819296,0.45466527088667996,0.5647661685943604,0.5333343148231506,0.5647661685943604,0.5333343148231506
0,np,IS NP,18,0.43842709549637726,0.4536598699037419,0.5615729093551636,0.534366250038147,0.5615729093551636,0.534366250038147
0,np,IS NP,19,0.4292789214803267,0.4456726770068324,0.5707210302352905,0.5425642728805542,0.5707210302352905,0.5425642728805542
0,np,IS NP,20,0.42718237626922223,0.44412913941597754,0.5728176236152649,0.5441484451293945,0.5728176236152649,0.5441484451293945
0,np,IS NP,21,0.5239249643429306,0.5330365078393803,0.47607505321502686,0.45289456844329834,0.47607505321502686,0.45289456844329834
0,np,IS NP,22,0.44949989656145256,0.4648792258528776,0.5505000948905945,0.522850751876831,0.5505000948905945,0.522850751876831
0,np,IS NP,23,0.4278771161108978,0.44462855472121127,0.5721228122711182,0.5436359643936157,0.5721228122711182,0.5436359643936157
0,np,IS NP,24,0.4243014468703159,0.4391427171784778,0.5756985545158386,0.5492665767669678,0.5756985545158386,0.5492665767669678
0,np,IS NP,25,0.4303351056206134,0.4479033986265345,0.5696649551391602,0.5402746200561523,0.5696649551391602,0.5402746200561523
0,np,IS NP,26,0.4260004054206286,0.44344106824823126,0.5739995837211609,0.5448547601699829,0.5739995837211609,0.5448547601699829
0,np,IS NP,27,0.41966452894284745,0.43602596789367437,0.5803354978561401,0.552465558052063,0.5803354978561401,0.552465558052063
0,np,IS NP,28,0.4642590418342472,0.47509401181871574,0.5357409119606018,0.5123664140701294,0.5357409119606018,0.5123664140701294
0,np,IS NP,29,0.42393928442814555,0.43824904741242876,0.5760606527328491,0.5501838326454163,0.5760606527328491,0.5501838326454163
0,np,IS NP,30,0.4727298795252807,0.48174996801124986,0.5272700786590576,0.5055347084999084,0.5272700786590576,0.5055347084999084
0,np,IS NP,31,0.4204019338123558,0.4306812327961589,0.579598069190979,0.5579513907432556,0.579598069190979,0.5579513907432556
0,np,IS NP,32,0.4135294972464096,0.42670207545738814,0.5864704847335815,0.5620355606079102,0.5864704847335815,0.5620355606079102
0,np,IS NP,33,0.41739926920380704,0.43178385542344677,0.5826007723808289,0.5568196773529053,0.5826007723808289,0.5568196773529053
0,np,IS NP,34,0.5450735447942748,0.5633214568906977,0.45492643117904663,0.4218103289604187,0.45492643117904663,0.4218103289604187
0,np,IS NP,35,0.43731024561002274,0.4466179505337116,0.5626897215843201,0.5415940284729004,0.5626897215843201,0.5415940284729004
0,np,IS NP,36,0.40162105130594833,0.41231362533199695,0.5983788967132568,0.5768038034439087,0.5983788967132568,0.5768038034439087
0,np,IS NP,37,0.3996838431718738,0.4098663082880567,0.6003161668777466,0.5793156623840332,0.6003161668777466,0.5793156623840332
0,np,IS NP,38,0.3972108585889949,0.40626231644504757,0.6027891635894775,0.5830148458480835,0.6027891635894775,0.5830148458480835
0,np,IS NP,39,0.42116266627644383,0.42811093427414115,0.5788373947143555,0.5605894923210144,0.5788373947143555,0.5605894923210144
0,np,IS NP,40,0.40619283059770744,0.4150861344596212,0.5938071608543396,0.5739580392837524,0.5938071608543396,0.5739580392837524
0,np,IS NP,41,0.38955431090768916,0.400426902743273,0.6104457378387451,0.5890042781829834,0.6104457378387451,0.5890042781829834
0,np,IS NP,42,0.39098072283027707,0.39934018138767213,0.6090192794799805,0.5901196599006653,0.6090192794799805,0.5901196599006653
0,np,IS NP,43,0.38933279359525486,0.3983637508033782,0.6106672286987305,0.5911218523979187,0.6106672286987305,0.5911218523979187
0,np,IS NP,44,0.42555694617042245,0.4294178786203843,0.5744431018829346,0.5592480897903442,0.5744431018829346,0.5592480897903442
0,np,IS NP,45,0.3960577384677044,0.40653256852497427,0.6039422750473022,0.5827374458312988,0.6039422750473022,0.5827374458312988
0,np,IS NP,46,0.3932297996772352,0.4012394177821256,0.6067702770233154,0.5881702303886414,0.6067702770233154,0.5881702303886414
0,np,IS NP,47,0.40124439234419385,0.40912500693816545,0.5987555980682373,0.5800765752792358,0.5987555980682373,0.5800765752792358
0,np,IS NP,48,0.391067774027817,0.4022985183915427,0.6089322566986084,0.5870832204818726,0.6089322566986084,0.5870832204818726
0,np,IS NP,49,0.3974570821422015,0.4106927770514821,0.6025428771972656,0.5784673690795898,0.6025428771972656,0.5784673690795898
0,np,IS NP,50,0.38618223149647085,0.39430863635484564,0.6138176918029785,0.5952839851379395,0.6138176918029785,0.5952839851379395
0,np,IS NP,51,0.3977590882500937,0.40532029183336005,0.6022409200668335,0.5839816331863403,0.6022409200668335,0.5839816331863403
0,np,IS NP,52,0.44833592388981075,0.45339290023774137,0.5516641139984131,0.5346401929855347,0.5516641139984131,0.5346401929855347
0,np,IS NP,53,0.39807096470234005,0.41106653883475663,0.6019290685653687,0.5780838131904602,0.6019290685653687,0.5780838131904602
0,np,IS NP,54,0.3817694369674653,0.3921388001867043,0.6182305812835693,0.5975111126899719,0.6182305812835693,0.5975111126899719
0,np,IS NP,55,0.3848900648281556,0.3934882239315861,0.615109920501709,0.5961260795593262,0.615109920501709,0.5961260795593262
0,np,IS NP,56,0.38535806398059047,0.3936707654664683,0.6146419048309326,0.5959386825561523,0.6146419048309326,0.5959386825561523
0,np,IS NP,57,0.3823525365008864,0.39143550211144973,0.6176474094390869,0.5982329249382019,0.6176474094390869,0.5982329249382019
0,np,IS NP,58,0.38581709621488586,0.39596384347871294,0.6141829490661621,0.5935851335525513,0.6141829490661621,0.5935851335525513
0,np,IS NP,59,0.3787699735672899,0.38781302104624665,0.6212300062179565,0.601951003074646,0.6212300062179565,0.601951003074646
0,np,IS NP,60,0.3750815858212552,0.3865532553935236,0.6249184012413025,0.6032440662384033,0.6249184012413025,0.6032440662384033
0,np,IS NP,61,0.4374490746462992,0.4432925544967947,0.5625509023666382,0.5450072288513184,0.5625509023666382,0.5450072288513184
0,np,IS NP,62,0.3920034086981485,0.3978653189747833,0.6079965829849243,0.5916334390640259,0.6079965829849243,0.5916334390640259
0,np,IS NP,63,0.3727895582831183,0.3796534524407498,0.6272104382514954,0.6103259325027466,0.6272104382514954,0.6103259325027466
0,np,IS NP,64,0.37253101181614307,0.3823604401229888,0.627469003200531,0.6075475215911865,0.627469003200531,0.6075475215911865
0,np,IS NP,65,0.37542999841908153,0.38242236726967865,0.6245700120925903,0.607483983039856,0.6245700120925903,0.607483983039856
0,np,IS NP,66,0.36761423621990885,0.3745651143465855,0.6323857307434082,0.6155486106872559,0.6323857307434082,0.6155486106872559
0,np,IS NP,67,0.3806076943874359,0.38565582152484923,0.6193922758102417,0.6041651964187622,0.6193922758102417,0.6041651964187622
0,np,IS NP,68,0.3956906284934791,0.40350088777468185,0.6043093204498291,0.5858491659164429,0.6043093204498291,0.5858491659164429
0,np,IS NP,69,0.4948235618513684,0.5053915270539218,0.5051764249801636,0.48126912117004395,0.5051764249801636,0.48126912117004395
0,np,IS NP,70,0.3637377208517503,0.36951340145842976,0.6362622976303101,0.6207336783409119,0.6362622976303101,0.6207336783409119
0,np,IS NP,71,0.39914070335469504,0.4007761201193166,0.6008592844009399,0.5886458158493042,0.6008592844009399,0.5886458158493042
0,np,IS NP,72,0.3758028581622959,0.37860460821972336,0.6241971254348755,0.6114025115966797,0.6241971254348755,0.6114025115966797
0,np,IS NP,73,0.36921908689099686,0.3738592620505843,0.6307809352874756,0.6162731051445007,0.6307809352874756,0.6162731051445007
0,np,IS NP,74,0.37090550559435703,0.3751165746718414,0.6290944814682007,0.6149826049804688,0.6290944814682007,0.6149826049804688
0,np,IS NP,75,0.3691288923570352,0.37352478966232416,0.6308711171150208,0.616616427898407,0.6308711171150208,0.616616427898407
0,np,IS NP,76,0.36456931053205976,0.3693498040354529,0.6354306936264038,0.6209015846252441,0.6354306936264038,0.6209015846252441
0,np,IS NP,77,0.3717742058657861,0.3750973394674848,0.6282258033752441,0.6150023937225342,0.6282258033752441,0.6150023937225342
0,np,IS NP,78,0.36558217676573024,0.3689260041528894,0.6344177722930908,0.6213365793228149,0.6344177722930908,0.6213365793228149
0,np,IS NP,79,0.3714557414831117,0.3738203693267911,0.628544270992279,0.6163129806518555,0.628544270992279,0.6163129806518555
0,np,IS NP,80,0.3691557518733564,0.3753778130509133,0.630844235420227,0.6147144436836243,0.630844235420227,0.6147144436836243
0,np,IS NP,81,0.3731607767038567,0.3819392598414606,0.6268392205238342,0.6079798936843872,0.6268392205238342,0.6079798936843872
0,np,IS NP,82,0.38253153687299685,0.38448208940121553,0.6174684166908264,0.6053699254989624,0.6174684166908264,0.6053699254989624
0,np,IS NP,83,0.36567321962626403,0.36904118666353153,0.6343267560005188,0.6212183237075806,0.6343267560005188,0.6212183237075806
0,np,IS NP,84,0.3602352125007053,0.36466677290524624,0.6397647857666016,0.6257082223892212,0.6397647857666016,0.6257082223892212
0,np,IS NP,85,0.3682440820821496,0.36940599874008534,0.6317559480667114,0.6208438873291016,0.6317559480667114,0.6208438873291016
0,np,IS NP,86,0.358317621687586,0.3622528023498003,0.6416823863983154,0.6281858682632446,0.6416823863983154,0.6281858682632446
0,np,IS NP,87,0.36132306484288945,0.36346821567808935,0.6386768817901611,0.6269384026527405,0.6386768817901611,0.6269384026527405
0,np,IS NP,88,0.3610059214654819,0.3636756987534752,0.6389940977096558,0.626725435256958,0.6389940977096558,0.626725435256958
0,np,IS NP,89,0.3626949015513871,0.36629835348720696,0.6373050808906555,0.6240335702896118,0.6373050808906555,0.6240335702896118
0,np,IS NP,90,0.40046623718830965,0.40095224029334015,0.5995337963104248,0.5884650349617004,0.5995337963104248,0.5884650349617004
0,np,IS NP,91,0.37580033778682237,0.38058012284973797,0.6241996884346008,0.6093748807907104,0.6241996884346008,0.6093748807907104
0,np,IS NP,92,0.3656992248093435,0.36801814316779147,0.6343008279800415,0.6222684383392334,0.6343008279800415,0.6222684383392334
0,np,IS NP,93,0.3769993633031845,0.3806131951106611,0.6230006217956543,0.6093409061431885,0.6230006217956543,0.6093409061431885
0,np,IS NP,94,0.372892346955085,0.3744347659192344,0.6271076202392578,0.6156823635101318,0.6271076202392578,0.6156823635101318
0,np,IS NP,95,0.3607414648976437,0.36427538917046187,0.6392585635185242,0.6261098384857178,0.6392585635185242,0.6261098384857178
0,np,IS NP,96,0.3673616194909857,0.37303902012433193,0.6326383352279663,0.6171150207519531,0.6326383352279663,0.6171150207519531
0,np,IS NP,97,0.3578720346901768,0.35922248326530754,0.6421279907226562,0.6312962174415588,0.6421279907226562,0.6312962174415588
0,np,IS NP,98,0.3662442638892536,0.3699432364267896,0.6337557435035706,0.6202925443649292,0.6337557435035706,0.6202925443649292
0,np,IS NP,99,0.35938781684683274,0.3614956822044166,0.6406121253967285,0.628963053226471,0.6406121253967285,0.628963053226471
0,np,IS NP,100,0.3672898224619932,0.36744171265483827,0.6327102184295654,0.6228599548339844,0.6327102184295654,0.6228599548339844
0,np,IS NP,101,0.36226067120252653,0.36292047094005025,0.6377393007278442,0.6275005340576172,0.6377393007278442,0.6275005340576172
0,np,IS NP,102,0.36005150694255683,0.3604275893795398,0.6399484872817993,0.6300593018531799,0.6399484872817993,0.6300593018531799
0,np,IS NP,103,0.37753432088120037,0.3773848784062289,0.6224656105041504,0.612654447555542,0.6224656105041504,0.612654447555542
0,np,IS NP,104,0.35568829862646356,0.3606332480445389,0.6443117260932922,0.6298482418060303,0.6443117260932922,0.6298482418060303
0,np,IS NP,105,0.36313404755074846,0.3700587061024451,0.6368659734725952,0.6201740503311157,0.6368659734725952,0.6201740503311157
0,np,IS NP,106,0.35185167077899904,0.358197153076645,0.6481482982635498,0.6323486566543579,0.6481482982635498,0.6323486566543579
0,np,IS NP,107,0.4037670695273451,0.40456367463104487,0.5962328910827637,0.5847582817077637,0.5962328910827637,0.5847582817077637
0,np,IS NP,108,0.34492980625278263,0.34805912241455195,0.6550701856613159,0.6427541971206665,0.6550701856613159,0.6427541971206665
0,np,IS NP,109,0.3650770552398622,0.3649781489557074,0.634922981262207,0.6253886222839355,0.634922981262207,0.6253886222839355
0,np,IS NP,110,0.3775759972343149,0.3767745291539865,0.6224240064620972,0.6132808923721313,0.6224240064620972,0.6132808923721313
0,np,IS NP,111,0.3532765879649524,0.35534654661666515,0.6467233896255493,0.6352744102478027,0.6467233896255493,0.6352744102478027
0,np,IS NP,112,0.3652730288431626,0.36685510337814803,0.634726881980896,0.6234621405601501,0.634726881980896,0.6234621405601501
0,np,IS NP,113,0.34707359195679655,0.35135632545449014,0.6529264450073242,0.6393699645996094,0.6529264450073242,0.6393699645996094
0,np,IS NP,114,0.3694848272689553,0.3719246558440748,0.6305151581764221,0.6182587146759033,0.6305151581764221,0.6182587146759033
0,np,IS NP,115,0.34955847840900567,0.3540699523548747,0.6504415273666382,0.6365846991539001,0.6504415273666382,0.6365846991539001
0,np,IS NP,116,0.34412974396417306,0.34846499631571215,0.6558703184127808,0.6423376202583313,0.6558703184127808,0.6423376202583313
0,np,IS NP,117,0.3482794095148412,0.3503613587497741,0.6517206430435181,0.6403912305831909,0.6517206430435181,0.6403912305831909
0,np,IS NP,118,0.3815121461254682,0.37776230957156925,0.6184878349304199,0.612267017364502,0.6184878349304199,0.612267017364502
0,np,IS NP,119,0.3549588612576788,0.35363805155421413,0.6450411081314087,0.6370280385017395,0.6450411081314087,0.6370280385017395
0,np,IS NP,120,0.3408683561539465,0.3422771103160326,0.659131646156311,0.648688793182373,0.659131646156311,0.648688793182373
0,np,IS NP,121,0.336975028810575,0.3366204393926517,0.6630249619483948,0.6544948220252991,0.6630249619483948,0.6544948220252991
0,np,IS NP,122,0.3437259497568589,0.3438713961793471,0.6562740802764893,0.6470524072647095,0.6562740802764893,0.6470524072647095
0,np,IS NP,123,0.34038722237875296,0.34387463539145713,0.659612774848938,0.6470491886138916,0.659612774848938,0.6470491886138916
0,np,IS NP,124,0.34376980653104855,0.3479830359303674,0.6562301516532898,0.6428323984146118,0.6562301516532898,0.6428323984146118
0,np,IS NP,125,0.3481384764115016,0.3487913298976514,0.6518615484237671,0.6420027017593384,0.6518615484237671,0.6420027017593384
0,np,IS NP,126,0.3538002211225125,0.3538326937560887,0.6461998224258423,0.6368282437324524,0.6461998224258423,0.6368282437324524
0,np,IS NP,127,0.33912509772204613,0.34491260014763175,0.6608749628067017,0.6459838151931763,0.6608749628067017,0.6459838151931763
0,np,IS NP,128,0.337173510429471,0.34215232013731967,0.662826418876648,0.6488169431686401,0.662826418876648,0.6488169431686401
0,np,IS NP,129,0.3426298214945682,0.3502388305442278,0.6573702096939087,0.6405168771743774,0.6573702096939087,0.6405168771743774
0,np,IS NP,130,0.3431903812312341,0.3524311938027079,0.6568095684051514,0.6382666826248169,0.6568095684051514,0.6382666826248169
0,np,IS NP,131,0.3376606684322505,0.34534149114475693,0.6623393297195435,0.6455435752868652,0.6623393297195435,0.6455435752868652
0,np,IS NP,132,0.34356115677560023,0.3518127896064936,0.6564388275146484,0.6389014720916748,0.6564388275146484,0.6389014720916748
0,np,IS NP,133,0.34682950585387473,0.3554131564243819,0.6531704664230347,0.6352061033248901,0.6531704664230347,0.6352061033248901
0,np,IS NP,134,0.35887848060260447,0.36869002682294033,0.641121506690979,0.6215788125991821,0.641121506690979,0.6215788125991821
0,np,IS NP,135,0.34778741302416305,0.35089938007583915,0.6522125601768494,0.6398389339447021,0.6522125601768494,0.6398389339447021
0,np,IS NP,136,0.3404109514960947,0.3447148578111516,0.6595890522003174,0.6461867094039917,0.6595890522003174,0.6461867094039917
0,np,IS NP,137,0.341553412204565,0.34945671803267425,0.6584465503692627,0.641319751739502,0.6584465503692627,0.641319751739502
0,np,IS NP,138,0.3517179054807323,0.36225392536599504,0.6482821106910706,0.6281847953796387,0.6482821106910706,0.6281847953796387
0,np,IS NP,139,0.34231450229652166,0.35105868273003155,0.6576855182647705,0.639675498008728,0.6576855182647705,0.639675498008728
0,np,IS NP,140,0.3410728714724844,0.3473006840362105,0.6589270830154419,0.6435326337814331,0.6589270830154419,0.6435326337814331
0,np,IS NP,141,0.357697176147801,0.36259790700535444,0.6423028111457825,0.6278316974639893,0.6423028111457825,0.6278316974639893
0,np,IS NP,142,0.34712439197902534,0.3536007914894311,0.6528756618499756,0.6370662450790405,0.6528756618499756,0.6370662450790405
0,np,IS NP,143,0.34571797856988834,0.35507756009582403,0.6542820334434509,0.6355504989624023,0.6542820334434509,0.6355504989624023
0,np,IS NP,144,0.34078203049279,0.3489147926023764,0.6592180132865906,0.6418759822845459,0.6592180132865906,0.6418759822845459
0,np,IS NP,145,0.3351498574249504,0.34341747377269954,0.664850115776062,0.6475183963775635,0.664850115776062,0.6475183963775635
0,np,IS NP,146,0.34929390655931575,0.35522200432858725,0.6507060527801514,0.635402262210846,0.6507060527801514,0.635402262210846
0,np,IS NP,147,0.34483851919802583,0.3552268711171409,0.6551614999771118,0.6353972554206848,0.6551614999771118,0.6353972554206848
0,np,IS NP,148,0.348685972912367,0.35677401086156685,0.6513140201568604,0.6338093280792236,0.6513140201568604,0.6338093280792236
0,np,IS NP,149,0.3423502773277519,0.347706477540408,0.6576497554779053,0.6431161165237427,0.6576497554779053,0.6431161165237427
0,np,IS NP,150,0.34301971534425896,0.3491024210933567,0.6569802761077881,0.6416833400726318,0.6569802761077881,0.6416833400726318
0,np,IS NP,151,0.340815008610718,0.34699936938840287,0.6591850519180298,0.6438419818878174,0.6591850519180298,0.6438419818878174
0,np,IS NP,152,0.3385745065156804,0.34524018704429155,0.6614254713058472,0.6456475257873535,0.6614254713058472,0.6456475257873535
0,np,IS NP,153,0.3460917609144551,0.35015676488247954,0.6539082527160645,0.6406011581420898,0.6539082527160645,0.6406011581420898
0,np,IS NP,154,0.33905447280222134,0.341884970664978,0.6609455347061157,0.649091362953186,0.6609455347061157,0.649091362953186
0,np,IS NP,155,0.3402624920357105,0.34430618341578995,0.6597374677658081,0.6466062068939209,0.6597374677658081,0.6466062068939209
0,np,IS NP,156,0.34855850052463916,0.35165429970090706,0.6514414548873901,0.6390641927719116,0.6514414548873901,0.6390641927719116
0,np,IS NP,157,0.3477724735126939,0.3496330461298773,0.652227520942688,0.6411387920379639,0.652227520942688,0.6411387920379639
0,np,IS NP,158,0.33657410301903423,0.33855240751606547,0.6634259223937988,0.6525118350982666,0.6634259223937988,0.6525118350982666
0,np,IS NP,159,0.33453090997167334,0.3373011761857558,0.6654690504074097,0.6537960767745972,0.6654690504074097,0.6537960767745972
0,np,IS NP,160,0.3426922307920086,0.3448911126731902,0.6573077440261841,0.6460058093070984,0.6573077440261841,0.6460058093070984
0,np,IS NP,161,0.35178316956342653,0.35700904144797213,0.6482168436050415,0.6335680484771729,0.6482168436050415,0.6335680484771729
0,np,IS NP,162,0.3437151629333348,0.34624978876853174,0.6562848091125488,0.6446112394332886,0.6562848091125488,0.6446112394332886
0,np,IS NP,163,0.3471466820369395,0.3481613979783169,0.6528533101081848,0.642649233341217,0.6528533101081848,0.642649233341217
0,np,IS NP,164,0.34677982237911964,0.34985940123713294,0.6532201766967773,0.6409064531326294,0.6532201766967773,0.6409064531326294
0,np,IS NP,165,0.3367150771294453,0.33715248408243637,0.6632848978042603,0.6539486646652222,0.6632848978042603,0.6539486646652222
0,np,IS NP,166,0.3328711605349252,0.3318701367969661,0.66712886095047,0.659370481967926,0.66712886095047,0.659370481967926
0,np,IS NP,167,0.33183212058488715,0.33091986479685287,0.6681678891181946,0.6603457927703857,0.6681678891181946,0.6603457927703857
0,np,IS NP,168,0.33041019564451174,0.33119202029797457,0.6695897579193115,0.6600664854049683,0.6695897579193115,0.6600664854049683
0,np,IS NP,169,0.33486819948798924,0.33429230507030044,0.6651318073272705,0.6568844318389893,0.6651318073272705,0.6568844318389893
0,np,IS NP,170,0.35433772113896156,0.35271905582080515,0.6456623077392578,0.6379712820053101,0.6456623077392578,0.6379712820053101
0,np,IS NP,171,0.34314785724462465,0.3413868606552597,0.656852126121521,0.6496025919914246,0.656852126121521,0.6496025919914246
0,np,IS NP,172,0.3479980394359707,0.34808658560117084,0.6520019769668579,0.6427260637283325,0.6520019769668579,0.6427260637283325
0,np,IS NP,173,0.33708043269408766,0.33787067222964856,0.6629195809364319,0.6532115936279297,0.6629195809364319,0.6532115936279297
0,np,IS NP,174,0.33913750565329265,0.3403850006040677,0.6608625054359436,0.6506308317184448,0.6608625054359436,0.6506308317184448
0,np,IS NP,175,0.3502766746421193,0.3507492546887361,0.6497232913970947,0.6399930715560913,0.6497232913970947,0.6399930715560913
0,np,IS NP,176,0.3394564990849458,0.33949164896048317,0.6605434417724609,0.6515477895736694,0.6605434417724609,0.6515477895736694
0,np,IS NP,177,0.33537835044454234,0.3350298035052396,0.6646216511726379,0.6561274528503418,0.6646216511726379,0.6561274528503418
0,np,IS NP,178,0.3486828845600749,0.3478433427422546,0.6513171195983887,0.6429756879806519,0.6513171195983887,0.6429756879806519
0,np,IS NP,179,0.3427260397940643,0.34251115211220673,0.6572739481925964,0.6484485864639282,0.6572739481925964,0.6484485864639282
0,np,IS NP,180,0.3374883264534233,0.34186827928520913,0.6625117063522339,0.6491085290908813,0.6625117063522339,0.6491085290908813
0,np,IS NP,181,0.3349850348723951,0.3376899139825688,0.6650149822235107,0.6533970832824707,0.6650149822235107,0.6533970832824707
0,np,IS NP,182,0.336131595017374,0.33885605760322984,0.6638684272766113,0.6522002220153809,0.6638684272766113,0.6522002220153809
0,np,IS NP,183,0.3605970413416855,0.3581486254237419,0.6394029855728149,0.6323983669281006,0.6394029855728149,0.6323983669281006
0,np,IS NP,184,0.33267190082128656,0.33260438885799676,0.6673281192779541,0.658616840839386,0.6673281192779541,0.658616840839386
0,np,IS NP,185,0.32850224865499394,0.330398990895397,0.6714978218078613,0.660880446434021,0.6714978218078613,0.660880446434021
0,np,IS NP,186,0.3296554819789044,0.32976409099822823,0.6703445315361023,0.6615321040153503,0.6703445315361023,0.6615321040153503
0,np,IS NP,187,0.36245325565800185,0.3586178408112637,0.6375467777252197,0.6319167613983154,0.6375467777252197,0.6319167613983154
0,np,IS NP,188,0.3329740412706553,0.3316261005956073,0.6670259237289429,0.6596209406852722,0.6670259237289429,0.6596209406852722
0,np,IS NP,189,0.3327358591464139,0.33450304815011433,0.6672641634941101,0.6566680669784546,0.6672641634941101,0.6566680669784546
0,np,IS NP,190,0.3343167601860771,0.33625663297120917,0.6656832098960876,0.6548682451248169,0.6656832098960876,0.6548682451248169
0,np,IS NP,191,0.34393725215002546,0.3452622331390085,0.6560627222061157,0.6456248760223389,0.6560627222061157,0.6456248760223389
0,np,IS NP,192,0.3372679119424302,0.34069818604824154,0.6627321243286133,0.6503094434738159,0.6627321243286133,0.6503094434738159
0,np,IS NP,193,0.3369845946629842,0.3389131976652515,0.6630153656005859,0.6521415710449219,0.6630153656005859,0.6521415710449219
0,np,IS NP,194,0.3384255337160687,0.33656277351601177,0.6615744829177856,0.654554009437561,0.6615744829177856,0.654554009437561
0,np,IS NP,195,0.3414020062417023,0.33850206538688304,0.6585979461669922,0.6525635123252869,0.6585979461669922,0.6525635123252869
0,np,IS NP,196,0.340184326781783,0.3381284761798474,0.6598156690597534,0.652946949005127,0.6598156690597534,0.652946949005127
0,np,IS NP,197,0.3364251942135567,0.3332791138989057,0.6635748147964478,0.6579242944717407,0.6635748147964478,0.6579242944717407
0,np,IS NP,198,0.3292192278444305,0.3264957735704821,0.6707807779312134,0.6648867130279541,0.6707807779312134,0.6648867130279541
0,np,IS NP,199,0.33204862059548845,0.32711044716280563,0.6679514646530151,0.6642558574676514,0.6679514646530151,0.6642558574676514
0,np,IS NP,200,0.3377016158991082,0.33595977342405986,0.6622983813285828,0.6551729440689087,0.6622983813285828,0.6551729440689087
0,np_fixed,Vanilla NP,1,1.0347096180731012,1.0183474301367768,-0.03470957279205322,-0.04522573947906494,-0.03470957279205322,-0.04522573947906494
0,np_fixed,Vanilla NP,2,0.9758109944735387,0.9543905387553133,0.0241890549659729,0.020419299602508545,0.0241890549659729,0.020419299602508545
0,np_fixed,Vanilla NP,3,0.9620828887288885,0.9373347149338833,0.037917137145996094,0.0379253625869751,0.037917137145996094,0.0379253625869751
0,np_fixed,Vanilla NP,4,0.93017091861991,0.910802841648575,0.0698290467262268,0.06515735387802124,0.0698290467262268,0.06515735387802124
0,np_fixed,Vanilla NP,5,0.9056714278782985,0.8850978220155997,0.09432864189147949,0.09154093265533447,0.09432864189147949,0.09154093265533447
0,np_fixed,Vanilla NP,6,0.9149102564005889,0.9037421646044236,0.08508974313735962,0.07240438461303711,0.08508974313735962,0.07240438461303711
0,np_fixed,Vanilla NP,7,0.8134888955789019,0.7998818085175152,0.1865110993385315,0.17900609970092773,0.1865110993385315,0.17900609970092773
0,np_fixed,Vanilla NP,8,0.7578630835510963,0.7470952910046245,0.2421368956565857,0.23318582773208618,0.2421368956565857,0.23318582773208618
0,np_fixed,Vanilla NP,9,0.6901233140812364,0.6862547942834307,0.3098766803741455,0.2956323027610779,0.3098766803741455,0.2956323027610779
0,np_fixed,Vanilla NP,10,0.6330341923144437,0.6321262689523919,0.3669658303260803,0.35118943452835083,0.3669658303260803,0.35118943452835083
0,np_fixed,Vanilla NP,11,0.6230135712512704,0.6240718494089998,0.37698638439178467,0.3594563603401184,0.37698638439178467,0.3594563603401184
0,np_fixed,Vanilla NP,12,0.5347680518793505,0.5442050596078237,0.4652319550514221,0.4414311647415161,0.4652319550514221,0.4414311647415161
0,np_fixed,Vanilla NP,13,0.5091921195041301,0.5210882175800412,0.49080783128738403,0.4651581048965454,0.49080783128738403,0.4651581048965454
0,np_fixed,Vanilla NP,14,0.49900174649186835,0.514357003130654,0.5009982585906982,0.47206705808639526,0.5009982585906982,0.47206705808639526
0,np_fixed,Vanilla NP,15,0.5003050819847935,0.5172339784082516,0.4996948838233948,0.46911418437957764,0.4996948838233948,0.46911418437957764
0,np_fixed,Vanilla NP,16,0.47268413850503377,0.4873386420482813,0.5273158550262451,0.4997985363006592,0.5273158550262451,0.4997985363006592
0,np_fixed,Vanilla NP,17,0.45190124479375143,0.47046908620716066,0.5480987429618835,0.5171133875846863,0.5480987429618835,0.5171133875846863
0,np_fixed,Vanilla NP,18,0.4487593793129736,0.4661927823872529,0.5512406229972839,0.5215024948120117,0.5512406229972839,0.5215024948120117
0,np_fixed,Vanilla NP,19,0.445024080516756,0.46260574898978535,0.5549759268760681,0.5251842141151428,0.5549759268760681,0.5251842141151428
0,np_fixed,Vanilla NP,20,0.44414840881214585,0.4605832425660865,0.5558515787124634,0.5272601246833801,0.5558515787124634,0.5272601246833801
0,np_fixed,Vanilla NP,21,0.519426517708357,0.5299227570378503,0.48057347536087036,0.45609045028686523,0.48057347536087036,0.45609045028686523
0,np_fixed,Vanilla NP,22,0.4659731258717618,0.4815473267736361,0.5340268611907959,0.5057427287101746,0.5340268611907959,0.5057427287101746
0,np_fixed,Vanilla NP,23,0.4384477036867955,0.45735727816589117,0.5615523457527161,0.5305712223052979,0.5615523457527161,0.5305712223052979
0,np_fixed,Vanilla NP,24,0.4351395664289016,0.4529236273248066,0.564860463142395,0.5351219177246094,0.564860463142395,0.5351219177246094
0,np_fixed,Vanilla NP,25,0.4516993335975233,0.46859665503797604,0.5483006834983826,0.5190352201461792,0.5483006834983826,0.5190352201461792
0,np_fixed,Vanilla NP,26,0.44177095280137174,0.4618574722792751,0.5582290291786194,0.5259522199630737,0.5582290291786194,0.5259522199630737
0,np_fixed,Vanilla NP,27,0.42750402176102925,0.44370081697323527,0.5724959969520569,0.5445880889892578,0.5724959969520569,0.5445880889892578
0,np_fixed,Vanilla NP,28,0.4560384387655776,0.46896666842837664,0.5439615845680237,0.5186554193496704,0.5439615845680237,0.5186554193496704
0,np_fixed,Vanilla NP,29,0.42858756466429365,0.4436593268268792,0.5714124441146851,0.5446306467056274,0.5714124441146851,0.5446306467056274
0,np_fixed,Vanilla NP,30,0.46042107288227524,0.4732357556967772,0.539578914642334,0.5142737030982971,0.539578914642334,0.5142737030982971
0,np_fixed,Vanilla NP,31,0.4182081587554872,0.43167395993720653,0.581791877746582,0.5569324493408203,0.581791877746582,0.5569324493408203
0,np_fixed,Vanilla NP,32,0.4362747262614642,0.44677533544311226,0.5637253522872925,0.5414324998855591,0.5637253522872925,0.5414324998855591
0,np_fixed,Vanilla NP,33,0.41533436551112535,0.42961312310640204,0.5846655964851379,0.5590476989746094,0.5846655964851379,0.5590476989746094
0,np_fixed,Vanilla NP,34,0.5830631500990816,0.6009126499641774,0.41693681478500366,0.3832268714904785,0.41693681478500366,0.3832268714904785
0,np_fixed,Vanilla NP,35,0.4468698436899703,0.45748666714328207,0.5531301498413086,0.5304384231567383,0.5531301498413086,0.5304384231567383
0,np_fixed,Vanilla NP,36,0.4133579393689947,0.4261168675829274,0.5866420269012451,0.5626362562179565,0.5866420269012451,0.5626362562179565
0,np_fixed,Vanilla NP,37,0.4168127243833024,0.4308416399844857,0.5831873416900635,0.5577867031097412,0.5831873416900635,0.5577867031097412
0,np_fixed,Vanilla NP,38,0.4081275705681291,0.42289135576218595,0.5918724536895752,0.5659468173980713,0.5918724536895752,0.5659468173980713
0,np_fixed,Vanilla NP,39,0.43448383632556414,0.44465974781864376,0.5655161738395691,0.5436038970947266,0.5655161738395691,0.5436038970947266
0,np_fixed,Vanilla NP,40,0.4071990740160609,0.42116754184397615,0.5928009748458862,0.5677161812782288,0.5928009748458862,0.5677161812782288
0,np_fixed,Vanilla NP,41,0.4064499137475509,0.42013866818228435,0.5935500860214233,0.5687721967697144,0.5935500860214233,0.5687721967697144
0,np_fixed,Vanilla NP,42,0.40322431020958477,0.41634638087694037,0.5967756509780884,0.5726646184921265,0.5967756509780884,0.5726646184921265
0,np_fixed,Vanilla NP,43,0.3993973815163901,0.4116220499655997,0.6006026268005371,0.577513575553894,0.6006026268005371,0.577513575553894
0,np_fixed,Vanilla NP,44,0.44063816167587455,0.4494493515916573,0.5593618750572205,0.5386878848075867,0.5593618750572205,0.5386878848075867
0,np_fixed,Vanilla NP,45,0.42748926244964897,0.44521134491114656,0.5725107192993164,0.5430377721786499,0.5725107192993164,0.5430377721786499
0,np_fixed,Vanilla NP,46,0.3916837156049965,0.4057031735893368,0.6083163022994995,0.583588719367981,0.6083163022994995,0.583588719367981
0,np_fixed,Vanilla NP,47,0.41212342644846717,0.4230915726155274,0.587876558303833,0.5657414197921753,0.587876558303833,0.5657414197921753
0,np_fixed,Vanilla NP,48,0.40372262906658557,0.4192801489848499,0.5962773561477661,0.5696533918380737,0.5962773561477661,0.5696533918380737
0,np_fixed,Vanilla NP,49,0.3922106406485388,0.4068200056867082,0.6077893972396851,0.5824424028396606,0.6077893972396851,0.5824424028396606
0,np_fixed,Vanilla NP,50,0.38384080580038615,0.3954359020373618,0.616159200668335,0.5941269397735596,0.616159200668335,0.5941269397735596
0,np_fixed,Vanilla NP,51,0.4236280580823736,0.4323627606842869,0.576371967792511,0.5562255382537842,0.576371967792511,0.5562255382537842
0,np_fixed,Vanilla NP,52,0.572438637415568,0.5762501728627109,0.4275614023208618,0.40854036808013916,0.4275614023208618,0.40854036808013916
0,np_fixed,Vanilla NP,53,0.41904828021692675,0.4362294308898985,0.5809516906738281,0.5522567629814148,0.5809516906738281,0.5522567629814148
0,np_fixed,Vanilla NP,54,0.37823151941447297,0.39164031660834026,0.6217684745788574,0.5980227589607239,0.6217684745788574,0.5980227589607239
0,np_fixed,Vanilla NP,55,0.3887171401071918,0.3974202309930047,0.6112828254699707,0.5920902490615845,0.6112828254699707,0.5920902490615845
0,np_fixed,Vanilla NP,56,0.3875605549461158,0.3957518376121225,0.6124394536018372,0.5938026905059814,0.6124394536018372,0.5938026905059814
0,np_fixed,Vanilla NP,57,0.3831581555364668,0.3920912802681442,0.6168418526649475,0.597559928894043,0.6168418526649475,0.597559928894043
0,np_fixed,Vanilla NP,58,0.40965205338574195,0.4205885700477186,0.5903478860855103,0.5683104395866394,0.5903478860855103,0.5683104395866394
0,np_fixed,Vanilla NP,59,0.37670829799748207,0.3872007321017657,0.6232917308807373,0.6025795340538025,0.6232917308807373,0.6025795340538025
0,np_fixed,Vanilla NP,60,0.37388499751109483,0.3851678461529488,0.6261149644851685,0.604665994644165,0.6261149644851685,0.604665994644165
0,np_fixed,Vanilla NP,61,0.4660599994104962,0.4716053773728452,0.5339399576187134,0.5159471035003662,0.5339399576187134,0.5159471035003662
0,np_fixed,Vanilla NP,62,0.42633166077525114,0.4322130435196928,0.573668360710144,0.5563791394233704,0.573668360710144,0.5563791394233704
0,np_fixed,Vanilla NP,63,0.38860225319400316,0.39647795571837313,0.6113977432250977,0.59305739402771,0.6113977432250977,0.59305739402771
0,np_fixed,Vanilla NP,64,0.4174790597239206,0.43145890614783117,0.5825209617614746,0.5571532249450684,0.5825209617614746,0.5571532249450684
0,np_fixed,Vanilla NP,65,0.3697566496309384,0.38078328250914584,0.6302433013916016,0.6091663241386414,0.6302433013916016,0.6091663241386414
0,np_fixed,Vanilla NP,66,0.3706616972999055,0.38112117176832155,0.6293383240699768,0.6088194847106934,0.6293383240699768,0.6088194847106934
0,np_fixed,Vanilla NP,67,0.3741178507952727,0.3826495903406956,0.6258821487426758,0.6072508096694946,0.6258821487426758,0.6072508096694946
0,np_fixed,Vanilla NP,68,0.39207994013793707,0.4012392338856246,0.6079200506210327,0.5881704092025757,0.6079200506210327,0.5881704092025757
0,np_fixed,Vanilla NP,69,0.5293321406194406,0.5413611743801324,0.47066789865493774,0.4443501830101013,0.47066789865493774,0.4443501830101013
0,np_fixed,Vanilla NP,70,0.37268563746943956,0.37991805871327716,0.6273143291473389,0.6100543737411499,0.6273143291473389,0.6100543737411499
0,np_fixed,Vanilla NP,71,0.3825556550377099,0.3884145005266796,0.6174443960189819,0.601333737373352,0.6174443960189819,0.601333737373352
0,np_fixed,Vanilla NP,72,0.3800051226172336,0.38508756978567255,0.6199948787689209,0.6047483682632446,0.6199948787689209,0.6047483682632446
0,np_fixed,Vanilla NP,73,0.37643163772516475,0.3864608395469281,0.6235682964324951,0.6033389568328857,0.6235682964324951,0.6033389568328857
0,np_fixed,Vanilla NP,74,0.3634452933026839,0.3720400204030118,0.6365547180175781,0.6181403398513794,0.6365547180175781,0.6181403398513794
0,np_fixed,Vanilla NP,75,0.37204736424970997,0.38107312649719477,0.6279526352882385,0.6088688373565674,0.6279526352882385,0.6088688373565674
0,np_fixed,Vanilla NP,76,0.36349808673063916,0.3706177627855493,0.6365019083023071,0.6196001768112183,0.6365019083023071,0.6196001768112183
0,np_fixed,Vanilla NP,77,0.3672680559084397,0.37551452924114787,0.6327319145202637,0.614574134349823,0.6327319145202637,0.614574134349823
0,np_fixed,Vanilla NP,78,0.35752678726070614,0.36629703386809476,0.6424732208251953,0.6240349411964417,0.6424732208251953,0.6240349411964417
0,np_fixed,Vanilla NP,79,0.384517623819122,0.39096141878024554,0.6154823899269104,0.598719596862793,0.6154823899269104,0.598719596862793
0,np_fixed,Vanilla NP,80,0.3586776000122691,0.37091201382089956,0.6413223743438721,0.6192981004714966,0.6413223743438721,0.6192981004714966
0,np_fixed,Vanilla NP,81,0.3913641137670177,0.40651737234389135,0.6086359024047852,0.5827529430389404,0.6086359024047852,0.5827529430389404
0,np_fixed,Vanilla NP,82,0.35688098999418955,0.3656596619953481,0.6431189775466919,0.6246891021728516,0.6431189775466919,0.6246891021728516
0,np_fixed,Vanilla NP,83,0.3583983640338099,0.36446808590445406,0.6416016817092896,0.6259121894836426,0.6416016817092896,0.6259121894836426
0,np_fixed,Vanilla NP,84,0.3563334499449693,0.3638344882994659,0.6436666250228882,0.6265624165534973,0.6436666250228882,0.6265624165534973
0,np_fixed,Vanilla NP,85,0.37176564254964045,0.3779960602752922,0.6282343864440918,0.612027108669281,0.6282343864440918,0.612027108669281
0,np_fixed,Vanilla NP,86,0.35837735154832057,0.3663009481374608,0.6416226625442505,0.6240309476852417,0.6416226625442505,0.6240309476852417
0,np_fixed,Vanilla NP,87,0.3582460191822791,0.3671071443908898,0.6417539715766907,0.623203456401825,0.6417539715766907,0.623203456401825
0,np_fixed,Vanilla NP,88,0.3568358786346376,0.3654659429723902,0.6431641578674316,0.6248879432678223,0.6431641578674316,0.6248879432678223
0,np_fixed,Vanilla NP,89,0.3535412480664808,0.36384952022123707,0.6464587450027466,0.6265470385551453,0.6464587450027466,0.6265470385551453
0,np_fixed,Vanilla NP,90,0.4121445014264232,0.41459199994109397,0.5878554582595825,0.574465274810791,0.5878554582595825,0.574465274810791
0,np_fixed,Vanilla NP,91,0.3884484691675319,0.39939047892888385,0.6115515232086182,0.5900680422782898,0.6115515232086182,0.5900680422782898
0,np_fixed,Vanilla NP,92,0.34954377870227016,0.35638991991678876,0.6504561901092529,0.6342035531997681,0.6504561901092529,0.6342035531997681
0,np_fixed,Vanilla NP,93,0.35889182557431304,0.36596666888673174,0.6411081552505493,0.6243740320205688,0.6411081552505493,0.6243740320205688
0,np_fixed,Vanilla NP,94,0.3844100166429845,0.39057213068008423,0.61558997631073,0.5991190671920776,0.61558997631073,0.5991190671920776
0,np_fixed,Vanilla NP,95,0.3827264039784439,0.39331640060557876,0.6172735691070557,0.5963023900985718,0.6172735691070557,0.5963023900985718
0,np_fixed,Vanilla NP,96,0.347710520953171,0.356020111215207,0.6522894501686096,0.6345831155776978,0.6522894501686096,0.6345831155776978
0,np_fixed,Vanilla NP,97,0.35385705680810203,0.36227797468503314,0.6461429595947266,0.6281601190567017,0.6461429595947266,0.6281601190567017
0,np_fixed,Vanilla NP,98,0.4208183163820311,0.43226733087569247,0.5791816711425781,0.5563234090805054,0.5791816711425781,0.5563234090805054
0,np_fixed,Vanilla NP,99,0.3441231733606767,0.3499700108239817,0.655876874923706,0.6407928466796875,0.655876874923706,0.6407928466796875
0,np_fixed,Vanilla NP,100,0.35844680967257003,0.3666187393110852,0.6415531635284424,0.623704731464386,0.6415531635284424,0.623704731464386
0,np_fixed,Vanilla NP,101,0.35432141441707465,0.3607978797698206,0.6456786394119263,0.6296792030334473,0.6456786394119263,0.6296792030334473
0,np_fixed,Vanilla NP,102,0.3516137308852617,0.3568450235581213,0.6483862400054932,0.6337364315986633,0.6483862400054932,0.6337364315986633
0,np_fixed,Vanilla NP,103,0.3845710338548172,0.38850235823513,0.6154289841651917,0.6012434959411621,0.6154289841651917,0.6012434959411621
0,np_fixed,Vanilla NP,104,0.34790901135104574,0.3545214991236842,0.6520910263061523,0.6361212730407715,0.6520910263061523,0.6361212730407715
0,np_fixed,Vanilla NP,105,0.40044202268585677,0.4130558842836424,0.5995579957962036,0.5760419368743896,0.5995579957962036,0.5760419368743896
0,np_fixed,Vanilla NP,106,0.3510493485964546,0.36105353933896206,0.6489506363868713,0.629416823387146,0.6489506363868713,0.629416823387146
0,np_fixed,Vanilla NP,107,0.35628419999004335,0.36484162659608116,0.6437157392501831,0.6255287528038025,0.6437157392501831,0.6255287528038025
0,np_fixed,Vanilla NP,108,0.34617869914040084,0.3546026446098505,0.6538213491439819,0.6360380053520203,0.6538213491439819,0.6360380053520203
0,np_fixed,Vanilla NP,109,0.35375766560088756,0.3607549228409464,0.6462422609329224,0.629723310470581,0.6462422609329224,0.629723310470581
0,np_fixed,Vanilla NP,110,0.39227108807526817,0.397681710331939,0.6077289581298828,0.5918219089508057,0.6077289581298828,0.5918219089508057
0,np_fixed,Vanilla NP,111,0.344324096459751,0.35488412638967354,0.6556758880615234,0.635749101638794,0.6556758880615234,0.635749101638794
0,np_fixed,Vanilla NP,112,0.3451791808817738,0.3545748649179473,0.6548208594322205,0.6360664963722229,0.6548208594322205,0.6360664963722229
0,np_fixed,Vanilla NP,113,0.35000433847885726,0.3546367976092553,0.6499956846237183,0.6360029578208923,0.6499956846237183,0.6360029578208923
0,np_fixed,Vanilla NP,114,0.35572576187839805,0.36297242216361586,0.6442742347717285,0.627447247505188,0.6442742347717285,0.627447247505188
0,np_fixed,Vanilla NP,115,0.3825083992971006,0.3862267011819884,0.617491602897644,0.6035792231559753,0.617491602897644,0.6035792231559753
0,np_fixed,Vanilla NP,116,0.36079780249170557,0.3698485498280488,0.6392022371292114,0.6203896999359131,0.6392022371292114,0.6203896999359131
0,np_fixed,Vanilla NP,117,0.33629417465638745,0.34428699926812517,0.6637058258056641,0.6466258764266968,0.6637058258056641,0.6466258764266968
0,np_fixed,Vanilla NP,118,0.3461511047311531,0.3497836328754129,0.6538488864898682,0.6409841775894165,0.6538488864898682,0.6409841775894165
0,np_fixed,Vanilla NP,119,0.33511617063551913,0.34153710617575533,0.6648838520050049,0.6494483947753906,0.6648838520050049,0.6494483947753906
0,np_fixed,Vanilla NP,120,0.3371328662994296,0.3460603481115297,0.6628671288490295,0.6448057293891907,0.6628671288490295,0.6448057293891907
0,np_fixed,Vanilla NP,121,0.33887659452220265,0.34822139929431356,0.6611233949661255,0.6425876617431641,0.6611233949661255,0.6425876617431641
0,np_fixed,Vanilla NP,122,0.3322504977154177,0.3429151255955068,0.6677495241165161,0.6480339765548706,0.6677495241165161,0.6480339765548706
0,np_fixed,Vanilla NP,123,0.37467417756254356,0.3883978387182073,0.6253257989883423,0.6013507843017578,0.6253257989883423,0.6013507843017578
0,np_fixed,Vanilla NP,124,0.3335302897201952,0.3449051412501076,0.6664696931838989,0.6459914445877075,0.6664696931838989,0.6459914445877075
0,np_fixed,Vanilla NP,125,0.3525387912757637,0.35972248167954674,0.6474611759185791,0.630782961845398,0.6474611759185791,0.630782961845398
0,np_fixed,Vanilla NP,126,0.34836463861225186,0.35733010556346684,0.6516354084014893,0.6332385540008545,0.6516354084014893,0.6332385540008545
0,np_fixed,Vanilla NP,127,0.353999900494435,0.368294578883075,0.6460001468658447,0.6219846606254578,0.6460001468658447,0.6219846606254578
0,np_fixed,Vanilla NP,128,0.34556621959967204,0.355470912632092,0.6544337868690491,0.6351467370986938,0.6544337868690491,0.6351467370986938
0,np_fixed,Vanilla NP,129,0.33435142490752906,0.3421702689902727,0.6656485795974731,0.6487985253334045,0.6656485795974731,0.6487985253334045
0,np_fixed,Vanilla NP,130,0.3809256479721661,0.391621541145236,0.619074285030365,0.5980420112609863,0.619074285030365,0.5980420112609863
0,np_fixed,Vanilla NP,131,0.32843208590219186,0.33292063007983125,0.6715679168701172,0.658292293548584,0.6715679168701172,0.658292293548584
0,np_fixed,Vanilla NP,132,0.3362023896256158,0.34256623327270036,0.6637976169586182,0.6483920812606812,0.6637976169586182,0.6483920812606812
0,np_fixed,Vanilla NP,133,0.3357258154902347,0.3437751379123954,0.6642742156982422,0.6471512317657471,0.6642742156982422,0.6471512317657471
0,np_fixed,Vanilla NP,134,0.3563427870818811,0.3670656274455462,0.6436572074890137,0.6232460141181946,0.6436572074890137,0.6232460141181946
0,np_fixed,Vanilla NP,135,0.3294239516637122,0.3336583971977234,0.6705760955810547,0.6575350761413574,0.6705760955810547,0.6575350761413574
0,np_fixed,Vanilla NP,136,0.3304325540860494,0.336777539909348,0.6695674657821655,0.6543335914611816,0.6695674657821655,0.6543335914611816
0,np_fixed,Vanilla NP,137,0.32780763102594274,0.33549314783525097,0.6721923351287842,0.6556518077850342,0.6721923351287842,0.6556518077850342
0,np_fixed,Vanilla NP,138,0.3542461113412251,0.36718176871307134,0.6457538604736328,0.6231268644332886,0.6457538604736328,0.6231268644332886
0,np_fixed,Vanilla NP,139,0.3601341872483261,0.3730441384999327,0.6398658752441406,0.6171097755432129,0.6398658752441406,0.6171097755432129
0,np_fixed,Vanilla NP,140,0.35022304640259855,0.35819750885630763,0.6497770547866821,0.6323482394218445,0.6497770547866821,0.6323482394218445
0,np_fixed,Vanilla NP,141,0.40133513752804245,0.40399186948473137,0.5986648797988892,0.5853452086448669,0.5986648797988892,0.5853452086448669
0,np_fixed,Vanilla NP,142,0.35000481265921923,0.35453650239826173,0.6499952077865601,0.6361058950424194,0.6499952077865601,0.6361058950424194
0,np_fixed,Vanilla NP,143,0.4302082930424417,0.44247112763944524,0.5697916746139526,0.5458502769470215,0.5697916746139526,0.5458502769470215
0,np_fixed,Vanilla NP,144,0.3269153066383776,0.33599034113477366,0.6730846762657166,0.6551415920257568,0.6730846762657166,0.6551415920257568
0,np_fixed,Vanilla NP,145,0.3257403341374656,0.3297298545985259,0.6742596626281738,0.661567211151123,0.6742596626281738,0.661567211151123
0,np_fixed,Vanilla NP,146,0.3789474247962005,0.3812306488669196,0.621052622795105,0.6087071299552917,0.621052622795105,0.6087071299552917
0,np_fixed,Vanilla NP,147,0.32496102893537326,0.332399632117545,0.6750389933586121,0.658827006816864,0.6750389933586121,0.658827006816864
0,np_fixed,Vanilla NP,148,0.3368477052034334,0.33987985470498255,0.6631523370742798,0.6511493921279907,0.6631523370742798,0.6511493921279907
0,np_fixed,Vanilla NP,149,0.31998875898908274,0.3237031035183012,0.6800112724304199,0.6677531003952026,0.6800112724304199,0.6677531003952026
0,np_fixed,Vanilla NP,150,0.33546739239101264,0.3393492906592613,0.6645326018333435,0.6516939401626587,0.6645326018333435,0.6516939401626587
0,np_fixed,Vanilla NP,151,0.33242619130038475,0.337014424246411,0.6675738096237183,0.654090404510498,0.6675738096237183,0.654090404510498
0,np_fixed,Vanilla NP,152,0.3754492607689643,0.3812581933746042,0.6245507001876831,0.6086788177490234,0.6245507001876831,0.6086788177490234
0,np_fixed,Vanilla NP,153,0.34231113012908965,0.341748599858247,0.6576888561248779,0.6492313146591187,0.6576888561248779,0.6492313146591187
0,np_fixed,Vanilla NP,154,0.31710482105728266,0.321777821742287,0.6828951835632324,0.6697291135787964,0.6828951835632324,0.6697291135787964
0,np_fixed,Vanilla NP,155,0.3293022069820138,0.3331598584042039,0.670697808265686,0.6580467224121094,0.670697808265686,0.6580467224121094
0,np_fixed,Vanilla NP,156,0.32869672821473706,0.3323405713073967,0.6713032722473145,0.6588876247406006,0.6713032722473145,0.6588876247406006
0,np_fixed,Vanilla NP,157,0.3408871154452479,0.34448694720748785,0.6591129302978516,0.6464207172393799,0.6591129302978516,0.6464207172393799
0,np_fixed,Vanilla NP,158,0.33497682052065236,0.3405391372913538,0.6650232076644897,0.6504727005958557,0.6650232076644897,0.6504727005958557
0,np_fixed,Vanilla NP,159,0.33982822622439657,0.3473490063072175,0.6601718068122864,0.6434831023216248,0.6601718068122864,0.6434831023216248
0,np_fixed,Vanilla NP,160,0.35758482947830084,0.3645570148793302,0.6424151659011841,0.6258208751678467,0.6424151659011841,0.6258208751678467
0,np_fixed,Vanilla NP,161,0.3471193074486976,0.3546583712563034,0.6528806686401367,0.6359807848930359,0.6528806686401367,0.6359807848930359
0,np_fixed,Vanilla NP,162,0.35133410181648045,0.3640800846177478,0.6486658453941345,0.626310408115387,0.6486658453941345,0.626310408115387
0,np_fixed,Vanilla NP,163,0.37613391518130784,0.39111145545345866,0.623866081237793,0.5985655188560486,0.623866081237793,0.5985655188560486
0,np_fixed,Vanilla NP,164,0.3725108182014421,0.38306527821592584,0.6274891495704651,0.6068241000175476,0.6274891495704651,0.6068241000175476
0,np_fixed,Vanilla NP,165,0.32446556555670364,0.330342666585316,0.6755344867706299,0.6609382629394531,0.6755344867706299,0.6609382629394531
0,np_fixed,Vanilla NP,166,0.32689812178759614,0.33176170994145,0.6731019020080566,0.6594817638397217,0.6731019020080566,0.6594817638397217
0,np_fixed,Vanilla NP,167,0.39998901075170945,0.40968500920968465,0.6000109910964966,0.579501748085022,0.6000109910964966,0.579501748085022
0,np_fixed,Vanilla NP,168,0.31877602301826774,0.3238083870373955,0.68122398853302,0.6676450371742249,0.68122398853302,0.6676450371742249
0,np_fixed,Vanilla NP,169,0.3215433592482131,0.3286243118056955,0.6784566640853882,0.6627019643783569,0.6784566640853882,0.6627019643783569
0,np_fixed,Vanilla NP,170,0.34636532936909403,0.3543554174807645,0.6536346673965454,0.6362917423248291,0.6536346673965454,0.6362917423248291
0,np_fixed,Vanilla NP,171,0.33077493783577466,0.3390823362409606,0.6692250967025757,0.6519679427146912,0.6692250967025757,0.6519679427146912
0,np_fixed,Vanilla NP,172,0.3606789075126944,0.3677600349566733,0.6393210887908936,0.6225333213806152,0.6393210887908936,0.6225333213806152
0,np_fixed,Vanilla NP,173,0.328250762104064,0.33973261228827545,0.6717492341995239,0.6513004899024963,0.6717492341995239,0.6513004899024963
0,np_fixed,Vanilla NP,174,0.3390220544596975,0.34765453625094983,0.6609779596328735,0.6431694626808167,0.6609779596328735,0.6431694626808167
0,np_fixed,Vanilla NP,175,0.3291555857935617,0.33424310305321864,0.6708444356918335,0.6569348573684692,0.6708444356918335,0.6569348573684692
0,np_fixed,Vanilla NP,176,0.33544683583485063,0.34454583174498504,0.664553165435791,0.6463602781295776,0.664553165435791,0.6463602781295776
0,np_fixed,Vanilla NP,177,0.32893149577832037,0.3327372859614764,0.6710684895515442,0.6584804058074951,0.6710684895515442,0.6584804058074951
0,np_fixed,Vanilla NP,178,0.41461181409599246,0.41502726701802983,0.58538818359375,0.5740184783935547,0.58538818359375,0.5740184783935547
0,np_fixed,Vanilla NP,179,0.3726029569326445,0.3751215652901997,0.6273970603942871,0.6149774789810181,0.6273970603942871,0.6149774789810181
0,np_fixed,Vanilla NP,180,0.32150243511495663,0.3284528350183206,0.6784975528717041,0.6628779768943787,0.6784975528717041,0.6628779768943787
0,np_fixed,Vanilla NP,181,0.35220605666323224,0.36133771580319074,0.6477939486503601,0.62912517786026,0.6477939486503601,0.62912517786026
0,np_fixed,Vanilla NP,182,0.3215635273345681,0.32897838649823685,0.6784364581108093,0.6623385548591614,0.6784364581108093,0.6623385548591614
0,np_fixed,Vanilla NP,183,0.4169821368400441,0.41801761726076286,0.5830178260803223,0.5709492564201355,0.5830178260803223,0.5709492564201355
0,np_fixed,Vanilla NP,184,0.32110944598220115,0.3297682263592417,0.678890585899353,0.6615278720855713,0.678890585899353,0.6615278720855713
0,np_fixed,Vanilla NP,185,0.33672154226968454,0.3473217032214468,0.6632784605026245,0.6435110569000244,0.6632784605026245,0.6435110569000244
0,np_fixed,Vanilla NP,186,0.33102736974409386,0.3346906641657038,0.6689726114273071,0.6564754843711853,0.6689726114273071,0.6564754843711853
0,np_fixed,Vanilla NP,187,0.49740920279377193,0.4944934533085934,0.5025907754898071,0.4924548864364624,0.5025907754898071,0.4924548864364624
0,np_fixed,Vanilla NP,188,0.3369773362958154,0.3400013700936192,0.6630226969718933,0.6510246396064758,0.6630226969718933,0.6510246396064758
0,np_fixed,Vanilla NP,189,0.320897491749867,0.3234986549662065,0.6791024804115295,0.667962908744812,0.6791024804115295,0.667962908744812
0,np_fixed,Vanilla NP,190,0.35008542251217273,0.35033848997234374,0.649914562702179,0.6404145956039429,0.649914562702179,0.6404145956039429
0,np_fixed,Vanilla NP,191,0.3150273501410965,0.3233384055684703,0.6849726438522339,0.6681274175643921,0.6849726438522339,0.6681274175643921
0,np_fixed,Vanilla NP,192,0.31718358744022457,0.32345708026442416,0.6828163862228394,0.6680055856704712,0.6828163862228394,0.6680055856704712
0,np_fixed,Vanilla NP,193,0.3218370579009832,0.32745549822038456,0.6781629323959351,0.663901686668396,0.6781629323959351,0.663901686668396
0,np_fixed,Vanilla NP,194,0.31421458998391794,0.3212278697841851,0.6857854127883911,0.6702936887741089,0.6857854127883911,0.6702936887741089
0,np_fixed,Vanilla NP,195,0.32208328792291097,0.32442329881727233,0.6779167056083679,0.6670138835906982,0.6779167056083679,0.6670138835906982
0,np_fixed,Vanilla NP,196,0.3165816740934239,0.3206430819145469,0.6834183931350708,0.6708939075469971,0.6834183931350708,0.6708939075469971
0,np_fixed,Vanilla NP,197,0.32794868819011275,0.32938418785731,0.6720513105392456,0.6619220972061157,0.6720513105392456,0.6619220972061157
0,np_fixed,Vanilla NP,198,0.3148890037176221,0.31682597481927205,0.6851109266281128,0.6748117208480835,0.6851109266281128,0.6748117208480835
0,np_fixed,Vanilla NP,199,0.32005504247292066,0.3180318698864575,0.6799449920654297,0.6735740303993225,0.6799449920654297,0.6735740303993225
0,np_fixed,Vanilla NP,200,0.3447984339192856,0.3480577302533527,0.6552015542984009,0.6427556276321411,0.6552015542984009,0.6427556276321411
0,np_fan_in,Fan-in NP,1,1.0197430881418923,1.0036229542059492,-0.01974308490753174,-0.030112743377685547,-0.01974308490753174,-0.030112743377685547
0,np_fan_in,Fan-in NP,2,0.9474474528963251,0.9276987933373266,0.05255258083343506,0.04781550168991089,0.05255258083343506,0.04781550168991089
0,np_fan_in,Fan-in NP,3,0.9033604735551879,0.8833441669626754,0.09663951396942139,0.09334087371826172,0.09663951396942139,0.09334087371826172
0,np_fan_in,Fan-in NP,4,0.8349138576855031,0.822193725626598,0.165086030960083,0.15610533952713013,0.165086030960083,0.15610533952713013
0,np_fan_in,Fan-in NP,5,0.7681469556897186,0.7594242502552594,0.23185306787490845,0.22053146362304688,0.23185306787490845,0.22053146362304688
0,np_fan_in,Fan-in NP,6,0.7297519080398619,0.7333963725918023,0.27024805545806885,0.24724644422531128,0.27024805545806885,0.24724644422531128
0,np_fan_in,Fan-in NP,7,0.6096130567927693,0.615116226580716,0.3903869390487671,0.36864835023880005,0.3903869390487671,0.36864835023880005
0,np_fan_in,Fan-in NP,8,0.5641372476437295,0.5747248202331307,0.43586277961730957,0.4101058840751648,0.43586277961730957,0.4101058840751648
0,np_fan_in,Fan-in NP,9,0.5394023601398912,0.5556346954301347,0.4605976939201355,0.4296998977661133,0.4605976939201355,0.4296998977661133
0,np_fan_in,Fan-in NP,10,0.5061683118805405,0.5226527470950932,0.4938316345214844,0.4635523557662964,0.4938316345214844,0.4635523557662964
0,np_fan_in,Fan-in NP,11,0.5091874604077302,0.525216700956803,0.4908125400543213,0.4609208106994629,0.4908125400543213,0.4609208106994629
0,np_fan_in,Fan-in NP,12,0.48550792026889417,0.5038062583568484,0.5144920945167542,0.4828963279724121,0.5144920945167542,0.4828963279724121
0,np_fan_in,Fan-in NP,13,0.47934503194897676,0.49892849099728487,0.5206549763679504,0.48790276050567627,0.5206549763679504,0.48790276050567627
0,np_fan_in,Fan-in NP,14,0.47863053397614824,0.4983477996763333,0.521369457244873,0.4884988069534302,0.521369457244873,0.4884988069534302
0,np_fan_in,Fan-in NP,15,0.4915655186009962,0.5122480332389359,0.5084344744682312,0.47423166036605835,0.5084344744682312,0.47423166036605835
0,np_fan_in,Fan-in NP,16,0.4649140580680019,0.48213604577752045,0.535085916519165,0.5051384568214417,0.535085916519165,0.5051384568214417
0,np_fan_in,Fan-in NP,17,0.4502403116965479,0.4693159581154816,0.5497597455978394,0.5182968974113464,0.5497597455978394,0.5182968974113464
0,np_fan_in,Fan-in NP,18,0.4555823604265849,0.4734492613825687,0.5444176197052002,0.514054536819458,0.5444176197052002,0.514054536819458
0,np_fan_in,Fan-in NP,19,0.44832051516503324,0.4678473204605339,0.5516794919967651,0.5198042392730713,0.5516794919967651,0.5198042392730713
0,np_fan_in,Fan-in NP,20,0.4466623585353526,0.4664154646470565,0.5533376932144165,0.5212739706039429,0.5533376932144165,0.5212739706039429
0,np_fan_in,Fan-in NP,21,0.5216409887454306,0.533701827359754,0.47835904359817505,0.4522116780281067,0.47835904359817505,0.4522116780281067
0,np_fan_in,Fan-in NP,22,0.45816508143447165,0.4753495778224265,0.5418349504470825,0.5121040344238281,0.5418349504470825,0.5121040344238281
0,np_fan_in,Fan-in NP,23,0.4410336054572763,0.4618111798005511,0.5589663982391357,0.5259997844696045,0.5589663982391357,0.5259997844696045
0,np_fan_in,Fan-in NP,24,0.43559328114339546,0.4554313509039177,0.56440669298172,0.5325480103492737,0.56440669298172,0.5325480103492737
0,np_fan_in,Fan-in NP,25,0.4419023731882258,0.4599112893721854,0.5580976009368896,0.5279498100280762,0.5580976009368896,0.5279498100280762
0,np_fan_in,Fan-in NP,26,0.43751722135285076,0.4567296763723211,0.5624828338623047,0.5312154293060303,0.5624828338623047,0.5312154293060303
0,np_fan_in,Fan-in NP,27,0.43450359018274054,0.45040851739025856,0.5654963850975037,0.5377033948898315,0.5654963850975037,0.5377033948898315
0,np_fan_in,Fan-in NP,28,0.4679815706818603,0.4813548612964246,0.5320184230804443,0.5059402585029602,0.5320184230804443,0.5059402585029602
0,np_fan_in,Fan-in NP,29,0.4311251543289007,0.4484960848046828,0.5688748359680176,0.5396662950515747,0.5688748359680176,0.5396662950515747
0,np_fan_in,Fan-in NP,30,0.4619557072025861,0.4731962717780771,0.5380443334579468,0.5143142342567444,0.5380443334579468,0.5143142342567444
0,np_fan_in,Fan-in NP,31,0.4228162492892539,0.43573583073394245,0.577183723449707,0.5527634024620056,0.577183723449707,0.5527634024620056
0,np_fan_in,Fan-in NP,32,0.4358840640201125,0.4508134147455526,0.5641159415245056,0.5372878313064575,0.5641159415245056,0.5372878313064575
0,np_fan_in,Fan-in NP,33,0.4212290217248044,0.43609061213426814,0.5787709951400757,0.552399218082428,0.5787709951400757,0.552399218082428
0,np_fan_in,Fan-in NP,34,0.5898190863834795,0.6101593749467716,0.41018086671829224,0.37373602390289307,0.41018086671829224,0.37373602390289307
0,np_fan_in,Fan-in NP,35,0.4601161362126816,0.4707594121149344,0.5398838520050049,0.5168154239654541,0.5398838520050049,0.5168154239654541
0,np_fan_in,Fan-in NP,36,0.41389530227165816,0.42822169564491097,0.5861046314239502,0.5604758262634277,0.5861046314239502,0.5604758262634277
0,np_fan_in,Fan-in NP,37,0.416198612645615,0.43230469513309094,0.5838013887405396,0.55628502368927,0.5838013887405396,0.55628502368927
0,np_fan_in,Fan-in NP,38,0.4123391848663951,0.42599388056023174,0.5876607894897461,0.562762439250946,0.5876607894897461,0.562762439250946
0,np_fan_in,Fan-in NP,39,0.415728919496832,0.42878602572189745,0.5842710733413696,0.5598965883255005,0.5842710733413696,0.5598965883255005
0,np_fan_in,Fan-in NP,40,0.419985187839168,0.43275649810946265,0.5800148248672485,0.5558212995529175,0.5800148248672485,0.5558212995529175
0,np_fan_in,Fan-in NP,41,0.4090028326640757,0.4247139382732007,0.5909971594810486,0.5640761852264404,0.5909971594810486,0.5640761852264404
0,np_fan_in,Fan-in NP,42,0.4112213688303334,0.42425051701161287,0.5887786149978638,0.564551830291748,0.5887786149978638,0.564551830291748
0,np_fan_in,Fan-in NP,43,0.4053268850773804,0.4196291445761688,0.5946731567382812,0.5692951679229736,0.5946731567382812,0.5692951679229736
0,np_fan_in,Fan-in NP,44,0.449520011511884,0.45958551140718684,0.5504800081253052,0.5282841920852661,0.5504800081253052,0.5282841920852661
0,np_fan_in,Fan-in NP,45,0.42273910978967827,0.4429977868878564,0.5772609710693359,0.5453097820281982,0.5772609710693359,0.5453097820281982
0,np_fan_in,Fan-in NP,46,0.3975100785262825,0.41371329047883204,0.6024899482727051,0.5753672122955322,0.6024899482727051,0.5753672122955322
0,np_fan_in,Fan-in NP,47,0.3995207032954046,0.4127719004948934,0.6004793047904968,0.5763334035873413,0.6004793047904968,0.5763334035873413
0,np_fan_in,Fan-in NP,48,0.38801987492298895,0.4040481076222058,0.6119800806045532,0.5852874517440796,0.6119800806045532,0.5852874517440796
0,np_fan_in,Fan-in NP,49,0.38740673915360324,0.4033576746781667,0.6125932335853577,0.5859960317611694,0.6125932335853577,0.5859960317611694
0,np_fan_in,Fan-in NP,50,0.38652219663756765,0.3973198496094046,0.6134778261184692,0.5921933054924011,0.6134778261184692,0.5921933054924011
0,np_fan_in,Fan-in NP,51,0.4162220280299815,0.4251168208528859,0.5837779641151428,0.5636626482009888,0.5837779641151428,0.5636626482009888
0,np_fan_in,Fan-in NP,52,0.5300554383632748,0.5368988167407901,0.4699445366859436,0.4489302635192871,0.4699445366859436,0.4489302635192871
0,np_fan_in,Fan-in NP,53,0.3863963915627132,0.4038704388825468,0.6136035919189453,0.5854698419570923,0.6136035919189453,0.5854698419570923
0,np_fan_in,Fan-in NP,54,0.37479045617488005,0.3905664275782977,0.6252095699310303,0.5991249680519104,0.6252095699310303,0.5991249680519104
0,np_fan_in,Fan-in NP,55,0.37875041007533555,0.38992297187332037,0.6212495565414429,0.5997853875160217,0.6212495565414429,0.5997853875160217
0,np_fan_in,Fan-in NP,56,0.3860977717148241,0.3954400196093921,0.61390221118927,0.5941227674484253,0.61390221118927,0.5941227674484253
0,np_fan_in,Fan-in NP,57,0.3913330100765524,0.40065990630970444,0.6086670160293579,0.5887650847434998,0.6086670160293579,0.5887650847434998
0,np_fan_in,Fan-in NP,58,0.39733943042829056,0.40963748767394426,0.6026605367660522,0.579550564289093,0.6026605367660522,0.579550564289093
0,np_fan_in,Fan-in NP,59,0.37985013979812,0.39294289271960886,0.6201498508453369,0.5966857671737671,0.6201498508453369,0.5966857671737671
0,np_fan_in,Fan-in NP,60,0.37993939994841586,0.39243918564892555,0.6200605630874634,0.5972028374671936,0.6200605630874634,0.5972028374671936
0,np_fan_in,Fan-in NP,61,0.43778163379476975,0.4459327480127645,0.5622183680534363,0.5422972440719604,0.5622183680534363,0.5422972440719604
0,np_fan_in,Fan-in NP,62,0.41503877325575483,0.42292204522347265,0.5849612355232239,0.5659153461456299,0.5849612355232239,0.5659153461456299
0,np_fan_in,Fan-in NP,63,0.37926025573135347,0.39072205114734265,0.6207396984100342,0.5989652276039124,0.6207396984100342,0.5989652276039124
0,np_fan_in,Fan-in NP,64,0.3960883270862491,0.4119550516439039,0.6039116382598877,0.5771718621253967,0.6039116382598877,0.5771718621253967
0,np_fan_in,Fan-in NP,65,0.37749473866104155,0.3920418329017107,0.622505247592926,0.597610592842102,0.622505247592926,0.597610592842102
0,np_fan_in,Fan-in NP,66,0.3767311797123547,0.38975352372309957,0.6232688426971436,0.5999593138694763,0.6232688426971436,0.5999593138694763
0,np_fan_in,Fan-in NP,67,0.3749243243951206,0.3866638118444487,0.62507563829422,0.6031305193901062,0.62507563829422,0.6031305193901062
0,np_fan_in,Fan-in NP,68,0.3958038927972779,0.4089473065479781,0.6041961312294006,0.5802589654922485,0.6041961312294006,0.5802589654922485
0,np_fan_in,Fan-in NP,69,0.5730531231839527,0.5938250611918842,0.42694687843322754,0.39050155878067017,0.42694687843322754,0.39050155878067017
0,np_fan_in,Fan-in NP,70,0.3744310269984164,0.3860910948394805,0.6255689859390259,0.6037184596061707,0.6255689859390259,0.6037184596061707
0,np_fan_in,Fan-in NP,71,0.37320457964904546,0.38483933954275856,0.6267954111099243,0.6050032377243042,0.6267954111099243,0.6050032377243042
0,np_fan_in,Fan-in NP,72,0.3871427358582962,0.3951273149298143,0.6128572821617126,0.594443678855896,0.6128572821617126,0.594443678855896
0,np_fan_in,Fan-in NP,73,0.36510072301986607,0.37887571671212367,0.6348992586135864,0.6111242175102234,0.6348992586135864,0.6111242175102234
0,np_fan_in,Fan-in NP,74,0.36280095392419387,0.37489104548165963,0.6371990442276001,0.6152141094207764,0.6371990442276001,0.6152141094207764
0,np_fan_in,Fan-in NP,75,0.3634319200303203,0.37641768076623133,0.6365680694580078,0.6136471033096313,0.6365680694580078,0.6136471033096313
0,np_fan_in,Fan-in NP,76,0.3614015106775964,0.37144652309343795,0.6385984420776367,0.6187494993209839,0.6385984420776367,0.6187494993209839
0,np_fan_in,Fan-in NP,77,0.3628762820663378,0.3736420657283576,0.637123703956604,0.6164960861206055,0.637123703956604,0.6164960861206055
0,np_fan_in,Fan-in NP,78,0.3586243000603461,0.367859517419061,0.6413756608963013,0.622431218624115,0.6413756608963013,0.622431218624115
0,np_fan_in,Fan-in NP,79,0.37106427319290103,0.381574107232944,0.628935694694519,0.6083545684814453,0.628935694694519,0.6083545684814453
0,np_fan_in,Fan-in NP,80,0.36634025659209996,0.3817251107489416,0.6336597204208374,0.6081996560096741,0.6336597204208374,0.6081996560096741
0,np_fan_in,Fan-in NP,81,0.4052388820537301,0.42403534563012824,0.5947611331939697,0.5647727251052856,0.5947611331939697,0.5647727251052856
0,np_fan_in,Fan-in NP,82,0.35750079732532647,0.3700631618961807,0.6424992084503174,0.6201694011688232,0.6424992084503174,0.6201694011688232
0,np_fan_in,Fan-in NP,83,0.36317179611949035,0.37184196918509727,0.6368281841278076,0.618343710899353,0.6368281841278076,0.618343710899353
0,np_fan_in,Fan-in NP,84,0.3635414261226506,0.37433029075925667,0.6364585757255554,0.6157896518707275,0.6364585757255554,0.6157896518707275
0,np_fan_in,Fan-in NP,85,0.3696141729290171,0.3795026210389396,0.6303858160972595,0.610480785369873,0.6303858160972595,0.610480785369873
0,np_fan_in,Fan-in NP,86,0.3586278427247853,0.3708432820416236,0.6413721442222595,0.6193686723709106,0.6413721442222595,0.6193686723709106
0,np_fan_in,Fan-in NP,87,0.36493185289608415,0.37715247689291487,0.6350681781768799,0.6128929853439331,0.6350681781768799,0.6128929853439331
0,np_fan_in,Fan-in NP,88,0.3606495115646096,0.37391551197037215,0.6393504738807678,0.6162153482437134,0.6393504738807678,0.6162153482437134
0,np_fan_in,Fan-in NP,89,0.3569479014060294,0.3697079253751178,0.6430521011352539,0.6205340027809143,0.6430521011352539,0.6205340027809143
0,np_fan_in,Fan-in NP,90,0.3894811187141625,0.3961557773656623,0.6105188727378845,0.5933880805969238,0.6105188727378845,0.5933880805969238
0,np_fan_in,Fan-in NP,91,0.3763697705296583,0.38658945828445196,0.6236302256584167,0.6032069325447083,0.6236302256584167,0.6032069325447083
0,np_fan_in,Fan-in NP,92,0.361826980067778,0.36958601839782657,0.63817298412323,0.6206591129302979,0.63817298412323,0.6206591129302979
0,np_fan_in,Fan-in NP,93,0.3737835464782493,0.38129218142161997,0.6262164115905762,0.6086440086364746,0.6262164115905762,0.6086440086364746
0,np_fan_in,Fan-in NP,94,0.37712591586186905,0.38443635554276695,0.6228740215301514,0.6054167747497559,0.6228740215301514,0.6054167747497559
0,np_fan_in,Fan-in NP,95,0.3679568037506222,0.37988661680110664,0.6320432424545288,0.6100866198539734,0.6320432424545288,0.6100866198539734
0,np_fan_in,Fan-in NP,96,0.3609832365845525,0.37068244606949563,0.6390168070793152,0.6195337772369385,0.6390168070793152,0.6195337772369385
0,np_fan_in,Fan-in NP,97,0.363249231563058,0.37552937657334085,0.6367508172988892,0.6145589351654053,0.6367508172988892,0.6145589351654053
0,np_fan_in,Fan-in NP,98,0.37176486087399857,0.3844641668851985,0.6282351613044739,0.6053882837295532,0.6282351613044739,0.6053882837295532
0,np_fan_in,Fan-in NP,99,0.3546287948771041,0.3630662077619124,0.6453711986541748,0.6273510456085205,0.6453711986541748,0.6273510456085205
0,np_fan_in,Fan-in NP,100,0.36747645800427875,0.3806400687195534,0.6325235366821289,0.6093133687973022,0.6325235366821289,0.6093133687973022
0,np_fan_in,Fan-in NP,101,0.3542141801165056,0.3632130712963814,0.6457858085632324,0.6272003054618835,0.6457858085632324,0.6272003054618835
0,np_fan_in,Fan-in NP,102,0.35662285660126414,0.36411576469739276,0.6433771848678589,0.6262738108634949,0.6433771848678589,0.6262738108634949
0,np_fan_in,Fan-in NP,103,0.37875780440116114,0.3859352397826291,0.6212421655654907,0.603878378868103,0.6212421655654907,0.603878378868103
0,np_fan_in,Fan-in NP,104,0.3552749875442002,0.3644758770170138,0.6447250247001648,0.6259041428565979,0.6447250247001648,0.6259041428565979
0,np_fan_in,Fan-in NP,105,0.39249583200890886,0.40732072374617406,0.60750412940979,0.5819284915924072,0.60750412940979,0.5819284915924072
0,np_fan_in,Fan-in NP,106,0.3562822503636974,0.3668285058450329,0.6437177658081055,0.6234894394874573,0.6437177658081055,0.6234894394874573
0,np_fan_in,Fan-in NP,107,0.37151821015417114,0.38002984237301257,0.6284818053245544,0.609939694404602,0.6284818053245544,0.609939694404602
0,np_fan_in,Fan-in NP,108,0.3470660287511441,0.3569587443688119,0.6529339551925659,0.6336196660995483,0.6529339551925659,0.6336196660995483
0,np_fan_in,Fan-in NP,109,0.35603372394576555,0.3667910431706628,0.6439662575721741,0.6235278844833374,0.6439662575721741,0.6235278844833374
0,np_fan_in,Fan-in NP,110,0.3877504533806512,0.3915520991927894,0.612249493598938,0.5981132984161377,0.612249493598938,0.5981132984161377
0,np_fan_in,Fan-in NP,111,0.3429766832165016,0.356786355953808,0.6570233106613159,0.6337966322898865,0.6570233106613159,0.6337966322898865
0,np_fan_in,Fan-in NP,112,0.34433216110680454,0.3532551529333573,0.655667781829834,0.6374210119247437,0.655667781829834,0.6374210119247437
0,np_fan_in,Fan-in NP,113,0.348650051526321,0.35688110700873443,0.6513499021530151,0.6336994171142578,0.6513499021530151,0.6336994171142578
0,np_fan_in,Fan-in NP,114,0.3652931273907654,0.37341769998387775,0.6347068548202515,0.616726279258728,0.6347068548202515,0.616726279258728
0,np_fan_in,Fan-in NP,115,0.37384588438873145,0.3809936273005582,0.6261540651321411,0.6089504361152649,0.6261540651321411,0.6089504361152649
0,np_fan_in,Fan-in NP,116,0.3501326572294383,0.3638855976651805,0.6498673558235168,0.6265100240707397,0.6498673558235168,0.6265100240707397
0,np_fan_in,Fan-in NP,117,0.35871578152327577,0.37233221438504005,0.6412842273712158,0.6178404092788696,0.6412842273712158,0.6178404092788696
0,np_fan_in,Fan-in NP,118,0.3635461522165195,0.3685036643530971,0.6364538669586182,0.6217700242996216,0.6364538669586182,0.6217700242996216
0,np_fan_in,Fan-in NP,119,0.34580856423045314,0.3537862885367963,0.6541914343833923,0.6368758678436279,0.6541914343833923,0.6368758678436279
0,np_fan_in,Fan-in NP,120,0.35350503755170243,0.36325294149014375,0.64649498462677,0.6271593570709229,0.64649498462677,0.6271593570709229
0,np_fan_in,Fan-in NP,121,0.34977258164291236,0.3618016321529714,0.650227427482605,0.6286489963531494,0.650227427482605,0.6286489963531494
0,np_fan_in,Fan-in NP,122,0.34493836922238963,0.35832254831181015,0.655061662197113,0.6322199106216431,0.655061662197113,0.6322199106216431
0,np_fan_in,Fan-in NP,123,0.36298624501209853,0.37735307078028835,0.6370137929916382,0.6126870512962341,0.6370137929916382,0.6126870512962341
0,np_fan_in,Fan-in NP,124,0.3411868669727976,0.3511235630789468,0.6588131189346313,0.6396088600158691,0.6588131189346313,0.6396088600158691
0,np_fan_in,Fan-in NP,125,0.36464699294215946,0.37325833010119064,0.6353529691696167,0.6168898940086365,0.6353529691696167,0.6168898940086365
0,np_fan_in,Fan-in NP,126,0.36037971241067546,0.368349832157756,0.639620304107666,0.6219279170036316,0.639620304107666,0.6219279170036316
0,np_fan_in,Fan-in NP,127,0.3421080376981765,0.35390195920485856,0.6578919887542725,0.6367571353912354,0.6578919887542725,0.6367571353912354
0,np_fan_in,Fan-in NP,128,0.34202012107815855,0.35252607584923734,0.6579798460006714,0.6381694078445435,0.6579798460006714,0.6381694078445435
0,np_fan_in,Fan-in NP,129,0.34248126823772757,0.3529818180457566,0.657518744468689,0.6377015709877014,0.657518744468689,0.6377015709877014
0,np_fan_in,Fan-in NP,130,0.39514334257258926,0.40961752774179444,0.6048566102981567,0.579571008682251,0.6048566102981567,0.579571008682251
0,np_fan_in,Fan-in NP,131,0.33880398636178455,0.3463387184364851,0.6611959934234619,0.6445200443267822,0.6611959934234619,0.6445200443267822
0,np_fan_in,Fan-in NP,132,0.3425696970418442,0.3493534259555876,0.6574302911758423,0.6414257287979126,0.6574302911758423,0.6414257287979126
0,np_fan_in,Fan-in NP,133,0.3361635122650353,0.3449230187161024,0.6638364791870117,0.6459730863571167,0.6638364791870117,0.6459730863571167
0,np_fan_in,Fan-in NP,134,0.35317367038061453,0.36360613227814664,0.6468263268470764,0.6267968416213989,0.6468263268470764,0.6267968416213989
0,np_fan_in,Fan-in NP,135,0.3368074200874151,0.34455701778101366,0.6631925702095032,0.6463487148284912,0.6631925702095032,0.6463487148284912
0,np_fan_in,Fan-in NP,136,0.3433042443537897,0.350088274987169,0.6566957235336304,0.6406714916229248,0.6566957235336304,0.6406714916229248
0,np_fan_in,Fan-in NP,137,0.3436663749144059,0.3530249748119088,0.6563335657119751,0.6376572847366333,0.6563335657119751,0.6376572847366333
0,np_fan_in,Fan-in NP,138,0.35694092281104983,0.368648299413134,0.6430590748786926,0.6216216087341309,0.6430590748786926,0.6216216087341309
0,np_fan_in,Fan-in NP,139,0.36740440072477326,0.38138644870861554,0.6325956583023071,0.6085472702980042,0.6325956583023071,0.6085472702980042
0,np_fan_in,Fan-in NP,140,0.35696563528951747,0.3639115702736285,0.6430343389511108,0.6264833211898804,0.6430343389511108,0.6264833211898804
0,np_fan_in,Fan-in NP,141,0.39061120822448137,0.39301410987395646,0.6093888282775879,0.5966126918792725,0.6093888282775879,0.5966126918792725
0,np_fan_in,Fan-in NP,142,0.3450363267992818,0.3504031349060147,0.6549637317657471,0.6403483152389526,0.6549637317657471,0.6403483152389526
0,np_fan_in,Fan-in NP,143,0.42212592146193334,0.4356473351633826,0.5778740644454956,0.5528541803359985,0.5778740644454956,0.5528541803359985
0,np_fan_in,Fan-in NP,144,0.340302993738374,0.34922189675560295,0.6596969962120056,0.6415607333183289,0.6596969962120056,0.6415607333183289
0,np_fan_in,Fan-in NP,145,0.3352053190848624,0.34188904364903766,0.6647946834564209,0.6490870714187622,0.6647946834564209,0.6490870714187622
0,np_fan_in,Fan-in NP,146,0.3784845813300258,0.37988949422688445,0.6215153932571411,0.6100836992263794,0.6215153932571411,0.6100836992263794
0,np_fan_in,Fan-in NP,147,0.3370571000169414,0.3444988912390184,0.6629428863525391,0.6464084386825562,0.6629428863525391,0.6464084386825562
0,np_fan_in,Fan-in NP,148,0.3600463044735812,0.36271446666052176,0.6399536728858948,0.627712070941925,0.6399536728858948,0.627712070941925
0,np_fan_in,Fan-in NP,149,0.33808610363062036,0.3428676615851794,0.6619138717651367,0.6480826735496521,0.6619138717651367,0.6480826735496521
0,np_fan_in,Fan-in NP,150,0.3497138657542162,0.35440921829652416,0.6502861380577087,0.6362365484237671,0.6502861380577087,0.6362365484237671
0,np_fan_in,Fan-in NP,151,0.366261106590892,0.368212828802508,0.6337388753890991,0.6220686435699463,0.6337388753890991,0.6220686435699463
0,np_fan_in,Fan-in NP,152,0.36758141369782676,0.37302129536636114,0.6324185132980347,0.6171331405639648,0.6324185132980347,0.6171331405639648
0,np_fan_in,Fan-in NP,153,0.35156375285266905,0.35205521694449493,0.6484361886978149,0.6386526823043823,0.6484361886978149,0.6386526823043823
0,np_fan_in,Fan-in NP,154,0.3397724891817847,0.3453169541303502,0.6602275371551514,0.6455687284469604,0.6602275371551514,0.6455687284469604
0,np_fan_in,Fan-in NP,155,0.34113161023273025,0.34504124984260676,0.6588684320449829,0.645851731300354,0.6588684320449829,0.645851731300354
0,np_fan_in,Fan-in NP,156,0.3406001641306766,0.3421668260134468,0.6593998074531555,0.6488020420074463,0.6593998074531555,0.6488020420074463
0,np_fan_in,Fan-in NP,157,0.3480896905873173,0.3527516738850941,0.6519103050231934,0.6379377841949463,0.6519103050231934,0.6379377841949463
0,np_fan_in,Fan-in NP,158,0.3527082787003628,0.35748201054196027,0.6472917199134827,0.6330826282501221,0.6472917199134827,0.6330826282501221
0,np_fan_in,Fan-in NP,159,0.3574441179286602,0.3658536871274312,0.642555832862854,0.624489963054657,0.642555832862854,0.624489963054657
0,np_fan_in,Fan-in NP,160,0.35115441795467406,0.3563622409521147,0.6488455533981323,0.6342319250106812,0.6488455533981323,0.6342319250106812
0,np_fan_in,Fan-in NP,161,0.3449129574289618,0.34788565903671026,0.6550870537757874,0.6429321765899658,0.6550870537757874,0.6429321765899658
0,np_fan_in,Fan-in NP,162,0.33493544923704727,0.3398429691329483,0.6650645732879639,0.6511872410774231,0.6650645732879639,0.6511872410774231
0,np_fan_in,Fan-in NP,163,0.3356743375229281,0.3434521800787874,0.6643257141113281,0.6474827527999878,0.6643257141113281,0.6474827527999878
0,np_fan_in,Fan-in NP,164,0.3535209582295529,0.3645076386688292,0.6464790105819702,0.6258715391159058,0.6464790105819702,0.6258715391159058
0,np_fan_in,Fan-in NP,165,0.3300296516381493,0.33467895624249483,0.6699703931808472,0.6564875841140747,0.6699703931808472,0.6564875841140747
0,np_fan_in,Fan-in NP,166,0.32569642145504324,0.3281226024147152,0.6743035912513733,0.6632169485092163,0.6743035912513733,0.6632169485092163
0,np_fan_in,Fan-in NP,167,0.39575726810351824,0.40623388941897903,0.604242742061615,0.5830439329147339,0.604242742061615,0.5830439329147339
0,np_fan_in,Fan-in NP,168,0.3221293274284333,0.32518861991490505,0.6778706312179565,0.6662283539772034,0.6778706312179565,0.6662283539772034
0,np_fan_in,Fan-in NP,169,0.3244012816007747,0.33085460833800856,0.6755987405776978,0.6604128479957581,0.6755987405776978,0.6604128479957581
0,np_fan_in,Fan-in NP,170,0.3500386192355045,0.3568330079086067,0.6499614119529724,0.6337487697601318,0.6499614119529724,0.6337487697601318
0,np_fan_in,Fan-in NP,171,0.338556999152945,0.3433269666608914,0.6614429950714111,0.6476112604141235,0.6614429950714111,0.6476112604141235
0,np_fan_in,Fan-in NP,172,0.33445304609084314,0.3411000715207684,0.6655469536781311,0.6498969793319702,0.6655469536781311,0.6498969793319702
0,np_fan_in,Fan-in NP,173,0.32886518410934035,0.3371811675470929,0.6711348295211792,0.6539193391799927,0.6711348295211792,0.6539193391799927
0,np_fan_in,Fan-in NP,174,0.3357829234396765,0.34365979137346725,0.6642171144485474,0.647269606590271,0.6642171144485474,0.647269606590271
0,np_fan_in,Fan-in NP,175,0.34453760122143945,0.3493374618448952,0.655462384223938,0.6414421796798706,0.655462384223938,0.6414421796798706
0,np_fan_in,Fan-in NP,176,0.3486798211585644,0.3597876327906468,0.6513201594352722,0.6307161450386047,0.6513201594352722,0.6307161450386047
0,np_fan_in,Fan-in NP,177,0.3329016815784366,0.33810830809349235,0.6670982837677002,0.6529676914215088,0.6670982837677002,0.6529676914215088
0,np_fan_in,Fan-in NP,178,0.4095752534940261,0.41205011874206304,0.5904247164726257,0.5770742297172546,0.5904247164726257,0.5770742297172546
0,np_fan_in,Fan-in NP,179,0.34036736317383226,0.34730726457381433,0.6596326231956482,0.6435258984565735,0.6596326231956482,0.6435258984565735
0,np_fan_in,Fan-in NP,180,0.32846342812674917,0.33731593364893003,0.6715365648269653,0.6537809371948242,0.6715365648269653,0.6537809371948242
0,np_fan_in,Fan-in NP,181,0.3255252913218136,0.3354641365450482,0.6744747161865234,0.6556816101074219,0.6744747161865234,0.6556816101074219
0,np_fan_in,Fan-in NP,182,0.3230379875316176,0.3321971461292385,0.6769620180130005,0.6590348482131958,0.6769620180130005,0.6590348482131958
0,np_fan_in,Fan-in NP,183,0.3949864395829134,0.3952914534151092,0.6050135493278503,0.5942752361297607,0.6050135493278503,0.5942752361297607
0,np_fan_in,Fan-in NP,184,0.32633280407550724,0.33041442872941956,0.6736671924591064,0.6608646512031555,0.6736671924591064,0.6608646512031555
0,np_fan_in,Fan-in NP,185,0.3225659245206404,0.3292304399863694,0.6774340867996216,0.6620798707008362,0.6774340867996216,0.6620798707008362
0,np_fan_in,Fan-in NP,186,0.3239559773788896,0.3262476038563159,0.6760439872741699,0.6651414632797241,0.6760439872741699,0.6651414632797241
0,np_fan_in,Fan-in NP,187,0.4359125243138897,0.4313626363295917,0.5640875101089478,0.5572519302368164,0.5640875101089478,0.5572519302368164
0,np_fan_in,Fan-in NP,188,0.3388916889364405,0.339809726375018,0.6611083149909973,0.6512213945388794,0.6611083149909973,0.6512213945388794
0,np_fan_in,Fan-in NP,189,0.3403015196785446,0.3400890725527623,0.659698486328125,0.6509345769882202,0.659698486328125,0.6509345769882202
0,np_fan_in,Fan-in NP,190,0.33401384441427484,0.3354388498520666,0.665986180305481,0.655707597732544,0.665986180305481,0.655707597732544
0,np_fan_in,Fan-in NP,191,0.316690593957901,0.3246066551799922,0.6833094358444214,0.6668257713317871,0.6833094358444214,0.6668257713317871
0,np_fan_in,Fan-in NP,192,0.3206779499386632,0.32448639495428216,0.6793221235275269,0.6669490933418274,0.6793221235275269,0.6669490933418274
0,np_fan_in,Fan-in NP,193,0.3236963087043097,0.327390311762344,0.6763036847114563,0.663968563079834,0.6763036847114563,0.663968563079834
0,np_fan_in,Fan-in NP,194,0.3187702850315922,0.3240408938984538,0.6812297105789185,0.6674063205718994,0.6812297105789185,0.6674063205718994
0,np_fan_in,Fan-in NP,195,0.3221198864454447,0.32297551054363105,0.6778801083564758,0.6684999465942383,0.6778801083564758,0.6684999465942383
0,np_fan_in,Fan-in NP,196,0.31943963190843894,0.32346558570861816,0.6805603504180908,0.667996883392334,0.6805603504180908,0.667996883392334
0,np_fan_in,Fan-in NP,197,0.3485035012627757,0.34729236110236295,0.6514965295791626,0.643541157245636,0.6514965295791626,0.643541157245636
0,np_fan_in,Fan-in NP,198,0.3220872241397237,0.32677003186802533,0.677912712097168,0.6646052002906799,0.677912712097168,0.6646052002906799
0,np_fan_in,Fan-in NP,199,0.33469166173491366,0.333432676256165,0.6653083562850952,0.6577666997909546,0.6653083562850952,0.6577666997909546
0,np_fan_in,Fan-in NP,200,0.3303011491779209,0.3375610667605733,0.6696988344192505,0.6535294055938721,0.6696988344192505,0.6535294055938721
0,wp,WP,1,0.9673198881999466,0.9418147173962852,0.0326802134513855,0.03332698345184326,0.0326802134513855,0.03332698345184326
0,wp,WP,2,0.8735562294952629,0.8557679565377938,0.1264437437057495,0.12164473533630371,0.1264437437057495,0.12164473533630371
0,wp,WP,3,0.7626395262489023,0.7501576187074647,0.23736047744750977,0.23004275560379028,0.23736047744750977,0.23004275560379028
0,wp,WP,4,0.6626206451608229,0.6608180648596712,0.3373792767524719,0.32174044847488403,0.3373792767524719,0.32174044847488403
0,wp,WP,5,0.65009895683259,0.6538481860197791,0.34990108013153076,0.3288941979408264,0.34990108013153076,0.3288941979408264
0,wp,WP,6,0.5273993250935577,0.5349981325079304,0.47260063886642456,0.4508811831474304,0.47260063886642456,0.4508811831474304
0,wp,WP,7,0.48033326956652855,0.4939946629280268,0.5196666717529297,0.49296683073043823,0.5196666717529297,0.49296683073043823
0,wp,WP,8,0.45403105159138524,0.47168428860893546,0.5459689497947693,0.5158660411834717,0.5459689497947693,0.5158660411834717
0,wp,WP,9,0.4326215226982915,0.45011460665584535,0.5673784613609314,0.5380051136016846,0.5673784613609314,0.5380051136016846
0,wp,WP,10,0.4427102427611979,0.45651769129804864,0.5572897791862488,0.5314329862594604,0.5572897791862488,0.5314329862594604
0,wp,WP,11,0.43560179952503175,0.44915935189224954,0.5643981695175171,0.538985550403595,0.5643981695175171,0.538985550403595
0,wp,WP,12,0.5162422490674395,0.5211790444314942,0.48375773429870605,0.46506500244140625,0.48375773429870605,0.46506500244140625
0,wp,WP,13,0.41971544805885286,0.43153688704320625,0.580284595489502,0.5570731163024902,0.580284595489502,0.5570731163024902
0,wp,WP,14,0.4603169664394024,0.4702554123346196,0.5396829843521118,0.5173326730728149,0.5396829843521118,0.5173326730728149
0,wp,WP,15,0.42376388436140017,0.4363829900127973,0.5762361288070679,0.5520991086959839,0.5762361288070679,0.5520991086959839
0,wp,WP,16,0.4290003582488659,0.4391174940175788,0.5709996223449707,0.5492924451828003,0.5709996223449707,0.5492924451828003
0,wp,WP,17,0.4854363297769266,0.49462988649227824,0.5145636796951294,0.492314875125885,0.5145636796951294,0.492314875125885
0,wp,WP,18,0.42719622037207433,0.4389816776726597,0.5728037357330322,0.5494318008422852,0.5728037357330322,0.5494318008422852
0,wp,WP,19,0.43843739670376447,0.45380120268163754,0.5615625977516174,0.5342211723327637,0.5615625977516174,0.5342211723327637
0,wp,WP,20,0.43547260414722355,0.4473782817060633,0.5645273923873901,0.5408136248588562,0.5645273923873901,0.5408136248588562
0,wp,WP,21,0.4241982947948367,0.43896514038706935,0.5758016705513,0.5494487881660461,0.5758016705513,0.5494487881660461
0,wp,WP,22,0.41204385898372,0.4291468239569849,0.5879561901092529,0.559526264667511,0.5879561901092529,0.559526264667511
0,wp,WP,23,0.39618255787117534,0.4089851148368776,0.6038174629211426,0.580220103263855,0.6038174629211426,0.580220103263855
0,wp,WP,24,0.4065123705207839,0.4171251991922541,0.5934876203536987,0.5718652009963989,0.5934876203536987,0.5718652009963989
0,wp,WP,25,0.38648570346277816,0.40001348007557,0.6135143041610718,0.5894285440444946,0.6135143041610718,0.5894285440444946
0,wp,WP,26,0.3973342171011045,0.4104337123937385,0.6026657819747925,0.5787333250045776,0.6026657819747925,0.5787333250045776
0,wp,WP,27,0.387952799598376,0.3971164506073146,0.6120471954345703,0.5924019813537598,0.6120471954345703,0.5924019813537598
0,wp,WP,28,0.4045583515666252,0.4129266632619754,0.5954416990280151,0.5761745572090149,0.5954416990280151,0.5761745572090149
0,wp,WP,29,0.3836610132409621,0.3920087202112804,0.6163389682769775,0.597644567489624,0.6163389682769775,0.597644567489624
0,wp,WP,30,0.4147855285988298,0.41541291576947353,0.5852144956588745,0.5736227035522461,0.5852144956588745,0.5736227035522461
0,wp,WP,31,0.3894211753856304,0.39384465531785356,0.6105788350105286,0.5957602262496948,0.6105788350105286,0.5957602262496948
0,wp,WP,32,0.4232375266015992,0.42947836578354354,0.5767624378204346,0.5591859817504883,0.5767624378204346,0.5591859817504883
0,wp,WP,33,0.39744088515754816,0.4022326968437017,0.6025591492652893,0.5871508121490479,0.6025591492652893,0.5871508121490479
0,wp,WP,34,0.39736669932224955,0.3968447243520456,0.6026332974433899,0.5926809310913086,0.6026332974433899,0.5926809310913086
0,wp,WP,35,0.3782229153222816,0.3787954615992169,0.6217771172523499,0.611206591129303,0.6217771172523499,0.611206591129303
0,wp,WP,36,0.3639769473279169,0.3667901798274166,0.6360230445861816,0.623528778553009,0.6360230445861816,0.623528778553009
0,wp,WP,37,0.3673707517080529,0.37315426732218543,0.6326292753219604,0.6169966459274292,0.6326292753219604,0.6169966459274292
0,wp,WP,38,0.36220617349757706,0.3668161854725476,0.637793779373169,0.6235020756721497,0.637793779373169,0.6235020756721497
0,wp,WP,39,0.3766151842220809,0.37946812334910845,0.6233848333358765,0.6105161905288696,0.6233848333358765,0.6105161905288696
0,wp,WP,40,0.4061069754205009,0.4106348554293315,0.5938930511474609,0.5785268545150757,0.5938930511474609,0.5785268545150757
0,wp,WP,41,0.4027198178823604,0.40379956803580586,0.5972802042961121,0.5855425596237183,0.5972802042961121,0.5855425596237183
0,wp,WP,42,0.3806310321471488,0.38248923028162285,0.6193690299987793,0.6074153184890747,0.6193690299987793,0.6074153184890747
0,wp,WP,43,0.3733643013839574,0.3699416913265406,0.6266356706619263,0.6202940940856934,0.6266356706619263,0.6202940940856934
0,wp,WP,44,0.37882199560024943,0.3771113880382952,0.6211780309677124,0.6129351258277893,0.6211780309677124,0.6129351258277893
0,wp,WP,45,0.36570725826792017,0.3621585692546164,0.6342927813529968,0.6282826066017151,0.6342927813529968,0.6282826066017151
0,wp,WP,46,0.3658362826866697,0.36182433251262636,0.6341637372970581,0.6286256909370422,0.6341637372970581,0.6286256909370422
0,wp,WP,47,0.38410356733226036,0.3802539253419684,0.615896463394165,0.6097096800804138,0.615896463394165,0.6097096800804138
0,wp,WP,48,0.3681505431038465,0.37018828752428984,0.6318494081497192,0.620041012763977,0.6318494081497192,0.620041012763977
0,wp,WP,49,0.3662554989027422,0.3624198499114014,0.633744478225708,0.6280144453048706,0.633744478225708,0.6280144453048706
0,wp,WP,50,0.3714343368314033,0.3708855625270873,0.6285656690597534,0.6193252801895142,0.6285656690597534,0.6193252801895142
0,wp,WP,51,0.3687512169974719,0.36382025826809017,0.6312488317489624,0.6265770196914673,0.6312488317489624,0.6265770196914673
0,wp,WP,52,0.37294459828110627,0.368593296801397,0.6270554065704346,0.6216780543327332,0.6270554065704346,0.6216780543327332
0,wp,WP,53,0.3694237281185712,0.36623073271078654,0.6305762529373169,0.6241029500961304,0.6305762529373169,0.6241029500961304
0,wp,WP,54,0.35084075313205865,0.35138529238774796,0.64915931224823,0.6393402814865112,0.64915931224823,0.6393402814865112
0,wp,WP,55,0.36085997348607973,0.3591213535892871,0.6391400098800659,0.6313999891281128,0.6391400098800659,0.6313999891281128
0,wp,WP,56,0.35644146268681964,0.3587029717227285,0.6435585618019104,0.6318293809890747,0.6435585618019104,0.6318293809890747
0,wp,WP,57,0.3594770295213359,0.364110973454261,0.6405229568481445,0.6262786388397217,0.6405229568481445,0.6262786388397217
0,wp,WP,58,0.3719250582909399,0.3789160958556242,0.6280749440193176,0.6110827922821045,0.6280749440193176,0.6110827922821045
0,wp,WP,59,0.3575203298598297,0.36560709947763487,0.642479658126831,0.6247431039810181,0.642479658126831,0.6247431039810181
0,wp,WP,60,0.3553279086138851,0.36253606718639997,0.6446720957756042,0.627895176410675,0.6446720957756042,0.627895176410675
0,wp,WP,61,0.36749197253885196,0.3756858618684517,0.6325080394744873,0.6143982410430908,0.6325080394744873,0.6143982410430908
0,wp,WP,62,0.349739996037742,0.35684483249982196,0.6502599716186523,0.6337366104125977,0.6502599716186523,0.6337366104125977
0,wp,WP,63,0.3605961711831795,0.3720405420591665,0.6394038200378418,0.6181398630142212,0.6394038200378418,0.6181398630142212
0,wp,WP,64,0.35827184439629545,0.3664248331572658,0.6417281627655029,0.623903751373291,0.6417281627655029,0.623903751373291
0,wp,WP,65,0.3710000415643056,0.374635436045107,0.6289999485015869,0.6154764294624329,0.6289999485015869,0.6154764294624329
0,wp,WP,66,0.3699006633472073,0.3769750026769416,0.6300992965698242,0.6130751371383667,0.6300992965698242,0.6130751371383667
0,wp,WP,67,0.3679137480582378,0.3782730282739151,0.6320862174034119,0.6117428541183472,0.6320862174034119,0.6117428541183472
0,wp,WP,68,0.4150979775328969,0.4243014140646587,0.5849019885063171,0.5644996166229248,0.5849019885063171,0.5644996166229248
0,wp,WP,69,0.4288513434025668,0.4383825005949006,0.5711486339569092,0.5500468015670776,0.5711486339569092,0.5500468015670776
0,wp,WP,70,0.36806222634722097,0.37419954889504486,0.6319377422332764,0.6159238815307617,0.6319377422332764,0.6159238815307617
0,wp,WP,71,0.3579261198986408,0.3627635868944863,0.6420738697052002,0.6276616454124451,0.6420738697052002,0.6276616454124451
0,wp,WP,72,0.37723148284956465,0.3787676022034283,0.6227685213088989,0.6112352609634399,0.6227685213088989,0.6112352609634399
0,wp,WP,73,0.36832355794518495,0.37753388516662656,0.631676435470581,0.6125015020370483,0.631676435470581,0.6125015020370483
0,wp,WP,74,0.3796034815699555,0.3920998725780221,0.6203964948654175,0.5975511074066162,0.6203964948654175,0.5975511074066162
0,wp,WP,75,0.3647747930399207,0.37654251299163166,0.6352251768112183,0.6135189533233643,0.6352251768112183,0.6135189533233643
0,wp,WP,76,0.354682488958965,0.3627240870350091,0.645317554473877,0.6277022361755371,0.645317554473877,0.6277022361755371
0,wp,WP,77,0.37926382981529533,0.38888042010078133,0.6207361817359924,0.6008554697036743,0.6207361817359924,0.6008554697036743
0,wp,WP,78,0.39048252341359163,0.3973819738210634,0.6095174551010132,0.5921295881271362,0.6095174551010132,0.5921295881271362
0,wp,WP,79,0.3650602938592896,0.36975186231524443,0.6349396705627441,0.6204888820648193,0.6349396705627441,0.6204888820648193
0,wp,WP,80,0.3659057338801465,0.3698516391044439,0.63409423828125,0.6203864812850952,0.63409423828125,0.6203864812850952
0,wp,WP,81,0.3592137231152187,0.36514270952505656,0.6407862901687622,0.6252197027206421,0.6407862901687622,0.6252197027206421
0,wp,WP,82,0.3648111702397812,0.3699729595073434,0.6351888179779053,0.6202619075775146,0.6351888179779053,0.6202619075775146
0,wp,WP,83,0.360293435726979,0.364109617795131,0.6397066116333008,0.6262800693511963,0.6397066116333008,0.6262800693511963
0,wp,WP,84,0.3699758755144223,0.37478373217028244,0.6300241351127625,0.6153242588043213,0.6300241351127625,0.6153242588043213
0,wp,WP,85,0.3676220921351928,0.3692830600017725,0.6323778629302979,0.6209700703620911,0.6323778629302979,0.6209700703620911
0,wp,WP,86,0.37032540489074794,0.36913475186325784,0.6296745538711548,0.6211223602294922,0.6296745538711548,0.6211223602294922
0,wp,WP,87,0.38174822556880095,0.37969381957091103,0.6182518005371094,0.6102845668792725,0.6182518005371094,0.6102845668792725
0,wp,WP,88,0.3656359592149424,0.3693126075027525,0.6343640685081482,0.6209397315979004,0.6343640685081482,0.6209397315979004
0,wp,WP,89,0.3775412685187288,0.3744755137798398,0.6224586963653564,0.6156405806541443,0.6224586963653564,0.6156405806541443
0,wp,WP,90,0.36565469863802885,0.36859498883402625,0.634345293045044,0.6216763257980347,0.634345293045044,0.6216763257980347
0,wp,WP,91,0.36969584480736606,0.3709868735583254,0.630304217338562,0.6192213296890259,0.630304217338562,0.6192213296890259
0,wp,WP,92,0.3719588197016901,0.36985335770503497,0.62804114818573,0.6203847527503967,0.62804114818573,0.6203847527503967
0,wp,WP,93,0.3700035452380661,0.36633350035940954,0.6299964189529419,0.6239974498748779,0.6299964189529419,0.6239974498748779
0,wp,WP,94,0.3709714731504751,0.373354586750962,0.6290285587310791,0.6167911291122437,0.6290285587310791,0.6167911291122437
0,wp,WP,95,0.3711763417073923,0.37294988992602324,0.6288236975669861,0.6172064542770386,0.6288236975669861,0.6172064542770386
0,wp,WP,96,0.37712461957635807,0.37837819535602896,0.6228753924369812,0.6116349697113037,0.6228753924369812,0.6116349697113037
0,wp,WP,97,0.3656523507232814,0.3652890860572342,0.634347677230835,0.6250694990158081,0.634347677230835,0.6250694990158081
0,wp,WP,98,0.362443868619527,0.36399142455685046,0.6375561356544495,0.626401424407959,0.6375561356544495,0.626401424407959
0,wp,WP,99,0.3576652617879616,0.3631490353466004,0.6423347592353821,0.6272660493850708,0.6423347592353821,0.6272660493850708
0,wp,WP,100,0.3709260381238405,0.3799741995889087,0.629073977470398,0.6099967956542969,0.629073977470398,0.6099967956542969
0,wp,WP,101,0.37869321260341376,0.3838161812272183,0.6213067770004272,0.6060534119606018,0.6213067770004272,0.6060534119606018
0,wp,WP,102,0.38044730914655583,0.38574499677318014,0.6195526719093323,0.6040736436843872,0.6195526719093323,0.6040736436843872
0,wp,WP,103,0.3730190336242203,0.37762610256209855,0.6269810199737549,0.612406849861145,0.6269810199737549,0.612406849861145
0,wp,WP,104,0.38644732384718666,0.38965601352758183,0.6135526895523071,0.6000593900680542,0.6135526895523071,0.6000593900680542
0,wp,WP,105,0.37888722964959554,0.3834525115730226,0.6211127638816833,0.6064265966415405,0.6211127638816833,0.6064265966415405
0,wp,WP,106,0.37849131954270737,0.3844063633172087,0.6215086579322815,0.6054476499557495,0.6215086579322815,0.6054476499557495
0,wp,WP,107,0.3878127560597058,0.3940631467704625,0.6121872663497925,0.5955359935760498,0.6121872663497925,0.5955359935760498
0,wp,WP,108,0.40751802794231,0.4149704270584639,0.5924819707870483,0.5740768909454346,0.5924819707870483,0.5740768909454346
0,wp,WP,109,0.37632172606712166,0.3876135480958362,0.6236782670021057,0.6021558046340942,0.6236782670021057,0.6021558046340942
0,wp,WP,110,0.373741995341094,0.3856315723685331,0.6262580156326294,0.6041900515556335,0.6262580156326294,0.6041900515556335
0,wp,WP,111,0.3654809557190237,0.37479337241298466,0.6345189809799194,0.6153143644332886,0.6345189809799194,0.6153143644332886
0,wp,WP,112,0.3641983363055444,0.3677585254343905,0.6358016729354858,0.6225348711013794,0.6358016729354858,0.6225348711013794
0,wp,WP,113,0.3635505125966183,0.3734693014344504,0.6364495158195496,0.6166733503341675,0.6364495158195496,0.6166733503341675
0,wp,WP,114,0.3814261906830839,0.3925530818081641,0.618573784828186,0.5970858931541443,0.618573784828186,0.5970858931541443
0,wp,WP,115,0.35487230029679084,0.35916802841563555,0.6451277732849121,0.6313520669937134,0.6451277732849121,0.6313520669937134
0,wp,WP,116,0.35092907520227656,0.3545865130054858,0.6490709781646729,0.636054515838623,0.6490709781646729,0.636054515838623
0,wp,WP,117,0.35986314563788185,0.3618833369524904,0.6401368379592896,0.6285650730133057,0.6401368379592896,0.6285650730133057
0,wp,WP,118,0.3657502184311549,0.3662138918573542,0.634249746799469,0.6241202354431152,0.634249746799469,0.6241202354431152
0,wp,WP,119,0.3719449835692265,0.3759629791097123,0.6280549764633179,0.6141138076782227,0.6280549764633179,0.6141138076782227
0,wp,WP,120,0.36281830996505976,0.3663629438987998,0.6371816992759705,0.6239672899246216,0.6371816992759705,0.6239672899246216
0,wp,WP,121,0.3810486696487249,0.3766748299894407,0.6189513206481934,0.6133832335472107,0.6189513206481934,0.6133832335472107
0,wp,WP,122,0.3845294150271157,0.38510417268257735,0.6154706478118896,0.6047313213348389,0.6154706478118896,0.6047313213348389
0,wp,WP,123,0.3716282901144767,0.37881129564240923,0.6283717155456543,0.6111903786659241,0.6283717155456543,0.6111903786659241
0,wp,WP,124,0.3793724165406338,0.3815999111925909,0.6206275820732117,0.6083281636238098,0.6206275820732117,0.6083281636238098
0,wp,WP,125,0.3771541103605152,0.3810333805952885,0.6228459477424622,0.6089096069335938,0.6228459477424622,0.6089096069335938
0,wp,WP,126,0.3710706979036331,0.3724540663782016,0.6289293169975281,0.6177153587341309,0.6289293169975281,0.6177153587341309
0,wp,WP,127,0.365847530291062,0.3668164296667705,0.6341524720191956,0.6235018372535706,0.6341524720191956,0.6235018372535706
0,wp,WP,128,0.36253685313601824,0.3607475244721701,0.6374632120132446,0.6297309398651123,0.6374632120132446,0.6297309398651123
0,wp,WP,129,0.36317618768806603,0.3600152245787687,0.636823832988739,0.63048255443573,0.636823832988739,0.63048255443573
0,wp,WP,130,0.3585522149422372,0.35462099660274593,0.6414477825164795,0.6360191106796265,0.6414477825164795,0.6360191106796265
0,wp,WP,131,0.3637501570836518,0.3601919659810473,0.6362498998641968,0.6303011178970337,0.6362498998641968,0.6303011178970337
0,wp,WP,132,0.3567733101604521,0.3579823453296987,0.643226683139801,0.6325690746307373,0.643226683139801,0.6325690746307373
0,wp,WP,133,0.3650032519832138,0.37090253968571507,0.634996771812439,0.619307816028595,0.634996771812439,0.619307816028595
0,wp,WP,134,0.3617520099000413,0.36471927119779957,0.6382479667663574,0.6256543397903442,0.6382479667663574,0.6256543397903442
0,wp,WP,135,0.3486671709968138,0.3541285084892613,0.6513328552246094,0.6365246772766113,0.6513328552246094,0.6365246772766113
0,wp,WP,136,0.35293182464995126,0.3600686425848525,0.6470681428909302,0.6304277181625366,0.6470681428909302,0.6304277181625366
0,wp,WP,137,0.35284850394078926,0.3597847031530484,0.6471514701843262,0.6307191848754883,0.6471514701843262,0.6307191848754883
0,wp,WP,138,0.35241882445276246,0.3600996940634971,0.6475811004638672,0.6303958296775818,0.6475811004638672,0.6303958296775818
0,wp,WP,139,0.34311171857885614,0.34988857851934063,0.6568883061408997,0.6408764719963074,0.6568883061408997,0.6408764719963074
0,wp,WP,140,0.34992133104061895,0.3561520808657935,0.6500786542892456,0.6344476342201233,0.6500786542892456,0.6344476342201233
0,wp,WP,141,0.3483596192311871,0.35354015300440234,0.6516403555870056,0.6371285915374756,0.6516403555870056,0.6371285915374756
0,wp,WP,142,0.35509858621183293,0.35731459449428,0.6449013948440552,0.6332544088363647,0.6449013948440552,0.6332544088363647
0,wp,WP,143,0.3590504725774129,0.3580368551635003,0.6409494876861572,0.6325131058692932,0.6409494876861572,0.6325131058692932
0,wp,WP,144,0.3595403345056282,0.36550250880477964,0.6404596567153931,0.6248503923416138,0.6404596567153931,0.6248503923416138
0,wp,WP,145,0.36936813708423644,0.37425941737123236,0.6306318640708923,0.6158623695373535,0.6306318640708923,0.6158623695373535
0,wp,WP,146,0.36680443480957386,0.3671360415543697,0.6331955790519714,0.6231738328933716,0.6331955790519714,0.6231738328933716
0,wp,WP,147,0.37726693559986674,0.37906508043754933,0.6227330565452576,0.6109299063682556,0.6227330565452576,0.6109299063682556
0,wp,WP,148,0.3760568036358486,0.38109459779983346,0.6239432096481323,0.6088467836380005,0.6239432096481323,0.6088467836380005
0,wp,WP,149,0.3603757090808809,0.3675565289896588,0.6396242380142212,0.6227421760559082,0.6396242380142212,0.6227421760559082
0,wp,WP,150,0.3599638603916464,0.36497531542482303,0.6400361657142639,0.6253914833068848,0.6400361657142639,0.6253914833068848
0,wp,WP,151,0.37164121080738627,0.3804924894672956,0.6283588409423828,0.6094647645950317,0.6283588409423828,0.6094647645950317
0,wp,WP,152,0.369202946969705,0.37878708414329115,0.6307969689369202,0.6112152338027954,0.6307969689369202,0.6112152338027954
0,wp,WP,153,0.37758962290231574,0.3867880531059679,0.6224104166030884,0.6030030250549316,0.6224104166030884,0.6030030250549316
0,wp,WP,154,0.37675278801326606,0.38940007326214815,0.6232472062110901,0.6003221273422241,0.6232472062110901,0.6003221273422241
0,wp,WP,155,0.3686286890229514,0.37943068862885465,0.6313713788986206,0.610554575920105,0.6313713788986206,0.610554575920105
0,wp,WP,156,0.3660648192546164,0.38028222137643386,0.6339352130889893,0.6096805334091187,0.6339352130889893,0.6096805334091187
0,wp,WP,157,0.36479847052300624,0.37444965830144955,0.6352015137672424,0.6156671047210693,0.6352015137672424,0.6156671047210693
0,wp,WP,158,0.36477880757446435,0.37513504772223244,0.6352212429046631,0.6149636507034302,0.6352212429046631,0.6149636507034302
0,wp,WP,159,0.35801862214886865,0.36209812021070675,0.6419813632965088,0.6283446550369263,0.6419813632965088,0.6283446550369263
0,wp,WP,160,0.3608520885770635,0.3641872611618781,0.6391478776931763,0.6262003779411316,0.6391478776931763,0.6262003779411316
0,wp,WP,161,0.36039646235547323,0.3657638892646908,0.6396034955978394,0.6245821714401245,0.6396034955978394,0.6245821714401245
0,wp,WP,162,0.36221975388452987,0.3627046048641205,0.6377803087234497,0.6277222633361816,0.6377803087234497,0.6277222633361816
0,wp,WP,163,0.356683052787485,0.3577651360700297,0.643316924571991,0.6327919960021973,0.643316924571991,0.6327919960021973
0,wp,WP,164,0.35392865746520286,0.3537555175234181,0.6460713148117065,0.6369074583053589,0.6460713148117065,0.6369074583053589
0,wp,WP,165,0.3480952148751695,0.3493848165800405,0.651904821395874,0.6413935422897339,0.651904821395874,0.6413935422897339
0,wp,WP,166,0.3487880511801372,0.3494981518087461,0.6512119770050049,0.6412771940231323,0.6512119770050049,0.6412771940231323
0,wp,WP,167,0.34601747758628787,0.34758990425472114,0.6539825201034546,0.6432358026504517,0.6539825201034546,0.6432358026504517
0,wp,WP,168,0.345402634652086,0.34906356094419494,0.6545973420143127,0.6417232751846313,0.6545973420143127,0.6417232751846313
0,wp,WP,169,0.34473769990510716,0.34994599500367807,0.6552623510360718,0.6408175826072693,0.6552623510360718,0.6408175826072693
0,wp,WP,170,0.3555869035018507,0.364535977674085,0.6444131135940552,0.6258424520492554,0.6444131135940552,0.6258424520492554
0,wp,WP,171,0.35303074144577795,0.3618161756862966,0.6469692587852478,0.6286340355873108,0.6469692587852478,0.6286340355873108
0,wp,WP,172,0.3388663199982902,0.3418183215828829,0.6611337065696716,0.6491596698760986,0.6611337065696716,0.6491596698760986
0,wp,WP,173,0.34588863868121955,0.3469653346741846,0.654111385345459,0.643876850605011,0.654111385345459,0.643876850605011
0,wp,WP,174,0.362073141013005,0.3673394731310911,0.6379268169403076,0.6229649782180786,0.6379268169403076,0.6229649782180786
0,wp,WP,175,0.3404789673265561,0.34551373655481854,0.6595210433006287,0.6453667879104614,0.6595210433006287,0.6453667879104614
0,wp,WP,176,0.36067110970038774,0.36372379277103634,0.6393288969993591,0.626676082611084,0.6393288969993591,0.626676082611084
0,wp,WP,177,0.3460895278195078,0.3441364176051561,0.6539105176925659,0.6467804312705994,0.6539105176925659,0.6467804312705994
0,wp,WP,178,0.35891751309697945,0.3606632116229035,0.6410825252532959,0.6298174858093262,0.6410825252532959,0.6298174858093262
0,wp,WP,179,0.3525788479073103,0.3596946352212004,0.64742112159729,0.6308115720748901,0.64742112159729,0.6308115720748901
0,wp,WP,180,0.3561956066955892,0.36288948761400325,0.6438044309616089,0.6275323629379272,0.6438044309616089,0.6275323629379272
0,wp,WP,181,0.3493100675039513,0.35448515091755595,0.6506898999214172,0.6361585855484009,0.6506898999214172,0.6361585855484009
0,wp,WP,182,0.35827328772969946,0.36190223947975986,0.6417267322540283,0.6285457611083984,0.6417267322540283,0.6285457611083984
0,wp,WP,183,0.360437119422957,0.3719238393990568,0.6395628452301025,0.6182596683502197,0.6395628452301025,0.6182596683502197
0,wp,WP,184,0.3486848682627197,0.3583710179772488,0.6513150930404663,0.6321701407432556,0.6513150930404663,0.6321701407432556
0,wp,WP,185,0.35123372216557347,0.3622614272343096,0.648766279220581,0.6281770467758179,0.648766279220581,0.6281770467758179
0,wp,WP,186,0.35377961119940116,0.3632416501063709,0.6462203860282898,0.6271709203720093,0.6462203860282898,0.6271709203720093
0,wp,WP,187,0.3498106772123381,0.35783317107562873,0.6501893401145935,0.6327221393585205,0.6501893401145935,0.6327221393585205
0,wp,WP,188,0.3503487752389538,0.3600733617479487,0.6496512293815613,0.630422830581665,0.6496512293815613,0.630422830581665
0,wp,WP,189,0.35864929381267047,0.36963972449302673,0.6413507461547852,0.6206039786338806,0.6413507461547852,0.6206039786338806
0,wp,WP,190,0.34876303478728893,0.35635124805361723,0.6512369513511658,0.6342431902885437,0.6512369513511658,0.6342431902885437
0,wp,WP,191,0.35394458842369936,0.36963998763136163,0.6460553407669067,0.6206037998199463,0.6460553407669067,0.6206037998199463
0,wp,WP,192,0.34838454794976137,0.36071102240288905,0.6516155004501343,0.6297683715820312,0.6516155004501343,0.6297683715820312
0,wp,WP,193,0.3605039674182271,0.37505449319994727,0.6394960284233093,0.6150463223457336,0.6394960284233093,0.6150463223457336
0,wp,WP,194,0.35432649051496223,0.365717141203178,0.6456735134124756,0.6246300935745239,0.6456735134124756,0.6246300935745239
0,wp,WP,195,0.3542666089858196,0.3639659461124923,0.6457333564758301,0.6264275312423706,0.6457333564758301,0.6264275312423706
0,wp,WP,196,0.3608636105245398,0.36969890705374786,0.6391363143920898,0.6205432415008545,0.6391363143920898,0.6205432415008545
0,wp,WP,197,0.3473498563664828,0.3562313484591107,0.6526501774787903,0.6343662738800049,0.6526501774787903,0.6343662738800049
0,wp,WP,198,0.36150234983873,0.3722655008467593,0.6384975910186768,0.6179089546203613,0.6384975910186768,0.6179089546203613
0,wp,WP,199,0.3569401547659275,0.3631072552629219,0.6430598497390747,0.6273089051246643,0.6430598497390747,0.6273089051246643
0,wp,WP,200,0.3636126961818961,0.3661081430523895,0.636387288570404,0.624228835105896,0.636387288570404,0.624228835105896
1,bp,BP,1,0.974713548209316,0.9519128873366718,0.025286495685577393,0.02296227216720581,0.025286495685577393,0.02296227216720581
1,bp,BP,2,0.9212843951328781,0.8996855963108151,0.07871562242507935,0.07656818628311157,0.07871562242507935,0.07656818628311157
1,bp,BP,3,0.8165917960248252,0.8015291501385297,0.1834082007408142,0.177315354347229,0.1834082007408142,0.177315354347229
1,bp,BP,4,0.6547119515810826,0.6523017328838969,0.3452880382537842,0.3304814100265503,0.3452880382537842,0.3304814100265503
1,bp,BP,5,0.5235582093397776,0.5328923322895701,0.47644180059432983,0.4530424475669861,0.47644180059432983,0.4530424475669861
1,bp,BP,6,0.4793176138123801,0.4927693365156188,0.5206823945045471,0.494224488735199,0.5206823945045471,0.494224488735199
1,bp,BP,7,0.45081173403318536,0.46812328442122586,0.5491882562637329,0.5195211172103882,0.5491882562637329,0.5195211172103882
1,bp,BP,8,0.43471085886622585,0.4479871981365736,0.5652891397476196,0.5401886701583862,0.5652891397476196,0.5401886701583862
1,bp,BP,9,0.4170751902022103,0.4299867938655291,0.5829248428344727,0.558664083480835,0.5829248428344727,0.558664083480835
1,bp,BP,10,0.41061260418374407,0.4253022874048514,0.5893874168395996,0.5634722709655762,0.5893874168395996,0.5634722709655762
1,bp,BP,11,0.3946754976298458,0.4068031019942705,0.6053245067596436,0.5824596881866455,0.6053245067596436,0.5824596881866455
1,bp,BP,12,0.4094835614511209,0.416968936605971,0.5905164480209351,0.5720255970954895,0.5905164480209351,0.5720255970954895
1,bp,BP,13,0.41026309710140374,0.4160486750824507,0.5897369384765625,0.5729701519012451,0.5897369384765625,0.5729701519012451
1,bp,BP,14,0.4141906049362449,0.4280802760013314,0.5858094096183777,0.5606210231781006,0.5858094096183777,0.5606210231781006
1,bp,BP,15,0.3675908254560574,0.3757427076036616,0.6324092149734497,0.6143399477005005,0.6324092149734497,0.6143399477005005
1,bp,BP,16,0.3644133769264517,0.37351282068001207,0.635586678981781,0.6166287064552307,0.635586678981781,0.6166287064552307
1,bp,BP,17,0.360082247807074,0.36837139240531036,0.6399177312850952,0.6219059228897095,0.6399177312850952,0.6219059228897095
1,bp,BP,18,0.3547159618185472,0.3606192652107209,0.6452840566635132,0.6298625469207764,0.6452840566635132,0.6298625469207764
1,bp,BP,19,0.38082069562849147,0.39137359044348546,0.6191793084144592,0.5982964634895325,0.6191793084144592,0.5982964634895325
1,bp,BP,20,0.34830626175385115,0.35249414878298146,0.6516937613487244,0.6382020711898804,0.6516937613487244,0.6382020711898804
1,bp,BP,21,0.3433026853919953,0.3491206649661988,0.6566972732543945,0.6416646242141724,0.6566972732543945,0.6416646242141724
1,bp,BP,22,0.3424613995607509,0.3453866846339647,0.6575385332107544,0.64549720287323,0.6575385332107544,0.64549720287323
1,bp,BP,23,0.3849844318027644,0.3941393573154775,0.6150155663490295,0.5954577326774597,0.6150155663490295,0.5954577326774597
1,bp,BP,24,0.33695320634878884,0.3419615725676219,0.6630468368530273,0.6490127444267273,0.6630468368530273,0.6490127444267273
1,bp,BP,25,0.3310779254565867,0.33294414549834966,0.6689220666885376,0.6582680940628052,0.6689220666885376,0.6582680940628052
1,bp,BP,26,0.33086889959120935,0.3348239221314127,0.6691311597824097,0.6563386917114258,0.6691311597824097,0.6563386917114258
1,bp,BP,27,0.32844866038292875,0.3292245296544807,0.6715513467788696,0.6620858907699585,0.6715513467788696,0.6620858907699585
1,bp,BP,28,0.3425124562525934,0.3414408425952113,0.6574875712394714,0.6495471596717834,0.6574875712394714,0.6495471596717834
1,bp,BP,29,0.3259127283281134,0.32892522747202435,0.6740872859954834,0.6623930931091309,0.6740872859954834,0.6623930931091309
1,bp,BP,30,0.34642792891624363,0.3440981003665185,0.6535720825195312,0.6468198299407959,0.6535720825195312,0.6468198299407959
1,bp,BP,31,0.3152620203273241,0.3161696983400241,0.6847379803657532,0.6754853129386902,0.6847379803657532,0.6754853129386902
1,bp,BP,32,0.31414104397444764,0.3150342769863069,0.685858964920044,0.6766507625579834,0.685858964920044,0.6766507625579834
1,bp,BP,33,0.31314816204614415,0.31313256907832715,0.6868518590927124,0.6786026358604431,0.6868518590927124,0.6786026358604431
1,bp,BP,34,0.3238967881184216,0.3217748329620953,0.6761032342910767,0.6697322130203247,0.6761032342910767,0.6697322130203247
1,bp,BP,35,0.3105925210686617,0.31095223417577816,0.689407467842102,0.6808404922485352,0.689407467842102,0.6808404922485352
1,bp,BP,36,0.3072108039560244,0.3064054869866186,0.6927891969680786,0.6855072975158691,0.6927891969680786,0.6855072975158691
1,bp,BP,37,0.30684047706367434,0.3068215031494466,0.6931594610214233,0.6850802898406982,0.6931594610214233,0.6850802898406982
1,bp,BP,38,0.34402505337267886,0.34022776170294416,0.6559749245643616,0.6507923007011414,0.6559749245643616,0.6507923007011414
1,bp,BP,39,0.3321282787378444,0.33446711763855097,0.6678717136383057,0.6567049622535706,0.6678717136383057,0.6567049622535706
1,bp,BP,40,0.30208342828491863,0.3012841431669487,0.697916567325592,0.6907637715339661,0.697916567325592,0.6907637715339661
1,bp,BP,41,0.31375857009444125,0.31486196943031725,0.6862413883209229,0.6768275499343872,0.6862413883209229,0.6768275499343872
1,bp,BP,42,0.3050312767195147,0.3027756791706233,0.6949687004089355,0.6892328262329102,0.6949687004089355,0.6892328262329102
1,bp,BP,43,0.3075887071069821,0.3042407763558765,0.6924113035202026,0.6877290606498718,0.6924113035202026,0.6877290606498718
1,bp,BP,44,0.3068683778130731,0.30707073558208553,0.6931315660476685,0.6848244667053223,0.6931315660476685,0.6848244667053223
1,bp,BP,45,0.30335571091304453,0.3008918535801791,0.6966443061828613,0.6911664009094238,0.6966443061828613,0.6911664009094238
1,bp,BP,46,0.3010510970917783,0.2985187373882116,0.698948860168457,0.6936021447181702,0.698948860168457,0.6936021447181702
1,bp,BP,47,0.2979211486125177,0.29687695840532463,0.7020788192749023,0.69528728723526,0.7020788192749023,0.69528728723526
1,bp,BP,48,0.31157671781473384,0.31191110564756763,0.6884232759475708,0.6798563003540039,0.6884232759475708,0.6798563003540039
1,bp,BP,49,0.31825301443883613,0.3186914766019629,0.6817469596862793,0.6728969812393188,0.6817469596862793,0.6728969812393188
1,bp,BP,50,0.30371021369630974,0.3036719551382139,0.6962897777557373,0.6883128881454468,0.6962897777557373,0.6883128881454468
1,bp,BP,51,0.302156993122988,0.29917936639268267,0.6978430151939392,0.6929240822792053,0.6978430151939392,0.6929240822792053
1,bp,BP,52,0.29332239937412646,0.2916849140048951,0.7066776156425476,0.7006163597106934,0.7066776156425476,0.7006163597106934
1,bp,BP,53,0.2941725991030996,0.2919321526852689,0.7058274149894714,0.7003625631332397,0.7058274149894714,0.7003625631332397
1,bp,BP,54,0.2938246522531953,0.29120644026024395,0.7061753273010254,0.7011074423789978,0.7061753273010254,0.7011074423789978
1,bp,BP,55,0.34647309826326,0.34820109513378883,0.6535269021987915,0.6426084637641907,0.6535269021987915,0.6426084637641907
1,bp,BP,56,0.2914116777652918,0.28914660631224165,0.7085883617401123,0.7032216787338257,0.7085883617401123,0.7032216787338257
1,bp,BP,57,0.29221720173377397,0.2907264311184255,0.7077827453613281,0.7016000747680664,0.7077827453613281,0.7016000747680664
1,bp,BP,58,0.29566092639006386,0.29506521423657733,0.7043390870094299,0.6971468925476074,0.7043390870094299,0.6971468925476074
1,bp,BP,59,0.3092063449380934,0.3094358901644862,0.6907936930656433,0.6823968291282654,0.6907936930656433,0.6823968291282654
1,bp,BP,60,0.31330357330252034,0.30916108202564624,0.6866964101791382,0.6826789379119873,0.6866964101791382,0.6826789379119873
1,bp,BP,61,0.29005295199941294,0.2890028295128845,0.7099470496177673,0.7033692598342896,0.7099470496177673,0.7033692598342896
1,bp,BP,62,0.2913818062506905,0.2885684479576673,0.7086181640625,0.7038151025772095,0.7086181640625,0.7038151025772095
1,bp,BP,63,0.29206800137379374,0.29108578705972477,0.7079319953918457,0.7012313008308411,0.7079319953918457,0.7012313008308411
1,bp,BP,64,0.29360965125320493,0.290970924750779,0.706390380859375,0.7013491988182068,0.706390380859375,0.7013491988182068
1,bp,BP,65,0.2867500992246376,0.28474591094856117,0.713249921798706,0.7077385187149048,0.713249921798706,0.7077385187149048
1,bp,BP,66,0.2898626452268556,0.2870077146578205,0.7101373672485352,0.7054170370101929,0.7101373672485352,0.7054170370101929
1,bp,BP,67,0.28591798661753187,0.28366389870643616,0.7140820026397705,0.7088490724563599,0.7140820026397705,0.7088490724563599
1,bp,BP,68,0.32275987376076304,0.3235976933970932,0.6772401332855225,0.6678612232208252,0.6772401332855225,0.6678612232208252
1,bp,BP,69,0.3101396072049474,0.3063061634699504,0.6898604035377502,0.6856092214584351,0.6898604035377502,0.6856092214584351
1,bp,BP,70,0.29373516696830126,0.2907016517580018,0.706264853477478,0.7016255855560303,0.706264853477478,0.7016255855560303
1,bp,BP,71,0.2849305519299914,0.28274519337240117,0.7150694131851196,0.7097920179367065,0.7150694131851196,0.7097920179367065
1,bp,BP,72,0.29019194102102475,0.28748921137447503,0.7098080515861511,0.7049227952957153,0.7098080515861511,0.7049227952957153
1,bp,BP,73,0.28674229933309925,0.28541007672631463,0.7132576704025269,0.7070568203926086,0.7132576704025269,0.7070568203926086
1,bp,BP,74,0.290156523733176,0.28903594578421393,0.7098435163497925,0.7033352851867676,0.7098435163497925,0.7033352851867676
1,bp,BP,75,0.2915949827247812,0.2910042882196663,0.7084050178527832,0.7013149261474609,0.7084050178527832,0.7013149261474609
1,bp,BP,76,0.2830625619999198,0.28094000386637313,0.7169374227523804,0.7116448879241943,0.7169374227523804,0.7116448879241943
1,bp,BP,77,0.3071143771557845,0.3034104580102965,0.6928855776786804,0.6885813474655151,0.6928855776786804,0.6885813474655151
1,bp,BP,78,0.3150926518809888,0.31110960614773653,0.6849073171615601,0.6806790232658386,0.6849073171615601,0.6806790232658386
1,bp,BP,79,0.2954482182051784,0.29538870643275655,0.7045517563819885,0.696814775466919,0.7045517563819885,0.696814775466919
1,bp,BP,80,0.28377549315607825,0.2816783982191899,0.7162244915962219,0.7108869552612305,0.7162244915962219,0.7108869552612305
1,bp,BP,81,0.28488132600174393,0.2825085659359777,0.7151186466217041,0.7100348472595215,0.7151186466217041,0.7100348472595215
1,bp,BP,82,0.29778537604697913,0.297583248957183,0.7022145986557007,0.6945623159408569,0.7022145986557007,0.6945623159408569
1,bp,BP,83,0.2829983282920926,0.28184981540192006,0.7170016765594482,0.7107110023498535,0.7170016765594482,0.7107110023498535
1,bp,BP,84,0.2886011406432751,0.2878391711517822,0.7113988399505615,0.7045636177062988,0.7113988399505615,0.7045636177062988
1,bp,BP,85,0.28458893784256867,0.2833013845275539,0.7154110670089722,0.7092211246490479,0.7154110670089722,0.7092211246490479
1,bp,BP,86,0.3327773319658383,0.3338812162247739,0.6672226786613464,0.6573063135147095,0.6672226786613464,0.6573063135147095
1,bp,BP,87,0.2941188015217005,0.29113843459491584,0.7058812379837036,0.7011772394180298,0.7058812379837036,0.7011772394180298
1,bp,BP,88,0.28296509304249934,0.28175067127675046,0.7170349359512329,0.7108128070831299,0.7170349359512329,0.7108128070831299
1,bp,BP,89,0.289033056229584,0.2889082409845766,0.710966944694519,0.7034663558006287,0.710966944694519,0.7034663558006287
1,bp,BP,90,0.282022309395694,0.2809277447157128,0.7179776430130005,0.7116574645042419,0.7179776430130005,0.7116574645042419
1,bp,BP,91,0.28001118595747987,0.27815731920937237,0.7199888229370117,0.7145009636878967,0.7199888229370117,0.7145009636878967
1,bp,BP,92,0.2918455762456554,0.2886475865231004,0.7081544399261475,0.7037338614463806,0.7081544399261475,0.7037338614463806
1,bp,BP,93,0.2801392565864001,0.2777280296928199,0.7198607325553894,0.7149416208267212,0.7198607325553894,0.7149416208267212
1,bp,BP,94,0.2843852729298348,0.28364569156668906,0.7156147360801697,0.7088677883148193,0.7156147360801697,0.7088677883148193
1,bp,BP,95,0.2820496976144554,0.28075207388678264,0.7179503440856934,0.7118377685546875,0.7179503440856934,0.7118377685546875
1,bp,BP,96,0.27944532221601914,0.2779876411885254,0.7205547094345093,0.7146751880645752,0.7205547094345093,0.7146751880645752
1,bp,BP,97,0.2827149236849112,0.2803672360357388,0.7172850370407104,0.7122328281402588,0.7172850370407104,0.7122328281402588
1,bp,BP,98,0.27871315158152765,0.27701045052949774,0.7212868332862854,0.7156781554222107,0.7212868332862854,0.7156781554222107
1,bp,BP,99,0.2806680991437084,0.2784952683042186,0.7193318605422974,0.7141541242599487,0.7193318605422974,0.7141541242599487
1,bp,BP,100,0.32991109984789707,0.325692883526632,0.6700888872146606,0.6657107472419739,0.6700888872146606,0.6657107472419739
1,bp,BP,101,0.297413028949915,0.2972160422986792,0.7025869488716125,0.6949392557144165,0.7025869488716125,0.6949392557144165
1,bp,BP,102,0.28318595562794413,0.2823586533235949,0.7168140411376953,0.7101888060569763,0.7168140411376953,0.7101888060569763
1,bp,BP,103,0.28078933141028234,0.27842499535213144,0.7192106246948242,0.714226245880127,0.7192106246948242,0.714226245880127
1,bp,BP,104,0.2978811894738397,0.29490893363028536,0.7021188735961914,0.6973072290420532,0.7021188735961914,0.6973072290420532
1,bp,BP,105,0.2781296409377756,0.2771574943795685,0.7218703627586365,0.7155272364616394,0.7218703627586365,0.7155272364616394
1,bp,BP,106,0.2864662028791368,0.28592571096364844,0.7135337591171265,0.706527590751648,0.7135337591171265,0.706527590751648
1,bp,BP,107,0.28074074877324956,0.278369945149089,0.7192592620849609,0.714282751083374,0.7192592620849609,0.714282751083374
1,bp,BP,108,0.3110150519267533,0.31184575493021527,0.6889849901199341,0.679923415184021,0.6889849901199341,0.679923415184021
1,bp,BP,109,0.27981767913167793,0.279195578061333,0.7201822996139526,0.7134353518486023,0.7201822996139526,0.7134353518486023
1,bp,BP,110,0.2796832515980846,0.277203559182411,0.7203167676925659,0.7154799699783325,0.7203167676925659,0.7154799699783325
1,bp,BP,111,0.2770024919232657,0.2749160000289133,0.7229975461959839,0.7178278565406799,0.7229975461959839,0.7178278565406799
1,bp,BP,112,0.30132771647253703,0.3018492948870326,0.6986722946166992,0.6901837587356567,0.6986722946166992,0.6901837587356567
1,bp,BP,113,0.2861786399238793,0.28572829991810084,0.7138213515281677,0.7067302465438843,0.7138213515281677,0.7067302465438843
1,bp,BP,114,0.2761328289675158,0.2746753805829573,0.7238671779632568,0.7180748581886292,0.7238671779632568,0.7180748581886292
1,bp,BP,115,0.28328598227149754,0.2827338138523028,0.7167140245437622,0.7098037004470825,0.7167140245437622,0.7098037004470825
1,bp,BP,116,0.2853616168794706,0.2853568344153175,0.714638352394104,0.7071114182472229,0.714638352394104,0.7071114182472229
1,bp,BP,117,0.2794279866209326,0.27887083809505137,0.7205719947814941,0.7137686014175415,0.7205719947814941,0.7137686014175415
1,bp,BP,118,0.2918719019769698,0.28880605771560075,0.7081280946731567,0.7035712003707886,0.7081280946731567,0.7035712003707886
1,bp,BP,119,0.27569374488305676,0.2739740659793218,0.7243062257766724,0.7187946438789368,0.7243062257766724,0.7187946438789368
1,bp,BP,120,0.27585539845533147,0.2750453639400098,0.7241445779800415,0.7176951169967651,0.7241445779800415,0.7176951169967651
1,bp,BP,121,0.280958470448043,0.2785216221051623,0.7190415263175964,0.7141270637512207,0.7190415263175964,0.7141270637512207
1,bp,BP,122,0.2846061430236166,0.2819715419480967,0.7153938412666321,0.7105860710144043,0.7153938412666321,0.7105860710144043
1,bp,BP,123,0.2792936682470085,0.2770612221355586,0.7207063436508179,0.715626060962677,0.7207063436508179,0.715626060962677
1,bp,BP,124,0.27433249516080516,0.27281715842180476,0.7256674766540527,0.7199820876121521,0.7256674766540527,0.7199820876121521
1,bp,BP,125,0.27689068620057067,0.27607083886630773,0.7231093049049377,0.7166425585746765,0.7231093049049377,0.7166425585746765
1,bp,BP,126,0.2747245985408162,0.2727260308903317,0.7252753973007202,0.7200756072998047,0.7252753973007202,0.7200756072998047
1,bp,BP,127,0.2763141937727152,0.2740239588789238,0.7236858010292053,0.7187434434890747,0.7236858010292053,0.7187434434890747
1,bp,BP,128,0.30656998610311703,0.3026460591674775,0.6934300065040588,0.6893658638000488,0.6934300065040588,0.6893658638000488
1,bp,BP,129,0.2843556555435639,0.2819053854129111,0.715644359588623,0.7106540203094482,0.715644359588623,0.7106540203094482
1,bp,BP,130,0.2732143755569014,0.2714185569175454,0.7267856597900391,0.7214176654815674,0.7267856597900391,0.7214176654815674
1,bp,BP,131,0.27590876667536507,0.27421766935392866,0.7240912318229675,0.718544602394104,0.7240912318229675,0.718544602394104
1,bp,BP,132,0.27923461275045264,0.2788598782332369,0.7207654118537903,0.7137799263000488,0.7207654118537903,0.7137799263000488
1,bp,BP,133,0.2731034537387449,0.27186746941518414,0.7268965244293213,0.7209568619728088,0.7268965244293213,0.7209568619728088
1,bp,BP,134,0.27283956630285394,0.27163829614025675,0.7271604537963867,0.7211921215057373,0.7271604537963867,0.7211921215057373
1,bp,BP,135,0.27401296574940054,0.2718325080566628,0.7259870767593384,0.7209928035736084,0.7259870767593384,0.7209928035736084
1,bp,BP,136,0.2744227503390275,0.27321349072826,0.7255772352218628,0.7195752859115601,0.7255772352218628,0.7195752859115601
1,bp,BP,137,0.2764432640500771,0.27627284466758256,0.7235567569732666,0.7164351940155029,0.7235567569732666,0.7164351940155029
1,bp,BP,138,0.2760746960723123,0.2755890750838805,0.7239253520965576,0.7171370387077332,0.7239253520965576,0.7171370387077332
1,bp,BP,139,0.2742353717024012,0.2737953210061835,0.7257646322250366,0.7189781665802002,0.7257646322250366,0.7189781665802002
1,bp,BP,140,0.27149128405622736,0.27027386646400126,0.728508710861206,0.7225925922393799,0.728508710861206,0.7225925922393799
1,bp,BP,141,0.277670153582743,0.2753106665241626,0.72232985496521,0.7174227833747864,0.72232985496521,0.7174227833747864
1,bp,BP,142,0.2737946214601975,0.27325247955876725,0.7262054085731506,0.7195352911949158,0.7262054085731506,0.7195352911949158
1,bp,BP,143,0.2937404760556628,0.2903852846271308,0.7062594890594482,0.7019503116607666,0.7062594890594482,0.7019503116607666
1,bp,BP,144,0.2709867108699887,0.2696877831174422,0.7290133237838745,0.7231940627098083,0.7290133237838745,0.7231940627098083
1,bp,BP,145,0.27384247266969014,0.2734717846840851,0.726157546043396,0.7193102240562439,0.726157546043396,0.7193102240562439
1,bp,BP,146,0.2712582393672115,0.2695077371227649,0.7287417650222778,0.7233788967132568,0.7287417650222778,0.7233788967132568
1,bp,BP,147,0.27336064373799995,0.27125280252260753,0.7266393899917603,0.7215877771377563,0.7266393899917603,0.7215877771377563
1,bp,BP,148,0.2722239220558211,0.2703749164361362,0.727776050567627,0.7224888801574707,0.727776050567627,0.7224888801574707
1,bp,BP,149,0.2839699597783791,0.2808762490749359,0.7160300016403198,0.7117103338241577,0.7160300016403198,0.7117103338241577
1,bp,BP,150,0.27932651236999867,0.2765053150265716,0.7206735014915466,0.7161965370178223,0.7206735014915466,0.7161965370178223
1,bp,BP,151,0.27002324129259864,0.2687120434156684,0.7299767732620239,0.7241955995559692,0.7299767732620239,0.7241955995559692
1,bp,BP,152,0.27246898574422496,0.2707420180934344,0.7275310158729553,0.7221120595932007,0.7275310158729553,0.7221120595932007
1,bp,BP,153,0.2700209721576336,0.26835782698882643,0.7299790382385254,0.7245591282844543,0.7299790382385254,0.7245591282844543
1,bp,BP,154,0.27385614870130554,0.27360890297464624,0.7261438369750977,0.7191694378852844,0.7261438369750977,0.7191694378852844
1,bp,BP,155,0.2711700492126997,0.2707885102939236,0.7288299798965454,0.7220643162727356,0.7288299798965454,0.7220643162727356
1,bp,BP,156,0.2730183409628018,0.2710524737372879,0.7269816398620605,0.7217933535575867,0.7269816398620605,0.7217933535575867
1,bp,BP,157,0.26914996001147484,0.26737991067790245,0.7308500409126282,0.7255628705024719,0.7308500409126282,0.7255628705024719
1,bp,BP,158,0.2688715550326562,0.26720076834046563,0.731128454208374,0.725746750831604,0.731128454208374,0.725746750831604
1,bp,BP,159,0.27386432643546615,0.27158963772677636,0.7261356711387634,0.7212420701980591,0.7261356711387634,0.7212420701980591
1,bp,BP,160,0.2697019047977388,0.2683012293752774,0.7302981019020081,0.7246172428131104,0.7302981019020081,0.7246172428131104
1,bp,BP,161,0.2715108119702154,0.2716603871694831,0.7284891605377197,0.7211693525314331,0.7284891605377197,0.7211693525314331
1,bp,BP,162,0.26870628186436585,0.26700799132502356,0.7312936782836914,0.7259446382522583,0.7312936782836914,0.7259446382522583
1,bp,BP,163,0.26859425851540975,0.2677738457456116,0.7314057350158691,0.7251585721969604,0.7314057350158691,0.7251585721969604
1,bp,BP,164,0.2726434559323067,0.27206952442494475,0.7273565530776978,0.7207494974136353,0.7273565530776978,0.7207494974136353
1,bp,BP,165,0.2686313664497331,0.2676359207131142,0.7313686013221741,0.7253000736236572,0.7313686013221741,0.7253000736236572
1,bp,BP,166,0.2678735886895379,0.2670862956564556,0.7321263551712036,0.7258642911911011,0.7321263551712036,0.7258642911911011
1,bp,BP,167,0.26803385957266934,0.2669658434483432,0.7319661378860474,0.7259879112243652,0.7319661378860474,0.7259879112243652
1,bp,BP,168,0.26783082304998884,0.26646437825158586,0.7321691513061523,0.726502537727356,0.7321691513061523,0.726502537727356
1,bp,BP,169,0.27615917144819746,0.2736275182213894,0.7238408327102661,0.7191503643989563,0.7238408327102661,0.7191503643989563
1,bp,BP,170,0.27889696976473166,0.27974306566770685,0.7211030125617981,0.7128733396530151,0.7211030125617981,0.7128733396530151
1,bp,BP,171,0.2699578442545824,0.2695200504489647,0.7300421595573425,0.7233662605285645,0.7300421595573425,0.7233662605285645
1,bp,BP,172,0.2674762204635975,0.26682726288026615,0.7325237989425659,0.7261301279067993,0.7325237989425659,0.7261301279067993
1,bp,BP,173,0.2674069289089173,0.2659244694451029,0.7325930595397949,0.7270566821098328,0.7325930595397949,0.7270566821098328
1,bp,BP,174,0.26815040340257246,0.2667776438616967,0.7318495512008667,0.7261810302734375,0.7318495512008667,0.7261810302734375
1,bp,BP,175,0.27512433709100237,0.2754076703112255,0.7248756885528564,0.7173232436180115,0.7248756885528564,0.7173232436180115
1,bp,BP,176,0.2974710198797921,0.2937866668830546,0.7025289535522461,0.6984591484069824,0.7025289535522461,0.6984591484069824
1,bp,BP,177,0.2861459756544394,0.28699332048264586,0.7138540148735046,0.7054318189620972,0.7138540148735046,0.7054318189620972
1,bp,BP,178,0.27753060166687926,0.2785947045614553,0.7224693894386292,0.7140520811080933,0.7224693894386292,0.7140520811080933
1,bp,BP,179,0.26993677690047624,0.2682229161493538,0.7300631999969482,0.7246975898742676,0.7300631999969482,0.7246975898742676
1,bp,BP,180,0.2673864526342052,0.26618878635787224,0.7326135635375977,0.72678542137146,0.7326135635375977,0.72678542137146
1,bp,BP,181,0.270913081344708,0.2691880208115245,0.7290868759155273,0.7237070798873901,0.7290868759155273,0.7237070798873901
1,bp,BP,182,0.27130647153817405,0.27183546668799347,0.7286934852600098,0.7209897041320801,0.7286934852600098,0.7209897041320801
1,bp,BP,183,0.2661873054827831,0.26483654259711276,0.733812689781189,0.7281733751296997,0.733812689781189,0.7281733751296997
1,bp,BP,184,0.27051405805025913,0.2683061393656472,0.7294859886169434,0.7246121764183044,0.7294859886169434,0.7246121764183044
1,bp,BP,185,0.27285657164662386,0.27051765165587727,0.727143406867981,0.7223423719406128,0.727143406867981,0.7223423719406128
1,bp,BP,186,0.2669924235390138,0.2655077060294706,0.733007550239563,0.7274844646453857,0.733007550239563,0.7274844646453857
1,bp,BP,187,0.27143259265626124,0.26957449617311935,0.728567361831665,0.7233103513717651,0.728567361831665,0.7233103513717651
1,bp,BP,188,0.2659060583096142,0.26444168342638386,0.734093964099884,0.7285786867141724,0.734093964099884,0.7285786867141724
1,bp,BP,189,0.2681746131689974,0.2672190488308899,0.7318253517150879,0.7257280349731445,0.7318253517150879,0.7257280349731445
1,bp,BP,190,0.2651708345542582,0.26444279916526736,0.7348291873931885,0.7285774946212769,0.7348291873931885,0.7285774946212769
1,bp,BP,191,0.2799011679120766,0.27741587300633275,0.7200988531112671,0.7152620553970337,0.7200988531112671,0.7152620553970337
1,bp,BP,192,0.26796689398528994,0.2661948235229004,0.7320331335067749,0.7267792820930481,0.7320331335067749,0.7267792820930481
1,bp,BP,193,0.26972805021345153,0.2679581919381785,0.7302719354629517,0.7249693274497986,0.7302719354629517,0.7249693274497986
1,bp,BP,194,0.2677620154942653,0.2679895035518232,0.7322379946708679,0.7249372005462646,0.7322379946708679,0.7249372005462646
1,bp,BP,195,0.26545736875182896,0.26423863431279976,0.7345426082611084,0.7287870645523071,0.7345426082611084,0.7287870645523071
1,bp,BP,196,0.2649709681669871,0.2644423503977384,0.7350290417671204,0.7285779714584351,0.7350290417671204,0.7285779714584351
1,bp,BP,197,0.26650546710620554,0.2653958776662516,0.7334945201873779,0.7275992631912231,0.7334945201873779,0.7275992631912231
1,bp,BP,198,0.2644966006741043,0.26409365952939023,0.7355034351348877,0.7289358377456665,0.7355034351348877,0.7289358377456665
1,bp,BP,199,0.2648338867250339,0.26443164974682093,0.7351661324501038,0.7285889387130737,0.7351661324501038,0.7285889387130737
1,bp,BP,200,0.2668118620103644,0.26711547166802163,0.7331881523132324,0.725834310054779,0.7331881523132324,0.725834310054779
1,np,IS NP,1,1.0158340237861456,0.9853007682534152,-0.01583397388458252,-0.0113067626953125,-0.01583397388458252,-0.0113067626953125
1,np,IS NP,2,1.0557461912317794,1.0227260714353517,-0.05574631690979004,-0.049719810485839844,-0.05574631690979004,-0.049719810485839844
1,np,IS NP,3,0.9202776606692824,0.898435489151829,0.07972228527069092,0.07785123586654663,0.07972228527069092,0.07785123586654663
1,np,IS NP,4,0.8575983121413593,0.8425343600354454,0.14240169525146484,0.13522791862487793,0.14240169525146484,0.13522791862487793
1,np,IS NP,5,0.7813109159469604,0.7781007169753082,0.21868902444839478,0.20136219263076782,0.21868902444839478,0.20136219263076782
1,np,IS NP,6,0.634234607219696,0.6338177448095277,0.3657653331756592,0.3494532108306885,0.3657653331756592,0.3494532108306885
1,np,IS NP,7,0.5492535148018091,0.5571129830308663,0.4507465362548828,0.4281824827194214,0.4507465362548828,0.4281824827194214
1,np,IS NP,8,0.6857845385869344,0.692255972891815,0.3142154812812805,0.28947263956069946,0.3142154812812805,0.28947263956069946
1,np,IS NP,9,0.48259604208229123,0.4961760388326275,0.5174039602279663,0.49072784185409546,0.5174039602279663,0.49072784185409546
1,np,IS NP,10,0.5162351436393205,0.5351467643135278,0.4837648868560791,0.45072853565216064,0.4837648868560791,0.45072853565216064
1,np,IS NP,11,0.4910886749740719,0.5029816008353418,0.5089113116264343,0.48374271392822266,0.5089113116264343,0.48374271392822266
1,np,IS NP,12,0.4508365739223569,0.4679066206133643,0.5491634011268616,0.5197434425354004,0.5491634011268616,0.5197434425354004
1,np,IS NP,13,0.45039184795793635,0.4650619815486346,0.5496081113815308,0.5226632356643677,0.5496081113815308,0.5226632356643677
1,np,IS NP,14,0.4431663656881613,0.4578584635904593,0.5568336248397827,0.5300568342208862,0.5568336248397827,0.5300568342208862
1,np,IS NP,15,0.4411267910816873,0.4576586443324422,0.558873176574707,0.5302618741989136,0.558873176574707,0.5302618741989136
1,np,IS NP,16,0.5176795069561448,0.5274458361226458,0.48232048749923706,0.45863276720046997,0.48232048749923706,0.45863276720046997
1,np,IS NP,17,0.44210529604623483,0.4552194448404534,0.5578947067260742,0.5327655076980591,0.5578947067260742,0.5327655076980591
1,np,IS NP,18,0.45227399376011634,0.46677990592727364,0.547726035118103,0.5208999514579773,0.547726035118103,0.5208999514579773
1,np,IS NP,19,0.45033356940099434,0.47003679358681966,0.5496664047241211,0.5175570845603943,0.5496664047241211,0.5175570845603943
1,np,IS NP,20,0.4459308866382569,0.4589036328848018,0.5540691614151001,0.5289840698242188,0.5540691614151001,0.5289840698242188
1,np,IS NP,21,0.43797847836516623,0.4547846088575762,0.5620214939117432,0.5332118272781372,0.5620214939117432,0.5332118272781372
1,np,IS NP,22,0.42840360370717306,0.4463383839573971,0.5715963840484619,0.5418809056282043,0.5715963840484619,0.5418809056282043
1,np,IS NP,23,0.5879287613454716,0.6123565684917361,0.4120712876319885,0.37148088216781616,0.4120712876319885,0.37148088216781616
1,np,IS NP,24,0.42710902270420575,0.4409869026768115,0.5728909969329834,0.5473737120628357,0.5728909969329834,0.5473737120628357
1,np,IS NP,25,0.49106684096099795,0.5009945360727088,0.5089331269264221,0.4857822060585022,0.5089331269264221,0.4857822060585022
1,np,IS NP,26,0.44109243408654086,0.4547636331051819,0.5589075684547424,0.5332333445549011,0.5589075684547424,0.5332333445549011
1,np,IS NP,27,0.44655035540115,0.4598991949428884,0.5534496307373047,0.5279622077941895,0.5534496307373047,0.5279622077941895
1,np,IS NP,28,0.6826369281887084,0.6853126823440079,0.31736308336257935,0.2965990900993347,0.31736308336257935,0.2965990900993347
1,np,IS NP,29,0.45588002371233566,0.46897563476895177,0.5441199541091919,0.518646240234375,0.5441199541091919,0.518646240234375
1,np,IS NP,30,0.4852036445639854,0.492480374814928,0.514796257019043,0.4945210814476013,0.514796257019043,0.4945210814476013
1,np,IS NP,31,0.45800816504530206,0.4702192939991175,0.5419918298721313,0.5173697471618652,0.5419918298721313,0.5173697471618652
1,np,IS NP,32,0.4329645236333211,0.4471539799557176,0.567035436630249,0.5410438776016235,0.567035436630249,0.5410438776016235
1,np,IS NP,33,0.4247351679228997,0.43641761060833006,0.5752648115158081,0.5520635843276978,0.5752648115158081,0.5520635843276978
1,np,IS NP,34,0.45036622165709506,0.46634662128234095,0.5496337413787842,0.5213445425033569,0.5496337413787842,0.5213445425033569
1,np,IS NP,35,0.41967242979264074,0.43114391546840813,0.580327570438385,0.5574765205383301,0.580327570438385,0.5574765205383301
1,np,IS NP,36,0.4184967071511025,0.429424758105315,0.5815032720565796,0.559240996837616,0.5815032720565796,0.559240996837616
1,np,IS NP,37,0.4536794511846794,0.4601390523503917,0.5463205575942993,0.5277160406112671,0.5463205575942993,0.5277160406112671
1,np,IS NP,38,0.42487974799880684,0.43354786620583646,0.575120210647583,0.555009126663208,0.575120210647583,0.555009126663208
1,np,IS NP,39,0.4205682344676912,0.4292396688184073,0.5794317722320557,0.5594309568405151,0.5794317722320557,0.5594309568405151
1,np,IS NP,40,0.40903708846994147,0.4209131411341734,0.5909628868103027,0.5679773092269897,0.5909628868103027,0.5679773092269897
1,np,IS NP,41,0.4088748394287834,0.4196119564910268,0.5911251306533813,0.5693128108978271,0.5911251306533813,0.5693128108978271
1,np,IS NP,42,0.40728354523348254,0.4197229461152424,0.5927164554595947,0.5691988468170166,0.5927164554595947,0.5691988468170166
1,np,IS NP,43,0.41328599979711134,0.42435842752456665,0.586713969707489,0.5644410848617554,0.586713969707489,0.5644410848617554
1,np,IS NP,44,0.4048629620278528,0.4171601471512817,0.5951370596885681,0.5718293190002441,0.5951370596885681,0.5718293190002441
1,np,IS NP,45,0.4053446239279222,0.4191470455753711,0.5946553945541382,0.5697899460792542,0.5946553945541382,0.5697899460792542
1,np,IS NP,46,0.4051666640958121,0.4160392891991046,0.5948333740234375,0.5729798078536987,0.5948333740234375,0.5729798078536987
1,np,IS NP,47,0.4049020083837731,0.41745196202004603,0.5950980186462402,0.5715298056602478,0.5950980186462402,0.5715298056602478
1,np,IS NP,48,0.406114505011906,0.4170464979585751,0.5938855409622192,0.5719460248947144,0.5938855409622192,0.5719460248947144
1,np,IS NP,49,0.41452585541924764,0.4265620426614155,0.5854741334915161,0.5621792674064636,0.5854741334915161,0.5621792674064636
1,np,IS NP,50,0.40354377123736596,0.41552733219871224,0.5964562296867371,0.5735052227973938,0.5964562296867371,0.5735052227973938
1,np,IS NP,51,0.4321294015692186,0.44655174063157665,0.5678706169128418,0.5416619777679443,0.5678706169128418,0.5416619777679443
1,np,IS NP,52,0.4461388315341269,0.4621793456779894,0.553861141204834,0.5256218910217285,0.553861141204834,0.5256218910217285
1,np,IS NP,53,0.44207640812378524,0.4502574847650158,0.5579236149787903,0.5378584265708923,0.5579236149787903,0.5378584265708923
1,np,IS NP,54,0.4203735528759254,0.4296269897342652,0.5796264410018921,0.5590333938598633,0.5796264410018921,0.5590333938598633
1,np,IS NP,55,0.3916106277195982,0.401637848495513,0.6083893775939941,0.5877613425254822,0.6083893775939941,0.5877613425254822
1,np,IS NP,56,0.3877310729766077,0.39781016596527985,0.6122689247131348,0.5916900634765625,0.6122689247131348,0.5916900634765625
1,np,IS NP,57,0.4383632786745249,0.4456830800965775,0.5616366863250732,0.5425535440444946,0.5616366863250732,0.5425535440444946
1,np,IS NP,58,0.4003319538147875,0.4100669724072597,0.599668025970459,0.5791097283363342,0.599668025970459,0.5791097283363342
1,np,IS NP,59,0.4075541334558827,0.42035501756409344,0.5924458503723145,0.5685501098632812,0.5924458503723145,0.5685501098632812
1,np,IS NP,60,0.39412510418152624,0.40445542843766913,0.6058748960494995,0.584869384765625,0.6058748960494995,0.584869384765625
1,np,IS NP,61,0.4059514629748441,0.4188634817914445,0.5940485000610352,0.5700810551643372,0.5940485000610352,0.5700810551643372
1,np,IS NP,62,0.41147390862768013,0.41647445277650225,0.5885261297225952,0.572533130645752,0.5885261297225952,0.572533130645752
1,np,IS NP,63,0.4516895669837331,0.45654012574705966,0.5483104586601257,0.5314099788665771,0.5483104586601257,0.5314099788665771
1,np,IS NP,64,0.3913945232250894,0.4024023261181144,0.6086055040359497,0.5869766473770142,0.6086055040359497,0.5869766473770142
1,np,IS NP,65,0.40440378309220304,0.4119637516117835,0.595596194267273,0.5771628618240356,0.595596194267273,0.5771628618240356
1,np,IS NP,66,0.42863357656223827,0.4337798934574275,0.5713664293289185,0.5547709465026855,0.5713664293289185,0.5547709465026855
1,np,IS NP,67,0.4241288410600766,0.4334156836650168,0.5758711099624634,0.555144727230072,0.5758711099624634,0.555144727230072
1,np,IS NP,68,0.4430725549080575,0.45177499407021576,0.5569274425506592,0.5363008379936218,0.5569274425506592,0.5363008379936218
1,np,IS NP,69,0.4288599950860637,0.43466256385625796,0.5711400508880615,0.5538649559020996,0.5711400508880615,0.5538649559020996
1,np,IS NP,70,0.4180784781080808,0.4240178992581922,0.5819215774536133,0.5647906064987183,0.5819215774536133,0.5647906064987183
1,np,IS NP,71,0.3850935267847638,0.39262480375378633,0.6149064302444458,0.5970122814178467,0.6149064302444458,0.5970122814178467
1,np,IS NP,72,0.3837691353735074,0.3901777909707653,0.6162309050559998,0.5995239019393921,0.6162309050559998,0.5995239019393921
1,np,IS NP,73,0.38610407767831817,0.39254412147425866,0.6138959527015686,0.5970950722694397,0.6138959527015686,0.5970950722694397
1,np,IS NP,74,0.39047096242276275,0.39616508770358655,0.6095290184020996,0.5933785438537598,0.6095290184020996,0.5933785438537598
1,np,IS NP,75,0.3843139428500981,0.39035051113875335,0.6156860589981079,0.5993466377258301,0.6156860589981079,0.5993466377258301
1,np,IS NP,76,0.39205075442328935,0.39946557523668275,0.6079492568969727,0.5899909138679504,0.6079492568969727,0.5899909138679504
1,np,IS NP,77,0.39096694329912346,0.39900966138802757,0.6090330481529236,0.590458869934082,0.6090330481529236,0.590458869934082
1,np,IS NP,78,0.40099463201770486,0.40871959000594854,0.5990053415298462,0.5804926156997681,0.5990053415298462,0.5804926156997681
1,np,IS NP,79,0.390210580918216,0.400679908981619,0.6097893714904785,0.588744580745697,0.6097893714904785,0.588744580745697
1,np,IS NP,80,0.39991451615048934,0.40891006473422975,0.6000854969024658,0.5802971720695496,0.6000854969024658,0.5802971720695496
1,np,IS NP,81,0.4015361278556114,0.4113458367281182,0.5984638929367065,0.5777970552444458,0.5984638929367065,0.5777970552444458
1,np,IS NP,82,0.39964514739753665,0.41133743755577146,0.6003549098968506,0.5778056979179382,0.6003549098968506,0.5778056979179382
1,np,IS NP,83,0.4881672466448111,0.5041877347831578,0.5118327140808105,0.48250478506088257,0.5118327140808105,0.48250478506088257
1,np,IS NP,84,0.39323014205740403,0.4033548898937166,0.606769859790802,0.5859990119934082,0.606769859790802,0.5859990119934082
1,np,IS NP,85,0.3934037690014802,0.40423033588616425,0.6065962314605713,0.5851004123687744,0.6065962314605713,0.5851004123687744
1,np,IS NP,86,0.3939192965049152,0.40374829556590824,0.6060807704925537,0.5855951309204102,0.6060807704925537,0.5855951309204102
1,np,IS NP,87,0.39941386104554166,0.40927432673846104,0.6005861163139343,0.5799233317375183,0.6005861163139343,0.5799233317375183
1,np,IS NP,88,0.3856666681840438,0.39612451057101405,0.6143333315849304,0.593420147895813,0.6143333315849304,0.593420147895813
1,np,IS NP,89,0.37646770604359087,0.3846512443797533,0.6235322952270508,0.6051962375640869,0.6235322952270508,0.6051962375640869
1,np,IS NP,90,0.376955229182576,0.3836704783661421,0.6230447888374329,0.6062029600143433,0.6230447888374329,0.6062029600143433
1,np,IS NP,91,0.38042568328768706,0.38811547326487167,0.6195743083953857,0.6016405820846558,0.6195743083953857,0.6016405820846558
1,np,IS NP,92,0.41196814941805465,0.41555290074311485,0.5880318880081177,0.5734789967536926,0.5880318880081177,0.5734789967536926
1,np,IS NP,93,0.37718306227709897,0.3856665706911752,0.6228169202804565,0.6041541695594788,0.6228169202804565,0.6041541695594788
1,np,IS NP,94,0.3934354774018591,0.4040512442588806,0.6065645217895508,0.5852842330932617,0.6065645217895508,0.5852842330932617
1,np,IS NP,95,0.3953450386838395,0.4065069482308026,0.6046549677848816,0.582763671875,0.6046549677848816,0.582763671875
1,np,IS NP,96,0.4009902419507966,0.4056290903294733,0.5990097522735596,0.5836647748947144,0.5990097522735596,0.5836647748947144
1,np,IS NP,97,0.3894221311391786,0.3955152898795845,0.6105778217315674,0.5940455198287964,0.6105778217315674,0.5940455198287964
1,np,IS NP,98,0.3857684040716452,0.39333730381588605,0.6142315864562988,0.5962809324264526,0.6142315864562988,0.5962809324264526
1,np,IS NP,99,0.3883039311383122,0.3966812999673592,0.6116960644721985,0.5928487181663513,0.6116960644721985,0.5928487181663513
1,np,IS NP,100,0.48526102581689523,0.4858263365982115,0.5147389769554138,0.5013507604598999,0.5147389769554138,0.5013507604598999
1,np,IS NP,101,0.465527287749357,0.4770280959070191,0.5344727039337158,0.5103812217712402,0.5344727039337158,0.5103812217712402
1,np,IS NP,102,0.44272986585779706,0.45687772252762965,0.5572701692581177,0.531063437461853,0.5572701692581177,0.531063437461853
1,np,IS NP,103,0.38328802689563396,0.3930511483850405,0.6167119741439819,0.5965746641159058,0.6167119741439819,0.5965746641159058
1,np,IS NP,104,0.39156049582385277,0.3981581630632859,0.6084394454956055,0.5913329124450684,0.6084394454956055,0.5913329124450684
1,np,IS NP,105,0.3862149264923362,0.3912911597610444,0.6137850880622864,0.5983811616897583,0.6137850880622864,0.5983811616897583
1,np,IS NP,106,0.3908304724582406,0.39805994847024134,0.6091695427894592,0.5914336442947388,0.6091695427894592,0.5914336442947388
1,np,IS NP,107,0.37636937894100364,0.383934010368909,0.6236306428909302,0.6059324741363525,0.6236306428909302,0.6059324741363525
1,np,IS NP,108,0.37510964112688405,0.380604812341143,0.6248903274536133,0.6093494892120361,0.6248903274536133,0.6093494892120361
1,np,IS NP,109,0.38473373362722324,0.39011992456377015,0.6152662634849548,0.5995832681655884,0.6152662634849548,0.5995832681655884
1,np,IS NP,110,0.37577968165856,0.38180345828218976,0.6242202520370483,0.6081192493438721,0.6242202520370483,0.6081192493438721
1,np,IS NP,111,0.44394403765367907,0.45760836827662565,0.556056022644043,0.5303134918212891,0.556056022644043,0.5303134918212891
1,np,IS NP,112,0.37378089788348173,0.38299162489499233,0.6262190341949463,0.6068997383117676,0.6262190341949463,0.6068997383117676
1,np,IS NP,113,0.4261446612518887,0.4313850548378257,0.5738554000854492,0.5572289824485779,0.5738554000854492,0.5572289824485779
1,np,IS NP,114,0.37875022190485813,0.38616963805154314,0.621249794960022,0.6036378145217896,0.621249794960022,0.6036378145217896
1,np,IS NP,115,0.40391930845356727,0.4077656929807145,0.5960807204246521,0.5814718008041382,0.5960807204246521,0.5814718008041382
1,np,IS NP,116,0.376528554415518,0.3824231000833733,0.6234714984893799,0.6074832081794739,0.6234714984893799,0.6074832081794739
1,np,IS NP,117,0.38300823056420613,0.3890068738959556,0.6169917583465576,0.6007256507873535,0.6169917583465576,0.6007256507873535
1,np,IS NP,118,0.42549120929352074,0.4258460578068282,0.574508786201477,0.5629141330718994,0.574508786201477,0.5629141330718994
1,np,IS NP,119,0.38675682108069576,0.39302406823912334,0.6132432222366333,0.5966024398803711,0.6132432222366333,0.5966024398803711
1,np,IS NP,120,0.3815925185994584,0.38395207981730617,0.6184074878692627,0.6059138774871826,0.6184074878692627,0.6059138774871826
1,np,IS NP,121,0.3877259852119194,0.3918403507203095,0.6122739911079407,0.5978174209594727,0.6122739911079407,0.5978174209594727
1,np,IS NP,122,0.3830745086189388,0.3845343169315841,0.6169255375862122,0.6053162813186646,0.6169255375862122,0.6053162813186646
1,np,IS NP,123,0.38210147469080696,0.38384772017020585,0.6178985834121704,0.606020987033844,0.6178985834121704,0.606020987033844
1,np,IS NP,124,0.37805568397969236,0.381202943103258,0.6219443082809448,0.6087355613708496,0.6219443082809448,0.6087355613708496
1,np,IS NP,125,0.38481668030568794,0.38720968250156373,0.6151833534240723,0.6025702953338623,0.6151833534240723,0.6025702953338623
1,np,IS NP,126,0.3773127775783687,0.38458089033762616,0.6226872205734253,0.6052684783935547,0.6226872205734253,0.6052684783935547
1,np,IS NP,127,0.383071314456851,0.3897436353587365,0.6169286966323853,0.5999695062637329,0.6169286966323853,0.5999695062637329
1,np,IS NP,128,0.37035742933435956,0.37485276890355484,0.6296425461769104,0.6152533292770386,0.6296425461769104,0.6152533292770386
1,np,IS NP,129,0.39090899464695955,0.3933704227440117,0.6090909838676453,0.5962469577789307,0.6090909838676453,0.5962469577789307
1,np,IS NP,130,0.3694446582433789,0.3721995286701262,0.6305553913116455,0.6179766654968262,0.6305553913116455,0.6179766654968262
1,np,IS NP,131,0.4103789287944173,0.4143484287945799,0.5896210670471191,0.5747153162956238,0.5896210670471191,0.5747153162956238
1,np,IS NP,132,0.37439626455307007,0.3738574960897135,0.6256037354469299,0.6162749528884888,0.6256037354469299,0.6162749528884888
1,np,IS NP,133,0.37213573171648867,0.3747837125330932,0.6278642416000366,0.6153242588043213,0.6278642416000366,0.6153242588043213
1,np,IS NP,134,0.3774459542230118,0.3809879165749217,0.6225540637969971,0.6089562177658081,0.6225540637969971,0.6089562177658081
1,np,IS NP,135,0.36462040268635565,0.3674932879995006,0.6353796124458313,0.6228071451187134,0.6353796124458313,0.6228071451187134
1,np,IS NP,136,0.377566712078198,0.3806866860204889,0.6224333047866821,0.6092654466629028,0.6224333047866821,0.6092654466629028
1,np,IS NP,137,0.37451716910961064,0.3759771654772204,0.6254827976226807,0.6140992641448975,0.6254827976226807,0.6140992641448975
1,np,IS NP,138,0.362226583005846,0.364506884600765,0.6377734541893005,0.6258723139762878,0.6377734541893005,0.6258723139762878
1,np,IS NP,139,0.37557560413382773,0.37672889648481855,0.624424397945404,0.6133277416229248,0.624424397945404,0.6133277416229248
1,np,IS NP,140,0.3650816143021103,0.36713088760080265,0.6349183917045593,0.6231790781021118,0.6349183917045593,0.6231790781021118
1,np,IS NP,141,0.3621920282526534,0.3660843104355095,0.6378079652786255,0.6242532730102539,0.6378079652786255,0.6242532730102539
1,np,IS NP,142,0.3731965972471607,0.380154165417649,0.6268033981323242,0.6098120212554932,0.6268033981323242,0.6098120212554932
1,np,IS NP,143,0.3693651166535163,0.37792160945345266,0.6306349039077759,0.6121035218238831,0.6306349039077759,0.6121035218238831
1,np,IS NP,144,0.3730935271858245,0.38240194205165834,0.6269065141677856,0.6075049638748169,0.6269065141677856,0.6075049638748169
1,np,IS NP,145,0.38590924233891244,0.396601142347321,0.6140908002853394,0.5929309129714966,0.6140908002853394,0.5929309129714966
1,np,IS NP,146,0.36811483391495636,0.37630311971487,0.6318851709365845,0.613764762878418,0.6318851709365845,0.613764762878418
1,np,IS NP,147,0.3656031273363173,0.37601689220398893,0.6343969106674194,0.6140585541725159,0.6343969106674194,0.6140585541725159
1,np,IS NP,148,0.38649978367395177,0.39716204816056777,0.6135002374649048,0.5923552513122559,0.6135002374649048,0.5923552513122559
1,np,IS NP,149,0.36364563906839653,0.3728886708732723,0.636354386806488,0.6172693371772766,0.636354386806488,0.6172693371772766
1,np,IS NP,150,0.3878671500340913,0.39503731769184736,0.6121329069137573,0.5945360660552979,0.6121329069137573,0.5945360660552979
1,np,IS NP,151,0.3763616269873094,0.3856345660002657,0.623638391494751,0.60418701171875,0.623638391494751,0.60418701171875
1,np,IS NP,152,0.3686711195596429,0.3796325021011885,0.6313288807868958,0.6103475093841553,0.6313288807868958,0.6103475093841553
1,np,IS NP,153,0.36492514171341595,0.3731173976909283,0.6350748538970947,0.6170345544815063,0.6350748538970947,0.6170345544815063
1,np,IS NP,154,0.3977553497913272,0.406915274932403,0.6022446155548096,0.5823445916175842,0.6022446155548096,0.5823445916175842
1,np,IS NP,155,0.39245112783225006,0.4008516780165739,0.6075488924980164,0.5885683298110962,0.6075488924980164,0.5885683298110962
1,np,IS NP,156,0.36047476530075073,0.36650854395341503,0.6395252346992493,0.6238178014755249,0.6395252346992493,0.6238178014755249
1,np,IS NP,157,0.38296435392180156,0.3874226459699084,0.6170356273651123,0.602351725101471,0.6170356273651123,0.602351725101471
1,np,IS NP,158,0.4042407519133516,0.40756771361180977,0.5957592725753784,0.5816749334335327,0.5957592725753784,0.5816749334335327
1,np,IS NP,159,0.35790672725023226,0.36248302020767864,0.642093300819397,0.627949595451355,0.642093300819397,0.627949595451355
1,np,IS NP,160,0.36453892232835755,0.3661114899225013,0.6354610919952393,0.624225378036499,0.6354610919952393,0.624225378036499
1,np,IS NP,161,0.3536036827767542,0.35742047937341437,0.646396279335022,0.6331457495689392,0.646396279335022,0.6331457495689392
1,np,IS NP,162,0.34931818413179977,0.3530920787837154,0.6506818532943726,0.6375884413719177,0.6506818532943726,0.6375884413719177
1,np,IS NP,163,0.3571739730446838,0.3559511059014372,0.6428260207176208,0.6346539855003357,0.6428260207176208,0.6346539855003357
1,np,IS NP,164,0.36240960819314616,0.3677579081335733,0.6375904083251953,0.6225354671478271,0.6375904083251953,0.6225354671478271
1,np,IS NP,165,0.351866635934327,0.3538247771965441,0.648133397102356,0.6368363499641418,0.648133397102356,0.6368363499641418
1,np,IS NP,166,0.3583367968252463,0.36307022807209993,0.6416631937026978,0.6273468732833862,0.6416631937026978,0.6273468732833862
1,np,IS NP,167,0.3649414604486421,0.3636851555617281,0.6350585222244263,0.6267157793045044,0.6350585222244263,0.6267157793045044
1,np,IS NP,168,0.34672562766444776,0.34799546465393183,0.6532743573188782,0.6428195238113403,0.6532743573188782,0.6428195238113403
1,np,IS NP,169,0.3578538326329963,0.3548852775910104,0.642146110534668,0.6357478499412537,0.642146110534668,0.6357478499412537
1,np,IS NP,170,0.3593230531659237,0.3596340667369754,0.6406769752502441,0.6308737397193909,0.6406769752502441,0.6308737397193909
1,np,IS NP,171,0.34682545354662014,0.34528707764869515,0.6531745195388794,0.6455994844436646,0.6531745195388794,0.6455994844436646
1,np,IS NP,172,0.34099250812401144,0.33931606915570045,0.6590074300765991,0.6517280340194702,0.6590074300765991,0.6517280340194702
1,np,IS NP,173,0.34659616776215013,0.34456623617068743,0.6534038186073303,0.6463392972946167,0.6534038186073303,0.6463392972946167
1,np,IS NP,174,0.36554329455360884,0.36702059197795484,0.6344566941261292,0.6232922077178955,0.6344566941261292,0.6232922077178955
1,np,IS NP,175,0.3626878088296846,0.3584768721299578,0.6373121738433838,0.6320615410804749,0.6373121738433838,0.6320615410804749
1,np,IS NP,176,0.346757973002833,0.3434954701468002,0.6532419919967651,0.6474382877349854,0.6532419919967651,0.6474382877349854
1,np,IS NP,177,0.34284580493158145,0.34312124584996423,0.6571542024612427,0.6478224396705627,0.6571542024612427,0.6478224396705627
1,np,IS NP,178,0.34422535258670184,0.34465055040610854,0.6557746529579163,0.6462527513504028,0.6557746529579163,0.6462527513504028
1,np,IS NP,179,0.34143979142802633,0.34015531595363174,0.6585602164268494,0.6508666276931763,0.6585602164268494,0.6508666276931763
1,np,IS NP,180,0.3349469615969547,0.33426570638205655,0.6650530099868774,0.6569116711616516,0.6650530099868774,0.6569116711616516
1,np,IS NP,181,0.3789519198643145,0.3759176855863527,0.621048092842102,0.614160418510437,0.621048092842102,0.614160418510437
1,np,IS NP,182,0.3422810603943906,0.34254233781681503,0.6577189564704895,0.6484166383743286,0.6577189564704895,0.6484166383743286
1,np,IS NP,183,0.3464950429376706,0.34457794132158737,0.6535049676895142,0.6463272571563721,0.6535049676895142,0.6463272571563721
1,np,IS NP,184,0.34760845885720365,0.3451216939345811,0.6523915529251099,0.6457691788673401,0.6523915529251099,0.6457691788673401
1,np,IS NP,185,0.33452706281528916,0.3320730919985808,0.6654729247093201,0.659162163734436,0.6654729247093201,0.659162163734436
1,np,IS NP,186,0.3815086377683536,0.3755742976831835,0.6184913516044617,0.6145128011703491,0.6184913516044617,0.6145128011703491
1,np,IS NP,187,0.3367778072061465,0.33480754240538724,0.6632221937179565,0.6563555002212524,0.6632221937179565,0.6563555002212524
1,np,IS NP,188,0.33520495394865674,0.3347032490626786,0.6647950410842896,0.656462550163269,0.6647950410842896,0.656462550163269
1,np,IS NP,189,0.34222175446591635,0.3406041354634041,0.657778263092041,0.6504058837890625,0.657778263092041,0.6504058837890625
1,np,IS NP,190,0.3416907639466515,0.34116283960120625,0.6583092212677002,0.6498324871063232,0.6583092212677002,0.6498324871063232
1,np,IS NP,191,0.36237546720708064,0.36144451600636623,0.6376245021820068,0.6290154457092285,0.6376245021820068,0.6290154457092285
1,np,IS NP,192,0.3371255164460618,0.3382847646410151,0.6628744602203369,0.6527864933013916,0.6628744602203369,0.6527864933013916
1,np,IS NP,193,0.3298446903395098,0.3314555901889653,0.6701552867889404,0.6597959995269775,0.6701552867889404,0.6597959995269775
1,np,IS NP,194,0.33497117009273797,0.33822540557661723,0.6650288105010986,0.6528474688529968,0.6650288105010986,0.6528474688529968
1,np,IS NP,195,0.3388019271137178,0.3411901662516039,0.661198079586029,0.6498044729232788,0.661198079586029,0.6498044729232788
1,np,IS NP,196,0.3347336056158524,0.335909260104793,0.6652663946151733,0.6552248001098633,0.6652663946151733,0.6552248001098633
1,np,IS NP,197,0.3395340108825255,0.3423397455566613,0.6604660153388977,0.6486245393753052,0.6604660153388977,0.6486245393753052
1,np,IS NP,198,0.34400286508160965,0.3451732401699983,0.655997097492218,0.6457163095474243,0.655997097492218,0.6457163095474243
1,np,IS NP,199,0.33889673684918603,0.34130741875301035,0.6611032485961914,0.6496841311454773,0.6611032485961914,0.6496841311454773
1,np,IS NP,200,0.34106770411942355,0.3385416939277057,0.6589323282241821,0.6525228023529053,0.6589323282241821,0.6525228023529053
1,np_fixed,Vanilla NP,1,1.0063138165215189,0.9771220573159152,-0.006313800811767578,-0.002912282943725586,-0.006313800811767578,-0.002912282943725586
1,np_fixed,Vanilla NP,2,1.0326627492904663,1.0008233896521634,-0.03266263008117676,-0.027239084243774414,-0.03266263008117676,-0.027239084243774414
1,np_fixed,Vanilla NP,3,0.9597136110298393,0.9361375015835429,0.040286362171173096,0.039153993129730225,0.040286362171173096,0.039153993129730225
1,np_fixed,Vanilla NP,4,0.9500937073729759,0.93071666383004,0.049906253814697266,0.044718027114868164,0.049906253814697266,0.044718027114868164
1,np_fixed,Vanilla NP,5,0.9121397285498389,0.8926882475845573,0.08786028623580933,0.08375018835067749,0.08786028623580933,0.08375018835067749
1,np_fixed,Vanilla NP,6,0.8870196139165597,0.8658817017725272,0.11298036575317383,0.111264169216156,0.11298036575317383,0.111264169216156
1,np_fixed,Vanilla NP,7,0.8105495017628337,0.7956367934397025,0.18945050239562988,0.1833631992340088,0.18945050239562988,0.1833631992340088
1,np_fixed,Vanilla NP,8,0.8064476630484411,0.7937793075576309,0.19355237483978271,0.18526971340179443,0.19355237483978271,0.18526971340179443
1,np_fixed,Vanilla NP,9,0.6672263769216316,0.6690846006999644,0.3327736258506775,0.3132556080818176,0.3327736258506775,0.3132556080818176
1,np_fixed,Vanilla NP,10,0.6782796165739843,0.6881817519202713,0.32172030210494995,0.2936544418334961,0.32172030210494995,0.2936544418334961
1,np_fixed,Vanilla NP,11,0.5787691515545512,0.5827780878821085,0.4212307929992676,0.4018400311470032,0.4212307929992676,0.4018400311470032
1,np_fixed,Vanilla NP,12,0.5218282568362332,0.5337085518264031,0.47817176580429077,0.45220476388931274,0.47817176580429077,0.45220476388931274
1,np_fixed,Vanilla NP,13,0.5058614426805067,0.5197544358959494,0.49413853883743286,0.4665272831916809,0.49413853883743286,0.4665272831916809
1,np_fixed,Vanilla NP,14,0.47746944566105687,0.49269606715949005,0.5225305557250977,0.4942997694015503,0.5225305557250977,0.4942997694015503
1,np_fixed,Vanilla NP,15,0.4640254207359728,0.48003175184708236,0.5359745621681213,0.5072982311248779,0.5359745621681213,0.5072982311248779
1,np_fixed,Vanilla NP,16,0.536478903404502,0.5479741327522337,0.4635211229324341,0.43756264448165894,0.4635211229324341,0.43756264448165894
1,np_fixed,Vanilla NP,17,0.45392648540726005,0.46889608913613845,0.5460734367370605,0.5187277793884277,0.5460734367370605,0.5187277793884277
1,np_fixed,Vanilla NP,18,0.44564783965894417,0.46376821052196415,0.5543521642684937,0.5239911079406738,0.5543521642684937,0.5239911079406738
1,np_fixed,Vanilla NP,19,0.46843825107397036,0.4911771305771761,0.5315617322921753,0.4958587884902954,0.5315617322921753,0.4958587884902954
1,np_fixed,Vanilla NP,20,0.45332077214884203,0.46646153626515885,0.5466791987419128,0.5212266445159912,0.5466791987419128,0.5212266445159912
1,np_fixed,Vanilla NP,21,0.4342400962992232,0.45146302104920377,0.5657598972320557,0.5366210341453552,0.5657598972320557,0.5366210341453552
1,np_fixed,Vanilla NP,22,0.44038311132164887,0.4596904659456061,0.5596169233322144,0.528176486492157,0.5596169233322144,0.528176486492157
1,np_fixed,Vanilla NP,23,0.7143226556999739,0.740440382513889,0.28567737340927124,0.2400164008140564,0.28567737340927124,0.2400164008140564
1,np_fixed,Vanilla NP,24,0.43484001058016636,0.4549283985943757,0.5651599764823914,0.5330641865730286,0.5651599764823914,0.5330641865730286
1,np_fixed,Vanilla NP,25,0.46772677168365595,0.4821415074573931,0.5322732329368591,0.505132794380188,0.5322732329368591,0.505132794380188
1,np_fixed,Vanilla NP,26,0.44890823197919266,0.4650122842123342,0.5510917901992798,0.5227141380310059,0.5510917901992798,0.5227141380310059
1,np_fixed,Vanilla NP,27,0.4617967603280563,0.47351523101791854,0.538203239440918,0.5139868259429932,0.538203239440918,0.5139868259429932
1,np_fixed,Vanilla NP,28,0.663171345411345,0.6668141752250435,0.33682870864868164,0.3155859112739563,0.33682870864868164,0.3155859112739563
1,np_fixed,Vanilla NP,29,0.46406709408575253,0.47578618230745773,0.5359328985214233,0.5116559863090515,0.5359328985214233,0.5116559863090515
1,np_fixed,Vanilla NP,30,0.4603882810866186,0.4691404289053392,0.5396116971969604,0.5184770822525024,0.5396116971969604,0.5184770822525024
1,np_fixed,Vanilla NP,31,0.4408454003260117,0.4547804663347643,0.5591546297073364,0.5332159996032715,0.5591546297073364,0.5332159996032715
1,np_fixed,Vanilla NP,32,0.43942154054493865,0.45598954724711044,0.560578465461731,0.5319750905036926,0.560578465461731,0.5319750905036926
1,np_fixed,Vanilla NP,33,0.4290822000466576,0.44254065830578176,0.5709177851676941,0.5457789897918701,0.5709177851676941,0.5457789897918701
1,np_fixed,Vanilla NP,34,0.47154658108718633,0.4894758675449578,0.5284534096717834,0.4976049065589905,0.5284534096717834,0.4976049065589905
1,np_fixed,Vanilla NP,35,0.4211041097955186,0.4332820248696231,0.5788958668708801,0.555281937122345,0.5788958668708801,0.555281937122345
1,np_fixed,Vanilla NP,36,0.42134377198625905,0.43460464061692705,0.5786563158035278,0.5539243817329407,0.5786563158035278,0.5539243817329407
1,np_fixed,Vanilla NP,37,0.4664998960125354,0.47447085796400557,0.533500075340271,0.5130059719085693,0.533500075340271,0.5130059719085693
1,np_fixed,Vanilla NP,38,0.4462533278982769,0.45794782550760016,0.5537467002868652,0.5299651622772217,0.5537467002868652,0.5299651622772217
1,np_fixed,Vanilla NP,39,0.41689233863076497,0.43169918032579646,0.5831076502799988,0.5569065809249878,0.5831076502799988,0.5569065809249878
1,np_fixed,Vanilla NP,40,0.41235964889674226,0.4255783502445665,0.5876404047012329,0.563188910484314,0.5876404047012329,0.563188910484314
1,np_fixed,Vanilla NP,41,0.40715317705342935,0.42098463320916935,0.5928468704223633,0.5679039359092712,0.5928468704223633,0.5679039359092712
1,np_fixed,Vanilla NP,42,0.4106082232423531,0.424278480600017,0.5893917679786682,0.5645231008529663,0.5893917679786682,0.5645231008529663
1,np_fixed,Vanilla NP,43,0.4079000528237616,0.42219018936157227,0.5920999050140381,0.5666664838790894,0.5920999050140381,0.5666664838790894
1,np_fixed,Vanilla NP,44,0.40822538467802744,0.42119984987170195,0.591774582862854,0.5676829814910889,0.591774582862854,0.5676829814910889
1,np_fixed,Vanilla NP,45,0.41527878729872003,0.43062928919644317,0.5847212076187134,0.5580046772956848,0.5847212076187134,0.5580046772956848
1,np_fixed,Vanilla NP,46,0.4123290735621785,0.4268685260484385,0.5876709222793579,0.5618646740913391,0.5876709222793579,0.5618646740913391
1,np_fixed,Vanilla NP,47,0.4087265124616697,0.4216842722985171,0.5912735462188721,0.5671857595443726,0.5912735462188721,0.5671857595443726
1,np_fixed,Vanilla NP,48,0.42128261946892553,0.43716245589330216,0.5787173509597778,0.5512990355491638,0.5787173509597778,0.5512990355491638
1,np_fixed,Vanilla NP,49,0.43168276363565017,0.44432550945947336,0.5683172345161438,0.5439469814300537,0.5683172345161438,0.5439469814300537
1,np_fixed,Vanilla NP,50,0.4037744765595872,0.4151089348534281,0.5962255001068115,0.5739347338676453,0.5962255001068115,0.5739347338676453
1,np_fixed,Vanilla NP,51,0.4797206442485484,0.4959569453269012,0.5202793478965759,0.4909527897834778,0.5202793478965759,0.4909527897834778
1,np_fixed,Vanilla NP,52,0.5164182183816451,0.5367339706236078,0.4835817813873291,0.44909948110580444,0.4835817813873291,0.44909948110580444
1,np_fixed,Vanilla NP,53,0.44575330591941065,0.4593025062435357,0.5542466640472412,0.5285747051239014,0.5542466640472412,0.5285747051239014
1,np_fixed,Vanilla NP,54,0.41076976234136625,0.4245350217634393,0.5892302989959717,0.5642598271369934,0.5892302989959717,0.5642598271369934
1,np_fixed,Vanilla NP,55,0.4120917641377264,0.4260733143765797,0.5879082679748535,0.5626808404922485,0.5879082679748535,0.5626808404922485
1,np_fixed,Vanilla NP,56,0.40233646263909895,0.4178350029527679,0.5976635217666626,0.5711367130279541,0.5976635217666626,0.5711367130279541
1,np_fixed,Vanilla NP,57,0.4432245516037756,0.45568694809610527,0.5567754507064819,0.5322856903076172,0.5567754507064819,0.5322856903076172
1,np_fixed,Vanilla NP,58,0.4543556381565656,0.4721084835455399,0.5456444025039673,0.5154306888580322,0.5456444025039673,0.5154306888580322
1,np_fixed,Vanilla NP,59,0.41526932171148845,0.42720468515573545,0.5847306251525879,0.5615196228027344,0.5847306251525879,0.5615196228027344
1,np_fixed,Vanilla NP,60,0.4044233713039132,0.4142604211504145,0.5955766439437866,0.5748056173324585,0.5955766439437866,0.5748056173324585
1,np_fixed,Vanilla NP,61,0.4173954919327137,0.4341615637143453,0.5826045274734497,0.5543791651725769,0.5826045274734497,0.5543791651725769
1,np_fixed,Vanilla NP,62,0.4163167361141175,0.4234617648198623,0.5836832523345947,0.5653613805770874,0.5836832523345947,0.5653613805770874
1,np_fixed,Vanilla NP,63,0.4710183245267055,0.4781784932742747,0.5289816856384277,0.5092004537582397,0.5289816856384277,0.5092004537582397
1,np_fixed,Vanilla NP,64,0.3995884092048157,0.41505856754243836,0.600411593914032,0.5739864110946655,0.600411593914032,0.5739864110946655
1,np_fixed,Vanilla NP,65,0.395337112652239,0.4096548081368439,0.6046628355979919,0.5795327425003052,0.6046628355979919,0.5795327425003052
1,np_fixed,Vanilla NP,66,0.41462196698484494,0.42618461057197216,0.5853780508041382,0.5625666975975037,0.5853780508041382,0.5625666975975037
1,np_fixed,Vanilla NP,67,0.42179135874260304,0.4411465031232021,0.5782086253166199,0.5472098588943481,0.5782086253166199,0.5472098588943481
1,np_fixed,Vanilla NP,68,0.4669598257818887,0.48665563080661983,0.5330401659011841,0.5004996061325073,0.5330401659011841,0.5004996061325073
1,np_fixed,Vanilla NP,69,0.4115858891213587,0.4226754811383033,0.588414192199707,0.5661684274673462,0.588414192199707,0.5661684274673462
1,np_fixed,Vanilla NP,70,0.3967626157195069,0.4086974085301392,0.6032373905181885,0.5805155038833618,0.6032373905181885,0.5805155038833618
1,np_fixed,Vanilla NP,71,0.394980303654375,0.4106535761393318,0.6050196886062622,0.5785076022148132,0.6050196886062622,0.5785076022148132
1,np_fixed,Vanilla NP,72,0.3839880275402882,0.3982570095117702,0.6160119771957397,0.5912313461303711,0.6160119771957397,0.5912313461303711
1,np_fixed,Vanilla NP,73,0.38139866327130517,0.39599908992301586,0.6186013221740723,0.5935488939285278,0.6186013221740723,0.5935488939285278
1,np_fixed,Vanilla NP,74,0.3918688918731009,0.4036885703256888,0.6081311106681824,0.5856565237045288,0.6081311106681824,0.5856565237045288
1,np_fixed,Vanilla NP,75,0.38203222125537634,0.39600443539693375,0.6179677248001099,0.5935434103012085,0.6179677248001099,0.5935434103012085
1,np_fixed,Vanilla NP,76,0.4015609920024872,0.41175233555394547,0.5984389781951904,0.5773799419403076,0.5984389781951904,0.5773799419403076
1,np_fixed,Vanilla NP,77,0.3964453410039576,0.40886475226675817,0.6035546660423279,0.5803436636924744,0.6035546660423279,0.5803436636924744
1,np_fixed,Vanilla NP,78,0.3841442086899927,0.39654382023700446,0.6158558130264282,0.5929898023605347,0.6158558130264282,0.5929898023605347
1,np_fixed,Vanilla NP,79,0.37970665143441784,0.3928805640501569,0.620293378829956,0.5967497229576111,0.620293378829956,0.5967497229576111
1,np_fixed,Vanilla NP,80,0.4007021254578302,0.41051323238269305,0.5992978811264038,0.5786516666412354,0.5992978811264038,0.5786516666412354
1,np_fixed,Vanilla NP,81,0.37825668863085815,0.3888567023037016,0.6217433214187622,0.6008798480033875,0.6217433214187622,0.6008798480033875
1,np_fixed,Vanilla NP,82,0.38011414482612016,0.3915066201557485,0.6198858618736267,0.5981599688529968,0.6198858618736267,0.5981599688529968
1,np_fixed,Vanilla NP,83,0.5127897207127061,0.5287235808926959,0.4872102737426758,0.4573214054107666,0.4872102737426758,0.4573214054107666
1,np_fixed,Vanilla NP,84,0.38048080510871357,0.39294055104255676,0.6195192337036133,0.5966881513595581,0.6195192337036133,0.5966881513595581
1,np_fixed,Vanilla NP,85,0.3695938359628352,0.37983517152394436,0.6304061412811279,0.6101394295692444,0.6304061412811279,0.6101394295692444
1,np_fixed,Vanilla NP,86,0.3832263494877852,0.39501587919486586,0.6167736649513245,0.5945581197738647,0.6167736649513245,0.5945581197738647
1,np_fixed,Vanilla NP,87,0.38331603772880496,0.3926544475925061,0.6166839599609375,0.5969817638397217,0.6166839599609375,0.5969817638397217
1,np_fixed,Vanilla NP,88,0.3784851840762205,0.3876532893772273,0.6215147972106934,0.6021150350570679,0.6215147972106934,0.6021150350570679
1,np_fixed,Vanilla NP,89,0.38354317370311236,0.39102828733680783,0.6164568662643433,0.5986509323120117,0.6164568662643433,0.5986509323120117
1,np_fixed,Vanilla NP,90,0.37943623428658924,0.39017378221186555,0.6205637454986572,0.5995279550552368,0.6205637454986572,0.5995279550552368
1,np_fixed,Vanilla NP,91,0.38773403830768527,0.3956081331238266,0.612265944480896,0.5939502120018005,0.612265944480896,0.5939502120018005
1,np_fixed,Vanilla NP,92,0.39323873425176903,0.39815885914388555,0.6067612171173096,0.5913321375846863,0.6067612171173096,0.5913321375846863
1,np_fixed,Vanilla NP,93,0.37479823550512625,0.38406324571417283,0.6252017617225647,0.6057997941970825,0.6252017617225647,0.6057997941970825
1,np_fixed,Vanilla NP,94,0.3874048551385717,0.39403414472128995,0.6125951409339905,0.595565676689148,0.6125951409339905,0.595565676689148
1,np_fixed,Vanilla NP,95,0.4148727900298067,0.42227668124575946,0.5851272344589233,0.5665777325630188,0.5851272344589233,0.5665777325630188
1,np_fixed,Vanilla NP,96,0.4014047646476317,0.4072220958480539,0.5985952615737915,0.5820297002792358,0.5985952615737915,0.5820297002792358
1,np_fixed,Vanilla NP,97,0.39629311617030655,0.4036023649134377,0.6037068963050842,0.5857449769973755,0.6037068963050842,0.5857449769973755
1,np_fixed,Vanilla NP,98,0.40082202424374663,0.41178257705629334,0.5991779565811157,0.5773488283157349,0.5991779565811157,0.5773488283157349
1,np_fixed,Vanilla NP,99,0.4001896047545958,0.413615085819895,0.5998103618621826,0.5754679441452026,0.5998103618621826,0.5754679441452026
1,np_fixed,Vanilla NP,100,0.5058922589749328,0.5116735456525817,0.4941076636314392,0.47482138872146606,0.4941076636314392,0.47482138872146606
1,np_fixed,Vanilla NP,101,0.570011300634044,0.5879468640615774,0.4299888014793396,0.3965349793434143,0.4299888014793396,0.3965349793434143
1,np_fixed,Vanilla NP,102,0.5761308743972187,0.5957010240517846,0.42386913299560547,0.3885759711265564,0.42386913299560547,0.3885759711265564
1,np_fixed,Vanilla NP,103,0.37642471295918606,0.39030777021896007,0.6235752701759338,0.59939044713974,0.6235752701759338,0.59939044713974
1,np_fixed,Vanilla NP,104,0.42030492020669835,0.4305633103200632,0.5796950459480286,0.5580724477767944,0.5796950459480286,0.5580724477767944
1,np_fixed,Vanilla NP,105,0.3802723702072173,0.39225337186525033,0.619727611541748,0.5973934531211853,0.619727611541748,0.5973934531211853
1,np_fixed,Vanilla NP,106,0.3973487416903178,0.4118050078088923,0.6026512384414673,0.5773258209228516,0.6026512384414673,0.5773258209228516
1,np_fixed,Vanilla NP,107,0.40511806944544,0.41856087085812593,0.5948818922042847,0.5703916549682617,0.5948818922042847,0.5703916549682617
1,np_fixed,Vanilla NP,108,0.37644240468047385,0.38818976629612056,0.6235575675964355,0.6015644073486328,0.6235575675964355,0.6015644073486328
1,np_fixed,Vanilla NP,109,0.3952229510444079,0.4024565072022667,0.6047770380973816,0.5869210958480835,0.6047770380973816,0.5869210958480835
1,np_fixed,Vanilla NP,110,0.362513660922531,0.3723757902319117,0.6374863386154175,0.6177957057952881,0.6374863386154175,0.6177957057952881
1,np_fixed,Vanilla NP,111,0.5617660695268202,0.5808004531287407,0.4382339119911194,0.4038699269294739,0.4382339119911194,0.4038699269294739
1,np_fixed,Vanilla NP,112,0.36764777076336763,0.3793445160222608,0.6323522329330444,0.6106430888175964,0.6323522329330444,0.6106430888175964
1,np_fixed,Vanilla NP,113,0.4991386761499006,0.5011169901189878,0.5008613467216492,0.4856565594673157,0.5008613467216492,0.4856565594673157
1,np_fixed,Vanilla NP,114,0.36798584114673527,0.3758779681006143,0.6320141553878784,0.6142010688781738,0.6320141553878784,0.6142010688781738
1,np_fixed,Vanilla NP,115,0.37693150480126225,0.3849310685497846,0.6230684518814087,0.6049090623855591,0.6230684518814087,0.6049090623855591
1,np_fixed,Vanilla NP,116,0.38161908390448074,0.3951645937076835,0.6183809041976929,0.5944054126739502,0.6183809041976929,0.5944054126739502
1,np_fixed,Vanilla NP,117,0.3702222165442252,0.3786592825438625,0.6297777891159058,0.6113463640213013,0.6297777891159058,0.6113463640213013
1,np_fixed,Vanilla NP,118,0.4128137839625972,0.41936127067536344,0.5871862173080444,0.5695701837539673,0.5871862173080444,0.5695701837539673
1,np_fixed,Vanilla NP,119,0.47556693401447564,0.4935615443906119,0.5244330763816833,0.49341142177581787,0.5244330763816833,0.49341142177581787
1,np_fixed,Vanilla NP,120,0.44961058146269745,0.4651278529980386,0.5503894090652466,0.5225956439971924,0.5503894090652466,0.5225956439971924
1,np_fixed,Vanilla NP,121,0.4330743990203207,0.4468795888183653,0.5669256448745728,0.5413255095481873,0.5669256448745728,0.5413255095481873
1,np_fixed,Vanilla NP,122,0.43787291022234187,0.4408243723617968,0.5621271133422852,0.547540545463562,0.5621271133422852,0.547540545463562
1,np_fixed,Vanilla NP,123,0.3743435028911561,0.379696517720703,0.6256564855575562,0.610281765460968,0.6256564855575562,0.610281765460968
1,np_fixed,Vanilla NP,124,0.37499145112296406,0.38647476970687394,0.6250085830688477,0.6033246517181396,0.6250085830688477,0.6033246517181396
1,np_fixed,Vanilla NP,125,0.35310320475304774,0.359824608924777,0.6468968391418457,0.6306781768798828,0.6468968391418457,0.6306781768798828
1,np_fixed,Vanilla NP,126,0.3536099397627882,0.36134824272274046,0.6463900804519653,0.6291143894195557,0.6463900804519653,0.6291143894195557
1,np_fixed,Vanilla NP,127,0.35615368360696836,0.3610928245755129,0.6438462734222412,0.6293765306472778,0.6438462734222412,0.6293765306472778
1,np_fixed,Vanilla NP,128,0.3905127912528755,0.39049432397812833,0.6094872355461121,0.5991989374160767,0.6094872355461121,0.5991989374160767
1,np_fixed,Vanilla NP,129,0.3559975067312403,0.3583002483197885,0.6440025568008423,0.6322427988052368,0.6440025568008423,0.6322427988052368
1,np_fixed,Vanilla NP,130,0.3474181729924771,0.3546584872312324,0.6525818109512329,0.6359806656837463,0.6525818109512329,0.6359806656837463
1,np_fixed,Vanilla NP,131,0.4338139607462772,0.4446021293022836,0.5661860108375549,0.5436630249023438,0.5661860108375549,0.5436630249023438
1,np_fixed,Vanilla NP,132,0.38803745517435,0.38881322187046674,0.6119625568389893,0.6009243726730347,0.6119625568389893,0.6009243726730347
1,np_fixed,Vanilla NP,133,0.3468121450769809,0.3506629344566848,0.6531878709793091,0.6400816440582275,0.6531878709793091,0.6400816440582275
1,np_fixed,Vanilla NP,134,0.36702564497326695,0.37396420596181884,0.63297438621521,0.6161653995513916,0.63297438621521,0.6161653995513916
1,np_fixed,Vanilla NP,135,0.3547429370787717,0.35856701098671256,0.6452570557594299,0.6319689750671387,0.6452570557594299,0.6319689750671387
1,np_fixed,Vanilla NP,136,0.47586980438971704,0.48772711578265643,0.5241301655769348,0.4993997812271118,0.5241301655769348,0.4993997812271118
1,np_fixed,Vanilla NP,137,0.35806888341903687,0.35997038848640384,0.6419311165809631,0.6305285692214966,0.6419311165809631,0.6305285692214966
1,np_fixed,Vanilla NP,138,0.3436292869638103,0.35020426031230956,0.6563706994056702,0.6405524015426636,0.6563706994056702,0.6405524015426636
1,np_fixed,Vanilla NP,139,0.366673948459847,0.36771964495496234,0.6333260536193848,0.6225747466087341,0.6333260536193848,0.6225747466087341
1,np_fixed,Vanilla NP,140,0.34841286512308345,0.3509763012560763,0.6515871286392212,0.6397600173950195,0.6515871286392212,0.6397600173950195
1,np_fixed,Vanilla NP,141,0.34353421755539354,0.3499872668306957,0.6564657688140869,0.640775203704834,0.6564657688140869,0.640775203704834
1,np_fixed,Vanilla NP,142,0.3708299420369688,0.3789171428643456,0.6291700601577759,0.6110817193984985,0.6291700601577759,0.6110817193984985
1,np_fixed,Vanilla NP,143,0.39102406349293023,0.3912895252538282,0.608975887298584,0.5983827710151672,0.608975887298584,0.5983827710151672
1,np_fixed,Vanilla NP,144,0.3576929408681485,0.3652904278548189,0.6423070430755615,0.6250681281089783,0.6423070430755615,0.6250681281089783
1,np_fixed,Vanilla NP,145,0.40170192995736764,0.4123077778391136,0.5982980728149414,0.5768097639083862,0.5982980728149414,0.5768097639083862
1,np_fixed,Vanilla NP,146,0.34501814368621325,0.35199590431627376,0.6549818515777588,0.6387134790420532,0.6549818515777588,0.6387134790420532
1,np_fixed,Vanilla NP,147,0.33880437852800355,0.3473312267961428,0.6611956357955933,0.643501341342926,0.6611956357955933,0.643501341342926
1,np_fixed,Vanilla NP,148,0.3635740440714267,0.36772407857022543,0.6364259719848633,0.622570276260376,0.6364259719848633,0.622570276260376
1,np_fixed,Vanilla NP,149,0.3454748641612918,0.35090478654055635,0.6545251607894897,0.6398334503173828,0.6545251607894897,0.6398334503173828
1,np_fixed,Vanilla NP,150,0.34699261511943136,0.35228016117746513,0.6530073881149292,0.6384217739105225,0.6530073881149292,0.6384217739105225
1,np_fixed,Vanilla NP,151,0.34698444096617,0.3527665207552355,0.6530155539512634,0.6379225254058838,0.6530155539512634,0.6379225254058838
1,np_fixed,Vanilla NP,152,0.34462147558382317,0.353332799534465,0.655378520488739,0.6373413801193237,0.655378520488739,0.6373413801193237
1,np_fixed,Vanilla NP,153,0.3434595307407453,0.35274395970411077,0.6565405130386353,0.6379457712173462,0.6565405130386353,0.6379457712173462
1,np_fixed,Vanilla NP,154,0.43824399580327117,0.4511507088823836,0.5617560148239136,0.536941647529602,0.5617560148239136,0.536941647529602
1,np_fixed,Vanilla NP,155,0.36334424356157463,0.37252658697985863,0.6366557478904724,0.6176409721374512,0.6366557478904724,0.6176409721374512
1,np_fixed,Vanilla NP,156,0.3327289960643118,0.3388499515925267,0.6672710180282593,0.6522064208984375,0.6672710180282593,0.6522064208984375
1,np_fixed,Vanilla NP,157,0.3641273009684659,0.36720264050387597,0.6358727216720581,0.6231054067611694,0.6358727216720581,0.6231054067611694
1,np_fixed,Vanilla NP,158,0.3510069770868434,0.3561958060708157,0.6489930152893066,0.6344027519226074,0.6489930152893066,0.6344027519226074
1,np_fixed,Vanilla NP,159,0.36959152062271916,0.37496470966080364,0.6304084658622742,0.6151384711265564,0.6304084658622742,0.6151384711265564
1,np_fixed,Vanilla NP,160,0.42392349081446035,0.42555143990257915,0.5760765075683594,0.5632165670394897,0.5760765075683594,0.5632165670394897
1,np_fixed,Vanilla NP,161,0.3459477350693341,0.3506561637848847,0.6540522575378418,0.6400886178016663,0.6540522575378418,0.6400886178016663
1,np_fixed,Vanilla NP,162,0.33846108372821365,0.3433533315510713,0.6615389585494995,0.6475841999053955,0.6615389585494995,0.6475841999053955
1,np_fixed,Vanilla NP,163,0.3365859458612841,0.3413641820120257,0.6634140014648438,0.649625837802887,0.6634140014648438,0.649625837802887
1,np_fixed,Vanilla NP,164,0.3442310725533685,0.3528114820635596,0.6557689309120178,0.6378763914108276,0.6557689309120178,0.6378763914108276
1,np_fixed,Vanilla NP,165,0.3276476477698762,0.3343122499857762,0.6723523736000061,0.6568639278411865,0.6723523736000061,0.6568639278411865
1,np_fixed,Vanilla NP,166,0.38804043078607364,0.39735481027484865,0.6119595170021057,0.5921574234962463,0.6119595170021057,0.5921574234962463
1,np_fixed,Vanilla NP,167,0.3477218905391619,0.35120643548263136,0.6522780656814575,0.6395238041877747,0.6522780656814575,0.6395238041877747
1,np_fixed,Vanilla NP,168,0.33892184542131054,0.3490673952786497,0.661078155040741,0.6417193412780762,0.661078155040741,0.6417193412780762
1,np_fixed,Vanilla NP,169,0.37318055967027824,0.37749737177708353,0.6268194913864136,0.6125389337539673,0.6268194913864136,0.6125389337539673
1,np_fixed,Vanilla NP,170,0.3604844136293544,0.36991833831912785,0.6395156383514404,0.6203179955482483,0.6395156383514404,0.6203179955482483
1,np_fixed,Vanilla NP,171,0.33067590806835384,0.33493436099022855,0.6693241000175476,0.6562253832817078,0.6693241000175476,0.6562253832817078
1,np_fixed,Vanilla NP,172,0.3359687942867131,0.33998831736949064,0.6640311479568481,0.6510379910469055,0.6640311479568481,0.6510379910469055
1,np_fixed,Vanilla NP,173,0.3293271171030148,0.334211327539858,0.6706728935241699,0.6569675207138062,0.6706728935241699,0.6569675207138062
1,np_fixed,Vanilla NP,174,0.37551774950914607,0.3823741595874461,0.624482274055481,0.6075334548950195,0.624482274055481,0.6075334548950195
1,np_fixed,Vanilla NP,175,0.33586831806704054,0.3382806082566579,0.6641317009925842,0.6527907848358154,0.6641317009925842,0.6527907848358154
1,np_fixed,Vanilla NP,176,0.3309650883194088,0.33151641141536625,0.6690348982810974,0.6597335934638977,0.6690348982810974,0.6597335934638977
1,np_fixed,Vanilla NP,177,0.3267505316771278,0.3269542786040047,0.6732494831085205,0.6644160747528076,0.6732494831085205,0.6644160747528076
1,np_fixed,Vanilla NP,178,0.34208106220692625,0.3470266253449196,0.6579189300537109,0.643813967704773,0.6579189300537109,0.643813967704773
1,np_fixed,Vanilla NP,179,0.33335460202638495,0.33814036753750587,0.6666454076766968,0.6529347896575928,0.6666454076766968,0.6529347896575928
1,np_fixed,Vanilla NP,180,0.32586772393348606,0.3315627600333487,0.6741322875022888,0.6596860289573669,0.6741322875022888,0.6596860289573669
1,np_fixed,Vanilla NP,181,0.39889630594456843,0.39986538840818775,0.601103663444519,0.5895805358886719,0.601103663444519,0.5895805358886719
1,np_fixed,Vanilla NP,182,0.4280885543472083,0.43822486894999363,0.5719114542007446,0.5502086877822876,0.5719114542007446,0.5502086877822876
1,np_fixed,Vanilla NP,183,0.3292523434226827,0.3340255761331366,0.6707476377487183,0.6571581363677979,0.6707476377487183,0.6571581363677979
1,np_fixed,Vanilla NP,184,0.3746325101039206,0.37480683636295703,0.6253675222396851,0.6153004765510559,0.6253675222396851,0.6153004765510559
1,np_fixed,Vanilla NP,185,0.32836220569388813,0.33352472361668134,0.671637773513794,0.6576721668243408,0.671637773513794,0.6576721668243408
1,np_fixed,Vanilla NP,186,0.3929565828437953,0.39293256702349166,0.6070433855056763,0.5966963768005371,0.6070433855056763,0.5966963768005371
1,np_fixed,Vanilla NP,187,0.3238133815831916,0.32886417244755944,0.6761866211891174,0.6624557971954346,0.6761866211891174,0.6624557971954346
1,np_fixed,Vanilla NP,188,0.3551145457020102,0.36231554478637934,0.6448855400085449,0.6281214952468872,0.6448855400085449,0.6281214952468872
1,np_fixed,Vanilla NP,189,0.31979155448056007,0.3235946986102319,0.6802084445953369,0.6678643226623535,0.6802084445953369,0.6678643226623535
1,np_fixed,Vanilla NP,190,0.326385136029517,0.33163529588270557,0.6736148595809937,0.6596114635467529,0.6736148595809937,0.6596114635467529
1,np_fixed,Vanilla NP,191,0.38802775278571966,0.3912654255711755,0.6119722127914429,0.598407506942749,0.6119722127914429,0.598407506942749
1,np_fixed,Vanilla NP,192,0.32545241713523865,0.33230718635311424,0.6745476126670837,0.6589218378067017,0.6745476126670837,0.6589218378067017
1,np_fixed,Vanilla NP,193,0.32131269470203755,0.32679508245268535,0.6786872744560242,0.6645795106887817,0.6786872744560242,0.6645795106887817
1,np_fixed,Vanilla NP,194,0.34185916762943414,0.3462031536786131,0.6581408381462097,0.644659161567688,0.6581408381462097,0.644659161567688
1,np_fixed,Vanilla NP,195,0.3391474935897561,0.34525012461714044,0.6608525514602661,0.6456373929977417,0.6608525514602661,0.6456373929977417
1,np_fixed,Vanilla NP,196,0.32361982577992965,0.3255513414394024,0.6763801574707031,0.6658560037612915,0.6763801574707031,0.6658560037612915
1,np_fixed,Vanilla NP,197,0.3231658771518589,0.32505706460901007,0.6768341064453125,0.6663633584976196,0.6768341064453125,0.6663633584976196
1,np_fixed,Vanilla NP,198,0.3220117708971334,0.32492908858513647,0.6779881715774536,0.6664947271347046,0.6779881715774536,0.6664947271347046
1,np_fixed,Vanilla NP,199,0.32612185076225636,0.32938821209493535,0.6738781332969666,0.6619179248809814,0.6738781332969666,0.6619179248809814
1,np_fixed,Vanilla NP,200,0.3141861072806425,0.3150533909021422,0.6858139038085938,0.6766310930252075,0.6858139038085938,0.6766310930252075
1,np_fan_in,Fan-in NP,1,1.0025907884272494,0.973695577577103,-0.002590775489807129,0.0006047487258911133,-0.002590775489807129,0.0006047487258911133
1,np_fan_in,Fan-in NP,2,1.014867248461228,0.9844378182130267,-0.014867305755615234,-0.010421037673950195,-0.014867305755615234,-0.010421037673950195
1,np_fan_in,Fan-in NP,3,0.9130051884540292,0.8923075217609258,0.08699482679367065,0.08414095640182495,0.08699482679367065,0.08414095640182495
1,np_fan_in,Fan-in NP,4,0.8603116283121035,0.8468892856161724,0.1396883726119995,0.13075792789459229,0.1396883726119995,0.13075792789459229
1,np_fan_in,Fan-in NP,5,0.7698551933894786,0.7638859767322392,0.23014479875564575,0.2159520387649536,0.23014479875564575,0.2159520387649536
1,np_fan_in,Fan-in NP,6,0.6632916955060737,0.6625211807184441,0.3367082476615906,0.3199922442436218,0.3367082476615906,0.3199922442436218
1,np_fan_in,Fan-in NP,7,0.5850229175515878,0.5921721310578576,0.4149770140647888,0.3921980857849121,0.4149770140647888,0.3921980857849121
1,np_fan_in,Fan-in NP,8,0.5956102979275607,0.6055231232975804,0.40438973903656006,0.3784946799278259,0.40438973903656006,0.3784946799278259
1,np_fan_in,Fan-in NP,9,0.5106879468112029,0.5275191752485526,0.4893120527267456,0.45855748653411865,0.4893120527267456,0.45855748653411865
1,np_fan_in,Fan-in NP,10,0.5332883589489515,0.553910354311152,0.4667116403579712,0.4314698576927185,0.4667116403579712,0.4314698576927185
1,np_fan_in,Fan-in NP,11,0.47930103886959163,0.49406479033388834,0.5206989645957947,0.49289482831954956,0.5206989645957947,0.49289482831954956
1,np_fan_in,Fan-in NP,12,0.46306402507678485,0.4810407868651457,0.5369359254837036,0.5062626600265503,0.5369359254837036,0.5062626600265503
1,np_fan_in,Fan-in NP,13,0.4632417074469633,0.4807906021443448,0.536758303642273,0.5065194368362427,0.536758303642273,0.5065194368362427
1,np_fan_in,Fan-in NP,14,0.4571615499119426,0.47466561359952586,0.542838454246521,0.5128060579299927,0.542838454246521,0.5128060579299927
1,np_fan_in,Fan-in NP,15,0.45354651573092436,0.46942822300186454,0.5464534759521484,0.5181816816329956,0.5464534759521484,0.5181816816329956
1,np_fan_in,Fan-in NP,16,0.5159988883853883,0.5273445641347604,0.484001100063324,0.458736777305603,0.484001100063324,0.458736777305603
1,np_fan_in,Fan-in NP,17,0.4528727083243141,0.46772568124209263,0.5471272468566895,0.5199291706085205,0.5471272468566895,0.5199291706085205
1,np_fan_in,Fan-in NP,18,0.4551054650498915,0.4697913019232048,0.5448945760726929,0.5178090333938599,0.5448945760726929,0.5178090333938599
1,np_fan_in,Fan-in NP,19,0.46112885932589687,0.48175810289013293,0.5388711094856262,0.5055263638496399,0.5388711094856262,0.5055263638496399
1,np_fan_in,Fan-in NP,20,0.4738041730814202,0.48341650071070175,0.5261958241462708,0.5038242340087891,0.5261958241462708,0.5038242340087891
1,np_fan_in,Fan-in NP,21,0.4545204512370649,0.4706643967665443,0.5454795360565186,0.5169128179550171,0.5454795360565186,0.5169128179550171
1,np_fan_in,Fan-in NP,22,0.45241503613863804,0.47195947794027104,0.5475849509239197,0.5155836343765259,0.5475849509239197,0.5155836343765259
1,np_fan_in,Fan-in NP,23,0.6064268888891206,0.6308746023695598,0.39357316493988037,0.3524742126464844,0.39357316493988037,0.3524742126464844
1,np_fan_in,Fan-in NP,24,0.44041802069937536,0.4581601086050965,0.559581995010376,0.5297472476959229,0.559581995010376,0.5297472476959229
1,np_fan_in,Fan-in NP,25,0.47927944396817407,0.4928298488605854,0.5207205414772034,0.494162380695343,0.5207205414772034,0.494162380695343
1,np_fan_in,Fan-in NP,26,0.44875396915184435,0.46576815935992455,0.5512460470199585,0.5219383835792542,0.5512460470199585,0.5219383835792542
1,np_fan_in,Fan-in NP,27,0.4613872627879298,0.4760497327922851,0.5386127233505249,0.511385440826416,0.5386127233505249,0.511385440826416
1,np_fan_in,Fan-in NP,28,0.6189502967420475,0.621590773264567,0.3810496926307678,0.36200302839279175,0.3810496926307678,0.36200302839279175
1,np_fan_in,Fan-in NP,29,0.4571330406407053,0.46845790258673736,0.5428669452667236,0.5191776752471924,0.5428669452667236,0.5191776752471924
1,np_fan_in,Fan-in NP,30,0.4783153836579286,0.4903256040672923,0.5216846466064453,0.4967327117919922,0.5216846466064453,0.4967327117919922
1,np_fan_in,Fan-in NP,31,0.4645008636537448,0.47635992460472637,0.5354991555213928,0.5110670328140259,0.5354991555213928,0.5110670328140259
1,np_fan_in,Fan-in NP,32,0.46515345504117567,0.48458216264266374,0.5348465442657471,0.5026277303695679,0.5348465442657471,0.5026277303695679
1,np_fan_in,Fan-in NP,33,0.44851014526315436,0.4621828092161075,0.5514898300170898,0.525618314743042,0.5514898300170898,0.525618314743042
1,np_fan_in,Fan-in NP,34,0.48682336751804794,0.5065340995788574,0.513176679611206,0.48009639978408813,0.513176679611206,0.48009639978408813
1,np_fan_in,Fan-in NP,35,0.4503268911394962,0.4658634801243627,0.5496730804443359,0.5218404531478882,0.5496730804443359,0.5218404531478882
1,np_fan_in,Fan-in NP,36,0.4430600120577701,0.4569139963434648,0.556939959526062,0.5310261845588684,0.556939959526062,0.5310261845588684
1,np_fan_in,Fan-in NP,37,0.4595021503840306,0.4722874963930411,0.5404978394508362,0.5152469873428345,0.5404978394508362,0.5152469873428345
1,np_fan_in,Fan-in NP,38,0.43913096212601477,0.4535740803378497,0.5608690977096558,0.5344542264938354,0.5608690977096558,0.5344542264938354
1,np_fan_in,Fan-in NP,39,0.4317627214184103,0.4452539511429247,0.5682373046875,0.5429940223693848,0.5682373046875,0.5429940223693848
1,np_fan_in,Fan-in NP,40,0.42610055208206177,0.44170713794323824,0.5738994479179382,0.5466344356536865,0.5738994479179382,0.5466344356536865
1,np_fan_in,Fan-in NP,41,0.4270386782496475,0.44206020813579705,0.5729613304138184,0.5462720394134521,0.5729613304138184,0.5462720394134521
1,np_fan_in,Fan-in NP,42,0.43063209823859755,0.4465065469113431,0.5693678855895996,0.5417083501815796,0.5693678855895996,0.5417083501815796
1,np_fan_in,Fan-in NP,43,0.4308998356031817,0.44527157517366633,0.5691001415252686,0.542975902557373,0.5691001415252686,0.542975902557373
1,np_fan_in,Fan-in NP,44,0.42934667994809705,0.4404988378979439,0.5706533193588257,0.5478746891021729,0.5706533193588257,0.5478746891021729
1,np_fan_in,Fan-in NP,45,0.4252015227495238,0.4409706282985303,0.5747984647750854,0.5473904013633728,0.5747984647750854,0.5473904013633728
1,np_fan_in,Fan-in NP,46,0.4349563015523807,0.45149713685346204,0.5650436878204346,0.5365861058235168,0.5650436878204346,0.5365861058235168
1,np_fan_in,Fan-in NP,47,0.42190304190613503,0.43369729505028837,0.5780969262123108,0.5548557043075562,0.5780969262123108,0.5548557043075562
1,np_fan_in,Fan-in NP,48,0.42440147501553677,0.4377082334470379,0.5755984783172607,0.5507388710975647,0.5755984783172607,0.5507388710975647
1,np_fan_in,Fan-in NP,49,0.4423997020998666,0.4503240552983543,0.5576002597808838,0.537790060043335,0.5576002597808838,0.537790060043335
1,np_fan_in,Fan-in NP,50,0.4256354796794034,0.43563796406568484,0.5743645429611206,0.5528638362884521,0.5743645429611206,0.5528638362884521
1,np_fan_in,Fan-in NP,51,0.44064702197562816,0.45316356743953023,0.5593529939651489,0.5348756313323975,0.5593529939651489,0.5348756313323975
1,np_fan_in,Fan-in NP,52,0.5073196862557138,0.525206092254136,0.49268025159835815,0.46093159914016724,0.49268025159835815,0.46093159914016724
1,np_fan_in,Fan-in NP,53,0.4650593640268311,0.47728327448053876,0.5349406003952026,0.5101193189620972,0.5349406003952026,0.5101193189620972
1,np_fan_in,Fan-in NP,54,0.4283853667651036,0.4391571884007417,0.5716146230697632,0.5492516756057739,0.5716146230697632,0.5492516756057739
1,np_fan_in,Fan-in NP,55,0.4217517752518026,0.43552931265313494,0.5782482624053955,0.5529752969741821,0.5782482624053955,0.5529752969741821
1,np_fan_in,Fan-in NP,56,0.4198160172663918,0.4329821185548176,0.5801839828491211,0.5555897355079651,0.5801839828491211,0.5555897355079651
1,np_fan_in,Fan-in NP,57,0.4523714817771616,0.46024360397989433,0.5476285219192505,0.5276087522506714,0.5476285219192505,0.5276087522506714
1,np_fan_in,Fan-in NP,58,0.4668551438538603,0.4843378769334897,0.5331448316574097,0.5028784871101379,0.5331448316574097,0.5028784871101379
1,np_fan_in,Fan-in NP,59,0.43700455325518467,0.4519062331018522,0.562995433807373,0.5361661911010742,0.562995433807373,0.5361661911010742
1,np_fan_in,Fan-in NP,60,0.4220221997924553,0.43203109872433565,0.5779777765274048,0.5565658807754517,0.5779777765274048,0.5565658807754517
1,np_fan_in,Fan-in NP,61,0.4306445262690847,0.44364724256271537,0.5693554878234863,0.5446431636810303,0.5693554878234863,0.5446431636810303
1,np_fan_in,Fan-in NP,62,0.45911059776941937,0.4663808355035708,0.5408893823623657,0.521309494972229,0.5408893823623657,0.521309494972229
1,np_fan_in,Fan-in NP,63,0.501692921847336,0.5074440370234408,0.49830710887908936,0.4791625738143921,0.49830710887908936,0.4791625738143921
1,np_fan_in,Fan-in NP,64,0.43832733557205794,0.45123459063759147,0.5616726875305176,0.5368554592132568,0.5616726875305176,0.5368554592132568
1,np_fan_in,Fan-in NP,65,0.42320172223009805,0.4343752167945684,0.5767982602119446,0.5541598796844482,0.5767982602119446,0.5541598796844482
1,np_fan_in,Fan-in NP,66,0.4532336523366529,0.4626147197198498,0.5467662811279297,0.5251750349998474,0.5467662811279297,0.5251750349998474
1,np_fan_in,Fan-in NP,67,0.46580790849619136,0.4825584135314291,0.5341920852661133,0.5047049522399902,0.5341920852661133,0.5047049522399902
1,np_fan_in,Fan-in NP,68,0.5179161397061607,0.5347420351449833,0.48208385705947876,0.4511440396308899,0.48208385705947876,0.4511440396308899
1,np_fan_in,Fan-in NP,69,0.4365443545718526,0.44552812396093855,0.5634555816650391,0.5427125692367554,0.5634555816650391,0.5427125692367554
1,np_fan_in,Fan-in NP,70,0.4219205042188482,0.4317557291929112,0.5780794620513916,0.5568485260009766,0.5780794620513916,0.5568485260009766
1,np_fan_in,Fan-in NP,71,0.428587791531585,0.4442282203556031,0.571412205696106,0.5440468788146973,0.571412205696106,0.5440468788146973
1,np_fan_in,Fan-in NP,72,0.40862739640612933,0.419520065072895,0.5913726091384888,0.5694071054458618,0.5913726091384888,0.5694071054458618
1,np_fan_in,Fan-in NP,73,0.4200190869412681,0.43359302018964013,0.5799809098243713,0.5549627542495728,0.5799809098243713,0.5549627542495728
1,np_fan_in,Fan-in NP,74,0.41328194645024086,0.4234728443530179,0.5867180824279785,0.5653499960899353,0.5867180824279785,0.5653499960899353
1,np_fan_in,Fan-in NP,75,0.40625433103982794,0.4142931200737177,0.5937456488609314,0.5747720003128052,0.5937456488609314,0.5747720003128052
1,np_fan_in,Fan-in NP,76,0.4143897840218951,0.4218644051588783,0.5856102108955383,0.5670008659362793,0.5856102108955383,0.5670008659362793
1,np_fan_in,Fan-in NP,77,0.4147561749284582,0.4272274994110876,0.585243821144104,0.5614962577819824,0.585243821144104,0.5614962577819824
1,np_fan_in,Fan-in NP,78,0.4117880813604177,0.4217803198699803,0.5882118940353394,0.5670872330665588,0.5882118940353394,0.5670872330665588
1,np_fan_in,Fan-in NP,79,0.40567158335863157,0.4145032081955163,0.5943284034729004,0.5745564103126526,0.5943284034729004,0.5745564103126526
1,np_fan_in,Fan-in NP,80,0.4639808424683504,0.4717551303464313,0.5360192060470581,0.5157933235168457,0.5360192060470581,0.5157933235168457
1,np_fan_in,Fan-in NP,81,0.3973357503035272,0.4072009918763656,0.6026642322540283,0.5820513963699341,0.6026642322540283,0.5820513963699341
1,np_fan_in,Fan-in NP,82,0.4197849270909332,0.43357669521671854,0.5802150964736938,0.5549795031547546,0.5802150964736938,0.5549795031547546
1,np_fan_in,Fan-in NP,83,0.4960636339446371,0.5135110325591509,0.5039363503456116,0.4729353189468384,0.5039363503456116,0.4729353189468384
1,np_fan_in,Fan-in NP,84,0.39839861894300743,0.40793017869771914,0.6016013622283936,0.5813028812408447,0.6016013622283936,0.5813028812408447
1,np_fan_in,Fan-in NP,85,0.39259321167487504,0.4036902556585711,0.6074067950248718,0.5856547355651855,0.6074067950248718,0.5856547355651855
1,np_fan_in,Fan-in NP,86,0.39636307030685186,0.41036169658335603,0.6036369204521179,0.5788072347640991,0.6036369204521179,0.5788072347640991
1,np_fan_in,Fan-in NP,87,0.4017227687114893,0.4137725737667823,0.59827721118927,0.5753062963485718,0.59827721118927,0.5753062963485718
1,np_fan_in,Fan-in NP,88,0.3984304502490879,0.40819093284680863,0.6015695333480835,0.5810352563858032,0.6015695333480835,0.5810352563858032
1,np_fan_in,Fan-in NP,89,0.38922072912371436,0.39998059402140534,0.6107792854309082,0.5894622802734375,0.6107792854309082,0.5894622802734375
1,np_fan_in,Fan-in NP,90,0.4007868905400121,0.4126093168129293,0.5992131233215332,0.5765002965927124,0.5992131233215332,0.5765002965927124
1,np_fan_in,Fan-in NP,91,0.4057496455750724,0.4179314300995465,0.5942503213882446,0.5710376501083374,0.5942503213882446,0.5710376501083374
1,np_fan_in,Fan-in NP,92,0.4081637769244438,0.41598006805708243,0.5918362140655518,0.5730405449867249,0.5918362140655518,0.5730405449867249
1,np_fan_in,Fan-in NP,93,0.39501692065896915,0.4035930924637373,0.6049830913543701,0.5857545137405396,0.6049830913543701,0.5857545137405396
1,np_fan_in,Fan-in NP,94,0.39591190473053806,0.4065176022145175,0.6040880680084229,0.5827528238296509,0.6040880680084229,0.5827528238296509
1,np_fan_in,Fan-in NP,95,0.41907800422158353,0.43295215936594234,0.58092200756073,0.555620551109314,0.58092200756073,0.555620551109314
1,np_fan_in,Fan-in NP,96,0.4131424194851587,0.42306095015170964,0.5868576169013977,0.5657727718353271,0.5868576169013977,0.5657727718353271
1,np_fan_in,Fan-in NP,97,0.4083665985931722,0.41934744378393013,0.5916333794593811,0.569584310054779,0.5916333794593811,0.569584310054779
1,np_fan_in,Fan-in NP,98,0.4130870136179665,0.42728672979414,0.586912989616394,0.5614354610443115,0.586912989616394,0.5614354610443115
1,np_fan_in,Fan-in NP,99,0.46492498766544255,0.4822419992713041,0.5350749492645264,0.5050297379493713,0.5350749492645264,0.5050297379493713
1,np_fan_in,Fan-in NP,100,0.5529768707216248,0.5571975319884545,0.4470231533050537,0.42809587717056274,0.4470231533050537,0.42809587717056274
1,np_fan_in,Fan-in NP,101,0.5796761002189429,0.5987413322278695,0.42032390832901,0.38545554876327515,0.42032390832901,0.38545554876327515
1,np_fan_in,Fan-in NP,102,0.5874957548555477,0.609553668850152,0.4125041961669922,0.37435775995254517,0.4125041961669922,0.37435775995254517
1,np_fan_in,Fan-in NP,103,0.40661152203877765,0.4194586152254149,0.5933884382247925,0.5694701671600342,0.5933884382247925,0.5694701671600342
1,np_fan_in,Fan-in NP,104,0.4785877858945566,0.4844588937685471,0.521412193775177,0.502754271030426,0.521412193775177,0.502754271030426
1,np_fan_in,Fan-in NP,105,0.40469048339729163,0.4166158382282701,0.5953094959259033,0.5723879933357239,0.5953094959259033,0.5723879933357239
1,np_fan_in,Fan-in NP,106,0.41719800326251244,0.434702127016792,0.5828020572662354,0.5538243055343628,0.5828020572662354,0.5538243055343628
1,np_fan_in,Fan-in NP,107,0.41642843244611755,0.431183036676673,0.5835715532302856,0.5574363470077515,0.5835715532302856,0.5574363470077515
1,np_fan_in,Fan-in NP,108,0.3990011513233185,0.41068167649498283,0.6009988784790039,0.5784788131713867,0.6009988784790039,0.5784788131713867
1,np_fan_in,Fan-in NP,109,0.41102361632872,0.4184684023376583,0.5889763236045837,0.5704865455627441,0.5889763236045837,0.5704865455627441
1,np_fan_in,Fan-in NP,110,0.39456257628378016,0.4036838204361672,0.6054373979568481,0.5856614112854004,0.6054373979568481,0.5856614112854004
1,np_fan_in,Fan-in NP,111,0.604984544275343,0.6257184309552807,0.3950154781341553,0.35776638984680176,0.3950154781341553,0.35776638984680176
1,np_fan_in,Fan-in NP,112,0.3950223561174186,0.40743206591569175,0.6049776673316956,0.581814169883728,0.6049776673316956,0.581814169883728
1,np_fan_in,Fan-in NP,113,0.5292887068534082,0.5328715207964875,0.47071129083633423,0.45306396484375,0.47071129083633423,0.45306396484375
1,np_fan_in,Fan-in NP,114,0.3974638514278471,0.4073145061500313,0.602536141872406,0.5819348096847534,0.602536141872406,0.5819348096847534
1,np_fan_in,Fan-in NP,115,0.3983606231767078,0.4097070562285046,0.6016393899917603,0.5794791579246521,0.6016393899917603,0.5794791579246521
1,np_fan_in,Fan-in NP,116,0.39326681242894757,0.40877169971318206,0.6067332029342651,0.5804391503334045,0.6067332029342651,0.5804391503334045
1,np_fan_in,Fan-in NP,117,0.37766649822394055,0.38957875227743344,0.6223335266113281,0.6001386642456055,0.6223335266113281,0.6001386642456055
1,np_fan_in,Fan-in NP,118,0.4361641922200373,0.4407289543355158,0.563835859298706,0.547638475894928,0.563835859298706,0.547638475894928
1,np_fan_in,Fan-in NP,119,0.4333239232384881,0.4502637982368469,0.5666760206222534,0.5378519296646118,0.5666760206222534,0.5378519296646118
1,np_fan_in,Fan-in NP,120,0.3895083989283835,0.4022975434628568,0.6104915738105774,0.5870842337608337,0.6104915738105774,0.5870842337608337
1,np_fan_in,Fan-in NP,121,0.3926382849151774,0.4042831751727319,0.6073617339134216,0.5850461721420288,0.6073617339134216,0.5850461721420288
1,np_fan_in,Fan-in NP,122,0.4198557778384334,0.4269612232844035,0.5801442861557007,0.5617696046829224,0.5801442861557007,0.5617696046829224
1,np_fan_in,Fan-in NP,123,0.42908573982327486,0.4351947004942931,0.5709142684936523,0.5533187389373779,0.5709142684936523,0.5533187389373779
1,np_fan_in,Fan-in NP,124,0.38281708378200385,0.39489273022311605,0.6171828508377075,0.5946844816207886,0.6171828508377075,0.5946844816207886
1,np_fan_in,Fan-in NP,125,0.39809557853281036,0.4037582211254179,0.6019043922424316,0.5855849981307983,0.6019043922424316,0.5855849981307983
1,np_fan_in,Fan-in NP,126,0.36511914547561675,0.37567654575488363,0.6348808407783508,0.6144078373908997,0.6348808407783508,0.6144078373908997
1,np_fan_in,Fan-in NP,127,0.3660227758015773,0.37490912809852484,0.6339772343635559,0.6151955127716064,0.6339772343635559,0.6151955127716064
1,np_fan_in,Fan-in NP,128,0.40927524668301724,0.4111143267431924,0.5907247066497803,0.5780346989631653,0.5907247066497803,0.5780346989631653
1,np_fan_in,Fan-in NP,129,0.38929095240526423,0.39421588875526603,0.6107090711593628,0.5953792333602905,0.6107090711593628,0.5953792333602905
1,np_fan_in,Fan-in NP,130,0.3647908123657685,0.37188595117524614,0.6352092027664185,0.6182985305786133,0.6352092027664185,0.6182985305786133
1,np_fan_in,Fan-in NP,131,0.5211119111194167,0.5340125355147576,0.4788881540298462,0.4518927335739136,0.4788881540298462,0.4518927335739136
1,np_fan_in,Fan-in NP,132,0.39605790342009345,0.39796983802965447,0.6039421558380127,0.5915261507034302,0.6039421558380127,0.5915261507034302
1,np_fan_in,Fan-in NP,133,0.3649427339781162,0.3729888665121655,0.6350573301315308,0.6171664595603943,0.6350573301315308,0.6171664595603943
1,np_fan_in,Fan-in NP,134,0.37440039321433666,0.38425318954526916,0.6255996227264404,0.6056047677993774,0.6255996227264404,0.6056047677993774
1,np_fan_in,Fan-in NP,135,0.37884440186411833,0.3852491753045903,0.6211556196212769,0.6045825481414795,0.6211556196212769,0.6045825481414795
1,np_fan_in,Fan-in NP,136,0.433440285366635,0.44568996142971423,0.5665597319602966,0.5425464510917664,0.5665597319602966,0.5425464510917664
1,np_fan_in,Fan-in NP,137,0.38199885177981946,0.3880045866781427,0.6180012226104736,0.6017544269561768,0.6180012226104736,0.6017544269561768
1,np_fan_in,Fan-in NP,138,0.362466914016147,0.3737637996673584,0.6375330686569214,0.6163710355758667,0.6375330686569214,0.6163710355758667
1,np_fan_in,Fan-in NP,139,0.38380297926045204,0.3922641351241474,0.6161969900131226,0.5973824858665466,0.6161969900131226,0.5973824858665466
1,np_fan_in,Fan-in NP,140,0.36613379314888356,0.3746808411539063,0.6338661909103394,0.6154297590255737,0.6338661909103394,0.6154297590255737
1,np_fan_in,Fan-in NP,141,0.3654458001833554,0.3755292141622351,0.6345541477203369,0.6145590543746948,0.6345541477203369,0.6145590543746948
1,np_fan_in,Fan-in NP,142,0.37766610628874725,0.3884948293368022,0.6223338842391968,0.6012512445449829,0.6223338842391968,0.6012512445449829
1,np_fan_in,Fan-in NP,143,0.3934354976166126,0.4015521028245142,0.6065645217895508,0.5878493189811707,0.6065645217895508,0.5878493189811707
1,np_fan_in,Fan-in NP,144,0.37042591021966564,0.3795735660449479,0.6295740604400635,0.6104079484939575,0.6295740604400635,0.6104079484939575
1,np_fan_in,Fan-in NP,145,0.39398106840229774,0.40446706451186837,0.6060189008712769,0.5848574638366699,0.6060189008712769,0.5848574638366699
1,np_fan_in,Fan-in NP,146,0.36849537226118784,0.3762924019680467,0.6315046548843384,0.6137757301330566,0.6315046548843384,0.6137757301330566
1,np_fan_in,Fan-in NP,147,0.3674539778121682,0.3744551384633826,0.6325460076332092,0.6156614422798157,0.6325460076332092,0.6156614422798157
1,np_fan_in,Fan-in NP,148,0.39231039872465207,0.398853856463765,0.607689619064331,0.5906188488006592,0.607689619064331,0.5906188488006592
1,np_fan_in,Fan-in NP,149,0.3721654328495957,0.37898773786633516,0.6278345584869385,0.6110092401504517,0.6278345584869385,0.6110092401504517
1,np_fan_in,Fan-in NP,150,0.37201006317785545,0.3798024176165115,0.6279898881912231,0.6101731061935425,0.6279898881912231,0.6101731061935425
1,np_fan_in,Fan-in NP,151,0.36772874182508897,0.3779760150946388,0.6322712898254395,0.6120476722717285,0.6322712898254395,0.6120476722717285
1,np_fan_in,Fan-in NP,152,0.36510119569856064,0.37613750381987227,0.6348987817764282,0.6139347553253174,0.6348987817764282,0.6139347553253174
1,np_fan_in,Fan-in NP,153,0.364091857459194,0.3750354144000268,0.6359081268310547,0.61506587266922,0.6359081268310547,0.61506587266922
1,np_fan_in,Fan-in NP,154,0.47664685951646907,0.49261329317277713,0.523353099822998,0.4943847060203552,0.523353099822998,0.4943847060203552
1,np_fan_in,Fan-in NP,155,0.3843875501969064,0.395123259503712,0.6156124472618103,0.5944478511810303,0.6156124472618103,0.5944478511810303
1,np_fan_in,Fan-in NP,156,0.35789733108624006,0.3691682136336038,0.6421027183532715,0.621087908744812,0.6421027183532715,0.621087908744812
1,np_fan_in,Fan-in NP,157,0.4003961825555609,0.40510396763335826,0.5996037721633911,0.5842037200927734,0.5996037721633911,0.5842037200927734
1,np_fan_in,Fan-in NP,158,0.39987747336542884,0.40602771302526314,0.6001225113868713,0.5832555294036865,0.6001225113868713,0.5832555294036865
1,np_fan_in,Fan-in NP,159,0.3953715740710266,0.4019978175791659,0.6046283841133118,0.5873918533325195,0.6046283841133118,0.5873918533325195
1,np_fan_in,Fan-in NP,160,0.41905079585637234,0.4230815541836642,0.5809491872787476,0.5657516121864319,0.5809491872787476,0.5657516121864319
1,np_fan_in,Fan-in NP,161,0.3626399065635001,0.3720544364101203,0.6373600959777832,0.6181255578994751,0.6373600959777832,0.6181255578994751
1,np_fan_in,Fan-in NP,162,0.35935766209465586,0.36808188155640004,0.6406423449516296,0.6222029328346252,0.6406423449516296,0.6222029328346252
1,np_fan_in,Fan-in NP,163,0.3674864639607511,0.37479723239129825,0.6325135231018066,0.6153104305267334,0.6325135231018066,0.6153104305267334
1,np_fan_in,Fan-in NP,164,0.3565986865712691,0.36685283886369807,0.6434012651443481,0.6234644651412964,0.6434012651443481,0.6234644651412964
1,np_fan_in,Fan-in NP,165,0.3512594437645387,0.36065940986308015,0.6487405896186829,0.6298213005065918,0.6487405896186829,0.6298213005065918
1,np_fan_in,Fan-in NP,166,0.4067255260870438,0.41741458598033404,0.5932744741439819,0.5715681910514832,0.5932744741439819,0.5715681910514832
1,np_fan_in,Fan-in NP,167,0.39850564451180687,0.3989493255467378,0.6014943718910217,0.5905208587646484,0.6014943718910217,0.5905208587646484
1,np_fan_in,Fan-in NP,168,0.35324549859808396,0.3611327885657318,0.6467545032501221,0.6293355226516724,0.6467545032501221,0.6293355226516724
1,np_fan_in,Fan-in NP,169,0.38817691953145256,0.390763579643974,0.6118230819702148,0.598922610282898,0.6118230819702148,0.598922610282898
1,np_fan_in,Fan-in NP,170,0.358290292495905,0.36824320453081943,0.6417096853256226,0.622037410736084,0.6417096853256226,0.622037410736084
1,np_fan_in,Fan-in NP,171,0.3482263955728028,0.35360010996345403,0.6517735719680786,0.6370669603347778,0.6517735719680786,0.6370669603347778
1,np_fan_in,Fan-in NP,172,0.34753441487171854,0.35539314913195236,0.6524655818939209,0.6352266073226929,0.6524655818939209,0.6352266073226929
1,np_fan_in,Fan-in NP,173,0.34503337024718295,0.35082186377325725,0.6549665927886963,0.6399185657501221,0.6549665927886963,0.6399185657501221
1,np_fan_in,Fan-in NP,174,0.38008366998775983,0.3939705680507098,0.6199163198471069,0.5956310033798218,0.6199163198471069,0.5956310033798218
1,np_fan_in,Fan-in NP,175,0.3477409364179123,0.352741819481517,0.6522590517997742,0.6379479169845581,0.6522590517997742,0.6379479169845581
1,np_fan_in,Fan-in NP,176,0.33879965358926345,0.3466809193293254,0.6612003445625305,0.6441687345504761,0.6612003445625305,0.6441687345504761
1,np_fan_in,Fan-in NP,177,0.3458275298277537,0.34963758994442545,0.6541725397109985,0.6411340832710266,0.6541725397109985,0.6411340832710266
1,np_fan_in,Fan-in NP,178,0.36843623671420783,0.3780471590138221,0.6315637826919556,0.6119746565818787,0.6315637826919556,0.6119746565818787
1,np_fan_in,Fan-in NP,179,0.3514249849227048,0.3609175358631814,0.6485750079154968,0.62955641746521,0.6485750079154968,0.62955641746521
1,np_fan_in,Fan-in NP,180,0.34159079817838445,0.3485052410022233,0.6584091782569885,0.642296314239502,0.6584091782569885,0.642296314239502
1,np_fan_in,Fan-in NP,181,0.3696466846059459,0.3724519083666247,0.6303533315658569,0.6177175045013428,0.6303533315658569,0.6177175045013428
1,np_fan_in,Fan-in NP,182,0.4032817859520284,0.4161189616650574,0.5967181921005249,0.5728979706764221,0.5967181921005249,0.5728979706764221
1,np_fan_in,Fan-in NP,183,0.35755849981954857,0.3634870911753455,0.6424415707588196,0.6269190311431885,0.6424415707588196,0.6269190311431885
1,np_fan_in,Fan-in NP,184,0.39127968725307966,0.3950392714766569,0.6087203025817871,0.5945340394973755,0.6087203025817871,0.5945340394973755
1,np_fan_in,Fan-in NP,185,0.3563809501108273,0.36327114100604097,0.6436190605163574,0.6271407008171082,0.6436190605163574,0.6271407008171082
1,np_fan_in,Fan-in NP,186,0.4169165127037108,0.41936649555383726,0.58308345079422,0.569564700126648,0.58308345079422,0.569564700126648
1,np_fan_in,Fan-in NP,187,0.3518706949413285,0.3588923349861027,0.6481292843818665,0.6316350698471069,0.6481292843818665,0.6316350698471069
1,np_fan_in,Fan-in NP,188,0.3715197148249131,0.38587810226189073,0.6284803152084351,0.603937029838562,0.6284803152084351,0.603937029838562
1,np_fan_in,Fan-in NP,189,0.3470780338889869,0.357288332410561,0.6529219150543213,0.633281409740448,0.6529219150543213,0.633281409740448
1,np_fan_in,Fan-in NP,190,0.3444077768760134,0.3527356788169506,0.6555922031402588,0.6379542350769043,0.6555922031402588,0.6379542350769043
1,np_fan_in,Fan-in NP,191,0.3867259797199752,0.39307645587034,0.6132740378379822,0.5965486764907837,0.6132740378379822,0.5965486764907837
1,np_fan_in,Fan-in NP,192,0.34586666951807893,0.35699899760327597,0.6541333198547363,0.6335783004760742,0.6541333198547363,0.6335783004760742
1,np_fan_in,Fan-in NP,193,0.339168758239857,0.3474629059318424,0.6608312129974365,0.6433661580085754,0.6608312129974365,0.6433661580085754
1,np_fan_in,Fan-in NP,194,0.34834775051405265,0.3571700948153355,0.6516522169113159,0.6334028244018555,0.6516522169113159,0.6334028244018555
1,np_fan_in,Fan-in NP,195,0.33982735525730046,0.3476156476856202,0.660172700881958,0.6432093381881714,0.660172700881958,0.6432093381881714
1,np_fan_in,Fan-in NP,196,0.33313314824603324,0.3394781958687213,0.6668668985366821,0.6515616178512573,0.6668668985366821,0.6515616178512573
1,np_fan_in,Fan-in NP,197,0.33771688231202057,0.3446190123872239,0.6622830629348755,0.6462851166725159,0.6622830629348755,0.6462851166725159
1,np_fan_in,Fan-in NP,198,0.3409342368443807,0.34746878969576933,0.6590657234191895,0.6433601379394531,0.6590657234191895,0.6433601379394531
1,np_fan_in,Fan-in NP,199,0.33579388780649316,0.34298920908639596,0.6642061471939087,0.6479579210281372,0.6642061471939087,0.6479579210281372
1,np_fan_in,Fan-in NP,200,0.33311670417933503,0.33766728316166605,0.6668832898139954,0.6534203290939331,0.6668832898139954,0.6534203290939331
1,wp,WP,1,0.9717736031657965,0.9486113648081935,0.028226375579833984,0.02635103464126587,0.028226375579833984,0.02635103464126587
1,wp,WP,2,0.8572850042535353,0.8411218639492064,0.1427149772644043,0.1366775631904602,0.1427149772644043,0.1366775631904602
1,wp,WP,3,0.7818007127259129,0.7725287481795909,0.21819931268692017,0.20708125829696655,0.21819931268692017,0.20708125829696655
1,wp,WP,4,0.6098608286805856,0.6112277050350987,0.39013922214508057,0.372639536857605,0.39013922214508057,0.372639536857605
1,wp,WP,5,0.5457500219345093,0.5501955632091493,0.4542500376701355,0.4352825880050659,0.4542500376701355,0.4352825880050659
1,wp,WP,6,0.5544763983682145,0.5584737492162127,0.44552361965179443,0.426785945892334,0.44552361965179443,0.426785945892334
1,wp,WP,7,0.48691767569660216,0.4980807281279749,0.5130823254585266,0.4887729287147522,0.5130823254585266,0.4887729287147522
1,wp,WP,8,0.4706264526345009,0.4799511894699215,0.5293735861778259,0.5073809623718262,0.5293735861778259,0.5073809623718262
1,wp,WP,9,0.47745720406835396,0.4930901384168817,0.5225428342819214,0.4938952922821045,0.5225428342819214,0.4938952922821045
1,wp,WP,10,0.42930145527041236,0.4415056959603184,0.5706984996795654,0.5468412041664124,0.5706984996795654,0.5468412041664124
1,wp,WP,11,0.4299742520548577,0.4406802954599839,0.5700256824493408,0.547688364982605,0.5700256824493408,0.547688364982605
1,wp,WP,12,0.43483809144922003,0.452359198368797,0.5651618838310242,0.5357012748718262,0.5651618838310242,0.5357012748718262
1,wp,WP,13,0.4544056337471156,0.4711169448009757,0.545594334602356,0.5164483785629272,0.545594334602356,0.5164483785629272
1,wp,WP,14,0.4442406710266143,0.45731986908949623,0.5557593107223511,0.5306096076965332,0.5557593107223511,0.5306096076965332
1,wp,WP,15,0.42564907127110535,0.4357897685479748,0.5743509531021118,0.5527080297470093,0.5743509531021118,0.5527080297470093
1,wp,WP,16,0.4174542350824489,0.4274500548377518,0.5825457572937012,0.5612678527832031,0.5825457572937012,0.5612678527832031
1,wp,WP,17,0.44128439315529755,0.44697618854138277,0.5587156414985657,0.5412262678146362,0.5587156414985657,0.5412262678146362
1,wp,WP,18,0.40337262920630995,0.4119359518206397,0.5966273546218872,0.5771914720535278,0.5966273546218872,0.5771914720535278
1,wp,WP,19,0.39786189494206925,0.40421911126883453,0.602138102054596,0.5851119756698608,0.602138102054596,0.5851119756698608
1,wp,WP,20,0.40047901291255805,0.40385373502738714,0.5995209813117981,0.5854869484901428,0.5995209813117981,0.5854869484901428
1,wp,WP,21,0.4209660305533298,0.42577517656392827,0.5790339708328247,0.5629869699478149,0.5790339708328247,0.5629869699478149
1,wp,WP,22,0.4396638230297917,0.44018383497415586,0.560336172580719,0.5481979846954346,0.560336172580719,0.5481979846954346
1,wp,WP,23,0.39879478641258653,0.4073973579924236,0.6012052297592163,0.5818497538566589,0.6012052297592163,0.5818497538566589
1,wp,WP,24,0.4158606309761373,0.42652197147524634,0.584139347076416,0.5622204542160034,0.584139347076416,0.5622204542160034
1,wp,WP,25,0.3932817855546641,0.39947975005290304,0.6067181825637817,0.5899763703346252,0.6067181825637817,0.5899763703346252
1,wp,WP,26,0.4295199601225151,0.43839152792627495,0.5704800486564636,0.5500376224517822,0.5704800486564636,0.5500376224517822
1,wp,WP,27,0.4013778204603713,0.410068577574205,0.59862220287323,0.5791081190109253,0.59862220287323,0.5791081190109253
1,wp,WP,28,0.40015753306621726,0.4125480651855469,0.5998424291610718,0.5765631198883057,0.5998424291610718,0.5765631198883057
1,wp,WP,29,0.4320966264074163,0.44436583038448363,0.5679033994674683,0.5439056158065796,0.5679033994674683,0.5439056158065796
1,wp,WP,30,0.408986732248188,0.4175397092981856,0.5910132527351379,0.5714397430419922,0.5910132527351379,0.5714397430419922
1,wp,WP,31,0.41240902672442353,0.42197009620740433,0.5875909924507141,0.5668924450874329,0.5875909924507141,0.5668924450874329
1,wp,WP,32,0.43146018603051356,0.44316939304965414,0.5685398578643799,0.545133650302887,0.5685398578643799,0.545133650302887
1,wp,WP,33,0.4136254452457724,0.41685313078784203,0.5863745212554932,0.5721444487571716,0.5863745212554932,0.5721444487571716
1,wp,WP,34,0.40178700265034223,0.4080807418786278,0.5982129573822021,0.5811483263969421,0.5982129573822021,0.5811483263969421
1,wp,WP,35,0.40128230216891264,0.403669324956199,0.5987176895141602,0.5856762528419495,0.5987176895141602,0.5856762528419495
1,wp,WP,36,0.3848184669433638,0.38936936693598134,0.615181565284729,0.6003535985946655,0.615181565284729,0.6003535985946655
1,wp,WP,37,0.4079206818064978,0.41205291692600693,0.5920792818069458,0.5770713090896606,0.5920792818069458,0.5770713090896606
1,wp,WP,38,0.38950284599333773,0.39148741752602334,0.6104971766471863,0.5981796979904175,0.6104971766471863,0.5981796979904175
1,wp,WP,39,0.38587404995463614,0.390462727278702,0.6141259670257568,0.599231481552124,0.6141259670257568,0.599231481552124
1,wp,WP,40,0.38617973803549777,0.3907055242579113,0.6138203144073486,0.5989822149276733,0.6138203144073486,0.5989822149276733
1,wp,WP,41,0.3787456161754076,0.38285569858181384,0.6212543845176697,0.607039213180542,0.6212543845176697,0.607039213180542
1,wp,WP,42,0.3865021166875381,0.3942359551902889,0.6134978532791138,0.5953586101531982,0.6134978532791138,0.5953586101531982
1,wp,WP,43,0.38617825773797293,0.3907097707423129,0.6138217449188232,0.5989778637886047,0.6138217449188232,0.5989778637886047
1,wp,WP,44,0.39661489253820376,0.3976897357046142,0.6033850908279419,0.5918136239051819,0.6033850908279419,0.5918136239051819
1,wp,WP,45,0.38663833178291024,0.384456208741018,0.613361656665802,0.6053965091705322,0.613361656665802,0.6053965091705322
1,wp,WP,46,0.40016709279644397,0.4005536199078079,0.5998328924179077,0.588874101638794,0.5998328924179077,0.588874101638794
1,wp,WP,47,0.3925406692564025,0.39347566005795503,0.607459306716919,0.5961389541625977,0.607459306716919,0.5961389541625977
1,wp,WP,48,0.3939342348612556,0.39875880438227984,0.6060657501220703,0.5907163619995117,0.6060657501220703,0.5907163619995117
1,wp,WP,49,0.37661843614060747,0.3834577674089476,0.623381495475769,0.6064212322235107,0.623381495475769,0.6064212322235107
1,wp,WP,50,0.3846359814322272,0.3878107837928358,0.6153640151023865,0.601953387260437,0.6153640151023865,0.601953387260437
1,wp,WP,51,0.3825509903966918,0.3844144328158031,0.6174489259719849,0.605439305305481,0.6174489259719849,0.605439305305481
1,wp,WP,52,0.36381182074546814,0.36985405078229977,0.6361882090568542,0.6203839778900146,0.6361882090568542,0.6203839778900146
1,wp,WP,53,0.3738201333339824,0.38148882407550666,0.6261799335479736,0.6084421277046204,0.6261799335479736,0.6084421277046204
1,wp,WP,54,0.37063530156778735,0.3805618551812431,0.6293647289276123,0.6093935966491699,0.6293647289276123,0.6093935966491699
1,wp,WP,55,0.3625794829324234,0.37194507251414216,0.6374205350875854,0.6182378530502319,0.6374205350875854,0.6182378530502319
1,wp,WP,56,0.35921978361384815,0.36432245212007863,0.6407802104949951,0.6260616183280945,0.6407802104949951,0.6260616183280945
1,wp,WP,57,0.3536470118881196,0.3590829536434292,0.6463529467582703,0.6314394474029541,0.6463529467582703,0.6314394474029541
1,wp,WP,58,0.35562335116456645,0.35950935487599334,0.6443766355514526,0.6310017704963684,0.6443766355514526,0.6310017704963684
1,wp,WP,59,0.3608606394178184,0.36174927339997404,0.6391393542289734,0.6287026405334473,0.6391393542289734,0.6287026405334473
1,wp,WP,60,0.34967503482981244,0.34873373148053194,0.6503249406814575,0.6420618295669556,0.6503249406814575,0.6420618295669556
1,wp,WP,61,0.351821992286416,0.3523647159106972,0.648177981376648,0.6383349895477295,0.648177981376648,0.6383349895477295
1,wp,WP,62,0.36583939679833344,0.368376705997674,0.6341606378555298,0.6219003796577454,0.6341606378555298,0.6219003796577454
1,wp,WP,63,0.36109911055527916,0.36242517528607865,0.638900876045227,0.6280089616775513,0.638900876045227,0.6280089616775513
1,wp,WP,64,0.36459947868373044,0.36429944773053013,0.6354005336761475,0.6260851621627808,0.6354005336761475,0.6260851621627808
1,wp,WP,65,0.3612972499095192,0.36637790951617927,0.6387027502059937,0.6239519119262695,0.6387027502059937,0.6239519119262695
1,wp,WP,66,0.36038074059079783,0.3614853932413944,0.6396192312240601,0.6289735436439514,0.6396192312240601,0.6289735436439514
1,wp,WP,67,0.35595864404079525,0.35790062251017074,0.6440413594245911,0.6326529383659363,0.6440413594245911,0.6326529383659363
1,wp,WP,68,0.35404578290244404,0.35531521328659943,0.6459542512893677,0.6353065967559814,0.6459542512893677,0.6353065967559814
1,wp,WP,69,0.35115020854990614,0.3522756316865137,0.6488497853279114,0.6384264230728149,0.6488497853279114,0.6384264230728149
1,wp,WP,70,0.35732518818027287,0.3583209211974181,0.6426748037338257,0.6322215795516968,0.6426748037338257,0.6322215795516968
1,wp,WP,71,0.36163094247034355,0.36560205156488934,0.6383690237998962,0.6247482299804688,0.6383690237998962,0.6247482299804688
1,wp,WP,72,0.36128602841103724,0.3639036403145901,0.6387139558792114,0.6264914870262146,0.6387139558792114,0.6264914870262146
1,wp,WP,73,0.3628752922364908,0.3654079236263453,0.6371246576309204,0.6249475479125977,0.6371246576309204,0.6249475479125977
1,wp,WP,74,0.3669975952122563,0.3665479172107785,0.6330024003982544,0.623777449131012,0.6330024003982544,0.623777449131012
1,wp,WP,75,0.3646247658387635,0.367041082345238,0.6353752613067627,0.6232712268829346,0.6353752613067627,0.6232712268829346
1,wp,WP,76,0.36580663503602495,0.36756679531215697,0.6341933608055115,0.622731626033783,0.6341933608055115,0.622731626033783
1,wp,WP,77,0.3678139406581258,0.36712112537650177,0.6321860551834106,0.6231890916824341,0.6321860551834106,0.6231890916824341
1,wp,WP,78,0.37212191441262416,0.37254446629405946,0.6278780698776245,0.6176226139068604,0.6278780698776245,0.6176226139068604
1,wp,WP,79,0.3644258980603181,0.36581896580466927,0.6355741024017334,0.6245256066322327,0.6355741024017334,0.6245256066322327
1,wp,WP,80,0.35383203128973645,0.3596033128195031,0.6461679935455322,0.630905270576477,0.6461679935455322,0.630905270576477
1,wp,WP,81,0.36145703009394714,0.3697871020598005,0.6385430097579956,0.6204527616500854,0.6385430097579956,0.6204527616500854
1,wp,WP,82,0.35519377124864,0.3599704584872076,0.6448062062263489,0.6305285692214966,0.6448062062263489,0.6305285692214966
1,wp,WP,83,0.34978366106055503,0.353556703227435,0.6502163410186768,0.637111485004425,0.6502163410186768,0.637111485004425
1,wp,WP,84,0.3565794816312864,0.35692896861438606,0.6434204578399658,0.6336503028869629,0.6434204578399658,0.6336503028869629
1,wp,WP,85,0.3454561196556387,0.3464447814364766,0.6545438766479492,0.6444112062454224,0.6545438766479492,0.6444112062454224
1,wp,WP,86,0.36139902911444965,0.36481525200281956,0.6386010050773621,0.6255557537078857,0.6386010050773621,0.6255557537078857
1,wp,WP,87,0.3678090854208599,0.36966168395308563,0.6321908831596375,0.6205815076828003,0.6321908831596375,0.6205815076828003
1,wp,WP,88,0.36145651652369387,0.3614269781482312,0.6385434865951538,0.6290334463119507,0.6385434865951538,0.6290334463119507
1,wp,WP,89,0.382081163252971,0.3852815369302912,0.617918848991394,0.6045493483543396,0.617918848991394,0.6045493483543396
1,wp,WP,90,0.3702425446159156,0.37290339830309843,0.6297574043273926,0.6172541975975037,0.6297574043273926,0.6172541975975037
1,wp,WP,91,0.3817165845124296,0.38645960101785587,0.6182833909988403,0.6033401489257812,0.6182833909988403,0.6033401489257812
1,wp,WP,92,0.372957776221194,0.37823213417400686,0.6270422339439392,0.611784815788269,0.6270422339439392,0.611784815788269
1,wp,WP,93,0.3782005816004997,0.38547824889190435,0.6217994093894958,0.6043474674224854,0.6217994093894958,0.6043474674224854
1,wp,WP,94,0.38242451465407085,0.3884340654047885,0.617575466632843,0.601313591003418,0.617575466632843,0.601313591003418
1,wp,WP,95,0.4007582863171895,0.399020956930264,0.5992417335510254,0.5904473066329956,0.5992417335510254,0.5904473066329956
1,wp,WP,96,0.3908539626949517,0.38975300668746005,0.609145998954773,0.5999598503112793,0.609145998954773,0.5999598503112793
1,wp,WP,97,0.37520012328791064,0.3732807858045711,0.6247998476028442,0.6168668866157532,0.6247998476028442,0.6168668866157532
1,wp,WP,98,0.3720274117103843,0.37113699455593907,0.6279726028442383,0.6190671920776367,0.6279726028442383,0.6190671920776367
1,wp,WP,99,0.362202695751375,0.3580308082953904,0.6377972960472107,0.6325193643569946,0.6377972960472107,0.6325193643569946
1,wp,WP,100,0.38030929112619205,0.37643161346746046,0.6196906566619873,0.61363285779953,0.6196906566619873,0.61363285779953
1,wp,WP,101,0.37387727039266927,0.3761286557644837,0.6261227130889893,0.6139438152313232,0.6261227130889893,0.6139438152313232
1,wp,WP,102,0.3668073377636976,0.36574563568876695,0.6331926584243774,0.624600887298584,0.6331926584243774,0.624600887298584
1,wp,WP,103,0.37995515844618627,0.3768396590107171,0.6200448274612427,0.6132140159606934,0.6200448274612427,0.6132140159606934
1,wp,WP,104,0.37977185776067335,0.38139700681664224,0.6202281713485718,0.608536422252655,0.6202281713485718,0.608536422252655
1,wp,WP,105,0.3836376052494197,0.3848549178404401,0.6163623332977295,0.6049872040748596,0.6163623332977295,0.6049872040748596
1,wp,WP,106,0.36129035690958183,0.3632874669030655,0.6387096047401428,0.6271239519119263,0.6387096047401428,0.6271239519119263
1,wp,WP,107,0.36817974244901375,0.36730651869330294,0.6318202018737793,0.622998833656311,0.6318202018737793,0.622998833656311
1,wp,WP,108,0.3635949671499489,0.3683247275130693,0.6364049911499023,0.6219537258148193,0.6364049911499023,0.6219537258148193
1,wp,WP,109,0.36826830132063043,0.3765632438567258,0.6317316293716431,0.6134977340698242,0.6317316293716431,0.6134977340698242
1,wp,WP,110,0.36308138465234474,0.3691990220731543,0.6369186639785767,0.621056318283081,0.6369186639785767,0.621056318283081
1,wp,WP,111,0.36873553034871126,0.3694814910260282,0.6312644481658936,0.6207664012908936,0.6312644481658936,0.6207664012908936
1,wp,WP,112,0.3746269382247629,0.379523377085841,0.6253730058670044,0.6104595065116882,0.6253730058670044,0.6104595065116882
1,wp,WP,113,0.3787184156650721,0.3843213310537412,0.6212815642356873,0.6055349111557007,0.6212815642356873,0.6055349111557007
1,wp,WP,114,0.37422421643900317,0.3792123734488968,0.6257757544517517,0.6107786893844604,0.6257757544517517,0.6107786893844604
1,wp,WP,115,0.38232886259870014,0.3924924056659373,0.6176711320877075,0.5971481204032898,0.6176711320877075,0.5971481204032898
1,wp,WP,116,0.3956105434155279,0.40134444694186366,0.6043894290924072,0.5880624651908875,0.6043894290924072,0.5880624651908875
1,wp,WP,117,0.40038892696070116,0.4093284417492475,0.5996111035346985,0.5798677206039429,0.5996111035346985,0.5798677206039429
1,wp,WP,118,0.3867248173138892,0.392088044059369,0.6132751703262329,0.5975631475448608,0.6132751703262329,0.5975631475448608
1,wp,WP,119,0.38482575338016184,0.3988258205642996,0.6151742935180664,0.5906475782394409,0.6151742935180664,0.5906475782394409
1,wp,WP,120,0.37483387746552166,0.3818450893542563,0.625166118144989,0.6080765128135681,0.625166118144989,0.6080765128135681
1,wp,WP,121,0.3736155019250027,0.3900136966113896,0.6263844966888428,0.5996922850608826,0.6263844966888428,0.5996922850608826
1,wp,WP,122,0.37360299384409146,0.3859385612399079,0.6263970136642456,0.6038750410079956,0.6263970136642456,0.6038750410079956
1,wp,WP,123,0.3822401956070301,0.39053067911502926,0.6177598237991333,0.599161684513092,0.6177598237991333,0.599161684513092
1,wp,WP,124,0.3731908666533093,0.37619346934695574,0.6268091201782227,0.6138772964477539,0.6268091201782227,0.6138772964477539
1,wp,WP,125,0.37373239425725713,0.3768131816109946,0.6262676119804382,0.6132411956787109,0.6262676119804382,0.6132411956787109
1,wp,WP,126,0.37589991300605063,0.3769233534040377,0.6241000890731812,0.6131281852722168,0.6241000890731812,0.6131281852722168
1,wp,WP,127,0.38888278326322867,0.38580209016799927,0.6111172437667847,0.604015052318573,0.6111172437667847,0.604015052318573
1,wp,WP,128,0.39136103950729667,0.38951251395913056,0.6086389422416687,0.6002066731452942,0.6086389422416687,0.6002066731452942
1,wp,WP,129,0.39785245511420936,0.3937945809475211,0.6021475791931152,0.5958116054534912,0.6021475791931152,0.5958116054534912
1,wp,WP,130,0.3932249097861061,0.3868923845679261,0.6067751049995422,0.602895975112915,0.6067751049995422,0.602895975112915
1,wp,WP,131,0.3965172220108121,0.3951592087283615,0.603482723236084,0.5944109559059143,0.603482723236084,0.5944109559059143
1,wp,WP,132,0.39359306942584904,0.393950062204701,0.6064069271087646,0.5956520438194275,0.6064069271087646,0.5956520438194275
1,wp,WP,133,0.38416982759800994,0.3850972754086635,0.6158301830291748,0.6047384738922119,0.6158301830291748,0.6047384738922119
1,wp,WP,134,0.3912707504838012,0.3892016618750816,0.6087292432785034,0.6005257368087769,0.6087292432785034,0.6005257368087769
1,wp,WP,135,0.3911023418339648,0.3909789991471194,0.6088976263999939,0.5987014770507812,0.6088976263999939,0.5987014770507812
1,wp,WP,136,0.3787177411853805,0.38072928416636564,0.6212822198867798,0.6092217564582825,0.6212822198867798,0.6092217564582825
1,wp,WP,137,0.39104261694028397,0.39279456887134284,0.6089574098587036,0.5968379974365234,0.6089574098587036,0.5968379974365234
1,wp,WP,138,0.3946428855722265,0.391605932121129,0.6053571105003357,0.5980579853057861,0.6053571105003357,0.5980579853057861
1,wp,WP,139,0.40243908092957137,0.39796167011408845,0.5975608825683594,0.5915345549583435,0.5975608825683594,0.5915345549583435
1,wp,WP,140,0.3974775085153506,0.3938884120578914,0.6025224924087524,0.5957152843475342,0.6025224924087524,0.5957152843475342
1,wp,WP,141,0.3961186725501866,0.39220705050830695,0.603881299495697,0.5974410176277161,0.603881299495697,0.5974410176277161
1,wp,WP,142,0.3965287222418674,0.3970114972240241,0.6034712791442871,0.5925097465515137,0.6034712791442871,0.5925097465515137
1,wp,WP,143,0.38341775767562924,0.3799599917360054,0.6165822744369507,0.6100113391876221,0.6165822744369507,0.6100113391876221
1,wp,WP,144,0.3926739410836567,0.38299779859624167,0.6073260307312012,0.6068933606147766,0.6073260307312012,0.6068933606147766
1,wp,WP,145,0.41022110227928604,0.40141473860703697,0.5897789001464844,0.5879902839660645,0.5897789001464844,0.5879902839660645
1,wp,WP,146,0.4190700516220211,0.4106853493424349,0.5809299945831299,0.5784749984741211,0.5809299945831299,0.5784749984741211
1,wp,WP,147,0.396470344112825,0.39213627322699673,0.6035296320915222,0.5975136756896973,0.6035296320915222,0.5975136756896973
1,wp,WP,148,0.410501453765603,0.3988266395506009,0.5894985198974609,0.5906467437744141,0.5894985198974609,0.5906467437744141
1,wp,WP,149,0.40530485654062076,0.39427975790445197,0.5946951508522034,0.5953136086463928,0.5946951508522034,0.5953136086463928
1,wp,WP,150,0.38970271861830424,0.38179108084634295,0.6102972626686096,0.608132004737854,0.6102972626686096,0.608132004737854
1,wp,WP,151,0.39164706163628155,0.3848080990850463,0.6083529591560364,0.6050353050231934,0.6083529591560364,0.6050353050231934
1,wp,WP,152,0.40753047156703565,0.3950211909390235,0.5924695730209351,0.5945526361465454,0.5924695730209351,0.5945526361465454
1,wp,WP,153,0.3863760560981987,0.37378636718720426,0.6136239767074585,0.6163479089736938,0.6136239767074585,0.6163479089736938
1,wp,WP,154,0.38131871322790784,0.37148003615150155,0.6186813116073608,0.6187150478363037,0.6186813116073608,0.6187150478363037
1,wp,WP,155,0.38628652299097344,0.38148556245389836,0.6137134432792664,0.6084455251693726,0.6137134432792664,0.6084455251693726
1,wp,WP,156,0.38143556628578396,0.3759404631086098,0.6185644865036011,0.6141369342803955,0.6185644865036011,0.6141369342803955
1,wp,WP,157,0.3808373208193816,0.3751562519590984,0.6191626787185669,0.6149418354034424,0.6191626787185669,0.6149418354034424
1,wp,WP,158,0.37740633261296175,0.36894732436468436,0.6225936412811279,0.6213147044181824,0.6225936412811279,0.6213147044181824
1,wp,WP,159,0.3785266940907914,0.3738060630569162,0.6214733123779297,0.6163276433944702,0.6214733123779297,0.6163276433944702
1,wp,WP,160,0.38549184152322225,0.3788371344869451,0.6145081520080566,0.611163854598999,0.6145081520080566,0.611163854598999
1,wp,WP,161,0.38450635865677235,0.3771294073541035,0.615493655204773,0.6129165887832642,0.615493655204773,0.6129165887832642
1,wp,WP,162,0.37703388582828434,0.37139500504316286,0.6229661703109741,0.6188024282455444,0.6229661703109741,0.6188024282455444
1,wp,WP,163,0.3778644578401433,0.37216889234476314,0.6221355199813843,0.6180080771446228,0.6221355199813843,0.6180080771446228
1,wp,WP,164,0.3725556264552035,0.36828137345092243,0.6274443864822388,0.6219981908798218,0.6274443864822388,0.6219981908798218
1,wp,WP,165,0.38452757871890253,0.3847759800363881,0.6154724359512329,0.6050682067871094,0.6154724359512329,0.6050682067871094
1,wp,WP,166,0.38117674247238986,0.3853698774825695,0.618823230266571,0.6044586896896362,0.618823230266571,0.6044586896896362
1,wp,WP,167,0.37893585167651955,0.3779335021972656,0.6210641860961914,0.6120913028717041,0.6210641860961914,0.6120913028717041
1,wp,WP,168,0.36988086559513744,0.3695740748283475,0.6301190853118896,0.6206713914871216,0.6301190853118896,0.6206713914871216
1,wp,WP,169,0.3634318323560463,0.36773424116215964,0.6365681886672974,0.6225597858428955,0.6365681886672974,0.6225597858428955
1,wp,WP,170,0.3583336116731629,0.3588663401991822,0.6416664123535156,0.6316617727279663,0.6416664123535156,0.6316617727279663
1,wp,WP,171,0.37581359531528263,0.3774190228576808,0.6241863965988159,0.6126194000244141,0.6241863965988159,0.6126194000244141
1,wp,WP,172,0.3758627908636433,0.37740234672561174,0.6241371631622314,0.6126364469528198,0.6241371631622314,0.6126364469528198
1,wp,WP,173,0.387613451180532,0.3913667414539544,0.6123865842819214,0.598303496837616,0.6123865842819214,0.598303496837616
1,wp,WP,174,0.37769590202690095,0.38300273861995965,0.6223040819168091,0.6068882942199707,0.6223040819168091,0.6068882942199707
1,wp,WP,175,0.3754692209321399,0.3813964639061181,0.6245307922363281,0.608536958694458,0.6245307922363281,0.608536958694458
1,wp,WP,176,0.38339292402415315,0.38055284633192904,0.6166070699691772,0.6094028353691101,0.6166070699691772,0.6094028353691101
1,wp,WP,177,0.38998304457627525,0.3926713949488115,0.610016942024231,0.5969644784927368,0.610016942024231,0.5969644784927368
1,wp,WP,178,0.3930384442787762,0.3957106544989948,0.6069616079330444,0.5938449501991272,0.6069616079330444,0.5938449501991272
1,wp,WP,179,0.363901989635571,0.365427012591399,0.6360980272293091,0.6249278783798218,0.6360980272293091,0.6249278783798218
1,wp,WP,180,0.3640370742064114,0.3684837873591933,0.635962963104248,0.6217904090881348,0.635962963104248,0.6217904090881348
1,wp,WP,181,0.36497974950213763,0.363971948854683,0.6350202560424805,0.6264213919639587,0.6350202560424805,0.6264213919639587
1,wp,WP,182,0.3591394946556683,0.36240225083144134,0.6408604979515076,0.6280324459075928,0.6408604979515076,0.6280324459075928
1,wp,WP,183,0.36451734845028366,0.36624667741531547,0.635482668876648,0.6240866184234619,0.635482668876648,0.6240866184234619
1,wp,WP,184,0.36852916104848993,0.3749557340791983,0.6314708590507507,0.6151476502418518,0.6314708590507507,0.6151476502418518
1,wp,WP,185,0.3657748567503552,0.3674538655336513,0.6342251300811768,0.6228475570678711,0.6342251300811768,0.6228475570678711
1,wp,WP,186,0.36982208039871484,0.37013487991436506,0.6301779747009277,0.6200957298278809,0.6301779747009277,0.6200957298278809
1,wp,WP,187,0.36787096012470333,0.36671184615571367,0.6321290731430054,0.623609185218811,0.6321290731430054,0.623609185218811
1,wp,WP,188,0.3769742666288864,0.37111982633901197,0.6230257153511047,0.6190848350524902,0.6230257153511047,0.6190848350524902
1,wp,WP,189,0.3725230753883835,0.36477521131205004,0.6274769306182861,0.6255968809127808,0.6274769306182861,0.6255968809127808
1,wp,WP,190,0.36529192282247913,0.3631909995578056,0.634708046913147,0.627223014831543,0.634708046913147,0.627223014831543
1,wp,WP,191,0.36256029266257617,0.36325218788413116,0.6374397277832031,0.6271600723266602,0.6374397277832031,0.6271600723266602
1,wp,WP,192,0.3687915822794271,0.3708963542021522,0.6312084197998047,0.6193141937255859,0.6312084197998047,0.6193141937255859
1,wp,WP,193,0.3659973159547924,0.3663595330345538,0.634002685546875,0.6239707469940186,0.634002685546875,0.6239707469940186
1,wp,WP,194,0.37623102859009144,0.37796059250831604,0.6237689852714539,0.6120635271072388,0.6237689852714539,0.6120635271072388
1,wp,WP,195,0.38571797138036684,0.3855931467788164,0.6142820715904236,0.6042294502258301,0.6142820715904236,0.6042294502258301
1,wp,WP,196,0.37014885385369145,0.37182304240012354,0.6298511028289795,0.618363082408905,0.6298511028289795,0.618363082408905
1,wp,WP,197,0.37963500156883123,0.37959776691688124,0.6203650236129761,0.610383152961731,0.6203650236129761,0.610383152961731
1,wp,WP,198,0.3819075878276381,0.3829751213391622,0.61809241771698,0.606916606426239,0.61809241771698,0.606916606426239
1,wp,WP,199,0.3709956636262495,0.3775689911472705,0.6290043592453003,0.6124654412269592,0.6290043592453003,0.6124654412269592
1,wp,WP,200,0.38398858442787054,0.3873482249503912,0.616011381149292,0.6024280786514282,0.616011381149292,0.6024280786514282
2,bp,BP,1,1.0015521146530328,0.9746144742004631,-0.0015521049499511719,-0.0003383159637451172,-0.0015521049499511719,-0.0003383159637451172
2,bp,BP,2,0.9918621196303257,0.9675210067468096,0.008137881755828857,0.0069422125816345215,0.008137881755828857,0.0069422125816345215
2,bp,BP,3,0.97566263158192,0.951775307803191,0.024337470531463623,0.02310347557067871,0.024337470531463623,0.02310347557067871
2,bp,BP,4,0.911955012831577,0.8921135959699172,0.08804500102996826,0.08433985710144043,0.08804500102996826,0.08433985710144043
2,bp,BP,5,0.5721063336660696,0.5779175081456355,0.4278936982154846,0.40682893991470337,0.4278936982154846,0.40682893991470337
2,bp,BP,6,0.5297193134477897,0.5530765236810197,0.4702807068824768,0.432325541973114,0.4702807068824768,0.432325541973114
2,bp,BP,7,0.4549783052400101,0.46742629843164785,0.5450217127799988,0.5202364921569824,0.5450217127799988,0.5202364921569824
2,bp,BP,8,0.41489553913589594,0.43039806730063385,0.5851044654846191,0.5582420229911804,0.5851044654846191,0.5582420229911804
2,bp,BP,9,0.38956139323323274,0.4018006634342578,0.6104385852813721,0.5875941514968872,0.6104385852813721,0.5875941514968872
2,bp,BP,10,0.38995130972344744,0.4025553030561107,0.6100486516952515,0.5868196487426758,0.6100486516952515,0.5868196487426758
2,bp,BP,11,0.38224618518075276,0.38939062638800276,0.617753803730011,0.6003317832946777,0.617753803730011,0.6003317832946777
2,bp,BP,12,0.3621002911597259,0.37001480173694995,0.6378997564315796,0.6202189922332764,0.6378997564315796,0.6202189922332764
2,bp,BP,13,0.371026325826497,0.37525012973667116,0.6289737224578857,0.6148455142974854,0.6289737224578857,0.6148455142974854
2,bp,BP,14,0.3571111409701118,0.3648400112640026,0.6428889036178589,0.6255303621292114,0.6428889036178589,0.6255303621292114
2,bp,BP,15,0.3596381047206332,0.3672431067440861,0.6403619050979614,0.623063862323761,0.6403619050979614,0.623063862323761
2,bp,BP,16,0.3521696721860605,0.3549768661343774,0.6478303670883179,0.6356538534164429,0.6478303670883179,0.6356538534164429
2,bp,BP,17,0.34302660638047744,0.34837512244549834,0.6569733619689941,0.6424298882484436,0.6569733619689941,0.6424298882484436
2,bp,BP,18,0.3381078572467316,0.3419675859369973,0.6618921756744385,0.6490064859390259,0.6618921756744385,0.6490064859390259
2,bp,BP,19,0.34814627387726954,0.3490802622580713,0.6518537402153015,0.641706109046936,0.6518537402153015,0.641706109046936
2,bp,BP,20,0.35023044211457866,0.35024975274884423,0.6497695446014404,0.6405057311058044,0.6497695446014404,0.6405057311058044
2,bp,BP,21,0.34988846104274424,0.3497707196908404,0.6501115560531616,0.6409974098205566,0.6501115560531616,0.6409974098205566
2,bp,BP,22,0.33658519260181013,0.34079831191735677,0.6634148359298706,0.6502066850662231,0.6634148359298706,0.6502066850662231
2,bp,BP,23,0.3296871919964635,0.3324062297510546,0.670312762260437,0.6588202714920044,0.670312762260437,0.6588202714920044
2,bp,BP,24,0.33533948706102,0.33462927877440934,0.6646604537963867,0.6565384864807129,0.6646604537963867,0.6565384864807129
2,bp,BP,25,0.33699860059937764,0.33611979872681375,0.6630014181137085,0.6550086140632629,0.6630014181137085,0.6550086140632629
2,bp,BP,26,0.34083657913891846,0.34480379302372305,0.6591634154319763,0.6460954546928406,0.6591634154319763,0.6460954546928406
2,bp,BP,27,0.3323517092900683,0.33575185139973956,0.6676483154296875,0.6553863286972046,0.6676483154296875,0.6553863286972046
2,bp,BP,28,0.32393966210904973,0.3263939475828363,0.6760603189468384,0.6649911999702454,0.6760603189468384,0.6649911999702454
2,bp,BP,29,0.34178623476231745,0.33943701760713446,0.65821373462677,0.6516038775444031,0.65821373462677,0.6516038775444031
2,bp,BP,30,0.32227968430334286,0.32104840366415277,0.677720308303833,0.6704778075218201,0.677720308303833,0.6704778075218201
2,bp,BP,31,0.31627771812815997,0.3156741358513056,0.6837222576141357,0.6759939789772034,0.6837222576141357,0.6759939789772034
2,bp,BP,32,0.3168602419453998,0.3156825731429019,0.6831398010253906,0.6759853363037109,0.6831398010253906,0.6759853363037109
2,bp,BP,33,0.31530722686948703,0.3163533906141917,0.6846928000450134,0.6752967834472656,0.6846928000450134,0.6752967834472656
2,bp,BP,34,0.31122450172439103,0.31189732449923374,0.6887755393981934,0.6798704862594604,0.6887755393981934,0.6798704862594604
2,bp,BP,35,0.30948503604230954,0.3091764193634654,0.6905149817466736,0.6826631426811218,0.6905149817466736,0.6826631426811218
2,bp,BP,36,0.3097836714844371,0.3102069018885147,0.6902163624763489,0.6816055774688721,0.6902163624763489,0.6816055774688721
2,bp,BP,37,0.3086001279280167,0.3087090346240258,0.6913999319076538,0.683142900466919,0.6913999319076538,0.683142900466919
2,bp,BP,38,0.32804447816785914,0.33021129656207654,0.6719555258750916,0.6610730886459351,0.6719555258750916,0.6610730886459351
2,bp,BP,39,0.30756145034187526,0.30619216265604476,0.692438542842865,0.6857261657714844,0.692438542842865,0.6857261657714844
2,bp,BP,40,0.3079748779766319,0.3082487099161444,0.6920251846313477,0.6836153864860535,0.6920251846313477,0.6836153864860535
2,bp,BP,41,0.3039618918831034,0.3025560281997503,0.6960381269454956,0.6894582509994507,0.6960381269454956,0.6894582509994507
2,bp,BP,42,0.3052418064470439,0.30350907967072127,0.6947581768035889,0.6884801387786865,0.6947581768035889,0.6884801387786865
2,bp,BP,43,0.3022532654825107,0.3017231311446937,0.697746753692627,0.6903132200241089,0.697746753692627,0.6903132200241089
2,bp,BP,44,0.30778846618279004,0.3082576200019482,0.6922115087509155,0.6836062669754028,0.6922115087509155,0.6836062669754028
2,bp,BP,45,0.31014031887978544,0.30740725855494655,0.6898596286773682,0.6844789981842041,0.6898596286773682,0.6844789981842041
2,bp,BP,46,0.3012296223594237,0.30086959101432975,0.6987704038619995,0.6911892294883728,0.6987704038619995,0.6911892294883728
2,bp,BP,47,0.30368561049302417,0.303645561023276,0.6963143348693848,0.6883400678634644,0.6963143348693848,0.6883400678634644
2,bp,BP,48,0.30987785144369734,0.3103307770897252,0.690122127532959,0.6814783811569214,0.690122127532959,0.6814783811569214
2,bp,BP,49,0.29827080470647,0.2977786803430365,0.7017291784286499,0.6943617463111877,0.7017291784286499,0.6943617463111877
2,bp,BP,50,0.2996911311796469,0.297566154206446,0.7003087997436523,0.6945798397064209,0.7003087997436523,0.6945798397064209
2,bp,BP,51,0.2966573330783105,0.2958549656147181,0.7033426761627197,0.6963362693786621,0.7033426761627197,0.6963362693786621
2,bp,BP,52,0.298155517425648,0.2976346179958462,0.7018445134162903,0.6945096254348755,0.7018445134162903,0.6945096254348755
2,bp,BP,53,0.29710678120916206,0.29616544066473494,0.7028932571411133,0.6960175633430481,0.7028932571411133,0.6960175633430481
2,bp,BP,54,0.29925776544467425,0.296871869138969,0.700742244720459,0.6952924728393555,0.700742244720459,0.6952924728393555
2,bp,BP,55,0.3462843458319819,0.3485326475875322,0.6537156105041504,0.642268180847168,0.6537156105041504,0.642268180847168
2,bp,BP,56,0.29773305691489876,0.2952022321464479,0.7022669315338135,0.6970062255859375,0.7022669315338135,0.6970062255859375
2,bp,BP,57,0.2968140135901843,0.29433052946430766,0.7031859755516052,0.6979009509086609,0.7031859755516052,0.6979009509086609
2,bp,BP,58,0.30927649948948116,0.30592521193415617,0.6907234787940979,0.6860001683235168,0.6907234787940979,0.6860001683235168
2,bp,BP,59,0.2931563965109892,0.2918778048005215,0.7068436145782471,0.7004183530807495,0.7068436145782471,0.7004183530807495
2,bp,BP,60,0.3059950000786966,0.30607330891513085,0.694005012512207,0.6858481764793396,0.694005012512207,0.6858481764793396
2,bp,BP,61,0.3065236538879631,0.30285849081453425,0.6934763193130493,0.6891478300094604,0.6934763193130493,0.6891478300094604
2,bp,BP,62,0.2929288411094237,0.29182340470395346,0.7070711851119995,0.7004742622375488,0.7070711851119995,0.7004742622375488
2,bp,BP,63,0.29177508994128354,0.28939739412577575,0.708224892616272,0.7029642462730408,0.708224892616272,0.7029642462730408
2,bp,BP,64,0.2907726406589035,0.28828956637271613,0.7092273831367493,0.7041013240814209,0.7092273831367493,0.7041013240814209
2,bp,BP,65,0.29257783628711403,0.2915061776952226,0.7074221968650818,0.700799822807312,0.7074221968650818,0.700799822807312
2,bp,BP,66,0.2906650882358699,0.2893232924993648,0.7093349099159241,0.7030403017997742,0.7093349099159241,0.7030403017997742
2,bp,BP,67,0.2980024486549141,0.2949516038561976,0.7019975781440735,0.6972634792327881,0.7019975781440735,0.6972634792327881
2,bp,BP,68,0.28925240848415584,0.2878698795571808,0.7107475996017456,0.7045321464538574,0.7107475996017456,0.7045321464538574
2,bp,BP,69,0.28847381264664407,0.28691754230233124,0.7115262150764465,0.7055095434188843,0.7115262150764465,0.7055095434188843
2,bp,BP,70,0.29558762838674146,0.2948963884697404,0.7044123411178589,0.6973201036453247,0.7044123411178589,0.6973201036453247
2,bp,BP,71,0.2896881445433742,0.2871300467225008,0.7103118300437927,0.7052914500236511,0.7103118300437927,0.7052914500236511
2,bp,BP,72,0.2894632130168205,0.28790567896162816,0.710536777973175,0.7044953107833862,0.710536777973175,0.7044953107833862
2,bp,BP,73,0.30349738965200823,0.3034524374692015,0.6965026259422302,0.6885382533073425,0.6965026259422302,0.6885382533073425
2,bp,BP,74,0.2865940905356592,0.2843597999145818,0.7134059071540833,0.7081347703933716,0.7134059071540833,0.7081347703933716
2,bp,BP,75,0.3054868521154389,0.30539628459039586,0.6945131421089172,0.6865431070327759,0.6945131421089172,0.6865431070327759
2,bp,BP,76,0.2867427184138187,0.28452427927837814,0.7132573127746582,0.7079659700393677,0.7132573127746582,0.7079659700393677
2,bp,BP,77,0.2944740879443265,0.29121671074120575,0.7055259346961975,0.7010968923568726,0.7055259346961975,0.7010968923568726
2,bp,BP,78,0.28706604866094365,0.28558103728664014,0.7129339575767517,0.7068814039230347,0.7129339575767517,0.7068814039230347
2,bp,BP,79,0.28758673196615175,0.2862599101639533,0.7124132513999939,0.7061845064163208,0.7124132513999939,0.7061845064163208
2,bp,BP,80,0.2860492150219836,0.2835393300814222,0.7139507532119751,0.7089769840240479,0.7139507532119751,0.7089769840240479
2,bp,BP,81,0.286376749475797,0.2847974307315294,0.7136232256889343,0.7076855897903442,0.7136232256889343,0.7076855897903442
2,bp,BP,82,0.28563892263774726,0.28415947551875154,0.7143610715866089,0.7083404064178467,0.7143610715866089,0.7083404064178467
2,bp,BP,83,0.2969719058321428,0.29320433620334596,0.7030280828475952,0.69905686378479,0.7030280828475952,0.69905686378479
2,bp,BP,84,0.2932340773039086,0.292242487040601,0.7067659497261047,0.7000440359115601,0.7067659497261047,0.7000440359115601
2,bp,BP,85,0.28298688974491387,0.28081054477266565,0.7170131206512451,0.7117777466773987,0.7170131206512451,0.7117777466773987
2,bp,BP,86,0.2940765247326489,0.2904157740201137,0.7059234380722046,0.7019190192222595,0.7059234380722046,0.7019190192222595
2,bp,BP,87,0.2821564160345137,0.28019806026488314,0.7178435921669006,0.7124063968658447,0.7178435921669006,0.7124063968658447
2,bp,BP,88,0.2817935952844546,0.2791483874699866,0.7182064056396484,0.7134838104248047,0.7182064056396484,0.7134838104248047
2,bp,BP,89,0.2815803284792937,0.2786112621773121,0.7184196710586548,0.7140350341796875,0.7184196710586548,0.7140350341796875
2,bp,BP,90,0.28152097588361696,0.2787833418263945,0.7184790372848511,0.713858425617218,0.7184790372848511,0.713858425617218
2,bp,BP,91,0.2808587927688924,0.27838627058406207,0.7191411256790161,0.7142660617828369,0.7191411256790161,0.7142660617828369
2,bp,BP,92,0.28035359165465185,0.27803732189097147,0.7196464538574219,0.7146241664886475,0.7196464538574219,0.7146241664886475
2,bp,BP,93,0.30760501475297203,0.3033508071603701,0.6923949718475342,0.6886425614356995,0.6923949718475342,0.6886425614356995
2,bp,BP,94,0.2798340005237003,0.27739434417828107,0.7201659679412842,0.7152841091156006,0.7201659679412842,0.7152841091156006
2,bp,BP,95,0.2793787668148677,0.27690540011539017,0.7206212282180786,0.7157859802246094,0.7206212282180786,0.7157859802246094
2,bp,BP,96,0.27895495849986407,0.2766211998555087,0.7210450172424316,0.7160776853561401,0.7210450172424316,0.7160776853561401
2,bp,BP,97,0.27870115591574085,0.2764103352561478,0.7212988138198853,0.7162941098213196,0.7212988138198853,0.7162941098213196
2,bp,BP,98,0.2906933235105618,0.28990704629772396,0.7093067169189453,0.7024410963058472,0.7093067169189453,0.7024410963058472
2,bp,BP,99,0.2825318720451621,0.2794216989084732,0.7174681425094604,0.7132031917572021,0.7174681425094604,0.7132031917572021
2,bp,BP,100,0.27994289081688073,0.2783796079168024,0.7200571298599243,0.7142728567123413,0.7200571298599243,0.7142728567123413
2,bp,BP,101,0.28115509369576624,0.2794836895872456,0.7188448905944824,0.7131395936012268,0.7188448905944824,0.7131395936012268
2,bp,BP,102,0.28972444065319475,0.2890718505364056,0.7102755308151245,0.7032984495162964,0.7102755308151245,0.7032984495162964
2,bp,BP,103,0.2778781725223674,0.27560093744780667,0.7221218347549438,0.7171248197555542,0.7221218347549438,0.7171248197555542
2,bp,BP,104,0.27821605011474254,0.27620421326899713,0.7217839956283569,0.7165056467056274,0.7217839956283569,0.7165056467056274
2,bp,BP,105,0.2814772554146227,0.2798619131709254,0.7185227870941162,0.7127514481544495,0.7185227870941162,0.7127514481544495
2,bp,BP,106,0.2796483931615371,0.2776810831801836,0.7203515768051147,0.7149897813796997,0.7203515768051147,0.7149897813796997
2,bp,BP,107,0.27750408164290497,0.27567531018294106,0.7224959135055542,0.7170485258102417,0.7224959135055542,0.7170485258102417
2,bp,BP,108,0.2755190742801326,0.27318437732467354,0.7244809865951538,0.7196052074432373,0.7244809865951538,0.7196052074432373
2,bp,BP,109,0.29500053210775984,0.29446162525997605,0.7049994468688965,0.6977663040161133,0.7049994468688965,0.6977663040161133
2,bp,BP,110,0.2777391152326451,0.2743748723305473,0.7222608923912048,0.7183833122253418,0.7222608923912048,0.7183833122253418
2,bp,BP,111,0.27596584147261094,0.2725693358238353,0.7240341901779175,0.7202364802360535,0.7240341901779175,0.7202364802360535
2,bp,BP,112,0.2743053930674412,0.27148139673148014,0.7256946563720703,0.7213531732559204,0.7256946563720703,0.7213531732559204
2,bp,BP,113,0.27519891081854353,0.2722753088834674,0.7248010635375977,0.7205382585525513,0.7248010635375977,0.7205382585525513
2,bp,BP,114,0.27430354104947674,0.2719941626685534,0.7256964445114136,0.7208268046379089,0.7256964445114136,0.7208268046379089
2,bp,BP,115,0.2743235409490822,0.271568018105603,0.725676417350769,0.7212642431259155,0.725676417350769,0.7212642431259155
2,bp,BP,116,0.2745689042778902,0.27129527880239857,0.7254310846328735,0.7215441465377808,0.7254310846328735,0.7215441465377808
2,bp,BP,117,0.2735044138376103,0.27092766807984936,0.726495623588562,0.721921443939209,0.726495623588562,0.721921443939209
2,bp,BP,118,0.27337275930615357,0.2714636745147927,0.7266272306442261,0.7213712930679321,0.7266272306442261,0.7213712930679321
2,bp,BP,119,0.277734811684882,0.2741090144759925,0.7222652435302734,0.7186561226844788,0.7222652435302734,0.7186561226844788
2,bp,BP,120,0.27635169837825985,0.2731159491132396,0.7236483097076416,0.7196754217147827,0.7236483097076416,0.7196754217147827
2,bp,BP,121,0.28289737927821257,0.2787927010262659,0.717102587223053,0.7138488292694092,0.717102587223053,0.7138488292694092
2,bp,BP,122,0.27294040511744894,0.27131877689398537,0.7270596027374268,0.7215200066566467,0.7270596027374268,0.7215200066566467
2,bp,BP,123,0.2806148942588836,0.2769513351972713,0.7193851470947266,0.7157387733459473,0.7193851470947266,0.7157387733459473
2,bp,BP,124,0.2723078420457914,0.2701923849508744,0.727692186832428,0.722676157951355,0.727692186832428,0.722676157951355
2,bp,BP,125,0.27522990823716154,0.2734383392010548,0.7247700691223145,0.7193445563316345,0.7247700691223145,0.7193445563316345
2,bp,BP,126,0.27200437354487045,0.2694357557352199,0.7279956340789795,0.7234528064727783,0.7279956340789795,0.7234528064727783
2,bp,BP,127,0.2712216871653416,0.26871816294137824,0.7287783026695251,0.724189281463623,0.7287783026695251,0.724189281463623
2,bp,BP,128,0.27114550388136577,0.2689954541450323,0.7288545370101929,0.7239047288894653,0.7288545370101929,0.7239047288894653
2,bp,BP,129,0.27196036660394,0.2690011921317078,0.7280396223068237,0.7238987684249878,0.7280396223068237,0.7238987684249878
2,bp,BP,130,0.2745959107265916,0.2735045173371485,0.7254041433334351,0.7192765474319458,0.7254041433334351,0.7192765474319458
2,bp,BP,131,0.27685861254847327,0.2766186652719512,0.7231414318084717,0.7160803079605103,0.7231414318084717,0.7160803079605103
2,bp,BP,132,0.2764941769283871,0.27592770905457725,0.7235058546066284,0.7167894244194031,0.7235058546066284,0.7167894244194031
2,bp,BP,133,0.28162544272666756,0.2812515714371851,0.718374490737915,0.7113251090049744,0.718374490737915,0.7113251090049744
2,bp,BP,134,0.27820135676121527,0.2772263073643973,0.7217986583709717,0.7154565453529358,0.7217986583709717,0.7154565453529358
2,bp,BP,135,0.2862522796142933,0.28183437918507775,0.7137477397918701,0.7107269167900085,0.7137477397918701,0.7107269167900085
2,bp,BP,136,0.2879122865292453,0.2831178411494854,0.7120876908302307,0.7094095945358276,0.7120876908302307,0.7094095945358276
2,bp,BP,137,0.2701187957395879,0.2680083833230558,0.7298811674118042,0.7249178290367126,0.7298811674118042,0.7249178290367126
2,bp,BP,138,0.27420468385829483,0.27338259869305664,0.725795328617096,0.7194017171859741,0.725795328617096,0.7194017171859741
2,bp,BP,139,0.2690445207810217,0.2668122020802757,0.7309554815292358,0.7261455655097961,0.7309554815292358,0.7261455655097961
2,bp,BP,140,0.2688443660736084,0.26631680847138395,0.7311556339263916,0.726654052734375,0.7311556339263916,0.726654052734375
2,bp,BP,141,0.27332324043724887,0.2697644760442335,0.7266767621040344,0.7231153845787048,0.7266767621040344,0.7231153845787048
2,bp,BP,142,0.2700522778801216,0.2675884389138037,0.7299478054046631,0.7253488302230835,0.7299478054046631,0.7253488302230835
2,bp,BP,143,0.27960767013620036,0.2759346747121146,0.7203923463821411,0.7167823314666748,0.7203923463821411,0.7167823314666748
2,bp,BP,144,0.2685748789199563,0.26614667255749075,0.7314251065254211,0.7268286943435669,0.7314251065254211,0.7268286943435669
2,bp,BP,145,0.26826042733913247,0.26621516499408454,0.7317395806312561,0.7267583608627319,0.7317395806312561,0.7267583608627319
2,bp,BP,146,0.26841682888740714,0.26586400249669717,0.7315831780433655,0.7271187901496887,0.7315831780433655,0.7271187901496887
2,bp,BP,147,0.2735058146622754,0.2727746019760768,0.7264941930770874,0.7200257778167725,0.7264941930770874,0.7200257778167725
2,bp,BP,148,0.2678549241187961,0.26617836628773417,0.7321450710296631,0.7267961502075195,0.7321450710296631,0.7267961502075195
2,bp,BP,149,0.28620090064152265,0.2863991309043973,0.7137991189956665,0.7060416340827942,0.7137991189956665,0.7060416340827942
2,bp,BP,150,0.2677565784186356,0.26589210458504137,0.7322434186935425,0.7270900011062622,0.7322434186935425,0.7270900011062622
2,bp,BP,151,0.2704759600550629,0.26898992500563923,0.7295240163803101,0.7239103317260742,0.7295240163803101,0.7239103317260742
2,bp,BP,152,0.26762400209441667,0.26663247871306517,0.732375979423523,0.726330041885376,0.732375979423523,0.726330041885376
2,bp,BP,153,0.2673608829346738,0.26492678934289504,0.7326390743255615,0.7280807495117188,0.7326390743255615,0.7280807495117188
2,bp,BP,154,0.2779939424159915,0.27805593656015026,0.72200608253479,0.7146050930023193,0.72200608253479,0.7146050930023193
2,bp,BP,155,0.2875142915304317,0.289079524056856,0.712485671043396,0.7032904624938965,0.712485671043396,0.7032904624938965
2,bp,BP,156,0.2680296850527904,0.26632082185079886,0.7319703102111816,0.7266498804092407,0.7319703102111816,0.7266498804092407
2,bp,BP,157,0.28406733251357263,0.2848658393057742,0.7159327268600464,0.7076154351234436,0.7159327268600464,0.7076154351234436
2,bp,BP,158,0.26819031113802,0.26697498455990193,0.731809675693512,0.7259784936904907,0.731809675693512,0.7259784936904907
2,bp,BP,159,0.2663283170193665,0.2649848297122837,0.7336716651916504,0.7280211448669434,0.7336716651916504,0.7280211448669434
2,bp,BP,160,0.26600291978481205,0.2640913468460704,0.733997106552124,0.7289382219314575,0.733997106552124,0.7289382219314575
2,bp,BP,161,0.2663544760655987,0.26398135352042296,0.7336455583572388,0.7290511131286621,0.7336455583572388,0.7290511131286621
2,bp,BP,162,0.2845402366893236,0.2851531689250192,0.7154598236083984,0.7073204517364502,0.7154598236083984,0.7073204517364502
2,bp,BP,163,0.27011116207108016,0.2694727355657622,0.7298888564109802,0.7234147787094116,0.7298888564109802,0.7234147787094116
2,bp,BP,164,0.2682344883449318,0.2674653721872226,0.7317655086517334,0.7254751920700073,0.7317655086517334,0.7254751920700073
2,bp,BP,165,0.2684545202772747,0.26550065916638044,0.7315454483032227,0.7274917364120483,0.7315454483032227,0.7274917364120483
2,bp,BP,166,0.265076816775078,0.26356938712356626,0.7349231839179993,0.7294739484786987,0.7349231839179993,0.7294739484786987
2,bp,BP,167,0.28413497951141625,0.2847900375608326,0.7158650159835815,0.7076932191848755,0.7158650159835815,0.7076932191848755
2,bp,BP,168,0.2648655466100042,0.26366189665110534,0.7351344227790833,0.7293789982795715,0.7351344227790833,0.7293789982795715
2,bp,BP,169,0.2650396359521289,0.2632440901541895,0.7349603772163391,0.7298078536987305,0.7349603772163391,0.7298078536987305
2,bp,BP,170,0.26657515024954037,0.26377705155416975,0.7334249019622803,0.7292608022689819,0.7334249019622803,0.7292608022689819
2,bp,BP,171,0.26544533080832905,0.2625816604194715,0.734554648399353,0.7304877638816833,0.734554648399353,0.7304877638816833
2,bp,BP,172,0.26641969810160554,0.2652758609416873,0.7335802316665649,0.7277224063873291,0.7335802316665649,0.7277224063873291
2,bp,BP,173,0.26510020224160924,0.26411054381566457,0.7348997592926025,0.7289185523986816,0.7348997592926025,0.7289185523986816
2,bp,BP,174,0.26501379410425824,0.26389983712240705,0.7349861860275269,0.7291347980499268,0.7349861860275269,0.7291347980499268
2,bp,BP,175,0.26467337003049923,0.262602357901344,0.7353266477584839,0.7304664850234985,0.7353266477584839,0.7304664850234985
2,bp,BP,176,0.2737461897984956,0.2704391234604887,0.7262538075447083,0.7224229574203491,0.7262538075447083,0.7224229574203491
2,bp,BP,177,0.2639665076898974,0.26279317327710083,0.7360334396362305,0.7302706837654114,0.7360334396362305,0.7302706837654114
2,bp,BP,178,0.2661383417687675,0.2658784470354864,0.7338616847991943,0.7271039485931396,0.7338616847991943,0.7271039485931396
2,bp,BP,179,0.2645663757656896,0.2633253729851671,0.7354335784912109,0.7297244071960449,0.7354335784912109,0.7297244071960449
2,bp,BP,180,0.26898022481175354,0.26616668654966724,0.7310197949409485,0.7268081307411194,0.7310197949409485,0.7268081307411194
2,bp,BP,181,0.26431435439013695,0.26342023839784223,0.7356856465339661,0.7296270728111267,0.7356856465339661,0.7296270728111267
2,bp,BP,182,0.2636975590572801,0.26199545127938884,0.7363024353981018,0.7310894727706909,0.7363024353981018,0.7310894727706909
2,bp,BP,183,0.26368554144404655,0.2628325296695842,0.7363144755363464,0.7302302718162537,0.7363144755363464,0.7302302718162537
2,bp,BP,184,0.2722833198170329,0.27304629912210066,0.7277166843414307,0.7197468876838684,0.7277166843414307,0.7197468876838684
2,bp,BP,185,0.26680257338886115,0.26645502979441205,0.7331974506378174,0.7265121936798096,0.7331974506378174,0.7265121936798096
2,bp,BP,186,0.26452718940816183,0.2639331813006438,0.7354727983474731,0.7291005849838257,0.7354727983474731,0.7291005849838257
2,bp,BP,187,0.2640635103218315,0.2629299349794092,0.7359365224838257,0.7301303148269653,0.7359365224838257,0.7301303148269653
2,bp,BP,188,0.2914628106956334,0.293777242880459,0.708537220954895,0.698468804359436,0.708537220954895,0.698468804359436
2,bp,BP,189,0.26978958311469053,0.27058459067529483,0.7302104234695435,0.722273588180542,0.7302104234695435,0.722273588180542
2,bp,BP,190,0.27088057867778365,0.2719950232394906,0.7291194200515747,0.7208259105682373,0.7291194200515747,0.7208259105682373
2,bp,BP,191,0.2664558442757111,0.26421850642492606,0.7335441708564758,0.7288076877593994,0.7335441708564758,0.7288076877593994
2,bp,BP,192,0.2699764452932417,0.2666725669951402,0.7300235629081726,0.726288914680481,0.7300235629081726,0.726288914680481
2,bp,BP,193,0.2677667231060738,0.26450485845868904,0.7322332859039307,0.7285138368606567,0.7322332859039307,0.7285138368606567
2,bp,BP,194,0.2638414014679517,0.2638816965180774,0.7361586093902588,0.7291533946990967,0.7361586093902588,0.7291533946990967
2,bp,BP,195,0.269756166163341,0.26687999173652294,0.7302438020706177,0.7260760068893433,0.7302438020706177,0.7260760068893433
2,bp,BP,196,0.2658752981544465,0.26322707995887873,0.7341247200965881,0.7298253178596497,0.7341247200965881,0.7298253178596497
2,bp,BP,197,0.26367180696291515,0.26374019994292147,0.7363282442092896,0.7292986512184143,0.7363282442092896,0.7292986512184143
2,bp,BP,198,0.2668294614368631,0.26731279688750126,0.7331705093383789,0.7256317734718323,0.7331705093383789,0.7256317734718323
2,bp,BP,199,0.2806289731994156,0.2829855881458105,0.7193710207939148,0.7095452547073364,0.7193710207939148,0.7095452547073364
2,bp,BP,200,0.2611499343269555,0.26020214966563293,0.7388501167297363,0.732930064201355,0.7388501167297363,0.732930064201355
2,np,IS NP,1,0.9879739949869555,0.9608027754827987,0.012026071548461914,0.013837814331054688,0.012026071548461914,0.013837814331054688
2,np,IS NP,2,0.9647910077442494,0.9445350835489672,0.03520900011062622,0.030534803867340088,0.03520900011062622,0.030534803867340088
2,np,IS NP,3,0.9290785137997117,0.9091710074003353,0.07092148065567017,0.06683236360549927,0.07092148065567017,0.06683236360549927
2,np,IS NP,4,0.911105404066485,0.8888751453207445,0.0888945460319519,0.08766388893127441,0.0888945460319519,0.08766388893127441
2,np,IS NP,5,0.8321032274601071,0.8167044571203779,0.16789668798446655,0.16173940896987915,0.16789668798446655,0.16173940896987915
2,np,IS NP,6,0.8303177393684091,0.8165119729300802,0.1696823239326477,0.16193699836730957,0.1696823239326477,0.16193699836730957
2,np,IS NP,7,0.6219898642495622,0.6293110061985577,0.3780101537704468,0.3540789484977722,0.3780101537704468,0.3540789484977722
2,np,IS NP,8,0.5662998940593512,0.5798638121102208,0.4337000846862793,0.40483129024505615,0.4337000846862793,0.40483129024505615
2,np,IS NP,9,0.5165902445482653,0.5324334585389425,0.4834097623825073,0.453513503074646,0.4834097623825073,0.453513503074646
2,np,IS NP,10,0.6710634730583014,0.6986459761626961,0.3289365768432617,0.2829139232635498,0.3289365768432617,0.2829139232635498
2,np,IS NP,11,0.4776669595130654,0.4966431366380795,0.522333025932312,0.49024850130081177,0.522333025932312,0.49024850130081177
2,np,IS NP,12,0.4765397998713708,0.4942856930023016,0.5234601497650146,0.4926682114601135,0.5234601497650146,0.4926682114601135
2,np,IS NP,13,0.4786313892334931,0.49467421640721404,0.5213686227798462,0.49226945638656616,0.5213686227798462,0.49226945638656616
2,np,IS NP,14,0.5324358260908792,0.5513285897498907,0.4675641655921936,0.43411964178085327,0.4675641655921936,0.43411964178085327
2,np,IS NP,15,0.4870964857034905,0.5025834131610486,0.5129034519195557,0.48415136337280273,0.5129034519195557,0.48415136337280273
2,np,IS NP,16,0.5395390807196151,0.5559920298960782,0.460460901260376,0.4293330907821655,0.460460901260376,0.4293330907821655
2,np,IS NP,17,0.4642650374146395,0.4794940592706666,0.5357348918914795,0.507850170135498,0.5357348918914795,0.507850170135498
2,np,IS NP,18,0.4617482874282571,0.47580486305000247,0.5382517576217651,0.5116367936134338,0.5382517576217651,0.5116367936134338
2,np,IS NP,19,0.8294353600620299,0.8562644202579823,0.1705646514892578,0.12113523483276367,0.1705646514892578,0.12113523483276367
2,np,IS NP,20,0.45303423968396445,0.47247838419537214,0.5469657778739929,0.515051007270813,0.5469657778739929,0.515051007270813
2,np,IS NP,21,0.45742943212967513,0.4733232072619505,0.5425705909729004,0.5141838788986206,0.5425705909729004,0.5141838788986206
2,np,IS NP,22,0.43725245705870697,0.45390942577243776,0.5627475380897522,0.5341100692749023,0.5627475380897522,0.5341100692749023
2,np,IS NP,23,0.4382352195968924,0.4566279233888138,0.5617648363113403,0.531319797039032,0.5617648363113403,0.531319797039032
2,np,IS NP,24,0.4362919686376586,0.45102603467859964,0.5637080669403076,0.53706955909729,0.5637080669403076,0.53706955909729
2,np,IS NP,25,0.4410062811171362,0.4563041061393974,0.5589936971664429,0.5316522121429443,0.5589936971664429,0.5316522121429443
2,np,IS NP,26,0.44296083778373957,0.4609442949295044,0.5570391416549683,0.5268895626068115,0.5570391416549683,0.5268895626068115
2,np,IS NP,27,0.5068711966507194,0.5281396545180979,0.49312883615493774,0.4579206705093384,0.49312883615493774,0.4579206705093384
2,np,IS NP,28,0.4414965059868125,0.4572892202887424,0.5585035085678101,0.5306410789489746,0.5585035085678101,0.5306410789489746
2,np,IS NP,29,0.5204684725103452,0.5322313414987667,0.47953152656555176,0.45372092723846436,0.47953152656555176,0.45372092723846436
2,np,IS NP,30,0.4533109660296477,0.472895808922228,0.5466890335083008,0.5146225690841675,0.5466890335083008,0.5146225690841675
2,np,IS NP,31,0.4236673467843107,0.4418684833271559,0.576332688331604,0.5464688539505005,0.576332688331604,0.5464688539505005
2,np,IS NP,32,0.42739707832188567,0.44072608384051065,0.5726029872894287,0.547641396522522,0.5726029872894287,0.547641396522522
2,np,IS NP,33,0.9810373977173207,1.0059921182403269,0.01896268129348755,-0.03254425525665283,0.01896268129348755,-0.03254425525665283
2,np,IS NP,34,0.4538317031638567,0.47379910945892334,0.546168327331543,0.5136954188346863,0.546168327331543,0.5136954188346863
2,np,IS NP,35,0.4416834159876949,0.45991776317589045,0.5583165884017944,0.5279431343078613,0.5583165884017944,0.5279431343078613
2,np,IS NP,36,0.4376557841319446,0.45316272188526713,0.5623441934585571,0.5348765254020691,0.5623441934585571,0.5348765254020691
2,np,IS NP,37,0.4169634880945664,0.43063831883807513,0.5830365419387817,0.5579954385757446,0.5830365419387817,0.5579954385757446
2,np,IS NP,38,0.4173445710840151,0.43105285297068513,0.5826554298400879,0.5575699806213379,0.5826554298400879,0.5575699806213379
2,np,IS NP,39,0.4182762727718945,0.43401049943857417,0.5817237496376038,0.5545342564582825,0.5817237496376038,0.5545342564582825
2,np,IS NP,40,0.4110576274783112,0.4255620777144913,0.5889423489570618,0.5632057189941406,0.5889423489570618,0.5632057189941406
2,np,IS NP,41,0.4123756662588711,0.42457561252653137,0.5876243114471436,0.5642181634902954,0.5876243114471436,0.5642181634902954
2,np,IS NP,42,0.4161539569843647,0.4297023715898972,0.5838460326194763,0.5589560270309448,0.5838460326194763,0.5589560270309448
2,np,IS NP,43,0.4174273055653239,0.4324539837449096,0.5825726985931396,0.5561318397521973,0.5825726985931396,0.5561318397521973
2,np,IS NP,44,0.448132864033529,0.4594395359357198,0.5518671274185181,0.5284340381622314,0.5518671274185181,0.5284340381622314
2,np,IS NP,45,0.4208559213682663,0.4324052615683208,0.5791441202163696,0.556181788444519,0.5791441202163696,0.556181788444519
2,np,IS NP,46,0.4301020382910736,0.44631585363269777,0.5698980093002319,0.5419041514396667,0.5698980093002319,0.5419041514396667
2,np,IS NP,47,0.40747162537981374,0.4191993618196295,0.5925283432006836,0.5697363615036011,0.5925283432006836,0.5697363615036011
2,np,IS NP,48,0.39731015207231507,0.41007362086643545,0.602689802646637,0.5791029930114746,0.602689802646637,0.5791029930114746
2,np,IS NP,49,0.4405905428782914,0.4509432916493379,0.5594094395637512,0.537154495716095,0.5594094395637512,0.537154495716095
2,np,IS NP,50,0.41430915603341983,0.4288533089696899,0.5856908559799194,0.5598275661468506,0.5856908559799194,0.5598275661468506
2,np,IS NP,51,0.4154510047546653,0.4245042391987734,0.5845489501953125,0.5642913579940796,0.5845489501953125,0.5642913579940796
2,np,IS NP,52,0.3988274866065314,0.41065021355946857,0.6011725068092346,0.578511118888855,0.6011725068092346,0.578511118888855
2,np,IS NP,53,0.3992781123911688,0.411152628041053,0.6007218956947327,0.5779954195022583,0.6007218956947327,0.5779954195022583
2,np,IS NP,54,0.3968917052875193,0.40853876060293626,0.6031083464622498,0.5806783437728882,0.6031083464622498,0.5806783437728882
2,np,IS NP,55,0.4171820659508077,0.4282085500484289,0.5828179121017456,0.560489296913147,0.5828179121017456,0.560489296913147
2,np,IS NP,56,0.40059037333311037,0.41249989123307457,0.5994095802307129,0.5766125917434692,0.5994095802307129,0.5766125917434692
2,np,IS NP,57,0.40484873014827105,0.4191169339094975,0.5951513051986694,0.5698208808898926,0.5951513051986694,0.5698208808898926
2,np,IS NP,58,0.39591857860254687,0.40982050720111346,0.6040814518928528,0.5793627500534058,0.6040814518928528,0.5793627500534058
2,np,IS NP,59,0.39057838962983715,0.40327808399533116,0.6094216108322144,0.5860778093338013,0.6094216108322144,0.5860778093338013
2,np,IS NP,60,0.3881419019181599,0.39865048079527626,0.6118581295013428,0.5908275842666626,0.6118581295013428,0.5908275842666626
2,np,IS NP,61,0.40972110340299533,0.4178045909534129,0.5902788639068604,0.5711679458618164,0.5902788639068604,0.5711679458618164
2,np,IS NP,62,0.3972781769527021,0.40826711566873297,0.6027218103408813,0.5809570550918579,0.6027218103408813,0.5809570550918579
2,np,IS NP,63,0.39431967037592747,0.4088631801364958,0.6056803464889526,0.5803452730178833,0.6056803464889526,0.5803452730178833
2,np,IS NP,64,0.41518226843471673,0.42995087952576866,0.5848177671432495,0.5587009787559509,0.5848177671432495,0.5587009787559509
2,np,IS NP,65,0.3830299844113431,0.39403010477391326,0.6169700622558594,0.595569908618927,0.6169700622558594,0.595569908618927
2,np,IS NP,66,0.38134694815606107,0.3920949046001878,0.6186530590057373,0.5975561141967773,0.6186530590057373,0.5975561141967773
2,np,IS NP,67,0.3897052518157072,0.40044795427211494,0.610294759273529,0.5889825820922852,0.610294759273529,0.5889825820922852
2,np,IS NP,68,0.3873871421629144,0.39567618337712546,0.6126128435134888,0.593880295753479,0.6126128435134888,0.593880295753479
2,np,IS NP,69,0.38537301365719284,0.39309666323107345,0.6146270036697388,0.5965279340744019,0.6146270036697388,0.5965279340744019
2,np,IS NP,70,0.4093993787848672,0.415227376675421,0.5906006693840027,0.5738130807876587,0.5906006693840027,0.5738130807876587
2,np,IS NP,71,0.3839383732902911,0.38956749069598295,0.6160616278648376,0.6001502871513367,0.6160616278648376,0.6001502871513367
2,np,IS NP,72,0.3921779826167942,0.3953223064426304,0.6078220009803772,0.5942436456680298,0.6078220009803772,0.5942436456680298
2,np,IS NP,73,0.40062768537868826,0.40167759093203287,0.5993722677230835,0.587720513343811,0.5993722677230835,0.587720513343811
2,np,IS NP,74,0.39753579515819404,0.40542451679244523,0.6024641990661621,0.5838747024536133,0.6024641990661621,0.5838747024536133
2,np,IS NP,75,0.396095696576806,0.40102503789487737,0.6039043068885803,0.5883902907371521,0.6039043068885803,0.5883902907371521
2,np,IS NP,76,0.3720607297827107,0.3798315201618875,0.6279392838478088,0.6101431846618652,0.6279392838478088,0.6101431846618652
2,np,IS NP,77,0.38371733639591427,0.38888852610144503,0.6162826418876648,0.6008471250534058,0.6162826418876648,0.6008471250534058
2,np,IS NP,78,0.3828619363927102,0.3848627149596695,0.6171380877494812,0.6049791574478149,0.6171380877494812,0.6049791574478149
2,np,IS NP,79,0.386372940022816,0.38646264732346053,0.6136270761489868,0.6033370494842529,0.6136270761489868,0.6033370494842529
2,np,IS NP,80,0.3755680693443431,0.3780035187107648,0.6244319677352905,0.6120194792747498,0.6244319677352905,0.6120194792747498
2,np,IS NP,81,0.37077513891597125,0.3720781350320624,0.6292248964309692,0.6181012392044067,0.6292248964309692,0.6181012392044067
2,np,IS NP,82,0.372346999455792,0.3773355047370112,0.6276530027389526,0.6127051115036011,0.6276530027389526,0.6127051115036011
2,np,IS NP,83,0.37141233139721924,0.3762572035771008,0.6285877227783203,0.6138118505477905,0.6285877227783203,0.6138118505477905
2,np,IS NP,84,0.3633565061776213,0.3685962026433427,0.6366435289382935,0.6216751337051392,0.6366435289382935,0.6216751337051392
2,np,IS NP,85,0.36581359953843345,0.37116908172304314,0.6341863870620728,0.6190342903137207,0.6341863870620728,0.6190342903137207
2,np,IS NP,86,0.4031874564035918,0.40662251539932665,0.5968124866485596,0.582645058631897,0.5968124866485596,0.582645058631897
2,np,IS NP,87,0.3624139476654141,0.36794285071912664,0.6375860571861267,0.6223456859588623,0.6375860571861267,0.6223456859588623
2,np,IS NP,88,0.3639000873695048,0.37138717904571417,0.6360999345779419,0.6188104152679443,0.6360999345779419,0.6188104152679443
2,np,IS NP,89,0.36225622615148856,0.3685759040274361,0.6377437114715576,0.621695876121521,0.6377437114715576,0.621695876121521
2,np,IS NP,90,0.40965580732323403,0.42190341917119284,0.5903441905975342,0.566960871219635,0.5903441905975342,0.566960871219635
2,np,IS NP,91,0.36800480050634043,0.37395539140516476,0.6319952011108398,0.6161744594573975,0.6319952011108398,0.6161744594573975
2,np,IS NP,92,0.35940486007882644,0.36591121947118477,0.6405950784683228,0.6244308948516846,0.6405950784683228,0.6244308948516846
2,np,IS NP,93,0.3764844409717146,0.37953096789907115,0.6235156059265137,0.6104516983032227,0.6235156059265137,0.6104516983032227
2,np,IS NP,94,0.4122643823078436,0.41277220221452937,0.587735652923584,0.5763331651687622,0.587735652923584,0.5763331651687622
2,np,IS NP,95,0.3599853952263677,0.36571085060289665,0.6400146484375,0.6246366500854492,0.6400146484375,0.6246366500854492
2,np,IS NP,96,0.3548741289811541,0.36069525859152624,0.6451258659362793,0.6297845840454102,0.6451258659362793,0.6297845840454102
2,np,IS NP,97,0.3719597560490749,0.37454018782275594,0.6280401945114136,0.6155741810798645,0.6280401945114136,0.6155741810798645
2,np,IS NP,98,0.3563167933345765,0.3597504990969517,0.6436831951141357,0.6307542324066162,0.6436831951141357,0.6307542324066162
2,np,IS NP,99,0.38567598314248314,0.3886107746944871,0.6143240332603455,0.6011322736740112,0.6143240332603455,0.6011322736740112
2,np,IS NP,100,0.35197832602863166,0.3583184138748997,0.6480216979980469,0.6322241425514221,0.6480216979980469,0.6322241425514221
2,np,IS NP,101,0.3776839516421621,0.3853476920793223,0.6223160028457642,0.6044814586639404,0.6223160028457642,0.6044814586639404
2,np,IS NP,102,0.3651200686545335,0.3666995331760525,0.6348799467086792,0.6236218214035034,0.6348799467086792,0.6236218214035034
2,np,IS NP,103,0.35056462699128677,0.35473966529203016,0.6494354009628296,0.6358973383903503,0.6494354009628296,0.6358973383903503
2,np,IS NP,104,0.3753512942975806,0.3835700135822444,0.6246486902236938,0.6063059568405151,0.6246486902236938,0.6063059568405151
2,np,IS NP,105,0.36799007492472036,0.3753431328507357,0.6320099234580994,0.6147500276565552,0.6320099234580994,0.6147500276565552
2,np,IS NP,106,0.35554993580016053,0.3601349534452424,0.6444500684738159,0.6303596496582031,0.6444500684738159,0.6303596496582031
2,np,IS NP,107,0.3515204750290213,0.35657100113787393,0.6484795212745667,0.6340177059173584,0.6484795212745667,0.6340177059173584
2,np,IS NP,108,0.3612938301507817,0.3610231351944827,0.6387061476707458,0.6294480562210083,0.6387061476707458,0.6294480562210083
2,np,IS NP,109,0.3462106389130733,0.34908714312915656,0.6537894010543823,0.6416990160942078,0.6537894010543823,0.6416990160942078
2,np,IS NP,110,0.3482617670020392,0.35036124092663906,0.6517382860183716,0.6403913497924805,0.6517382860183716,0.6403913497924805
2,np,IS NP,111,0.3602246180061222,0.3622136210748392,0.6397753953933716,0.628226101398468,0.6397753953933716,0.628226101398468
2,np,IS NP,112,0.3468460832224336,0.3490739882916443,0.6531538963317871,0.6417125463485718,0.6531538963317871,0.6417125463485718
2,np,IS NP,113,0.35436669015145117,0.3563096181366795,0.645633339881897,0.6342859268188477,0.645633339881897,0.6342859268188477
2,np,IS NP,114,0.34725620557171427,0.3499727946843288,0.6527438163757324,0.6407900452613831,0.6527438163757324,0.6407900452613831
2,np,IS NP,115,0.3503788232572319,0.35110046281371005,0.6496211290359497,0.6396325826644897,0.6496211290359497,0.6396325826644897
2,np,IS NP,116,0.42744370347769683,0.43374080574789714,0.5725562572479248,0.5548110008239746,0.5725562572479248,0.5548110008239746
2,np,IS NP,117,0.35761864541112914,0.3567864772423293,0.6423813700675964,0.6337965130805969,0.6423813700675964,0.6337965130805969
2,np,IS NP,118,0.3573602812234746,0.3589932853861373,0.6426397562026978,0.6315314769744873,0.6426397562026978,0.6315314769744873
2,np,IS NP,119,0.3526540206846341,0.35400138483491056,0.6473459601402283,0.6366550922393799,0.6473459601402283,0.6366550922393799
2,np,IS NP,120,0.3612458442532739,0.36060689355051795,0.63875412940979,0.6298753023147583,0.63875412940979,0.6298753023147583
2,np,IS NP,121,0.3529618241528208,0.3539339350175488,0.6470382213592529,0.6367243528366089,0.6470382213592529,0.6367243528366089
2,np,IS NP,122,0.34758770488953405,0.348241530185522,0.6524122953414917,0.642566978931427,0.6524122953414917,0.642566978931427
2,np,IS NP,123,0.34208194842172224,0.3447226553924324,0.6579180955886841,0.6461787223815918,0.6579180955886841,0.6461787223815918
2,np,IS NP,124,0.34070980895397274,0.3429456699726193,0.6592901945114136,0.6480026245117188,0.6592901945114136,0.6480026245117188
2,np,IS NP,125,0.3580817022295885,0.36237382010896074,0.6419183015823364,0.6280616521835327,0.6419183015823364,0.6280616521835327
2,np,IS NP,126,0.34063569254191345,0.3446198313735252,0.6593642830848694,0.646284282207489,0.6593642830848694,0.646284282207489
2,np,IS NP,127,0.3403658693613008,0.34496551197628644,0.6596341133117676,0.6459294557571411,0.6596341133117676,0.6459294557571411
2,np,IS NP,128,0.3406521456186162,0.34353913378345874,0.6593478322029114,0.647393524646759,0.6593478322029114,0.647393524646759
2,np,IS NP,129,0.3490275484184886,0.3520181137461995,0.6509724259376526,0.638690710067749,0.6509724259376526,0.638690710067749
2,np,IS NP,130,0.35676557911458867,0.3591812119003414,0.6432344317436218,0.6313385367393494,0.6432344317436218,0.6313385367393494
2,np,IS NP,131,0.34142191534818606,0.34383180714392847,0.6585780382156372,0.6470930576324463,0.6585780382156372,0.6470930576324463
2,np,IS NP,132,0.34806076015612875,0.3530467399793078,0.6519392728805542,0.6376349925994873,0.6519392728805542,0.6376349925994873
2,np,IS NP,133,0.3420145453870759,0.34732379331145175,0.6579854488372803,0.6435089707374573,0.6579854488372803,0.6435089707374573
2,np,IS NP,134,0.34617870052655536,0.3494528760743696,0.6538213491439819,0.6413236856460571,0.6538213491439819,0.6413236856460571
2,np,IS NP,135,0.3407584990179816,0.3455483326616213,0.6592415571212769,0.6453312635421753,0.6592415571212769,0.6453312635421753
2,np,IS NP,136,0.33592599075894025,0.34194614212642344,0.6640740036964417,0.6490285396575928,0.6640740036964417,0.6490285396575928
2,np,IS NP,137,0.34434095833652706,0.3506373305653417,0.6556590795516968,0.6401079893112183,0.6556590795516968,0.6401079893112183
2,np,IS NP,138,0.3388298141170842,0.3410787171171617,0.6611701846122742,0.649918794631958,0.6611701846122742,0.649918794631958
2,np,IS NP,139,0.3372521594513294,0.33954899810081307,0.662747859954834,0.6514889597892761,0.662747859954834,0.6514889597892761
2,np,IS NP,140,0.34245809935784155,0.3448624719482984,0.6575418710708618,0.6460351943969727,0.6575418710708618,0.6460351943969727
2,np,IS NP,141,0.3489413318014884,0.3502655791681866,0.6510586738586426,0.6404894590377808,0.6510586738586426,0.6404894590377808
2,np,IS NP,142,0.3419567367365194,0.3467459526172904,0.6580432653427124,0.6441019773483276,0.6580432653427124,0.6441019773483276
2,np,IS NP,143,0.34680391986702763,0.35122079465740413,0.6531960964202881,0.6395091414451599,0.6531960964202881,0.6395091414451599
2,np,IS NP,144,0.35060439645782,0.35859062389809954,0.6493956446647644,0.6319447755813599,0.6493956446647644,0.6319447755813599
2,np,IS NP,145,0.3354659695033879,0.33963035266528757,0.6645340323448181,0.6514054536819458,0.6645340323448181,0.6514054536819458
2,np,IS NP,146,0.34468210991038833,0.34830288877782895,0.6553179025650024,0.6425039768218994,0.6553179025650024,0.6425039768218994
2,np,IS NP,147,0.33227696183115935,0.33705976004748384,0.6677230000495911,0.6540438532829285,0.6677230000495911,0.6540438532829285
2,np,IS NP,148,0.34696097383203434,0.35349823153296184,0.6530390381813049,0.6371715664863586,0.6530390381813049,0.6371715664863586
2,np,IS NP,149,0.3555885724319044,0.3595829777015272,0.6444114446640015,0.630926251411438,0.6444114446640015,0.630926251411438
2,np,IS NP,150,0.3403992953226548,0.3448320419289345,0.6596007347106934,0.646066427230835,0.6596007347106934,0.646066427230835
2,np,IS NP,151,0.33134129874466,0.33648590708887854,0.6686587333679199,0.6546328663825989,0.6686587333679199,0.6546328663825989
2,np,IS NP,152,0.3576100792071616,0.36068904446076977,0.6423898935317993,0.6297910213470459,0.6423898935317993,0.6297910213470459
2,np,IS NP,153,0.33267747662788216,0.33666157676267994,0.6673225164413452,0.6544525623321533,0.6673225164413452,0.6544525623321533
2,np,IS NP,154,0.33191103921380155,0.3355194360248802,0.6680889129638672,0.6556248664855957,0.6680889129638672,0.6556248664855957
2,np,IS NP,155,0.3383558327837508,0.34456525361815166,0.6616441607475281,0.6463403701782227,0.6616441607475281,0.6463403701782227
2,np,IS NP,156,0.3450586994489034,0.3507566551367442,0.6549413204193115,0.6399854421615601,0.6549413204193115,0.6399854421615601
2,np,IS NP,157,0.4008434655130372,0.40815306125685225,0.5991564989089966,0.5810741186141968,0.5991564989089966,0.5810741186141968
2,np,IS NP,158,0.33398105053938637,0.337419216022935,0.6660189032554626,0.6536749601364136,0.6660189032554626,0.6536749601364136
2,np,IS NP,159,0.33337600182655247,0.3365625512692355,0.6666240096092224,0.6545542478561401,0.6666240096092224,0.6545542478561401
2,np,IS NP,160,0.3435343450816103,0.34520658827567285,0.6564656496047974,0.6456820368766785,0.6564656496047974,0.6456820368766785
2,np,IS NP,161,0.3725313290145046,0.3735744678234869,0.6274687051773071,0.6165654063224792,0.6274687051773071,0.6165654063224792
2,np,IS NP,162,0.367213571602984,0.373656490283419,0.6327863931655884,0.6164811849594116,0.6327863931655884,0.6164811849594116
2,np,IS NP,163,0.33662099385446353,0.34119440303292387,0.6633790135383606,0.6498001217842102,0.6633790135383606,0.6498001217842102
2,np,IS NP,164,0.3421296974023183,0.34403408590213275,0.6578702926635742,0.6468855142593384,0.6578702926635742,0.6468855142593384
2,np,IS NP,165,0.3575257032878639,0.3570396782353867,0.6424742937088013,0.633536696434021,0.6424742937088013,0.633536696434021
2,np,IS NP,166,0.3358761058297268,0.3359778571960538,0.6641238927841187,0.6551543474197388,0.6641238927841187,0.6551543474197388
2,np,IS NP,167,0.3403173666591792,0.34091320772503697,0.6596826314926147,0.6500887274742126,0.6596826314926147,0.6500887274742126
2,np,IS NP,168,0.32958642087241474,0.33192166940186374,0.670413613319397,0.6593176126480103,0.670413613319397,0.6593176126480103
2,np,IS NP,169,0.3396961625463279,0.34199289203614225,0.6603038311004639,0.6489804983139038,0.6603038311004639,0.6489804983139038
2,np,IS NP,170,0.33648142056871755,0.33975354876629144,0.6635186076164246,0.6512789726257324,0.6635186076164246,0.6512789726257324
2,np,IS NP,171,0.3410938260860221,0.3462479678235313,0.6589061617851257,0.6446131467819214,0.6589061617851257,0.6446131467819214
2,np,IS NP,172,0.3367826716844426,0.3419052309306093,0.663217306137085,0.6490705013275146,0.663217306137085,0.6490705013275146
2,np,IS NP,173,0.3372226213068925,0.34142826509106067,0.6627773642539978,0.6495600938796997,0.6627773642539978,0.6495600938796997
2,np,IS NP,174,0.3395004993261293,0.3443022298720456,0.6604995131492615,0.6466102600097656,0.6604995131492615,0.6466102600097656
2,np,IS NP,175,0.36841121512328007,0.3756058798279873,0.6315888166427612,0.6144803762435913,0.6315888166427612,0.6144803762435913
2,np,IS NP,176,0.3395602708870126,0.3409174710743187,0.6604397296905518,0.650084376335144,0.6604397296905518,0.650084376335144
2,np,IS NP,177,0.3317503867916359,0.3358179224553958,0.6682496070861816,0.6553186178207397,0.6682496070861816,0.6553186178207397
2,np,IS NP,178,0.3705651538316594,0.3784705291884814,0.6294348239898682,0.6115401983261108,0.6294348239898682,0.6115401983261108
2,np,IS NP,179,0.33681339822536294,0.34277324852093244,0.6631866097450256,0.6481795907020569,0.6631866097450256,0.6481795907020569
2,np,IS NP,180,0.3290765142255975,0.3336640434671742,0.6709234714508057,0.6575292348861694,0.6709234714508057,0.6575292348861694
2,np,IS NP,181,0.34849698310212573,0.35626869977906694,0.6515029668807983,0.6343279480934143,0.6515029668807983,0.6343279480934143
2,np,IS NP,182,0.3418326652789301,0.3451465225034906,0.6581673622131348,0.6457436680793762,0.6581673622131348,0.6457436680793762
2,np,IS NP,183,0.33917542460352873,0.3456839309182278,0.6608245372772217,0.6451920866966248,0.6608245372772217,0.6451920866966248
2,np,IS NP,184,0.3663111028745193,0.37632299024005267,0.6336889266967773,0.6137443780899048,0.6336889266967773,0.6137443780899048
2,np,IS NP,185,0.3400863679342492,0.34779649233633236,0.6599136590957642,0.6430237293243408,0.6599136590957642,0.6430237293243408
2,np,IS NP,186,0.3687411291423694,0.3788097473077996,0.6312588453292847,0.6111919283866882,0.6312588453292847,0.6111919283866882
2,np,IS NP,187,0.3310062424388043,0.3364781268345293,0.6689937114715576,0.6546409130096436,0.6689937114715576,0.6546409130096436
2,np,IS NP,188,0.3481121212244034,0.354964742826861,0.6518878936767578,0.6356663107872009,0.6518878936767578,0.6356663107872009
2,np,IS NP,189,0.3346713876077371,0.3366121418716371,0.6653286218643188,0.6545032858848572,0.6653286218643188,0.6545032858848572
2,np,IS NP,190,0.330728475322095,0.33154874809028567,0.6692714691162109,0.659700334072113,0.6692714691162109,0.659700334072113
2,np,IS NP,191,0.33015646652657854,0.3302471545315528,0.6698435544967651,0.6610363721847534,0.6698435544967651,0.6610363721847534
2,np,IS NP,192,0.3248834448267323,0.3263439697812694,0.6751165390014648,0.665042519569397,0.6751165390014648,0.665042519569397
2,np,IS NP,193,0.3434858453828235,0.34164807546970455,0.6565141677856445,0.6493344306945801,0.6565141677856445,0.6493344306945801
2,np,IS NP,194,0.32831325353116025,0.33134809552237043,0.6716867685317993,0.659906268119812,0.6716867685317993,0.659906268119812
2,np,IS NP,195,0.338089785372564,0.3419523285340893,0.6619101762771606,0.6490222215652466,0.6619101762771606,0.6490222215652466
2,np,IS NP,196,0.3294529032337573,0.3330715180829514,0.6705471277236938,0.658137321472168,0.6705471277236938,0.658137321472168
2,np,IS NP,197,0.32502128195392993,0.32902749933937725,0.6749787330627441,0.6622880697250366,0.6749787330627441,0.6622880697250366
2,np,IS NP,198,0.3245460108038067,0.32823787502540175,0.6754539608955383,0.6630986332893372,0.6754539608955383,0.6630986332893372
2,np,IS NP,199,0.35573027358036635,0.3643056597820548,0.6442697048187256,0.6260788440704346,0.6442697048187256,0.6260788440704346
2,np,IS NP,200,0.32113260550554407,0.32511441143908243,0.6788674592971802,0.6663045287132263,0.6788674592971802,0.6663045287132263
2,np_fixed,Vanilla NP,1,0.9914455127346423,0.9644581754078236,0.008554518222808838,0.01008594036102295,0.008554518222808838,0.01008594036102295
2,np_fixed,Vanilla NP,2,0.9851313663083453,0.9650739935017372,0.014868617057800293,0.009453892707824707,0.014868617057800293,0.009453892707824707
2,np_fixed,Vanilla NP,3,0.9634910369104193,0.9401925700579503,0.03650897741317749,0.03499191999435425,0.03650897741317749,0.03499191999435425
2,np_fixed,Vanilla NP,4,0.9638644466104433,0.938238963600277,0.03613555431365967,0.03699713945388794,0.03613555431365967,0.03699713945388794
2,np_fixed,Vanilla NP,5,0.9522877441820248,0.9277692950049112,0.04771220684051514,0.04774320125579834,0.04771220684051514,0.04774320125579834
2,np_fixed,Vanilla NP,6,1.0010586903076764,0.9728661978891654,-0.0010586977005004883,0.0014559030532836914,-0.0010586977005004883,0.0014559030532836914
2,np_fixed,Vanilla NP,7,0.87599116563797,0.863003134727478,0.1240088939666748,0.11421877145767212,0.1240088939666748,0.11421877145767212
2,np_fixed,Vanilla NP,8,0.8396700287974158,0.8280643575875334,0.1603298783302307,0.1500798463821411,0.1603298783302307,0.1500798463821411
2,np_fixed,Vanilla NP,9,0.7890098515407059,0.7843298819638038,0.21099013090133667,0.194968581199646,0.21099013090133667,0.194968581199646
2,np_fixed,Vanilla NP,10,1.2806180706319883,1.2952038197554359,-0.2806180715560913,-0.32938945293426514,-0.2806180715560913,-0.32938945293426514
2,np_fixed,Vanilla NP,11,0.654151745082796,0.6540756525919419,0.3458482623100281,0.3286607265472412,0.3458482623100281,0.3286607265472412
2,np_fixed,Vanilla NP,12,0.5958850568579149,0.6019628900428151,0.40411490201950073,0.3821489214897156,0.40411490201950073,0.3821489214897156
2,np_fixed,Vanilla NP,13,0.56303346318792,0.5717328324798465,0.43696653842926025,0.41317683458328247,0.43696653842926025,0.41317683458328247
2,np_fixed,Vanilla NP,14,0.5894580707531567,0.6086613163929577,0.4105418920516968,0.37527376413345337,0.4105418920516968,0.37527376413345337
2,np_fixed,Vanilla NP,15,0.5392445214959078,0.5542963181817254,0.46075546741485596,0.4310736656188965,0.46075546741485596,0.4310736656188965
2,np_fixed,Vanilla NP,16,0.5633881577225619,0.5798847837041515,0.43661177158355713,0.40480971336364746,0.43661177158355713,0.40480971336364746
2,np_fixed,Vanilla NP,17,0.482094371272612,0.49859844621761823,0.517905592918396,0.4882415533065796,0.517905592918396,0.4882415533065796
2,np_fixed,Vanilla NP,18,0.49405934066735496,0.5068363727525224,0.5059406757354736,0.479786217212677,0.5059406757354736,0.479786217212677
2,np_fixed,Vanilla NP,19,0.8865013353584349,0.9127587246340375,0.11349862813949585,0.06314986944198608,0.11349862813949585,0.06314986944198608
2,np_fixed,Vanilla NP,20,0.4611625230127527,0.4804675567519757,0.5388375520706177,0.5068509578704834,0.5388375520706177,0.5068509578704834
2,np_fixed,Vanilla NP,21,0.46122321070626726,0.48128988946131035,0.5387767553329468,0.5060069561004639,0.5387767553329468,0.5060069561004639
2,np_fixed,Vanilla NP,22,0.4569978390553201,0.4753803809483846,0.543002188205719,0.5120724439620972,0.543002188205719,0.5120724439620972
2,np_fixed,Vanilla NP,23,0.4572312342104062,0.4779066029907197,0.5427687168121338,0.5094795227050781,0.5427687168121338,0.5094795227050781
2,np_fixed,Vanilla NP,24,0.46050215229507563,0.47837121033853336,0.5394978523254395,0.509002685546875,0.5394978523254395,0.509002685546875
2,np_fixed,Vanilla NP,25,0.4619288509206254,0.4798609180043834,0.5380711555480957,0.5074737071990967,0.5380711555480957,0.5074737071990967
2,np_fixed,Vanilla NP,26,0.45260084784308147,0.4712218228698701,0.5473991632461548,0.5163407325744629,0.5473991632461548,0.5163407325744629
2,np_fixed,Vanilla NP,27,0.4861846603164377,0.508690380772879,0.5138152837753296,0.4778832197189331,0.5138152837753296,0.4778832197189331
2,np_fixed,Vanilla NP,28,0.44685125558875327,0.46527145121448726,0.5531487464904785,0.5224481821060181,0.5531487464904785,0.5224481821060181
2,np_fixed,Vanilla NP,29,0.5528971797736116,0.5658686831015949,0.4471028447151184,0.4191957116127014,0.4471028447151184,0.4191957116127014
2,np_fixed,Vanilla NP,30,0.4737929923589839,0.4960052183894224,0.5262069702148438,0.49090325832366943,0.5262069702148438,0.49090325832366943
2,np_fixed,Vanilla NP,31,0.4368712920551152,0.4556770352430122,0.5631287097930908,0.532295823097229,0.5631287097930908,0.532295823097229
2,np_fixed,Vanilla NP,32,0.4434539872084477,0.4578334820825,0.5565460324287415,0.5300824642181396,0.5565460324287415,0.5300824642181396
2,np_fixed,Vanilla NP,33,1.0951844980550367,1.12337280798328,-0.09518444538116455,-0.15302300453186035,-0.09518444538116455,-0.15302300453186035
2,np_fixed,Vanilla NP,34,0.4596060690029647,0.4805061720138372,0.5403939485549927,0.5068113803863525,0.5403939485549927,0.5068113803863525
2,np_fixed,Vanilla NP,35,0.4551955154237821,0.4760435717974522,0.5448044538497925,0.5113917589187622,0.5448044538497925,0.5113917589187622
2,np_fixed,Vanilla NP,36,0.44041037374688674,0.4571928123171015,0.5595896244049072,0.5307400226593018,0.5595896244049072,0.5307400226593018
2,np_fixed,Vanilla NP,37,0.432544806437899,0.4471618540065233,0.5674551725387573,0.5410357713699341,0.5674551725387573,0.5410357713699341
2,np_fixed,Vanilla NP,38,0.43021762555883836,0.44573138157526654,0.5697823762893677,0.5425040125846863,0.5697823762893677,0.5425040125846863
2,np_fixed,Vanilla NP,39,0.4252870264210442,0.44121445057004,0.5747129321098328,0.5471401214599609,0.5747129321098328,0.5471401214599609
2,np_fixed,Vanilla NP,40,0.4262315215066422,0.4407301397286644,0.5737684965133667,0.5476372838020325,0.5737684965133667,0.5476372838020325
2,np_fixed,Vanilla NP,41,0.4340238196905269,0.44650943611943444,0.5659762024879456,0.5417053699493408,0.5659762024879456,0.5417053699493408
2,np_fixed,Vanilla NP,42,0.4713169662065284,0.48118834116662196,0.528683066368103,0.5061111450195312,0.528683066368103,0.5061111450195312
2,np_fixed,Vanilla NP,43,0.4463330419488655,0.45960013972696406,0.5536670088768005,0.5282691717147827,0.5536670088768005,0.5282691717147827
2,np_fixed,Vanilla NP,44,0.45697276051654373,0.46994794431582904,0.5430271625518799,0.5176482796669006,0.5430271625518799,0.5176482796669006
2,np_fixed,Vanilla NP,45,0.47672073947366816,0.4888466716736786,0.5232793092727661,0.49825072288513184,0.5232793092727661,0.49825072288513184
2,np_fixed,Vanilla NP,46,0.4439506955849108,0.46139049530029297,0.5560492873191833,0.5264315605163574,0.5560492873191833,0.5264315605163574
2,np_fixed,Vanilla NP,47,0.41796518157618917,0.43251393770062646,0.5820348262786865,0.5560703277587891,0.5820348262786865,0.5560703277587891
2,np_fixed,Vanilla NP,48,0.4178948587225389,0.4316956172155779,0.5821051597595215,0.5569101572036743,0.5821051597595215,0.5569101572036743
2,np_fixed,Vanilla NP,49,0.5238962051018264,0.5302235054415326,0.4761037826538086,0.4557817578315735,0.4761037826538086,0.4557817578315735
2,np_fixed,Vanilla NP,50,0.43454707038494966,0.4476658565591472,0.5654529333114624,0.5405184030532837,0.5654529333114624,0.5405184030532837
2,np_fixed,Vanilla NP,51,0.4184831098992695,0.4299899612286294,0.5815168619155884,0.5586609840393066,0.5815168619155884,0.5586609840393066
2,np_fixed,Vanilla NP,52,0.4088806586210118,0.42410049627917684,0.5911194086074829,0.5647057294845581,0.5911194086074829,0.5647057294845581
2,np_fixed,Vanilla NP,53,0.43220310617786967,0.4473567766736644,0.5677968859672546,0.5408357381820679,0.5677968859672546,0.5408357381820679
2,np_fixed,Vanilla NP,54,0.4146162855994794,0.4259394421133884,0.5853837728500366,0.5628182888031006,0.5853837728500366,0.5628182888031006
2,np_fixed,Vanilla NP,55,0.4214635311171066,0.43422216315602147,0.5785364508628845,0.5543169975280762,0.5785364508628845,0.5543169975280762
2,np_fixed,Vanilla NP,56,0.43726245423620064,0.45186793526937796,0.5627375245094299,0.5362054705619812,0.5627375245094299,0.5362054705619812
2,np_fixed,Vanilla NP,57,0.41696841113789135,0.4319385329420252,0.5830315947532654,0.5566608905792236,0.5830315947532654,0.5566608905792236
2,np_fixed,Vanilla NP,58,0.4054395732029464,0.42106044223142225,0.594560444355011,0.5678261518478394,0.594560444355011,0.5678261518478394
2,np_fixed,Vanilla NP,59,0.43369212561799575,0.4514314426008121,0.5663079023361206,0.536653459072113,0.5663079023361206,0.536653459072113
2,np_fixed,Vanilla NP,60,0.4010184297496958,0.4153412506561871,0.5989816188812256,0.5736962556838989,0.5989816188812256,0.5736962556838989
2,np_fixed,Vanilla NP,61,0.43274051413055536,0.4442431977552961,0.5672594308853149,0.5440314412117004,0.5672594308853149,0.5440314412117004
2,np_fixed,Vanilla NP,62,0.41597455093102864,0.42648265343303826,0.5840253829956055,0.5622607469558716,0.5840253829956055,0.5622607469558716
2,np_fixed,Vanilla NP,63,0.40103085789569587,0.4138698185137076,0.5989691615104675,0.575206458568573,0.5989691615104675,0.575206458568573
2,np_fixed,Vanilla NP,64,0.4303381881972616,0.44643121380214545,0.5696618556976318,0.5417856574058533,0.5696618556976318,0.5417856574058533
2,np_fixed,Vanilla NP,65,0.3971820517565853,0.41140627722407497,0.6028178930282593,0.5777351260185242,0.6028178930282593,0.5777351260185242
2,np_fixed,Vanilla NP,66,0.3973016291856766,0.4124886301136756,0.6026983857154846,0.5766241550445557,0.6026983857154846,0.5766241550445557
2,np_fixed,Vanilla NP,67,0.4047117704568907,0.421230016752731,0.5952882766723633,0.5676521062850952,0.5952882766723633,0.5676521062850952
2,np_fixed,Vanilla NP,68,0.386281337386878,0.40084524718365927,0.6137186884880066,0.5885748267173767,0.6137186884880066,0.5885748267173767
2,np_fixed,Vanilla NP,69,0.3881234404190566,0.4014084440793178,0.6118765473365784,0.5879968404769897,0.6118765473365784,0.5879968404769897
2,np_fixed,Vanilla NP,70,0.4724263553471528,0.4877425323623095,0.5275737047195435,0.49938398599624634,0.5275737047195435,0.49938398599624634
2,np_fixed,Vanilla NP,71,0.3823109561389731,0.39141513072243034,0.6176890134811401,0.5982538461685181,0.6176890134811401,0.5982538461685181
2,np_fixed,Vanilla NP,72,0.386437624577404,0.3964220655056857,0.6135623455047607,0.5931147336959839,0.6135623455047607,0.5931147336959839
2,np_fixed,Vanilla NP,73,0.4579285265401352,0.46222517287084297,0.5420714616775513,0.5255749225616455,0.5420714616775513,0.5255749225616455
2,np_fixed,Vanilla NP,74,0.433893995229588,0.44926290918690287,0.5661060214042664,0.5388792753219604,0.5661060214042664,0.5388792753219604
2,np_fixed,Vanilla NP,75,0.43761954693369165,0.4450670605482057,0.5623804330825806,0.543185830116272,0.5623804330825806,0.543185830116272
2,np_fixed,Vanilla NP,76,0.3805370924546737,0.3908321947552437,0.6194629669189453,0.5988522171974182,0.6194629669189453,0.5988522171974182
2,np_fixed,Vanilla NP,77,0.4750696910444156,0.4774557162624921,0.5249302983283997,0.5099422931671143,0.5249302983283997,0.5099422931671143
2,np_fixed,Vanilla NP,78,0.4371976355711619,0.43870515370553775,0.5628023743629456,0.5497156381607056,0.5628023743629456,0.5497156381607056
2,np_fixed,Vanilla NP,79,0.3861468159413153,0.39338886044746224,0.6138532161712646,0.5962280035018921,0.6138532161712646,0.5962280035018921
2,np_fixed,Vanilla NP,80,0.38639351633168006,0.39469126259633736,0.6136064529418945,0.5948912501335144,0.6136064529418945,0.5948912501335144
2,np_fixed,Vanilla NP,81,0.39130804936091107,0.39905499765115193,0.608691930770874,0.5904123783111572,0.608691930770874,0.5904123783111572
2,np_fixed,Vanilla NP,82,0.376653917769129,0.38675443238990254,0.6233460903167725,0.6030375957489014,0.6233460903167725,0.6030375957489014
2,np_fixed,Vanilla NP,83,0.40762520899144256,0.41975190172823823,0.5923748016357422,0.5691691637039185,0.5923748016357422,0.5691691637039185
2,np_fixed,Vanilla NP,84,0.38641934339390244,0.3922750118166901,0.6135806441307068,0.5973712801933289,0.6135806441307068,0.5973712801933289
2,np_fixed,Vanilla NP,85,0.3767237707163936,0.384021730848061,0.6232762336730957,0.6058423519134521,0.6232762336730957,0.6058423519134521
2,np_fixed,Vanilla NP,86,0.4279684971931369,0.43336381214533665,0.5720314979553223,0.5551979541778564,0.5720314979553223,0.5551979541778564
2,np_fixed,Vanilla NP,87,0.36310167206350225,0.3720143224841865,0.6368983387947083,0.6181666851043701,0.6368983387947083,0.6181666851043701
2,np_fixed,Vanilla NP,88,0.3756268399861432,0.3820889539034792,0.6243731379508972,0.6078262329101562,0.6243731379508972,0.6078262329101562
2,np_fixed,Vanilla NP,89,0.36717611666797667,0.37809584029885224,0.6328238844871521,0.6119247674942017,0.6328238844871521,0.6119247674942017
2,np_fixed,Vanilla NP,90,0.4341081223746603,0.44622604491174683,0.5658918619155884,0.5419963002204895,0.5658918619155884,0.5419963002204895
2,np_fixed,Vanilla NP,91,0.37000169864920684,0.3771773250990136,0.6299983263015747,0.6128674745559692,0.6299983263015747,0.6128674745559692
2,np_fixed,Vanilla NP,92,0.36905383555464044,0.37981613430865974,0.630946159362793,0.6101590394973755,0.630946159362793,0.6101590394973755
2,np_fixed,Vanilla NP,93,0.39114254447378854,0.3970483051714047,0.6088575124740601,0.5924720168113708,0.6088575124740601,0.5924720168113708
2,np_fixed,Vanilla NP,94,0.43631257636602533,0.44187702180803284,0.5636874437332153,0.5464601516723633,0.5636874437332153,0.5464601516723633
2,np_fixed,Vanilla NP,95,0.3918457715086235,0.4050154722938242,0.6081541776657104,0.5842945575714111,0.6081541776657104,0.5842945575714111
2,np_fixed,Vanilla NP,96,0.36833951766638795,0.3772979004438533,0.6316604614257812,0.6127436757087708,0.6316604614257812,0.6127436757087708
2,np_fixed,Vanilla NP,97,0.35999374287997105,0.3684860911480216,0.6400063037872314,0.6217880845069885,0.6400063037872314,0.6217880845069885
2,np_fixed,Vanilla NP,98,0.3712380838024524,0.3764743878859882,0.6287619471549988,0.6135889291763306,0.6287619471549988,0.6135889291763306
2,np_fixed,Vanilla NP,99,0.3878289790347565,0.39183680886446043,0.6121710538864136,0.597821056842804,0.6121710538864136,0.597821056842804
2,np_fixed,Vanilla NP,100,0.36816658137380615,0.3745110312173533,0.6318334341049194,0.6156041622161865,0.6318334341049194,0.6156041622161865
2,np_fixed,Vanilla NP,101,0.5813326475232147,0.5979140195273613,0.4186673164367676,0.3863046169281006,0.4186673164367676,0.3863046169281006
2,np_fixed,Vanilla NP,102,0.35995448825433274,0.36719047676685246,0.6400455236434937,0.6231179237365723,0.6400455236434937,0.6231179237365723
2,np_fixed,Vanilla NP,103,0.3534563501444898,0.3612192019011623,0.6465436220169067,0.6292467713356018,0.6465436220169067,0.6292467713356018
2,np_fixed,Vanilla NP,104,0.38197717786759366,0.3920831872049228,0.6180227994918823,0.597568154335022,0.6180227994918823,0.597568154335022
2,np_fixed,Vanilla NP,105,0.3627153200696605,0.3716807901397232,0.6372846961021423,0.61850905418396,0.6372846961021423,0.61850905418396
2,np_fixed,Vanilla NP,106,0.3567216015139291,0.36209575011748674,0.6432783603668213,0.6283471584320068,0.6432783603668213,0.6283471584320068
2,np_fixed,Vanilla NP,107,0.3544360041156296,0.360656703396361,0.6455639600753784,0.6298241019248962,0.6455639600753784,0.6298241019248962
2,np_fixed,Vanilla NP,108,0.3699018366115038,0.3740995484729146,0.6300981640815735,0.6160264611244202,0.6300981640815735,0.6160264611244202
2,np_fixed,Vanilla NP,109,0.3918868719145309,0.40202926803928934,0.608113169670105,0.5873595476150513,0.608113169670105,0.5873595476150513
2,np_fixed,Vanilla NP,110,0.3534022456453752,0.3622147068958874,0.6465977430343628,0.6282249689102173,0.6465977430343628,0.6282249689102173
2,np_fixed,Vanilla NP,111,0.3684054054031076,0.3757567895475284,0.6315945386886597,0.6143254637718201,0.6315945386886597,0.6143254637718201
2,np_fixed,Vanilla NP,112,0.36827487642912904,0.3802013198534648,0.6317250728607178,0.6097637414932251,0.6317250728607178,0.6097637414932251
2,np_fixed,Vanilla NP,113,0.3827082306839699,0.3894289653430613,0.6172918081283569,0.600292444229126,0.6172918081283569,0.600292444229126
2,np_fixed,Vanilla NP,114,0.39176507375037023,0.40585649475570795,0.6082348823547363,0.5834313035011292,0.6082348823547363,0.5834313035011292
2,np_fixed,Vanilla NP,115,0.36247252747994063,0.37088157201922217,0.6375274658203125,0.6193293929100037,0.6375274658203125,0.6193293929100037
2,np_fixed,Vanilla NP,116,0.46626253553139146,0.48117254154626715,0.5337374806404114,0.5061274766921997,0.5337374806404114,0.5061274766921997
2,np_fixed,Vanilla NP,117,0.35415503671464993,0.36535969214846,0.6458449363708496,0.6249970197677612,0.6458449363708496,0.6249970197677612
2,np_fixed,Vanilla NP,118,0.3504805806302285,0.3587918993114501,0.6495193839073181,0.6317381858825684,0.6495193839073181,0.6317381858825684
2,np_fixed,Vanilla NP,119,0.40107899765635646,0.4138255484344423,0.598921000957489,0.5752519369125366,0.598921000957489,0.5752519369125366
2,np_fixed,Vanilla NP,120,0.35402800188970196,0.36075457907462305,0.645971953868866,0.6297236680984497,0.645971953868866,0.6297236680984497
2,np_fixed,Vanilla NP,121,0.376388206153877,0.38231011601381526,0.6236118078231812,0.6075991988182068,0.6236118078231812,0.6075991988182068
2,np_fixed,Vanilla NP,122,0.35036180613114853,0.35858379662498946,0.6496381759643555,0.6319516897201538,0.6496381759643555,0.6319516897201538
2,np_fixed,Vanilla NP,123,0.3456231233223464,0.35532873060352116,0.6543768644332886,0.6352927088737488,0.6543768644332886,0.6352927088737488
2,np_fixed,Vanilla NP,124,0.34849428010079286,0.3579843654188999,0.6515057682991028,0.6325670480728149,0.6515057682991028,0.6325670480728149
2,np_fixed,Vanilla NP,125,0.44073344824850097,0.4540469115094621,0.5592665672302246,0.533968985080719,0.5592665672302246,0.533968985080719
2,np_fixed,Vanilla NP,126,0.3446600183035976,0.35123685995737713,0.6553400158882141,0.6394926309585571,0.6553400158882141,0.6394926309585571
2,np_fixed,Vanilla NP,127,0.35555050389249193,0.3633930733961652,0.6444494724273682,0.6270155906677246,0.6444494724273682,0.6270155906677246
2,np_fixed,Vanilla NP,128,0.35622453135113386,0.36089622466139093,0.643775463104248,0.6295782327651978,0.643775463104248,0.6295782327651978
2,np_fixed,Vanilla NP,129,0.36785586778969726,0.3700722677763118,0.6321440935134888,0.6201601028442383,0.6321440935134888,0.6201601028442383
2,np_fixed,Vanilla NP,130,0.37469682755858397,0.37552839702413987,0.6253031492233276,0.6145598888397217,0.6253031492233276,0.6145598888397217
2,np_fixed,Vanilla NP,131,0.3715657674989035,0.3761091389397318,0.6284342408180237,0.6139638423919678,0.6284342408180237,0.6139638423919678
2,np_fixed,Vanilla NP,132,0.3489475744639256,0.35460420403369636,0.6510524749755859,0.6360363364219666,0.6510524749755859,0.6360363364219666
2,np_fixed,Vanilla NP,133,0.35392844838689463,0.36574678065240845,0.6460715532302856,0.6245996952056885,0.6460715532302856,0.6245996952056885
2,np_fixed,Vanilla NP,134,0.35547843656336614,0.36078249345454133,0.6445215940475464,0.6296949982643127,0.6445215940475464,0.6296949982643127
2,np_fixed,Vanilla NP,135,0.348647657868474,0.3519213222718054,0.6513523459434509,0.6387901306152344,0.6513523459434509,0.6387901306152344
2,np_fixed,Vanilla NP,136,0.348289244396742,0.35614512849223706,0.6517107486724854,0.6344547867774963,0.6517107486724854,0.6344547867774963
2,np_fixed,Vanilla NP,137,0.3981853508672049,0.40618877678878546,0.6018146276473999,0.5830903053283691,0.6018146276473999,0.5830903053283691
2,np_fixed,Vanilla NP,138,0.34160405686197354,0.3465655963550242,0.6583959460258484,0.6442871689796448,0.6583959460258484,0.6442871689796448
2,np_fixed,Vanilla NP,139,0.3434799352819605,0.3475851795470068,0.6565200090408325,0.6432406902313232,0.6565200090408325,0.6432406902313232
2,np_fixed,Vanilla NP,140,0.3587646221005639,0.3702189677445463,0.6412354111671448,0.6200094223022461,0.6412354111671448,0.6200094223022461
2,np_fixed,Vanilla NP,141,0.35742578857628876,0.3629054752893226,0.6425741910934448,0.6275160312652588,0.6425741910934448,0.6275160312652588
2,np_fixed,Vanilla NP,142,0.33948904368304467,0.34293752215629403,0.6605109572410583,0.6480109691619873,0.6605109572410583,0.6480109691619873
2,np_fixed,Vanilla NP,143,0.4144469969725424,0.41562071096065434,0.585552990436554,0.573409378528595,0.585552990436554,0.573409378528595
2,np_fixed,Vanilla NP,144,0.33784136129904163,0.34372777994288956,0.6621586084365845,0.6471998691558838,0.6621586084365845,0.6471998691558838
2,np_fixed,Vanilla NP,145,0.3534099296774975,0.35976725100546847,0.6465900540351868,0.6307370662689209,0.6465900540351868,0.6307370662689209
2,np_fixed,Vanilla NP,146,0.36343602454939555,0.3663492925869402,0.6365640163421631,0.6239812970161438,0.6365640163421631,0.6239812970161438
2,np_fixed,Vanilla NP,147,0.3681365863759388,0.37727185275203495,0.6318634152412415,0.6127704381942749,0.6318634152412415,0.6127704381942749
2,np_fixed,Vanilla NP,148,0.33683134257331376,0.3433844761330952,0.6631686687469482,0.6475522518157959,0.6631686687469482,0.6475522518157959
2,np_fixed,Vanilla NP,149,0.43381835485613623,0.4349341466445331,0.5661816596984863,0.5535862445831299,0.5661816596984863,0.5535862445831299
2,np_fixed,Vanilla NP,150,0.3353919430758602,0.3409472960372304,0.6646081209182739,0.6500537395477295,0.6646081209182739,0.6500537395477295
2,np_fixed,Vanilla NP,151,0.3281465020290641,0.33410479047501734,0.6718535423278809,0.6570768356323242,0.6718535423278809,0.6570768356323242
2,np_fixed,Vanilla NP,152,0.34051570157672084,0.345199691001759,0.6594842672348022,0.6456891298294067,0.6594842672348022,0.6456891298294067
2,np_fixed,Vanilla NP,153,0.3337476665890494,0.3350923253122226,0.6662523746490479,0.6560631990432739,0.6662523746490479,0.6560631990432739
2,np_fixed,Vanilla NP,154,0.3308246749085049,0.33332847786504166,0.6691753268241882,0.6578736305236816,0.6691753268241882,0.6578736305236816
2,np_fixed,Vanilla NP,155,0.33778502682382744,0.34181065037269,0.6622149348258972,0.6491675972938538,0.6622149348258972,0.6491675972938538
2,np_fixed,Vanilla NP,156,0.3372473968553913,0.3414880603320839,0.6627525687217712,0.649498701095581,0.6627525687217712,0.649498701095581
2,np_fixed,Vanilla NP,157,0.376279367263927,0.38230680310448933,0.6237205862998962,0.607602596282959,0.6237205862998962,0.607602596282959
2,np_fixed,Vanilla NP,158,0.3327985476384791,0.33725202591844305,0.6672013998031616,0.6538465023040771,0.6672013998031616,0.6538465023040771
2,np_fixed,Vanilla NP,159,0.3385394262944081,0.34411506066026615,0.6614605784416199,0.6468023657798767,0.6614605784416199,0.6468023657798767
2,np_fixed,Vanilla NP,160,0.3497016628583272,0.35123490986897965,0.6502983570098877,0.6394945979118347,0.6502983570098877,0.6394945979118347
2,np_fixed,Vanilla NP,161,0.3306284313516099,0.3330910411453986,0.6693715453147888,0.658117413520813,0.6693715453147888,0.658117413520813
2,np_fixed,Vanilla NP,162,0.4707507096057714,0.48293524680211564,0.5292492508888245,0.5043181777000427,0.5292492508888245,0.5043181777000427
2,np_fixed,Vanilla NP,163,0.3475697156070739,0.3549380380977956,0.6524302959442139,0.6356937885284424,0.6524302959442139,0.6356937885284424
2,np_fixed,Vanilla NP,164,0.34248238501622696,0.3502913648767989,0.6575176119804382,0.6404629945755005,0.6575176119804382,0.6404629945755005
2,np_fixed,Vanilla NP,165,0.4867405528708022,0.48518699915834174,0.5132594108581543,0.5020069479942322,0.5132594108581543,0.5020069479942322
2,np_fixed,Vanilla NP,166,0.3501811957405519,0.3521193612453549,0.6498187780380249,0.6385867595672607,0.6498187780380249,0.6385867595672607
2,np_fixed,Vanilla NP,167,0.33386828305647354,0.3397897745287696,0.6661317348480225,0.6512418389320374,0.6661317348480225,0.6512418389320374
2,np_fixed,Vanilla NP,168,0.3424227960812029,0.3463184108105741,0.6575772166252136,0.6445409059524536,0.6575772166252136,0.6445409059524536
2,np_fixed,Vanilla NP,169,0.33732025498567625,0.34376551291739293,0.6626797318458557,0.6471611261367798,0.6626797318458557,0.6471611261367798
2,np_fixed,Vanilla NP,170,0.32276778096376463,0.32740970406421394,0.6772322058677673,0.663948655128479,0.6772322058677673,0.663948655128479
2,np_fixed,Vanilla NP,171,0.36170167447060575,0.36865576662758526,0.6382983326911926,0.6216139793395996,0.6382983326911926,0.6216139793395996
2,np_fixed,Vanilla NP,172,0.3270628111538037,0.33127061248749723,0.6729372143745422,0.6599858999252319,0.6729372143745422,0.6599858999252319
2,np_fixed,Vanilla NP,173,0.37421223220899125,0.38117776614751003,0.6257877349853516,0.6087614297866821,0.6257877349853516,0.6087614297866821
2,np_fixed,Vanilla NP,174,0.36055832893349404,0.3673976558123448,0.6394416093826294,0.6229052543640137,0.6394416093826294,0.6229052543640137
2,np_fixed,Vanilla NP,175,0.4780986396841301,0.48685964687850125,0.5219013690948486,0.5002901554107666,0.5219013690948486,0.5002901554107666
2,np_fixed,Vanilla NP,176,0.3386869594570278,0.33765891148138416,0.6613130569458008,0.6534289121627808,0.6613130569458008,0.6534289121627808
2,np_fixed,Vanilla NP,177,0.3217526708924493,0.3219465876734534,0.678247332572937,0.6695559620857239,0.678247332572937,0.6695559620857239
2,np_fixed,Vanilla NP,178,0.49094612284224165,0.49907730485117713,0.5090538859367371,0.4877501130104065,0.5090538859367371,0.4877501130104065
2,np_fixed,Vanilla NP,179,0.3346667677857155,0.33974560101826984,0.6653332710266113,0.6512871980667114,0.6653332710266113,0.6512871980667114
2,np_fixed,Vanilla NP,180,0.3227725306222605,0.3275724813457607,0.6772274971008301,0.6637815237045288,0.6772274971008301,0.6637815237045288
2,np_fixed,Vanilla NP,181,0.3969245243442151,0.4047406260357347,0.6030755043029785,0.5845767259597778,0.6030755043029785,0.5845767259597778
2,np_fixed,Vanilla NP,182,0.32414558714674424,0.3276491599489552,0.6758544445037842,0.6637028455734253,0.6758544445037842,0.6637028455734253
2,np_fixed,Vanilla NP,183,0.3477931462748106,0.35570474719816403,0.6522068977355957,0.6349067687988281,0.6522068977355957,0.6349067687988281
2,np_fixed,Vanilla NP,184,0.36993610720301784,0.37574651074963944,0.6300638914108276,0.6143360137939453,0.6300638914108276,0.6143360137939453
2,np_fixed,Vanilla NP,185,0.31949084685292356,0.32244177382121714,0.6805092096328735,0.6690477132797241,0.6805092096328735,0.6690477132797241
2,np_fixed,Vanilla NP,186,0.4510436513165171,0.46091290314992267,0.5489563941955566,0.5269217491149902,0.5489563941955566,0.5269217491149902
2,np_fixed,Vanilla NP,187,0.3208616310080817,0.3253598407257435,0.6791383624076843,0.6660525798797607,0.6791383624076843,0.6660525798797607
2,np_fixed,Vanilla NP,188,0.3356353969768036,0.3453853346349657,0.6643645763397217,0.6454985737800598,0.6643645763397217,0.6454985737800598
2,np_fixed,Vanilla NP,189,0.35358286781828535,0.36217810525450594,0.6464171409606934,0.6282625794410706,0.6464171409606934,0.6282625794410706
2,np_fixed,Vanilla NP,190,0.3390074922132862,0.3478682332260664,0.6609925031661987,0.6429501175880432,0.6609925031661987,0.6429501175880432
2,np_fixed,Vanilla NP,191,0.33475014960118965,0.3433310276316118,0.6652498841285706,0.6476070880889893,0.6652498841285706,0.6476070880889893
2,np_fixed,Vanilla NP,192,0.37587289431298426,0.3865339735219645,0.6241270899772644,0.6032638549804688,0.6241270899772644,0.6032638549804688
2,np_fixed,Vanilla NP,193,0.34546696515970454,0.34969763515531554,0.6545330286026001,0.6410725116729736,0.6545330286026001,0.6410725116729736
2,np_fixed,Vanilla NP,194,0.31964819191038146,0.32606577792370967,0.6803517937660217,0.6653280258178711,0.6803517937660217,0.6653280258178711
2,np_fixed,Vanilla NP,195,0.33434375704720964,0.3455151314883269,0.6656562089920044,0.6453653573989868,0.6656562089920044,0.6453653573989868
2,np_fixed,Vanilla NP,196,0.3185379195582959,0.32647909639879713,0.6814620494842529,0.6649038195610046,0.6814620494842529,0.6649038195610046
2,np_fixed,Vanilla NP,197,0.32181314812150114,0.33064268748889597,0.6781867742538452,0.6606303453445435,0.6781867742538452,0.6606303453445435
2,np_fixed,Vanilla NP,198,0.31689504897871684,0.32422965279845306,0.6831049919128418,0.6672126054763794,0.6831049919128418,0.6672126054763794
2,np_fixed,Vanilla NP,199,0.33327233814453894,0.33912134031916774,0.6667276620864868,0.6519279479980469,0.6667276620864868,0.6519279479980469
2,np_fixed,Vanilla NP,200,0.38340760547985403,0.39244051404701646,0.6165924072265625,0.5972014665603638,0.6165924072265625,0.5972014665603638
2,np_fan_in,Fan-in NP,1,0.9890578449234482,0.961784884911175,0.010942161083221436,0.012829780578613281,0.010942161083221436,0.012829780578613281
2,np_fan_in,Fan-in NP,2,0.9719779320465501,0.9530891956284989,0.02802211046218872,0.02175503969192505,0.02802211046218872,0.02175503969192505
2,np_fan_in,Fan-in NP,3,0.9304825585017833,0.9087664424911026,0.06951749324798584,0.06724750995635986,0.06951749324798584,0.06724750995635986
2,np_fan_in,Fan-in NP,4,0.8950783591861873,0.87450671842856,0.10492163896560669,0.10241144895553589,0.10492163896560669,0.10241144895553589
2,np_fan_in,Fan-in NP,5,0.8384429368861887,0.8227426737777946,0.16155701875686646,0.15554189682006836,0.16155701875686646,0.15554189682006836
2,np_fan_in,Fan-in NP,6,0.8249367604884066,0.8120192963947621,0.17506319284439087,0.16654843091964722,0.17506319284439087,0.16654843091964722
2,np_fan_in,Fan-in NP,7,0.6598308178805565,0.6664734034575233,0.34016913175582886,0.31593579053878784,0.34016913175582886,0.31593579053878784
2,np_fan_in,Fan-in NP,8,0.6001306395660075,0.6105528210484704,0.39986932277679443,0.37333226203918457,0.39986932277679443,0.37333226203918457
2,np_fan_in,Fan-in NP,9,0.5744988502458085,0.5870540627213412,0.4255012273788452,0.3974512219429016,0.4255012273788452,0.3974512219429016
2,np_fan_in,Fan-in NP,10,0.6029511727103891,0.6269989591236262,0.39704883098602295,0.3564520478248596,0.39704883098602295,0.3564520478248596
2,np_fan_in,Fan-in NP,11,0.5229131831217182,0.541781229566234,0.47708678245544434,0.4439190626144409,0.47708678245544434,0.4439190626144409
2,np_fan_in,Fan-in NP,12,0.4974793870319692,0.5184132528397464,0.5025205612182617,0.4679037928581238,0.5025205612182617,0.4679037928581238
2,np_fan_in,Fan-in NP,13,0.4942715560743051,0.5147723031136416,0.5057284235954285,0.47164082527160645,0.5057284235954285,0.47164082527160645
2,np_fan_in,Fan-in NP,14,0.5321600790633711,0.557496654894925,0.46783989667892456,0.42778879404067993,0.46783989667892456,0.42778879404067993
2,np_fan_in,Fan-in NP,15,0.5064678614915803,0.5256776410017827,0.49353212118148804,0.4604475498199463,0.49353212118148804,0.4604475498199463
2,np_fan_in,Fan-in NP,16,0.5804323627967243,0.5996161209520443,0.4195675849914551,0.3845575451850891,0.4195675849914551,0.3845575451850891
2,np_fan_in,Fan-in NP,17,0.4719181550565616,0.49214907394823176,0.5280818939208984,0.4948611855506897,0.5280818939208984,0.4948611855506897
2,np_fan_in,Fan-in NP,18,0.47692625051320986,0.49348952557689457,0.523073673248291,0.49348533153533936,0.523073673248291,0.49348533153533936
2,np_fan_in,Fan-in NP,19,0.650035118871881,0.6750012317369151,0.34996479749679565,0.30718278884887695,0.34996479749679565,0.30718278884887695
2,np_fan_in,Fan-in NP,20,0.4654122877490613,0.48628987591396006,0.5345877408981323,0.5008750557899475,0.5345877408981323,0.5008750557899475
2,np_fan_in,Fan-in NP,21,0.4623551280923592,0.4839315874169963,0.5376448631286621,0.5032955408096313,0.5376448631286621,0.5032955408096313
2,np_fan_in,Fan-in NP,22,0.45933165152867633,0.4802579024965449,0.5406683683395386,0.5070661902427673,0.5406683683395386,0.5070661902427673
2,np_fan_in,Fan-in NP,23,0.4685035652892534,0.49246598052424057,0.5314964056015015,0.4945359230041504,0.5314964056015015,0.4945359230041504
2,np_fan_in,Fan-in NP,24,0.46536327863848487,0.4855530650116677,0.5346366763114929,0.5016312599182129,0.5346366763114929,0.5016312599182129
2,np_fan_in,Fan-in NP,25,0.4611062846442526,0.4821905484495237,0.5388936996459961,0.5050824880599976,0.5388936996459961,0.5050824880599976
2,np_fan_in,Fan-in NP,26,0.46014099712519685,0.4798394189786541,0.5398590564727783,0.5074957013130188,0.5398590564727783,0.5074957013130188
2,np_fan_in,Fan-in NP,27,0.473330710054368,0.49325879091440245,0.5266693234443665,0.493722140789032,0.5266693234443665,0.493722140789032
2,np_fan_in,Fan-in NP,28,0.4588008823320847,0.4737499259239019,0.5411990880966187,0.513745903968811,0.5411990880966187,0.513745903968811
2,np_fan_in,Fan-in NP,29,0.5505321986915529,0.5627111154933309,0.44946783781051636,0.4224366545677185,0.44946783781051636,0.4224366545677185
2,np_fan_in,Fan-in NP,30,0.46329568476639976,0.4835422170716663,0.5367043018341064,0.5036951899528503,0.5367043018341064,0.5036951899528503
2,np_fan_in,Fan-in NP,31,0.4422668509705122,0.4597336076950842,0.5577331781387329,0.5281322002410889,0.5577331781387329,0.5281322002410889
2,np_fan_in,Fan-in NP,32,0.4476102174714554,0.46244039369183915,0.5523898005485535,0.5253539681434631,0.5523898005485535,0.5253539681434631
2,np_fan_in,Fan-in NP,33,0.9256512102230575,0.950176735719045,0.07434886693954468,0.02474433183670044,0.07434886693954468,0.02474433183670044
2,np_fan_in,Fan-in NP,34,0.45731927211894546,0.4751081101654112,0.5426807403564453,0.5123518705368042,0.5426807403564453,0.5123518705368042
2,np_fan_in,Fan-in NP,35,0.4539408526679342,0.47152548473934797,0.5460591912269592,0.5160290002822876,0.5460591912269592,0.5160290002822876
2,np_fan_in,Fan-in NP,36,0.4467058491337207,0.4625119174173636,0.5532941818237305,0.5252805948257446,0.5532941818237305,0.5252805948257446
2,np_fan_in,Fan-in NP,37,0.43628576328588087,0.450543461381927,0.5637142062187195,0.5375648736953735,0.5637142062187195,0.5375648736953735
2,np_fan_in,Fan-in NP,38,0.4324804322664128,0.4460280262684637,0.5675195455551147,0.5421994924545288,0.5675195455551147,0.5421994924545288
2,np_fan_in,Fan-in NP,39,0.43597890517508336,0.4531076046847558,0.564021110534668,0.5349330902099609,0.564021110534668,0.5349330902099609
2,np_fan_in,Fan-in NP,40,0.43997223987135775,0.45433141210282496,0.5600277185440063,0.5336769819259644,0.5600277185440063,0.5336769819259644
2,np_fan_in,Fan-in NP,41,0.42625836230987724,0.4420443581518277,0.5737416744232178,0.5462883114814758,0.5737416744232178,0.5462883114814758
2,np_fan_in,Fan-in NP,42,0.45737615042878677,0.47013848511747613,0.5426238179206848,0.5174527168273926,0.5426238179206848,0.5174527168273926
2,np_fan_in,Fan-in NP,43,0.4291430124940798,0.44288254638974983,0.5708569288253784,0.5454280376434326,0.5708569288253784,0.5454280376434326
2,np_fan_in,Fan-in NP,44,0.4532848566539528,0.4662084292995837,0.5467151403427124,0.5214864611625671,0.5467151403427124,0.5214864611625671
2,np_fan_in,Fan-in NP,45,0.4424286406169566,0.4544218651546064,0.5575713515281677,0.5335841774940491,0.5575713515281677,0.5335841774940491
2,np_fan_in,Fan-in NP,46,0.44820798044056853,0.46432793694873187,0.5517920255661011,0.5234166383743286,0.5517920255661011,0.5234166383743286
2,np_fan_in,Fan-in NP,47,0.4324531913265701,0.44618101198543875,0.5675468444824219,0.5420424938201904,0.5675468444824219,0.5420424938201904
2,np_fan_in,Fan-in NP,48,0.42368024541426075,0.43896569069041763,0.5763197541236877,0.5494482517242432,0.5763197541236877,0.5494482517242432
2,np_fan_in,Fan-in NP,49,0.5079771271047666,0.5166188450746758,0.49202293157577515,0.4697454571723938,0.49202293157577515,0.4697454571723938
2,np_fan_in,Fan-in NP,50,0.4284005352230959,0.4433097222516703,0.5715994834899902,0.5449895858764648,0.5715994834899902,0.5449895858764648
2,np_fan_in,Fan-in NP,51,0.43028989850088606,0.44295878119246906,0.5697101354598999,0.5453497171401978,0.5697101354598999,0.5453497171401978
2,np_fan_in,Fan-in NP,52,0.42051879899908406,0.43686298760332803,0.5794811248779297,0.5516064763069153,0.5794811248779297,0.5516064763069153
2,np_fan_in,Fan-in NP,53,0.4432702572770821,0.4590195897937745,0.556729793548584,0.5288650989532471,0.556729793548584,0.5288650989532471
2,np_fan_in,Fan-in NP,54,0.4233173563960911,0.4367843958758569,0.5766826272010803,0.5516871213912964,0.5766826272010803,0.5516871213912964
2,np_fan_in,Fan-in NP,55,0.44814671610676965,0.4608396994051083,0.5518532991409302,0.5269968509674072,0.5518532991409302,0.5269968509674072
2,np_fan_in,Fan-in NP,56,0.43102905223535937,0.4465002426805422,0.5689709782600403,0.5417147874832153,0.5689709782600403,0.5417147874832153
2,np_fan_in,Fan-in NP,57,0.43198513545731243,0.44868787591771564,0.5680148601531982,0.5394694805145264,0.5680148601531982,0.5394694805145264
2,np_fan_in,Fan-in NP,58,0.41114930046159165,0.42562932007072507,0.588850736618042,0.563136637210846,0.588850736618042,0.563136637210846
2,np_fan_in,Fan-in NP,59,0.4175948165645895,0.4330310581266418,0.5824052095413208,0.5555395483970642,0.5824052095413208,0.5555395483970642
2,np_fan_in,Fan-in NP,60,0.4169976492953855,0.4314273854558782,0.5830023288726807,0.5571855306625366,0.5830023288726807,0.5571855306625366
2,np_fan_in,Fan-in NP,61,0.43470016144966894,0.44759402949680654,0.5652998685836792,0.5405921936035156,0.5652998685836792,0.5405921936035156
2,np_fan_in,Fan-in NP,62,0.4165950440621191,0.4279800015826558,0.5834049582481384,0.5607239007949829,0.5834049582481384,0.5607239007949829
2,np_fan_in,Fan-in NP,63,0.40398177573847216,0.415985903998678,0.5960181951522827,0.5730345249176025,0.5960181951522827,0.5730345249176025
2,np_fan_in,Fan-in NP,64,0.4287972949271978,0.44613836393799894,0.5712027549743652,0.5420862436294556,0.5712027549743652,0.5420862436294556
2,np_fan_in,Fan-in NP,65,0.4030280785505162,0.4167560107948244,0.596971869468689,0.5722441077232361,0.596971869468689,0.5722441077232361
2,np_fan_in,Fan-in NP,66,0.40451810376126635,0.4202084197092426,0.5954818725585938,0.5687005519866943,0.5954818725585938,0.5687005519866943
2,np_fan_in,Fan-in NP,67,0.4175431654434796,0.43628674491431363,0.5824568271636963,0.5521979331970215,0.5824568271636963,0.5521979331970215
2,np_fan_in,Fan-in NP,68,0.40139887083408443,0.42023115541583805,0.5986011028289795,0.5686773061752319,0.5986011028289795,0.5686773061752319
2,np_fan_in,Fan-in NP,69,0.41317652801210564,0.4310980871204258,0.5868234634399414,0.5575234889984131,0.5868234634399414,0.5575234889984131
2,np_fan_in,Fan-in NP,70,0.4509282911470694,0.46919139919354935,0.549071729183197,0.5184247493743896,0.549071729183197,0.5184247493743896
2,np_fan_in,Fan-in NP,71,0.38984349277592445,0.4024006504883138,0.6101565361022949,0.5869783759117126,0.6101565361022949,0.5869783759117126
2,np_fan_in,Fan-in NP,72,0.38520816442116285,0.39654159407282985,0.6147918701171875,0.5929920673370361,0.6147918701171875,0.5929920673370361
2,np_fan_in,Fan-in NP,73,0.4756946931051653,0.4814771155054255,0.5243053436279297,0.505814790725708,0.5243053436279297,0.505814790725708
2,np_fan_in,Fan-in NP,74,0.41313242196112643,0.42987032107604567,0.5868675708770752,0.5587836503982544,0.5868675708770752,0.5587836503982544
2,np_fan_in,Fan-in NP,75,0.41650627241578214,0.4277019895786463,0.583493709564209,0.5610092878341675,0.583493709564209,0.5610092878341675
2,np_fan_in,Fan-in NP,76,0.3911964602248613,0.4029627479324045,0.6088035106658936,0.5864014625549316,0.6088035106658936,0.5864014625549316
2,np_fan_in,Fan-in NP,77,0.4626055191191592,0.46695083518360936,0.5373945236206055,0.5207244753837585,0.5373945236206055,0.5207244753837585
2,np_fan_in,Fan-in NP,78,0.48069646192151444,0.4816506008307139,0.519303560256958,0.5056366920471191,0.519303560256958,0.5056366920471191
2,np_fan_in,Fan-in NP,79,0.392083124827969,0.401970715485802,0.6079168319702148,0.5874196887016296,0.6079168319702148,0.5874196887016296
2,np_fan_in,Fan-in NP,80,0.3975213480781215,0.41137628315031066,0.6024786233901978,0.577765941619873,0.6024786233901978,0.577765941619873
2,np_fan_in,Fan-in NP,81,0.4095966367758522,0.41978204504464023,0.5904033184051514,0.56913822889328,0.5904033184051514,0.56913822889328
2,np_fan_in,Fan-in NP,82,0.39700826089973595,0.41237707955892694,0.6029917001724243,0.5767385959625244,0.6029917001724243,0.5767385959625244
2,np_fan_in,Fan-in NP,83,0.39976607424806254,0.4143009664014328,0.6002339124679565,0.5747640132904053,0.6002339124679565,0.5747640132904053
2,np_fan_in,Fan-in NP,84,0.3861274641844653,0.3968748940053836,0.6138725280761719,0.5926499962806702,0.6138725280761719,0.5926499962806702
2,np_fan_in,Fan-in NP,85,0.3830617303534072,0.39323000967964644,0.6169382333755493,0.5963910818099976,0.6169382333755493,0.5963910818099976
2,np_fan_in,Fan-in NP,86,0.4385759798131248,0.44697474463041437,0.5614240169525146,0.5412278175354004,0.5614240169525146,0.5412278175354004
2,np_fan_in,Fan-in NP,87,0.37221228683641716,0.3820332420426746,0.627787709236145,0.6078833341598511,0.627787709236145,0.6078833341598511
2,np_fan_in,Fan-in NP,88,0.3718016392500826,0.3787521428840105,0.6281983852386475,0.6112510561943054,0.6281983852386475,0.6112510561943054
2,np_fan_in,Fan-in NP,89,0.37638782345971394,0.38468066435451653,0.6236121654510498,0.6051660776138306,0.6236121654510498,0.6051660776138306
2,np_fan_in,Fan-in NP,90,0.43566997453223827,0.44842239682988605,0.5643301010131836,0.5397419929504395,0.5643301010131836,0.5397419929504395
2,np_fan_in,Fan-in NP,91,0.3960683754710264,0.4018792038740114,0.6039316654205322,0.5875135660171509,0.6039316654205322,0.5875135660171509
2,np_fan_in,Fan-in NP,92,0.37730646618576935,0.387975812882416,0.6226935386657715,0.6017839908599854,0.6226935386657715,0.6017839908599854
2,np_fan_in,Fan-in NP,93,0.38280896241812745,0.38858248512874277,0.6171910166740417,0.6011612415313721,0.6171910166740417,0.6011612415313721
2,np_fan_in,Fan-in NP,94,0.4342740344446759,0.4391870729682982,0.5657259821891785,0.5492210388183594,0.5657259821891785,0.5492210388183594
2,np_fan_in,Fan-in NP,95,0.37804792625035427,0.3901050830072211,0.6219520568847656,0.5995984673500061,0.6219520568847656,0.5995984673500061
2,np_fan_in,Fan-in NP,96,0.38080748349659205,0.3899641732374827,0.6191924810409546,0.599743127822876,0.6191924810409546,0.599743127822876
2,np_fan_in,Fan-in NP,97,0.37919748765091565,0.3878153518650883,0.6208024621009827,0.6019486784934998,0.6208024621009827,0.6019486784934998
2,np_fan_in,Fan-in NP,98,0.38454715110534843,0.3924068799314573,0.6154528856277466,0.597235918045044,0.6154528856277466,0.597235918045044
2,np_fan_in,Fan-in NP,99,0.4282332808934441,0.4326991193978361,0.57176673412323,0.5558801889419556,0.57176673412323,0.5558801889419556
2,np_fan_in,Fan-in NP,100,0.3838282273721325,0.3936935875766961,0.6161717772483826,0.5959153175354004,0.6161717772483826,0.5959153175354004
2,np_fan_in,Fan-in NP,101,0.4559033838815467,0.4752796449402506,0.5440966486930847,0.5121757984161377,0.5440966486930847,0.5121757984161377
2,np_fan_in,Fan-in NP,102,0.37311930815840877,0.38330025543538176,0.6268806457519531,0.6065829396247864,0.6268806457519531,0.6065829396247864
2,np_fan_in,Fan-in NP,103,0.36594187104424764,0.37608417822409046,0.6340581178665161,0.6139894723892212,0.6340581178665161,0.6139894723892212
2,np_fan_in,Fan-in NP,104,0.40944247767906783,0.4228789418242698,0.5905574560165405,0.565959632396698,0.5905574560165405,0.565959632396698
2,np_fan_in,Fan-in NP,105,0.3656319516111714,0.3751066206961639,0.6343680024147034,0.6149928569793701,0.6343680024147034,0.6149928569793701
2,np_fan_in,Fan-in NP,106,0.36467125492040503,0.3697896678318349,0.6353287100791931,0.6204501390457153,0.6353287100791931,0.6204501390457153
2,np_fan_in,Fan-in NP,107,0.36076198321904324,0.36772972345352173,0.6392379999160767,0.622564435005188,0.6392379999160767,0.622564435005188
2,np_fan_in,Fan-in NP,108,0.3860114978034367,0.38833919745083,0.6139885187149048,0.601410984992981,0.6139885187149048,0.601410984992981
2,np_fan_in,Fan-in NP,109,0.393683839675992,0.4009751432625822,0.6063162088394165,0.5884416103363037,0.6063162088394165,0.5884416103363037
2,np_fan_in,Fan-in NP,110,0.3580717051676077,0.3640333631241968,0.6419282555580139,0.6263583898544312,0.6419282555580139,0.6263583898544312
2,np_fan_in,Fan-in NP,111,0.37388268852418705,0.37929654283116954,0.6261172890663147,0.6106923222541809,0.6261172890663147,0.6106923222541809
2,np_fan_in,Fan-in NP,112,0.3558136786139289,0.3635569159374681,0.64418625831604,0.6268473863601685,0.64418625831604,0.6268473863601685
2,np_fan_in,Fan-in NP,113,0.39821307176305343,0.40193179226660913,0.6017869710922241,0.5874595642089844,0.6017869710922241,0.5874595642089844
2,np_fan_in,Fan-in NP,114,0.36954566940318706,0.3765570793965066,0.6304543614387512,0.6135041117668152,0.6304543614387512,0.6135041117668152
2,np_fan_in,Fan-in NP,115,0.36355204753173415,0.3697324295838674,0.6364479660987854,0.6205089092254639,0.6364479660987854,0.6205089092254639
2,np_fan_in,Fan-in NP,116,0.5262254065321398,0.5421375202578168,0.47377461194992065,0.4435533285140991,0.47377461194992065,0.4435533285140991
2,np_fan_in,Fan-in NP,117,0.3708934579477754,0.37905374446580575,0.6291065216064453,0.6109415292739868,0.6291065216064453,0.6109415292739868
2,np_fan_in,Fan-in NP,118,0.3710428382768187,0.3790099267349687,0.628957211971283,0.6109864711761475,0.628957211971283,0.6109864711761475
2,np_fan_in,Fan-in NP,119,0.3803056156219438,0.3884643191515013,0.6196943521499634,0.60128253698349,0.6196943521499634,0.60128253698349
2,np_fan_in,Fan-in NP,120,0.3699070716551108,0.375091293523478,0.6300928592681885,0.6150085926055908,0.6300928592681885,0.6150085926055908
2,np_fan_in,Fan-in NP,121,0.37553420362546464,0.38368726608365084,0.6244657635688782,0.6061856746673584,0.6244657635688782,0.6061856746673584
2,np_fan_in,Fan-in NP,122,0.35420503288276434,0.36079050820003183,0.6457949876785278,0.6296868324279785,0.6457949876785278,0.6296868324279785
2,np_fan_in,Fan-in NP,123,0.35206131325211637,0.3603411732718002,0.6479386687278748,0.6301479339599609,0.6479386687278748,0.6301479339599609
2,np_fan_in,Fan-in NP,124,0.35228948087193246,0.3596804765767829,0.6477105617523193,0.6308261156082153,0.6477105617523193,0.6308261156082153
2,np_fan_in,Fan-in NP,125,0.5230747061644414,0.5361909954122794,0.476925253868103,0.44965672492980957,0.476925253868103,0.44965672492980957
2,np_fan_in,Fan-in NP,126,0.348581580921661,0.3529690979987152,0.6514184474945068,0.6377146244049072,0.6514184474945068,0.6377146244049072
2,np_fan_in,Fan-in NP,127,0.34860544495804363,0.3557873520740243,0.6513946056365967,0.6348220109939575,0.6513946056365967,0.6348220109939575
2,np_fan_in,Fan-in NP,128,0.3496803133062614,0.3560543128455332,0.6503196954727173,0.6345479488372803,0.6503196954727173,0.6345479488372803
2,np_fan_in,Fan-in NP,129,0.37031424438306526,0.37196283700854277,0.6296857595443726,0.6182194948196411,0.6296857595443726,0.6182194948196411
2,np_fan_in,Fan-in NP,130,0.4367708804071412,0.43386452951172527,0.5632290840148926,0.554684042930603,0.5632290840148926,0.554684042930603
2,np_fan_in,Fan-in NP,131,0.38387952098088673,0.38307293856790825,0.6161205172538757,0.606816291809082,0.6161205172538757,0.606816291809082
2,np_fan_in,Fan-in NP,132,0.3612174462209376,0.3667743917583495,0.6387825012207031,0.6235449314117432,0.6387825012207031,0.6235449314117432
2,np_fan_in,Fan-in NP,133,0.33676918763522956,0.3462027404890504,0.663230836391449,0.6446595788002014,0.663230836391449,0.6446595788002014
2,np_fan_in,Fan-in NP,134,0.35011146881783656,0.35548520573349884,0.6498885154724121,0.6351320743560791,0.6498885154724121,0.6351320743560791
2,np_fan_in,Fan-in NP,135,0.35828852156798047,0.3602248619693194,0.6417114734649658,0.6302674412727356,0.6417114734649658,0.6302674412727356
2,np_fan_in,Fan-in NP,136,0.3513552412506222,0.35988045801488006,0.6486448049545288,0.6306208372116089,0.6486448049545288,0.6306208372116089
2,np_fan_in,Fan-in NP,137,0.41494969157285466,0.42760914841363595,0.5850503444671631,0.5611045360565186,0.5850503444671631,0.5611045360565186
2,np_fan_in,Fan-in NP,138,0.3373353256042613,0.3460555815881537,0.6626646518707275,0.644810676574707,0.6626646518707275,0.644810676574707
2,np_fan_in,Fan-in NP,139,0.339912180983743,0.3487257061078567,0.6600878238677979,0.6420700550079346,0.6600878238677979,0.6420700550079346
2,np_fan_in,Fan-in NP,140,0.3493814283563185,0.3608546659003857,0.6506185531616211,0.6296209096908569,0.6506185531616211,0.6296209096908569
2,np_fan_in,Fan-in NP,141,0.36731440013693284,0.37177845951198607,0.6326856017112732,0.6184088587760925,0.6326856017112732,0.6184088587760925
2,np_fan_in,Fan-in NP,142,0.33724488202453584,0.34400436490081077,0.6627551317214966,0.6469160318374634,0.6627551317214966,0.6469160318374634
2,np_fan_in,Fan-in NP,143,0.40257857728374097,0.40777000161104426,0.597421407699585,0.5814672708511353,0.597421407699585,0.5814672708511353
2,np_fan_in,Fan-in NP,144,0.3831779654173888,0.3954461600429328,0.6168220639228821,0.5941164493560791,0.6168220639228821,0.5941164493560791
2,np_fan_in,Fan-in NP,145,0.341593089491822,0.3491592846175497,0.6584069728851318,0.6416250467300415,0.6584069728851318,0.6416250467300415
2,np_fan_in,Fan-in NP,146,0.37237054109573364,0.37561718345612516,0.6276295185089111,0.6144687533378601,0.6276295185089111,0.6144687533378601
2,np_fan_in,Fan-in NP,147,0.35137369928433915,0.36146253578422605,0.6486263275146484,0.6289969682693481,0.6486263275146484,0.6289969682693481
2,np_fan_in,Fan-in NP,148,0.3881742196489674,0.39825759631718777,0.6118257641792297,0.5912307500839233,0.6118257641792297,0.5912307500839233
2,np_fan_in,Fan-in NP,149,0.42030169427856917,0.4225651028082352,0.5796983242034912,0.5662817358970642,0.5796983242034912,0.5662817358970642
2,np_fan_in,Fan-in NP,150,0.3331822309383126,0.34003001867338667,0.6668177843093872,0.6509951949119568,0.6668177843093872,0.6509951949119568
2,np_fan_in,Fan-in NP,151,0.33388512725977937,0.3423211477523626,0.6661149263381958,0.6486436128616333,0.6661149263381958,0.6486436128616333
2,np_fan_in,Fan-in NP,152,0.3439987235984137,0.35034442178962766,0.6560012698173523,0.6404085755348206,0.6560012698173523,0.6404085755348206
2,np_fan_in,Fan-in NP,153,0.3503929515217626,0.3548042376836141,0.6496070623397827,0.6358311176300049,0.6496070623397827,0.6358311176300049
2,np_fan_in,Fan-in NP,154,0.3415099181408106,0.34746125825615815,0.6584900617599487,0.6433678865432739,0.6584900617599487,0.6433678865432739
2,np_fan_in,Fan-in NP,155,0.3317660042481829,0.34109390475029167,0.6682339906692505,0.6499032974243164,0.6682339906692505,0.6499032974243164
2,np_fan_in,Fan-in NP,156,0.3458538522091947,0.3568447426308033,0.6541461944580078,0.6337367296218872,0.6541461944580078,0.6337367296218872
2,np_fan_in,Fan-in NP,157,0.35636082152987636,0.36869151093239005,0.6436392068862915,0.621577262878418,0.6436392068862915,0.621577262878418
2,np_fan_in,Fan-in NP,158,0.3360761505688808,0.3442095580489136,0.6639238595962524,0.6467053890228271,0.6639238595962524,0.6467053890228271
2,np_fan_in,Fan-in NP,159,0.3392023721406626,0.34866877350696296,0.660797655582428,0.6421284675598145,0.660797655582428,0.6421284675598145
2,np_fan_in,Fan-in NP,160,0.352103043203206,0.3602498367775318,0.6478970050811768,0.6302416920661926,0.6478970050811768,0.6302416920661926
2,np_fan_in,Fan-in NP,161,0.3453278450309768,0.35344139781109124,0.6546721458435059,0.6372298002243042,0.6546721458435059,0.6372298002243042
2,np_fan_in,Fan-in NP,162,0.441928365433863,0.4601626118948293,0.5580716729164124,0.5276919007301331,0.5580716729164124,0.5276919007301331
2,np_fan_in,Fan-in NP,163,0.3427750832119653,0.35254557557808336,0.6572248935699463,0.6381493210792542,0.6572248935699463,0.6381493210792542
2,np_fan_in,Fan-in NP,164,0.3394250837407371,0.35011131564776105,0.6605749130249023,0.6406478881835938,0.6605749130249023,0.6406478881835938
2,np_fan_in,Fan-in NP,165,0.535948188267937,0.5346436759298162,0.46405184268951416,0.45124489068984985,0.46405184268951416,0.45124489068984985
2,np_fan_in,Fan-in NP,166,0.38235642870729286,0.3869444979715717,0.6176435947418213,0.6028425693511963,0.6176435947418213,0.6028425693511963
2,np_fan_in,Fan-in NP,167,0.33996520485988885,0.34748891065287035,0.6600347757339478,0.6433395147323608,0.6600347757339478,0.6433395147323608
2,np_fan_in,Fan-in NP,168,0.35038536036199375,0.3586255991181662,0.6496146321296692,0.6319087743759155,0.6496146321296692,0.6319087743759155
2,np_fan_in,Fan-in NP,169,0.3609707566887833,0.3721485960391141,0.6390292644500732,0.6180289387702942,0.6390292644500732,0.6180289387702942
2,np_fan_in,Fan-in NP,170,0.3661566585764404,0.37289493860200396,0.6338433027267456,0.6172628402709961,0.6338433027267456,0.6172628402709961
2,np_fan_in,Fan-in NP,171,0.34351753379947453,0.3524493910083475,0.656482458114624,0.638248085975647,0.656482458114624,0.638248085975647
2,np_fan_in,Fan-in NP,172,0.34624273647633635,0.3562879793403685,0.6537572145462036,0.6343082189559937,0.6537572145462036,0.6343082189559937
2,np_fan_in,Fan-in NP,173,0.33813396234845006,0.3447570160839909,0.6618660688400269,0.6461434364318848,0.6618660688400269,0.6461434364318848
2,np_fan_in,Fan-in NP,174,0.3487962812416313,0.35657354403835856,0.6512037515640259,0.6340150833129883,0.6512037515640259,0.6340150833129883
2,np_fan_in,Fan-in NP,175,0.3961862221706745,0.408384162095166,0.6038137674331665,0.5808370113372803,0.6038137674331665,0.5808370113372803
2,np_fan_in,Fan-in NP,176,0.3390193267386089,0.3430729203445967,0.6609807014465332,0.6478719711303711,0.6609807014465332,0.6478719711303711
2,np_fan_in,Fan-in NP,177,0.34298754604749904,0.3469787593497786,0.6570124626159668,0.6438630819320679,0.6570124626159668,0.6438630819320679
2,np_fan_in,Fan-in NP,178,0.4975140743939451,0.5109712920447652,0.5024859309196472,0.4755421280860901,0.5024859309196472,0.4755421280860901
2,np_fan_in,Fan-in NP,179,0.3523711375025816,0.36120511556780616,0.6476288437843323,0.6292612552642822,0.6476288437843323,0.6292612552642822
2,np_fan_in,Fan-in NP,180,0.3434632117896117,0.35665357886820803,0.6565368175506592,0.6339329481124878,0.6565368175506592,0.6339329481124878
2,np_fan_in,Fan-in NP,181,0.35133831168329993,0.36248363646887993,0.6486616730690002,0.6279489994049072,0.6486616730690002,0.6279489994049072
2,np_fan_in,Fan-in NP,182,0.3375611580157465,0.34343919643135956,0.6624388694763184,0.6474960446357727,0.6624388694763184,0.6474960446357727
2,np_fan_in,Fan-in NP,183,0.371706925043764,0.38642579224682594,0.6282930970191956,0.6033748388290405,0.6282930970191956,0.6033748388290405
2,np_fan_in,Fan-in NP,184,0.4028362758861956,0.41901166171066523,0.5971636772155762,0.5699289441108704,0.5971636772155762,0.5699289441108704
2,np_fan_in,Fan-in NP,185,0.3306875510733257,0.3400184623030729,0.6693124175071716,0.6510070562362671,0.6693124175071716,0.6510070562362671
2,np_fan_in,Fan-in NP,186,0.4012826140536818,0.4163550415704417,0.5987173914909363,0.5726556777954102,0.5987173914909363,0.5726556777954102
2,np_fan_in,Fan-in NP,187,0.3295727321343829,0.3363202084866605,0.6704273223876953,0.6548029184341431,0.6704273223876953,0.6548029184341431
2,np_fan_in,Fan-in NP,188,0.3266043560218441,0.335208488989246,0.6733956336975098,0.6559439897537231,0.6733956336975098,0.6559439897537231
2,np_fan_in,Fan-in NP,189,0.3344872567311738,0.3423987245836923,0.66551274061203,0.6485639810562134,0.66551274061203,0.6485639810562134
2,np_fan_in,Fan-in NP,190,0.32343726888183477,0.33033832514932915,0.6765627861022949,0.6609427332878113,0.6765627861022949,0.6609427332878113
2,np_fan_in,Fan-in NP,191,0.32494214477465133,0.32856889704401177,0.6750578880310059,0.6627588272094727,0.6750578880310059,0.6627588272094727
2,np_fan_in,Fan-in NP,192,0.34785443105438885,0.35453605929086374,0.6521456241607666,0.6361063122749329,0.6521456241607666,0.6361063122749329
2,np_fan_in,Fan-in NP,193,0.345582755383595,0.34846247166626215,0.6544172167778015,0.6423401832580566,0.6544172167778015,0.6423401832580566
2,np_fan_in,Fan-in NP,194,0.3609039308719857,0.36246975909831913,0.6390960216522217,0.6279631853103638,0.6390960216522217,0.6279631853103638
2,np_fan_in,Fan-in NP,195,0.35022137435369716,0.3613373805848203,0.6497786045074463,0.6291254758834839,0.6497786045074463,0.6291254758834839
2,np_fan_in,Fan-in NP,196,0.3309708125600519,0.3391493201948876,0.669029176235199,0.6518992185592651,0.669029176235199,0.6518992185592651
2,np_fan_in,Fan-in NP,197,0.3269442379936691,0.3326589987259503,0.6730557680130005,0.6585608720779419,0.6730557680130005,0.6585608720779419
2,np_fan_in,Fan-in NP,198,0.32354008828022685,0.3274146533289621,0.6764599084854126,0.6639435887336731,0.6764599084854126,0.6639435887336731
2,np_fan_in,Fan-in NP,199,0.3519117822942808,0.3619302700656329,0.6480882167816162,0.6285169124603271,0.6480882167816162,0.6285169124603271
2,np_fan_in,Fan-in NP,200,0.33299966826457383,0.3381881284159283,0.6670003533363342,0.6528856754302979,0.6670003533363342,0.6528856754302979
2,wp,WP,1,0.9792975695558297,0.9505851102429766,0.020702362060546875,0.024325072765350342,0.020702362060546875,0.024325072765350342
2,wp,WP,2,1.0564972273139066,1.0421557934709298,-0.05649721622467041,-0.06966245174407959,-0.05649721622467041,-0.06966245174407959
2,wp,WP,3,0.8341302880945132,0.8210971406263898,0.16586971282958984,0.15723079442977905,0.16586971282958984,0.15723079442977905
2,wp,WP,4,0.6396888753240423,0.6426182176715644,0.3603110909461975,0.34042054414749146,0.3603110909461975,0.34042054414749146
2,wp,WP,5,0.6337718861971715,0.6365706846695538,0.3662281036376953,0.34662771224975586,0.3662281036376953,0.34662771224975586
2,wp,WP,6,0.5270261126895284,0.5385735912840496,0.4729738235473633,0.4472113251686096,0.4729738235473633,0.4472113251686096
2,wp,WP,7,0.4950007084728211,0.5062817210374877,0.5049992799758911,0.48035550117492676,0.5049992799758911,0.48035550117492676
2,wp,WP,8,0.4679935227992923,0.4842109458391057,0.5320065021514893,0.5030088424682617,0.5320065021514893,0.5030088424682617
2,wp,WP,9,0.48444943649824274,0.49771163445110467,0.5155505537986755,0.48915183544158936,0.5155505537986755,0.48915183544158936
2,wp,WP,10,0.4274200261101242,0.44247589855231056,0.5725799798965454,0.5458453893661499,0.5725799798965454,0.5458453893661499
2,wp,WP,11,0.4473055651945661,0.46279617335445195,0.5526943802833557,0.5249887704849243,0.5526943802833557,0.5249887704849243
2,wp,WP,12,0.4464848723060401,0.45851515938145243,0.5535150766372681,0.5293827652931213,0.5535150766372681,0.5293827652931213
2,wp,WP,13,0.46319818219473197,0.47965674899345223,0.536801815032959,0.5076831579208374,0.536801815032959,0.5076831579208374
2,wp,WP,14,0.4143083459416101,0.4239591593428176,0.5856915712356567,0.564850926399231,0.5856915712356567,0.564850926399231
2,wp,WP,15,0.4141844970773357,0.42283615677855735,0.5858154892921448,0.5660035610198975,0.5858154892921448,0.5660035610198975
2,wp,WP,16,0.40685339838035345,0.4110836294270301,0.593146562576294,0.5780662298202515,0.593146562576294,0.5780662298202515
2,wp,WP,17,0.474622578121895,0.47686910352041556,0.5253773927688599,0.5105444192886353,0.5253773927688599,0.5105444192886353
2,wp,WP,18,0.4135155341652937,0.4203749613244404,0.5864844918251038,0.5685297250747681,0.5864844918251038,0.5685297250747681
2,wp,WP,19,0.4010531278543694,0.4068206696547279,0.5989468693733215,0.5824416875839233,0.5989468693733215,0.5824416875839233
2,wp,WP,20,0.38130965355292773,0.3879296185896378,0.6186903715133667,0.6018313765525818,0.6186903715133667,0.6018313765525818
2,wp,WP,21,0.3766701392425123,0.37978312881417975,0.6233298182487488,0.6101928949356079,0.6233298182487488,0.6101928949356079
2,wp,WP,22,0.368305458116901,0.3787110570327256,0.6316945552825928,0.6112931966781616,0.6316945552825928,0.6112931966781616
2,wp,WP,23,0.39402368918869846,0.4028572356978128,0.6059763431549072,0.5865097641944885,0.6059763431549072,0.5865097641944885
2,wp,WP,24,0.43027193775010664,0.4421196566071621,0.5697280168533325,0.5462110042572021,0.5697280168533325,0.5462110042572021
2,wp,WP,25,0.392351416654365,0.3947998738104059,0.6076486110687256,0.5947798490524292,0.6076486110687256,0.5947798490524292
2,wp,WP,26,0.3798744593017785,0.38589674003364505,0.6201255321502686,0.6039178371429443,0.6201255321502686,0.6039178371429443
2,wp,WP,27,0.37360366370326786,0.380014895699745,0.6263963580131531,0.6099550127983093,0.6263963580131531,0.6099550127983093
2,wp,WP,28,0.37931001717730084,0.3811965256698372,0.6206899881362915,0.6087421178817749,0.6206899881362915,0.6087421178817749
2,wp,WP,29,0.3764933339616125,0.3794648631136547,0.6235066056251526,0.610519528388977,0.6235066056251526,0.610519528388977
2,wp,WP,30,0.37833831130072126,0.38689695125402407,0.6216616630554199,0.6028912663459778,0.6216616630554199,0.6028912663459778
2,wp,WP,31,0.3819488127564275,0.3875761484914972,0.6180512309074402,0.6021941900253296,0.6180512309074402,0.6021941900253296
2,wp,WP,32,0.37637332797974576,0.3828654876051023,0.6236266493797302,0.6070291996002197,0.6236266493797302,0.6070291996002197
2,wp,WP,33,0.3841245636459469,0.3871195912361145,0.6158754229545593,0.6026628017425537,0.6158754229545593,0.6026628017425537
2,wp,WP,34,0.3690535557824512,0.37141035000483197,0.6309464573860168,0.6187866926193237,0.6309464573860168,0.6187866926193237
2,wp,WP,35,0.39876328974731207,0.39872383632401165,0.6012367010116577,0.5907522439956665,0.6012367010116577,0.5907522439956665
2,wp,WP,36,0.37683624144672423,0.3838530940602916,0.6231637001037598,0.6060154438018799,0.6231637001037598,0.6060154438018799
2,wp,WP,37,0.4075025913789291,0.4149732776852541,0.5924973487854004,0.5740739107131958,0.5924973487854004,0.5740739107131958
2,wp,WP,38,0.4384483487107033,0.4490461774574694,0.5615516901016235,0.5391017198562622,0.5615516901016235,0.5391017198562622
2,wp,WP,39,0.3825110130069792,0.3919481290865314,0.6174889802932739,0.5977067947387695,0.6174889802932739,0.5977067947387695
2,wp,WP,40,0.3623943257239438,0.3646769530551378,0.6376056671142578,0.6256977319717407,0.6376056671142578,0.6256977319717407
2,wp,WP,41,0.35285721869431724,0.35391854154047114,0.647142767906189,0.6367401480674744,0.647142767906189,0.6367401480674744
2,wp,WP,42,0.3542397845854131,0.35618284598801486,0.6457602381706238,0.6344161033630371,0.6457602381706238,0.6344161033630371
2,wp,WP,43,0.3605920175711314,0.3644242792628532,0.6394079923629761,0.6259571313858032,0.6394079923629761,0.6259571313858032
2,wp,WP,44,0.3682474611803543,0.37105047610379005,0.6317525506019592,0.619156002998352,0.6317525506019592,0.619156002998352
2,wp,WP,45,0.38754920742308446,0.38948709789172625,0.6124507784843445,0.600232720375061,0.6124507784843445,0.600232720375061
2,wp,WP,46,0.36518784733705745,0.37053158070689945,0.6348121762275696,0.6196886301040649,0.6348121762275696,0.6196886301040649
2,wp,WP,47,0.3845289294109788,0.39078318980313087,0.6154711246490479,0.5989024639129639,0.6154711246490479,0.5989024639129639
2,wp,WP,48,0.38013240902922873,0.38851075116978134,0.6198675632476807,0.6012349128723145,0.6198675632476807,0.6012349128723145
2,wp,WP,49,0.3784906351289084,0.3850638591503912,0.6215094327926636,0.6047728061676025,0.6215094327926636,0.6047728061676025
2,wp,WP,50,0.4052764662476473,0.40961600135463155,0.5947234630584717,0.5795726180076599,0.5947234630584717,0.5795726180076599
2,wp,WP,51,0.36846083610556846,0.37329648631487705,0.6315391659736633,0.616850733757019,0.6315391659736633,0.616850733757019
2,wp,WP,52,0.3696494479050008,0.3747340667155362,0.6303505301475525,0.6153752207756042,0.6303505301475525,0.6153752207756042
2,wp,WP,53,0.40617200662923414,0.41301504401273503,0.593828022480011,0.5760838985443115,0.593828022480011,0.5760838985443115
2,wp,WP,54,0.4035949861818506,0.40627371109733285,0.596405029296875,0.5830031037330627,0.596405029296875,0.5830031037330627
2,wp,WP,55,0.3792696588261183,0.3873971300993779,0.6207304000854492,0.6023778915405273,0.6207304000854492,0.6023778915405273
2,wp,WP,56,0.39477310716643815,0.40520635871000066,0.6052268743515015,0.5840986371040344,0.6052268743515015,0.5840986371040344
2,wp,WP,57,0.3997798130031704,0.41099893399911336,0.6002202033996582,0.578153133392334,0.6002202033996582,0.578153133392334
2,wp,WP,58,0.3867733044217723,0.3990014128444731,0.6132267117500305,0.5904673337936401,0.6132267117500305,0.5904673337936401
2,wp,WP,59,0.38618108145026275,0.3923292635947235,0.613818883895874,0.5973156094551086,0.613818883895874,0.5973156094551086
2,wp,WP,60,0.4146039534446805,0.4193226068980934,0.5853960514068604,0.5696098208427429,0.5853960514068604,0.5696098208427429
2,wp,WP,61,0.39110398431156956,0.3953322382398354,0.608896017074585,0.5942333936691284,0.608896017074585,0.5942333936691284
2,wp,WP,62,0.38449479119722235,0.3883728551310162,0.6155052185058594,0.6013764142990112,0.6155052185058594,0.6013764142990112
2,wp,WP,63,0.38115393872870956,0.3862550311772398,0.61884605884552,0.6035501956939697,0.61884605884552,0.6035501956939697
2,wp,WP,64,0.3805772347967754,0.3913898248543111,0.6194227933883667,0.5982798337936401,0.6194227933883667,0.5982798337936401
2,wp,WP,65,0.37042814527833184,0.37761153892953264,0.6295718550682068,0.6124218106269836,0.6295718550682068,0.6124218106269836
2,wp,WP,66,0.38911891468735627,0.40298419451528744,0.6108810901641846,0.5863794684410095,0.6108810901641846,0.5863794684410095
2,wp,WP,67,0.39225016014520514,0.4020881625108941,0.6077498197555542,0.587299108505249,0.6077498197555542,0.587299108505249
2,wp,WP,68,0.4025492422109426,0.41270626584688824,0.5974507331848145,0.5764007568359375,0.5974507331848145,0.5764007568359375
2,wp,WP,69,0.3822325922028963,0.3875798407451127,0.6177673935890198,0.602190375328064,0.6177673935890198,0.602190375328064
2,wp,WP,70,0.3764861216840818,0.38496353737143585,0.62351393699646,0.6048758029937744,0.62351393699646,0.6048758029937744
2,wp,WP,71,0.4001224411781444,0.4106681795083275,0.5998775959014893,0.5784926414489746,0.5998775959014893,0.5784926414489746
2,wp,WP,72,0.37489693571430766,0.3843146532542946,0.6251030564308167,0.6055417656898499,0.6251030564308167,0.6055417656898499
2,wp,WP,73,0.4013658507849819,0.41204438953436623,0.5986341834068298,0.5770801305770874,0.5986341834068298,0.5770801305770874
2,wp,WP,74,0.39112059829771056,0.4015184853428094,0.6088794469833374,0.5878838896751404,0.6088794469833374,0.5878838896751404
2,wp,WP,75,0.3686484531607739,0.3745348049226657,0.6313515901565552,0.6155797243118286,0.6313515901565552,0.6155797243118286
2,wp,WP,76,0.3836263983055603,0.38677809266156926,0.616373598575592,0.603013277053833,0.616373598575592,0.603013277053833
2,wp,WP,77,0.4290865024392919,0.43059170315431994,0.5709134340286255,0.5580432415008545,0.5709134340286255,0.5580432415008545
2,wp,WP,78,0.37893916701161584,0.3858661106390546,0.621060848236084,0.6039493680000305,0.621060848236084,0.6039493680000305
2,wp,WP,79,0.38435506589652957,0.3921640127204185,0.6156449317932129,0.5974851846694946,0.6156449317932129,0.5974851846694946
2,wp,WP,80,0.37306814092074253,0.37893708408340926,0.62693190574646,0.6110612154006958,0.62693190574646,0.6110612154006958
2,wp,WP,81,0.36952629130940107,0.3781736220500266,0.6304737329483032,0.6118448376655579,0.6304737329483032,0.6118448376655579
2,wp,WP,82,0.3765915733899257,0.38801359945489455,0.6234084367752075,0.6017451286315918,0.6234084367752075,0.6017451286315918
2,wp,WP,83,0.35986984538477523,0.3636586753896965,0.6401301622390747,0.626742959022522,0.6401301622390747,0.626742959022522
2,wp,WP,84,0.37056595618410626,0.3790617485841115,0.6294341087341309,0.6109333038330078,0.6294341087341309,0.6109333038330078
2,wp,WP,85,0.3845101019670797,0.39358416037966115,0.6154898405075073,0.5960276126861572,0.6154898405075073,0.5960276126861572
2,wp,WP,86,0.37412642208180685,0.3775764957878941,0.6258735656738281,0.6124577522277832,0.6258735656738281,0.6124577522277832
2,wp,WP,87,0.35827505380608315,0.3670314869215322,0.6417249441146851,0.6232810616493225,0.6417249441146851,0.6232810616493225
2,wp,WP,88,0.35817416139351305,0.36246927787167155,0.641825795173645,0.6279637217521667,0.641825795173645,0.6279637217521667
2,wp,WP,89,0.3670329430768656,0.37685017761333967,0.6329670548439026,0.6132032871246338,0.6329670548439026,0.6132032871246338
2,wp,WP,90,0.36611811504807584,0.3745442538760429,0.6338819265365601,0.6155700087547302,0.6338819265365601,0.6155700087547302
2,wp,WP,91,0.36388779541318733,0.37368333570716916,0.6361122131347656,0.6164537072181702,0.6361122131347656,0.6164537072181702
2,wp,WP,92,0.36867429212082264,0.3815902247447376,0.6313257217407227,0.6083381175994873,0.6313257217407227,0.6083381175994873
2,wp,WP,93,0.3851722340251124,0.3947528496731159,0.6148277521133423,0.5948280096054077,0.6148277521133423,0.5948280096054077
2,wp,WP,94,0.37604475414106087,0.3817365904187047,0.623955249786377,0.6081879138946533,0.623955249786377,0.6081879138946533
2,wp,WP,95,0.40631113357322163,0.4184874476388443,0.5936888456344604,0.5704669952392578,0.5936888456344604,0.5704669952392578
2,wp,WP,96,0.3713708335115004,0.3775039913580399,0.628629207611084,0.6125321984291077,0.628629207611084,0.6125321984291077
2,wp,WP,97,0.3770183061444482,0.38321708593257636,0.6229816675186157,0.6066683530807495,0.6229816675186157,0.6066683530807495
2,wp,WP,98,0.40765201444773713,0.4126621350761532,0.5923479795455933,0.5764460563659668,0.5923479795455933,0.5764460563659668
2,wp,WP,99,0.39490245328855145,0.39922373678333073,0.6050975322723389,0.5902391672134399,0.6050975322723389,0.5902391672134399
2,wp,WP,100,0.3787221571271734,0.38141641159390294,0.6212778687477112,0.6085164546966553,0.6212778687477112,0.6085164546966553
2,wp,WP,101,0.3732320382151493,0.3804782180823097,0.6267679929733276,0.6094794273376465,0.6267679929733276,0.6094794273376465
2,wp,WP,102,0.3986606574797815,0.40369581667951837,0.6013393402099609,0.5856490135192871,0.6013393402099609,0.5856490135192871
2,wp,WP,103,0.38595877460731093,0.3895483624565509,0.6140412092208862,0.6001698970794678,0.6140412092208862,0.6001698970794678
2,wp,WP,104,0.3902702853661175,0.39269433904063794,0.6097297072410583,0.5969408750534058,0.6097297072410583,0.5969408750534058
2,wp,WP,105,0.3702578262765278,0.3739585543787757,0.6297421455383301,0.6161711812019348,0.6297421455383301,0.6161711812019348
2,wp,WP,106,0.3885731766390246,0.3891554805197457,0.611426830291748,0.6005731821060181,0.611426830291748,0.6005731821060181
2,wp,WP,107,0.3624756005845329,0.3612379018188447,0.6375244855880737,0.6292275786399841,0.6375244855880737,0.6292275786399841
2,wp,WP,108,0.37644007478573527,0.3733668599941934,0.6235599517822266,0.6167784929275513,0.6235599517822266,0.6167784929275513
2,wp,WP,109,0.38034351435742636,0.3779509363248367,0.6196564435958862,0.6120734214782715,0.6196564435958862,0.6120734214782715
2,wp,WP,110,0.36957673116247786,0.3623159273650295,0.6304232478141785,0.6281211376190186,0.6304232478141785,0.6281211376190186
2,wp,WP,111,0.3728882628817891,0.3717490734980088,0.6271116733551025,0.6184389591217041,0.6271116733551025,0.6184389591217041
2,wp,WP,112,0.3597610234752182,0.34953291425409244,0.6402390003204346,0.6412414908409119,0.6402390003204346,0.6412414908409119
2,wp,WP,113,0.38504916210045187,0.37820779537969784,0.6149507761001587,0.6118098497390747,0.6149507761001587,0.6118098497390747
2,wp,WP,114,0.373838661484016,0.37626973672430647,0.6261613368988037,0.613798975944519,0.6261613368988037,0.613798975944519
2,wp,WP,115,0.3816935214423394,0.38032199246014736,0.6183065176010132,0.6096397638320923,0.6183065176010132,0.6096397638320923
2,wp,WP,116,0.3729095740835796,0.3721544095712115,0.6270903944969177,0.6180229783058167,0.6270903944969177,0.6180229783058167
2,wp,WP,117,0.38200189242529314,0.37241962505865467,0.6179981231689453,0.6177507638931274,0.6179981231689453,0.6177507638931274
2,wp,WP,118,0.3874934477399486,0.382920809032381,0.612506628036499,0.606972336769104,0.612506628036499,0.606972336769104
2,wp,WP,119,0.3818408920783405,0.3729870023653489,0.6181591153144836,0.6171684265136719,0.6181591153144836,0.6171684265136719
2,wp,WP,120,0.37916750455087467,0.36937872106714764,0.6208325028419495,0.620871901512146,0.6208325028419495,0.620871901512146
2,wp,WP,121,0.37099784889886545,0.3651114956353062,0.6290021538734436,0.6252517700195312,0.6290021538734436,0.6252517700195312
2,wp,WP,122,0.3840396921764048,0.3813828749712123,0.6159602999687195,0.6085509061813354,0.6159602999687195,0.6085509061813354
2,wp,WP,123,0.3891184535599494,0.385309917520183,0.6108815670013428,0.6045202612876892,0.6108815670013428,0.6045202612876892
2,wp,WP,124,0.3909748332907063,0.38905410734257956,0.609025239944458,0.6006771922111511,0.609025239944458,0.6006771922111511
2,wp,WP,125,0.4172685077024061,0.4177266391672829,0.5827314853668213,0.571247935295105,0.5827314853668213,0.571247935295105
2,wp,WP,126,0.39168368245280066,0.39030781942744586,0.6083163022994995,0.5993903875350952,0.6083163022994995,0.5993903875350952
2,wp,WP,127,0.363574286995008,0.3637197770813639,0.6364257335662842,0.6266801953315735,0.6364257335662842,0.6266801953315735
2,wp,WP,128,0.37209673607072163,0.37655114873435147,0.6279032826423645,0.613510251045227,0.6279032826423645,0.613510251045227
2,wp,WP,129,0.37299234310323875,0.37802191205727037,0.6270077228546143,0.612000584602356,0.6270077228546143,0.612000584602356
2,wp,WP,130,0.3866717755332474,0.3913236946560616,0.613328218460083,0.5983477234840393,0.613328218460083,0.5983477234840393
2,wp,WP,131,0.35907088739927423,0.3661329658456551,0.640929102897644,0.6242033243179321,0.640929102897644,0.6242033243179321
2,wp,WP,132,0.35924803841021635,0.3645774005919464,0.6407519578933716,0.6257999539375305,0.6407519578933716,0.6257999539375305
2,wp,WP,133,0.3810266843137815,0.38263010655262675,0.6189733147621155,0.6072707176208496,0.6189733147621155,0.6072707176208496
2,wp,WP,134,0.3840706787368124,0.39524670534355694,0.6159293055534363,0.5943211317062378,0.6159293055534363,0.5943211317062378
2,wp,WP,135,0.3672475799802662,0.376475567503493,0.6327524185180664,0.6135877370834351,0.6327524185180664,0.6135877370834351
2,wp,WP,136,0.4107628536316775,0.4138447688531506,0.5892370939254761,0.5752321481704712,0.5892370939254761,0.5752321481704712
2,wp,WP,137,0.371065155595772,0.3740638064783673,0.6289348602294922,0.616063117980957,0.6289348602294922,0.616063117980957
2,wp,WP,138,0.42018000307933306,0.4185338080391403,0.5798199772834778,0.570419430732727,0.5798199772834778,0.570419430732727
2,wp,WP,139,0.39101487398147583,0.3934995222461316,0.6089851260185242,0.5961143970489502,0.6089851260185242,0.5961143970489502
2,wp,WP,140,0.4010873776535655,0.4032260468301847,0.5989125967025757,0.58613121509552,0.5989125967025757,0.58613121509552
2,wp,WP,141,0.4004174189050068,0.39400820676670517,0.5995825529098511,0.5955923795700073,0.5995825529098511,0.5955923795700073
2,wp,WP,142,0.4003811538681503,0.39503424689751265,0.5996187925338745,0.594539225101471,0.5996187925338745,0.594539225101471
2,wp,WP,143,0.3968113704707271,0.3875762533771899,0.6031886339187622,0.60219407081604,0.6031886339187622,0.60219407081604
2,wp,WP,144,0.3944409861583118,0.39033230931259866,0.6055589914321899,0.599365234375,0.6055589914321899,0.599365234375
2,wp,WP,145,0.3960512049438417,0.3865971888682639,0.6039487719535828,0.6031989455223083,0.6039487719535828,0.6031989455223083
2,wp,WP,146,0.38106873781644096,0.3689877892187399,0.6189312934875488,0.6212731599807739,0.6189312934875488,0.6212731599807739
2,wp,WP,147,0.37979122464971027,0.37155320916989054,0.6202087998390198,0.6186400055885315,0.6202087998390198,0.6186400055885315
2,wp,WP,148,0.38993348862773686,0.3808584432731303,0.6100665330886841,0.6090891361236572,0.6100665330886841,0.6090891361236572
2,wp,WP,149,0.3996306780234788,0.3997516310954279,0.6003693342208862,0.5896973609924316,0.6003693342208862,0.5896973609924316
2,wp,WP,150,0.3828290257343026,0.38363780531772346,0.6171709299087524,0.606236457824707,0.6171709299087524,0.606236457824707
2,wp,WP,151,0.36794554575007093,0.36927145442297293,0.6320544481277466,0.6209819912910461,0.6320544481277466,0.6209819912910461
2,wp,WP,152,0.3620233076025349,0.35621701885563456,0.6379766464233398,0.6343810558319092,0.6379766464233398,0.6343810558319092
2,wp,WP,153,0.3719123643498088,0.3623897594998973,0.6280876398086548,0.6280453205108643,0.6280876398086548,0.6280453205108643
2,wp,WP,154,0.36937205135360246,0.36077441702517427,0.6306279897689819,0.6297032833099365,0.6306279897689819,0.6297032833099365
2,wp,WP,155,0.3659891777260359,0.354828651099242,0.6340107917785645,0.6358060240745544,0.6340107917785645,0.6358060240745544
2,wp,WP,156,0.37375146427819894,0.364476997722951,0.6262485980987549,0.6259030103683472,0.6262485980987549,0.6259030103683472
2,wp,WP,157,0.37076401849125706,0.36582116470780485,0.6292359828948975,0.624523401260376,0.6292359828948975,0.624523401260376
2,wp,WP,158,0.3840233840683634,0.38184651224188104,0.6159765720367432,0.6080750226974487,0.6159765720367432,0.6080750226974487
2,wp,WP,159,0.37590573462404947,0.3729482736698417,0.6240942478179932,0.6172081232070923,0.6240942478179932,0.6172081232070923
2,wp,WP,160,0.41640631126803024,0.4115466840507448,0.5835937261581421,0.5775909423828125,0.5835937261581421,0.5775909423828125
2,wp,WP,161,0.41079239142957585,0.4115499867949375,0.589207649230957,0.5775876045227051,0.589207649230957,0.5775876045227051
2,wp,WP,162,0.39785188413405603,0.39473681972008345,0.6021481156349182,0.5948445200920105,0.6021481156349182,0.5948445200920105
2,wp,WP,163,0.3978619997122491,0.39730445174283757,0.6021379828453064,0.5922091007232666,0.6021379828453064,0.5922091007232666
2,wp,WP,164,0.38578714164652567,0.3854182759920756,0.6142128705978394,0.6044089794158936,0.6142128705978394,0.6044089794158936
2,wp,WP,165,0.39055702598520026,0.386371373206146,0.6094430088996887,0.6034307479858398,0.6094430088996887,0.6034307479858398
2,wp,WP,166,0.3872074699679086,0.38773905514746676,0.6127924919128418,0.6020269989967346,0.6127924919128418,0.6020269989967346
2,wp,WP,167,0.41389818431795106,0.4128203877182894,0.586101770401001,0.5762835741043091,0.586101770401001,0.5762835741043091
2,wp,WP,168,0.40222361013870833,0.39859166833781456,0.5977764129638672,0.5908879637718201,0.5977764129638672,0.5908879637718201
2,wp,WP,169,0.40877156179080637,0.3928995481295179,0.5912284851074219,0.5967302322387695,0.5912284851074219,0.5967302322387695
2,wp,WP,170,0.4102268463881441,0.40476800258769546,0.5897731781005859,0.5845485925674438,0.5897731781005859,0.5845485925674438
2,wp,WP,171,0.4052531240984451,0.404469207737797,0.5947469472885132,0.5848551988601685,0.5947469472885132,0.5848551988601685
2,wp,WP,172,0.3931104783401933,0.3934445503608201,0.606889545917511,0.5961709022521973,0.606889545917511,0.5961709022521973
2,wp,WP,173,0.39414099598115726,0.39783730144186535,0.6058590412139893,0.5916621685028076,0.6058590412139893,0.5916621685028076
2,wp,WP,174,0.3904467627059582,0.40030128295107403,0.6095532178878784,0.5891331434249878,0.6095532178878784,0.5891331434249878
2,wp,WP,175,0.3955280716105025,0.407296419836754,0.6044719219207764,0.5819534063339233,0.6044719219207764,0.5819534063339233
2,wp,WP,176,0.37087060153022294,0.3775558361942454,0.6291294097900391,0.6124789714813232,0.6291294097900391,0.6124789714813232
2,wp,WP,177,0.37992263394732806,0.38738363692464756,0.62007737159729,0.60239177942276,0.62007737159729,0.60239177942276
2,wp,WP,178,0.38409204700196437,0.3906063333500263,0.6159079074859619,0.5990840196609497,0.6159079074859619,0.5990840196609497
2,wp,WP,179,0.3796475321747536,0.3815845502901447,0.6203524470329285,0.6083438992500305,0.6203524470329285,0.6083438992500305
2,wp,WP,180,0.3612625963928163,0.3646683434183283,0.6387374401092529,0.625706672668457,0.6387374401092529,0.625706672668457
2,wp,WP,181,0.36678333245506584,0.37038594484329224,0.6332166194915771,0.6198381185531616,0.6332166194915771,0.6198381185531616
2,wp,WP,182,0.3699237628038539,0.3721633607795996,0.6300762295722961,0.6180137395858765,0.6300762295722961,0.6180137395858765
2,wp,WP,183,0.3728172933870508,0.37471705906150876,0.6271827220916748,0.6153926849365234,0.6271827220916748,0.6153926849365234
2,wp,WP,184,0.3782473749430605,0.3819033337193866,0.6217526197433472,0.6080167293548584,0.6217526197433472,0.6080167293548584
2,wp,WP,185,0.376710666242496,0.37853625717089157,0.6232892870903015,0.6114726066589355,0.6232892870903015,0.6114726066589355
2,wp,WP,186,0.3798137486212013,0.38308836184730827,0.6201862096786499,0.6068004369735718,0.6201862096786499,0.6068004369735718
2,wp,WP,187,0.38709569231484287,0.38801352656626886,0.6129043102264404,0.6017452478408813,0.6129043102264404,0.6017452478408813
2,wp,WP,188,0.3995123293048652,0.4069966837879299,0.6004877090454102,0.5822610259056091,0.6004877090454102,0.5822610259056091
2,wp,WP,189,0.3954876601233963,0.40030553035957867,0.6045123338699341,0.589128851890564,0.6045123338699341,0.589128851890564
2,wp,WP,190,0.39435387835946195,0.3959837837736736,0.6056461334228516,0.5935646295547485,0.6056461334228516,0.5935646295547485
2,wp,WP,191,0.3988613382328388,0.3988478491010592,0.6011386513710022,0.5906249284744263,0.6011386513710022,0.5906249284744263
2,wp,WP,192,0.39098941863969316,0.40047279855077583,0.6090105772018433,0.5889571309089661,0.6090105772018433,0.5889571309089661
2,wp,WP,193,0.4043827819269757,0.41614740509395454,0.5956171751022339,0.572868824005127,0.5956171751022339,0.572868824005127
2,wp,WP,194,0.4201519528562708,0.43881840761317764,0.579848051071167,0.5495994091033936,0.579848051071167,0.5495994091033936
2,wp,WP,195,0.41171822483225384,0.41807340605314386,0.5882817506790161,0.5708919763565063,0.5882817506790161,0.5708919763565063
2,wp,WP,196,0.4006673829962117,0.4123300012460975,0.5993325710296631,0.5767869353294373,0.5993325710296631,0.5767869353294373
2,wp,WP,197,0.4009686634522076,0.4122228031010591,0.5990313291549683,0.5768970251083374,0.5990313291549683,0.5768970251083374
2,wp,WP,198,0.40183082084323085,0.4085454691288083,0.598169207572937,0.5806714296340942,0.598169207572937,0.5806714296340942
2,wp,WP,199,0.39939548340878744,0.40841793390207515,0.6006045341491699,0.5808022618293762,0.6006045341491699,0.5808022618293762
2,wp,WP,200,0.41781751846158227,0.42845505938049433,0.5821824669837952,0.5602363348007202,0.5821824669837952,0.5602363348007202
3,bp,BP,1,0.9374100496602613,0.9173702814782313,0.06259000301361084,0.058416664600372314,0.06259000301361084,0.058416664600372314
3,bp,BP,2,0.8042461539423743,0.7936323871908262,0.195753812789917,0.1854204535484314,0.195753812789917,0.1854204535484314
3,bp,BP,3,0.582474105117857,0.5875729167646215,0.41752588748931885,0.39691871404647827,0.41752588748931885,0.39691871404647827
3,bp,BP,4,0.48387590166210204,0.4962146688801374,0.5161241292953491,0.4906882643699646,0.5161241292953491,0.4906882643699646
3,bp,BP,5,0.46057669367901116,0.4741382688976998,0.5394232273101807,0.5133473873138428,0.5394232273101807,0.5133473873138428
3,bp,BP,6,0.44693006263222806,0.4598112420518269,0.5530699491500854,0.5280525088310242,0.5530699491500854,0.5280525088310242
3,bp,BP,7,0.4365388854991558,0.44832383662231207,0.5634610652923584,0.5398431420326233,0.5634610652923584,0.5398431420326233
3,bp,BP,8,0.42478319609812065,0.436433449734089,0.5752167701721191,0.5520473718643188,0.5752167701721191,0.5520473718643188
3,bp,BP,9,0.41555834301682404,0.4263234859289125,0.5844416618347168,0.5624241828918457,0.5844416618347168,0.5624241828918457
3,bp,BP,10,0.4242688209511513,0.43762923211090327,0.5757311582565308,0.550819993019104,0.5757311582565308,0.550819993019104
3,bp,BP,11,0.3953484492015469,0.4053973081962083,0.6046515703201294,0.5839026570320129,0.6046515703201294,0.5839026570320129
3,bp,BP,12,0.4352016666138819,0.44069844230200894,0.5647983551025391,0.5476697683334351,0.5647983551025391,0.5476697683334351
3,bp,BP,13,0.3977072958567346,0.4037933324196542,0.6022926568984985,0.5855489373207092,0.6022926568984985,0.5855489373207092
3,bp,BP,14,0.39278993403264717,0.4034053415291069,0.6072100400924683,0.5859471559524536,0.6072100400924683,0.5859471559524536
3,bp,BP,15,0.3695683768091276,0.37792459985082466,0.6304316520690918,0.6121004819869995,0.6304316520690918,0.6121004819869995
3,bp,BP,16,0.3583728079647981,0.3654345782228218,0.6416271924972534,0.624920129776001,0.6416271924972534,0.624920129776001
3,bp,BP,17,0.37125733656476634,0.3792945839637934,0.6287426352500916,0.6106942892074585,0.6287426352500916,0.6106942892074585
3,bp,BP,18,0.35039771042128864,0.3538397855536882,0.6496022939682007,0.6368209719657898,0.6496022939682007,0.6368209719657898
3,bp,BP,19,0.34444975575735404,0.34734453133834425,0.6555502414703369,0.6434876918792725,0.6555502414703369,0.6434876918792725
3,bp,BP,20,0.33843306989170785,0.3417121523110441,0.661566972732544,0.6492687463760376,0.661566972732544,0.6492687463760376
3,bp,BP,21,0.344827473856682,0.34973397296528486,0.6551724672317505,0.6410351395606995,0.6551724672317505,0.6410351395606995
3,bp,BP,22,0.33370608276174973,0.337065202321193,0.6662939190864563,0.6540383100509644,0.6662939190864563,0.6540383100509644
3,bp,BP,23,0.3372588508812956,0.34126272635866506,0.6627411842346191,0.6497299671173096,0.6627411842346191,0.6497299671173096
3,bp,BP,24,0.32819293497144714,0.3297372349472933,0.671807050704956,0.6615597009658813,0.671807050704956,0.6615597009658813
3,bp,BP,25,0.3297211180130641,0.33021419963171317,0.6702789068222046,0.6610701084136963,0.6702789068222046,0.6610701084136963
3,bp,BP,26,0.3377621885417968,0.341267208258311,0.6622377634048462,0.6497254371643066,0.6622377634048462,0.6497254371643066
3,bp,BP,27,0.3395112234261609,0.34328242096790046,0.6604887843132019,0.6476569771766663,0.6604887843132019,0.6476569771766663
3,bp,BP,28,0.3211513397305511,0.3218242394369702,0.6788486838340759,0.6696815490722656,0.6788486838340759,0.6696815490722656
3,bp,BP,29,0.3332047626491665,0.33202155985573467,0.6667952537536621,0.6592150926589966,0.6667952537536621,0.6592150926589966
3,bp,BP,30,0.3392406087513118,0.34305938315946,0.6607593894004822,0.6478858590126038,0.6607593894004822,0.6478858590126038
3,bp,BP,31,0.31572086577729663,0.31684809692146243,0.6842791438102722,0.6747890114784241,0.6842791438102722,0.6747890114784241
3,bp,BP,32,0.3144320329261381,0.3148426302643709,0.6855679750442505,0.6768473386764526,0.6855679750442505,0.6768473386764526
3,bp,BP,33,0.3131387401227803,0.3142538456491722,0.6868612766265869,0.6774517297744751,0.6868612766265869,0.6774517297744751
3,bp,BP,34,0.3123274646526159,0.3121141273845998,0.68767249584198,0.6796479821205139,0.68767249584198,0.6796479821205139
3,bp,BP,35,0.315212688473768,0.31709300547607183,0.6847873330116272,0.6745376586914062,0.6847873330116272,0.6745376586914062
3,bp,BP,36,0.3090336410574211,0.3097874346629594,0.6909663677215576,0.6820360422134399,0.6909663677215576,0.6820360422134399
3,bp,BP,37,0.33049413446308107,0.33318030025607853,0.6695058345794678,0.6580257415771484,0.6695058345794678,0.6580257415771484
3,bp,BP,38,0.3262327543293783,0.32378285152967584,0.6737672686576843,0.6676712036132812,0.6737672686576843,0.6676712036132812
3,bp,BP,39,0.30509173592855765,0.3046970201093097,0.6949082612991333,0.6872607469558716,0.6949082612991333,0.6872607469558716
3,bp,BP,40,0.3073917809844941,0.3087053428324618,0.6926082372665405,0.6831466555595398,0.6926082372665405,0.6831466555595398
3,bp,BP,41,0.36204831810422644,0.36624670583148333,0.6379517316818237,0.6240865588188171,0.6379517316818237,0.6240865588188171
3,bp,BP,42,0.31016550299733187,0.3082163638846819,0.689834475517273,0.6836485862731934,0.689834475517273,0.6836485862731934
3,bp,BP,43,0.3021248659884283,0.3022361547909966,0.6978751420974731,0.6897866129875183,0.6978751420974731,0.6897866129875183
3,bp,BP,44,0.30010963837767757,0.299527295338091,0.6998903751373291,0.692566990852356,0.6998903751373291,0.692566990852356
3,bp,BP,45,0.29920556448226754,0.2984523447447045,0.7007944583892822,0.6936702728271484,0.7007944583892822,0.6936702728271484
3,bp,BP,46,0.29830645198045774,0.29773038163665655,0.7016935348510742,0.6944112777709961,0.7016935348510742,0.6944112777709961
3,bp,BP,47,0.29895972766617473,0.29876033095426335,0.7010402679443359,0.6933541893959045,0.7010402679443359,0.6933541893959045
3,bp,BP,48,0.2965494580278101,0.29582584574241044,0.7034505605697632,0.6963661909103394,0.7034505605697632,0.6963661909103394
3,bp,BP,49,0.33375513207080754,0.33556236084117447,0.6662448644638062,0.6555808782577515,0.6662448644638062,0.6555808782577515
3,bp,BP,50,0.31280861956666606,0.3097093040628951,0.687191367149353,0.6821162700653076,0.687191367149353,0.6821162700653076
3,bp,BP,51,0.2951813149590825,0.2940049781355747,0.7048186659812927,0.698235034942627,0.7048186659812927,0.698235034942627
3,bp,BP,52,0.301044867713322,0.2987450564554495,0.6989551186561584,0.6933698654174805,0.6989551186561584,0.6933698654174805
3,bp,BP,53,0.31621357013088786,0.3133279861405838,0.6837863922119141,0.6784020662307739,0.6837863922119141,0.6784020662307739
3,bp,BP,54,0.29736661241036055,0.2970971667258314,0.7026333808898926,0.6950612664222717,0.7026333808898926,0.6950612664222717
3,bp,BP,55,0.29377358089121736,0.29309446820917057,0.7062264680862427,0.6991695761680603,0.7062264680862427,0.6991695761680603
3,bp,BP,56,0.30024811001711116,0.2976140606310941,0.6997518539428711,0.694530725479126,0.6997518539428711,0.694530725479126
3,bp,BP,57,0.2957321621419847,0.29527365075525386,0.7042678594589233,0.6969329118728638,0.7042678594589233,0.6969329118728638
3,bp,BP,58,0.29755680182183436,0.2952276643856551,0.7024432420730591,0.6969801187515259,0.7024432420730591,0.6969801187515259
3,bp,BP,59,0.29036500634149065,0.2890853680843531,0.7096350193023682,0.703284502029419,0.7096350193023682,0.703284502029419
3,bp,BP,60,0.2909595148507939,0.29010648840619613,0.7090404629707336,0.7022364139556885,0.7090404629707336,0.7022364139556885
3,bp,BP,61,0.29023828744426255,0.288800832837127,0.7097616791725159,0.7035765647888184,0.7097616791725159,0.7035765647888184
3,bp,BP,62,0.2910504843606505,0.29006668289964516,0.7089495062828064,0.7022773027420044,0.7089495062828064,0.7022773027420044
3,bp,BP,63,0.289456243778384,0.2886584897836049,0.7105437517166138,0.7037226557731628,0.7105437517166138,0.7037226557731628
3,bp,BP,64,0.288625954657562,0.2876058365254439,0.711374044418335,0.7048031091690063,0.711374044418335,0.7048031091690063
3,bp,BP,65,0.2889153081779332,0.287106313908747,0.7110847234725952,0.7053158283233643,0.7110847234725952,0.7053158283233643
3,bp,BP,66,0.29899721159491427,0.29599552815274677,0.7010027766227722,0.6961919665336609,0.7010027766227722,0.6961919665336609
3,bp,BP,67,0.29946504579496014,0.29627589430919915,0.7005349397659302,0.6959041953086853,0.7005349397659302,0.6959041953086853
3,bp,BP,68,0.2869817204484644,0.28540749847888947,0.7130182981491089,0.7070595026016235,0.7130182981491089,0.7070595026016235
3,bp,BP,69,0.2906783424144567,0.28817018958949303,0.7093216180801392,0.7042238712310791,0.7093216180801392,0.7042238712310791
3,bp,BP,70,0.28825661540031433,0.28698202782823135,0.7117433547973633,0.7054433822631836,0.7117433547973633,0.7054433822631836
3,bp,BP,71,0.2868338146413019,0.28457904508871623,0.7131662368774414,0.7079097032546997,0.7131662368774414,0.7079097032546997
3,bp,BP,72,0.28614510780619096,0.2845295234475025,0.7138549089431763,0.7079606056213379,0.7138549089431763,0.7079606056213379
3,bp,BP,73,0.3084375747414522,0.3048813837443211,0.6915624141693115,0.6870715618133545,0.6915624141693115,0.6870715618133545
3,bp,BP,74,0.2849276131668756,0.2832916674687881,0.7150723934173584,0.7092311382293701,0.7150723934173584,0.7092311382293701
3,bp,BP,75,0.30023369608923445,0.3000448061976322,0.6997662782669067,0.6920358538627625,0.6997662782669067,0.6920358538627625
3,bp,BP,76,0.284338958503664,0.282490845798522,0.7156610488891602,0.7100530862808228,0.7156610488891602,0.7100530862808228
3,bp,BP,77,0.28658390253089194,0.2844966506773187,0.7134160995483398,0.7079943418502808,0.7134160995483398,0.7079943418502808
3,bp,BP,78,0.29329427395218105,0.29305123139259426,0.7067056894302368,0.699213981628418,0.7067056894302368,0.699213981628418
3,bp,BP,79,0.2834696425485981,0.28186437175717466,0.7165303826332092,0.7106961011886597,0.7165303826332092,0.7106961011886597
3,bp,BP,80,0.28421054133611134,0.2820717147154401,0.7157894372940063,0.7104833126068115,0.7157894372940063,0.7104833126068115
3,bp,BP,81,0.2914776078952375,0.2906948843205622,0.7085223197937012,0.7016324996948242,0.7085223197937012,0.7016324996948242
3,bp,BP,82,0.3202938497528549,0.3215275794960732,0.6797061562538147,0.6699860095977783,0.6797061562538147,0.6699860095977783
3,bp,BP,83,0.2830179993265359,0.2813288779683815,0.7169820070266724,0.7112457752227783,0.7169820070266724,0.7112457752227783
3,bp,BP,84,0.28231018643046535,0.2805947991766671,0.7176898121833801,0.7119991779327393,0.7176898121833801,0.7119991779327393
3,bp,BP,85,0.2835392163012379,0.2821922034256218,0.7164608240127563,0.7103595733642578,0.7164608240127563,0.7103595733642578
3,bp,BP,86,0.2851696024800456,0.2841581973687623,0.7148303985595703,0.7083417773246765,0.7148303985595703,0.7083417773246765
3,bp,BP,87,0.28104723042757934,0.27916770272476726,0.7189527750015259,0.7134639024734497,0.7189527750015259,0.7134639024734497
3,bp,BP,88,0.2819724581962408,0.27961059434469354,0.7180275321006775,0.7130093574523926,0.7180275321006775,0.7130093574523926
3,bp,BP,89,0.28177686832671944,0.2795720131591309,0.7182230949401855,0.7130489349365234,0.7182230949401855,0.7130489349365234
3,bp,BP,90,0.2877509984397149,0.28679871073988983,0.7122489809989929,0.7056314945220947,0.7122489809989929,0.7056314945220947
3,bp,BP,91,0.29325515817302145,0.2899899575137353,0.7067447900772095,0.7023561000823975,0.7067447900772095,0.7023561000823975
3,bp,BP,92,0.280302458955336,0.2788425232319869,0.7196975946426392,0.7137977480888367,0.7196975946426392,0.7137977480888367
3,bp,BP,93,0.28026853582655736,0.2777229459710823,0.7197314500808716,0.7149468064308167,0.7197314500808716,0.7149468064308167
3,bp,BP,94,0.27865534281545834,0.27662506988344265,0.7213447093963623,0.7160736322402954,0.7213447093963623,0.7160736322402954
3,bp,BP,95,0.28258892212265224,0.28157559037208557,0.7174110412597656,0.7109925150871277,0.7174110412597656,0.7109925150871277
3,bp,BP,96,0.2781285784503286,0.27588769897472026,0.7218714356422424,0.7168304920196533,0.7218714356422424,0.7168304920196533
3,bp,BP,97,0.27791834397371423,0.27618853643883107,0.7220816612243652,0.7165217399597168,0.7220816612243652,0.7165217399597168
3,bp,BP,98,0.2776740917632746,0.27602358612903327,0.7223259210586548,0.7166910171508789,0.7223259210586548,0.7166910171508789
3,bp,BP,99,0.28017476339672887,0.27735312825949615,0.719825267791748,0.7153264284133911,0.719825267791748,0.7153264284133911
3,bp,BP,100,0.2878259198610173,0.28723132067410523,0.712174117565155,0.7051874995231628,0.712174117565155,0.7051874995231628
3,bp,BP,101,0.28194208847459895,0.27864839494690413,0.7180578708648682,0.7139970064163208,0.7180578708648682,0.7139970064163208
3,bp,BP,102,0.2785551457904106,0.2765123770218487,0.721444845199585,0.7161893844604492,0.721444845199585,0.7161893844604492
3,bp,BP,103,0.2763955740965614,0.2740008725907451,0.7236044406890869,0.7187671661376953,0.7236044406890869,0.7187671661376953
3,bp,BP,104,0.282829530479372,0.28204312215941824,0.7171704769134521,0.710512638092041,0.7171704769134521,0.710512638092041
3,bp,BP,105,0.27809059908685757,0.2749615196109742,0.7219094038009644,0.7177811861038208,0.7219094038009644,0.7177811861038208
3,bp,BP,106,0.27644169423007225,0.27512732078862745,0.7235583066940308,0.7176110148429871,0.7235583066940308,0.7176110148429871
3,bp,BP,107,0.2759848819222561,0.2741923403832339,0.7240151166915894,0.7185705900192261,0.7240151166915894,0.7185705900192261
3,bp,BP,108,0.29118100340052167,0.2870253324508667,0.7088190317153931,0.7053989171981812,0.7088190317153931,0.7053989171981812
3,bp,BP,109,0.2821148901946785,0.2813687780799792,0.7178851366043091,0.7112047672271729,0.7178851366043091,0.7112047672271729
3,bp,BP,110,0.2741200521934864,0.27200962037079096,0.725879967212677,0.7208109498023987,0.725879967212677,0.7208109498023987
3,bp,BP,111,0.27522883038650187,0.2729818728543067,0.7247711420059204,0.7198130488395691,0.7247711420059204,0.7198130488395691
3,bp,BP,112,0.2831726882808892,0.2799495490946511,0.7168272733688354,0.7126615047454834,0.7168272733688354,0.7126615047454834
3,bp,BP,113,0.27437350153923035,0.2716343063254689,0.7256264686584473,0.721196174621582,0.7256264686584473,0.721196174621582
3,bp,BP,114,0.27438241613003633,0.2725748962672182,0.7256176471710205,0.720230758190155,0.7256176471710205,0.720230758190155
3,bp,BP,115,0.2753470610509547,0.27442668747994325,0.7246529459953308,0.7183300852775574,0.7246529459953308,0.7183300852775574
3,bp,BP,116,0.28223392020824345,0.2812548566234204,0.7177660465240479,0.7113217115402222,0.7177660465240479,0.7113217115402222
3,bp,BP,117,0.2755447291126547,0.2739762452452682,0.7244552373886108,0.7187924385070801,0.7244552373886108,0.7187924385070801
3,bp,BP,118,0.27539740375770155,0.2720083705214567,0.7246026396751404,0.720812201499939,0.7246026396751404,0.720812201499939
3,bp,BP,119,0.2727715989878011,0.2710862621780514,0.7272284030914307,0.7217587232589722,0.7272284030914307,0.7217587232589722
3,bp,BP,120,0.27552944595037504,0.2720997160257295,0.7244705557823181,0.7207184433937073,0.7244705557823181,0.7207184433937073
3,bp,BP,121,0.27183359699655874,0.2695911411167115,0.728166401386261,0.7232933044433594,0.728166401386261,0.7232933044433594
3,bp,BP,122,0.2737548603105915,0.2707190107005511,0.7262451648712158,0.7221356630325317,0.7262451648712158,0.7221356630325317
3,bp,BP,123,0.28851926488469737,0.2883336079675098,0.7114807367324829,0.7040561437606812,0.7114807367324829,0.7040561437606812
3,bp,BP,124,0.2908973094335822,0.2864957491094752,0.7091026902198792,0.7059425115585327,0.7091026902198792,0.7059425115585327
3,bp,BP,125,0.2706994711197624,0.26861818053925685,0.7293004989624023,0.7242919206619263,0.7293004989624023,0.7242919206619263
3,bp,BP,126,0.27152158054270487,0.26891171400861225,0.7284784317016602,0.7239906191825867,0.7284784317016602,0.7239906191825867
3,bp,BP,127,0.2708487254242564,0.26888946368712785,0.7291512489318848,0.7240134477615356,0.7291512489318848,0.7240134477615356
3,bp,BP,128,0.2782410146423088,0.2745974043080973,0.7217589616775513,0.7181548476219177,0.7217589616775513,0.7181548476219177
3,bp,BP,129,0.28575217515923257,0.2856246963027836,0.7142478227615356,0.7068365812301636,0.7142478227615356,0.7068365812301636
3,bp,BP,130,0.2745388183713883,0.2735575341670088,0.7254611849784851,0.7192221879959106,0.7254611849784851,0.7192221879959106
3,bp,BP,131,0.2710749303647714,0.26783422351807584,0.7289251089096069,0.725096583366394,0.7289251089096069,0.725096583366394
3,bp,BP,132,0.27508594222771104,0.27154995489490125,0.7249140739440918,0.7212827205657959,0.7249140739440918,0.7212827205657959
3,bp,BP,133,0.27086253822311873,0.2678949990013773,0.7291374206542969,0.7250341773033142,0.7291374206542969,0.7250341773033142
3,bp,BP,134,0.2779307388520056,0.27379824371300926,0.722069263458252,0.7189751267433167,0.722069263458252,0.7189751267433167
3,bp,BP,135,0.2946412745834321,0.2952117212983065,0.7053587436676025,0.6969964504241943,0.7053587436676025,0.6969964504241943
3,bp,BP,136,0.2950019644674405,0.29011477564656457,0.7049980163574219,0.7022279500961304,0.7049980163574219,0.7022279500961304
3,bp,BP,137,0.2689920487098916,0.2671714168648387,0.7310079336166382,0.7257768511772156,0.7310079336166382,0.7257768511772156
3,bp,BP,138,0.2736238423706025,0.2723028752230859,0.7263761758804321,0.7205100059509277,0.7263761758804321,0.7205100059509277
3,bp,BP,139,0.2742781202460444,0.27047059055446654,0.7257218360900879,0.7223906517028809,0.7257218360900879,0.7223906517028809
3,bp,BP,140,0.2757137334624002,0.27153085992317794,0.7242863178253174,0.7213023900985718,0.7242863178253174,0.7213023900985718
3,bp,BP,141,0.282233528388563,0.2821392281803974,0.7177664637565613,0.7104140520095825,0.7177664637565613,0.7104140520095825
3,bp,BP,142,0.2672203994074533,0.26526225906933926,0.7327796220779419,0.7277363538742065,0.7327796220779419,0.7277363538742065
3,bp,BP,143,0.26778127946132835,0.2660953552685967,0.7322187423706055,0.7268813848495483,0.7322187423706055,0.7268813848495483
3,bp,BP,144,0.26734332081883455,0.26601256002751433,0.732656717300415,0.7269662618637085,0.732656717300415,0.7269662618637085
3,bp,BP,145,0.26665521222491595,0.2642286723667337,0.7333447933197021,0.7287973165512085,0.7333447933197021,0.7287973165512085
3,bp,BP,146,0.2862593837717707,0.28217907122863356,0.7137405872344971,0.710373044013977,0.7137405872344971,0.710373044013977
3,bp,BP,147,0.2661010342281918,0.2638222014950227,0.7338989973068237,0.7292144298553467,0.7338989973068237,0.7292144298553467
3,bp,BP,148,0.27568838704926096,0.2722371142039927,0.7243115901947021,0.7205774784088135,0.7243115901947021,0.7205774784088135
3,bp,BP,149,0.27139999168787815,0.2676837409651557,0.728600025177002,0.7252510786056519,0.728600025177002,0.7252510786056519
3,bp,BP,150,0.27043436756429745,0.26934626016967983,0.7295656204223633,0.7235445976257324,0.7295656204223633,0.7235445976257324
3,bp,BP,151,0.2719358091437539,0.2685007174578748,0.7280641794204712,0.7244124412536621,0.7280641794204712,0.7244124412536621
3,bp,BP,152,0.2693625046301258,0.26617763220339785,0.7306375503540039,0.7267968654632568,0.7306375503540039,0.7267968654632568
3,bp,BP,153,0.26750598200993947,0.26412193939205286,0.7324939966201782,0.7289068698883057,0.7324939966201782,0.7289068698883057
3,bp,BP,154,0.2653328725533892,0.2633817852005478,0.7346670627593994,0.729666531085968,0.7346670627593994,0.729666531085968
3,bp,BP,155,0.2658823680045993,0.2642542799544889,0.7341176271438599,0.7287709712982178,0.7341176271438599,0.7287709712982178
3,bp,BP,156,0.27293507754802704,0.27260549609051193,0.7270649075508118,0.7201993465423584,0.7270649075508118,0.7201993465423584
3,bp,BP,157,0.2700170398682587,0.2698309033416038,0.7299829721450806,0.723047137260437,0.7299829721450806,0.723047137260437
3,bp,BP,158,0.26448573045028273,0.2631088636180227,0.7355142831802368,0.7299466133117676,0.7355142831802368,0.7299466133117676
3,bp,BP,159,0.2684361568486044,0.2677629816439725,0.7315638065338135,0.7251696586608887,0.7315638065338135,0.7251696586608887
3,bp,BP,160,0.2650602106438127,0.262392396497172,0.7349398136138916,0.7306820154190063,0.7349398136138916,0.7306820154190063
3,bp,BP,161,0.265673562653305,0.2633216877778371,0.7343264818191528,0.7297282218933105,0.7343264818191528,0.7297282218933105
3,bp,BP,162,0.26488178979980853,0.26320305628369944,0.7351182103157043,0.7298499345779419,0.7351182103157043,0.7298499345779419
3,bp,BP,163,0.2700734695260839,0.26970003418220106,0.7299265265464783,0.7231814861297607,0.7299265265464783,0.7231814861297607
3,bp,BP,164,0.26345785227856894,0.2619817169137703,0.7365421652793884,0.7311035394668579,0.7365421652793884,0.7311035394668579
3,bp,BP,165,0.26589362588963766,0.2630853536286095,0.7341063022613525,0.7299708127975464,0.7341063022613525,0.7299708127975464
3,bp,BP,166,0.27049809624982435,0.2706159833789796,0.7295018434524536,0.7222414016723633,0.7295018434524536,0.7222414016723633
3,bp,BP,167,0.26317626284074414,0.2607068899990052,0.7368237376213074,0.7324119806289673,0.7368237376213074,0.7324119806289673
3,bp,BP,168,0.2642962803212247,0.2618912560071132,0.735703706741333,0.731196403503418,0.735703706741333,0.731196403503418
3,bp,BP,169,0.26672543689262035,0.263374901095102,0.7332745790481567,0.7296735644340515,0.7332745790481567,0.7296735644340515
3,bp,BP,170,0.2687888905521511,0.26522396424019984,0.7312110662460327,0.7277756929397583,0.7312110662460327,0.7277756929397583
3,bp,BP,171,0.2624768684076708,0.2605582745962365,0.7375231385231018,0.7325645089149475,0.7375231385231018,0.7325645089149475
3,bp,BP,172,0.27802544716716737,0.279254778642063,0.7219746112823486,0.7133746147155762,0.7219746112823486,0.7133746147155762
3,bp,BP,173,0.2677672285904256,0.26608508524968644,0.7322328090667725,0.7268918752670288,0.7322328090667725,0.7268918752670288
3,bp,BP,174,0.2626843048158542,0.2607179973707643,0.7373156547546387,0.73240065574646,0.7373156547546387,0.73240065574646
3,bp,BP,175,0.2615928132404653,0.25979795797850735,0.7384071946144104,0.7333449125289917,0.7384071946144104,0.7333449125289917
3,bp,BP,176,0.28155156207639115,0.27686047854349594,0.7184484601020813,0.7158321142196655,0.7184484601020813,0.7158321142196655
3,bp,BP,177,0.2708441194637801,0.2716540347698123,0.7291558980941772,0.7211759090423584,0.7291558980941772,0.7211759090423584
3,bp,BP,178,0.26577398204064184,0.26362606259279475,0.7342259883880615,0.729415774345398,0.7342259883880615,0.729415774345398
3,bp,BP,179,0.26926449449487433,0.2660018108611883,0.7307355403900146,0.7269773483276367,0.7307355403900146,0.7269773483276367
3,bp,BP,180,0.2637836950462918,0.2610841271027114,0.7362163066864014,0.7320248484611511,0.7362163066864014,0.7320248484611511
3,bp,BP,181,0.26177081535028857,0.2597781155229539,0.7382291555404663,0.7333652973175049,0.7382291555404663,0.7333652973175049
3,bp,BP,182,0.2611950032932814,0.2595418081727139,0.7388050556182861,0.7336078882217407,0.7388050556182861,0.7336078882217407
3,bp,BP,183,0.2667360062053961,0.2670132836630178,0.7332639694213867,0.725939154624939,0.7332639694213867,0.725939154624939
3,bp,BP,184,0.26144936472870584,0.25917853599832963,0.7385506629943848,0.7339807152748108,0.7385506629943848,0.7339807152748108
3,bp,BP,185,0.2630719122036483,0.2609621997951537,0.7369281053543091,0.7321499586105347,0.7369281053543091,0.7321499586105347
3,bp,BP,186,0.27714892921521683,0.2788632636846498,0.7228510975837708,0.7137764692306519,0.7228510975837708,0.7137764692306519
3,bp,BP,187,0.2639647131973459,0.2619965012914451,0.7360352873802185,0.7310883402824402,0.7360352873802185,0.7310883402824402
3,bp,BP,188,0.26201813719993416,0.26151387405025867,0.7379817962646484,0.7315837144851685,0.7379817962646484,0.7315837144851685
3,bp,BP,189,0.26637692553128384,0.2636393485374229,0.7336230278015137,0.7294021844863892,0.7336230278015137,0.7294021844863892
3,bp,BP,190,0.26433533245278884,0.2651922120604404,0.7356646656990051,0.7278083562850952,0.7356646656990051,0.7278083562850952
3,bp,BP,191,0.2683759204639021,0.26937512348788656,0.7316240668296814,0.7235150337219238,0.7316240668296814,0.7235150337219238
3,bp,BP,192,0.26679644496865973,0.26408850915672244,0.7332035303115845,0.7289411425590515,0.7332035303115845,0.7289411425590515
3,bp,BP,193,0.2673465713512066,0.26808660390765165,0.7326533794403076,0.7248375415802002,0.7326533794403076,0.7248375415802002
3,bp,BP,194,0.258701049773268,0.2583417746909829,0.7412989735603333,0.7348395586013794,0.7412989735603333,0.7348395586013794
3,bp,BP,195,0.2621122322572294,0.26020839879679125,0.7378877401351929,0.7329236268997192,0.7378877401351929,0.7329236268997192
3,bp,BP,196,0.26010830388512723,0.25917002893695534,0.7398917078971863,0.7339894771575928,0.7398917078971863,0.7339894771575928
3,bp,BP,197,0.2708783537842507,0.2676906675793404,0.7291216254234314,0.725243866443634,0.7291216254234314,0.725243866443634
3,bp,BP,198,0.25836412504661915,0.2578910969255507,0.7416359186172485,0.7353020906448364,0.7416359186172485,0.7353020906448364
3,bp,BP,199,0.25847407828929814,0.25710555564525517,0.7415258884429932,0.7361083626747131,0.7415258884429932,0.7361083626747131
3,bp,BP,200,0.2581756541202235,0.2578636320062386,0.7418243288993835,0.73533034324646,0.7418243288993835,0.73533034324646
3,np,IS NP,1,1.1452310861543167,1.1354920531428137,-0.14523112773895264,-0.16546213626861572,-0.14523112773895264,-0.16546213626861572
3,np,IS NP,2,0.9565740116806918,0.9393217826998511,0.0434260368347168,0.035885751247406006,0.0434260368347168,0.035885751247406006
3,np,IS NP,3,0.9437551295110421,0.9330770955529324,0.05624490976333618,0.04229533672332764,0.05624490976333618,0.04229533672332764
3,np,IS NP,4,0.9756067593892416,0.9499169444853022,0.02439326047897339,0.025011003017425537,0.02439326047897339,0.025011003017425537
3,np,IS NP,5,0.7718265172122984,0.7678208267965982,0.22817349433898926,0.2119133472442627,0.22817349433898926,0.2119133472442627
3,np,IS NP,6,0.6711198590522589,0.669743305028871,0.32888007164001465,0.31257951259613037,0.32888007164001465,0.31257951259613037
3,np,IS NP,7,0.7732130436934241,0.7909666410712308,0.2267870306968689,0.1881566047668457,0.2267870306968689,0.1881566047668457
3,np,IS NP,8,0.547444937996162,0.5584937190824701,0.4525550603866577,0.4267653226852417,0.4525550603866577,0.4267653226852417
3,np,IS NP,9,0.5389841235885324,0.552872261797735,0.46101588010787964,0.4325352907180786,0.46101588010787964,0.4325352907180786
3,np,IS NP,10,0.6215728964916495,0.6448161805322928,0.37842708826065063,0.3381645679473877,0.37842708826065063,0.3381645679473877
3,np,IS NP,11,0.5002805766209152,0.51718925805979,0.49971944093704224,0.46916013956069946,0.49971944093704224,0.46916013956069946
3,np,IS NP,12,0.5017748281013134,0.5192822638408158,0.49822521209716797,0.4670117497444153,0.49822521209716797,0.4670117497444153
3,np,IS NP,13,0.46939101306967035,0.4860469648080279,0.5306089520454407,0.5011243224143982,0.5306089520454407,0.5011243224143982
3,np,IS NP,14,1.0281173536019732,1.05714799868044,-0.02811729907989502,-0.08505046367645264,-0.02811729907989502,-0.08505046367645264
3,np,IS NP,15,0.4634749193986257,0.48078257538551505,0.5365250110626221,0.5065276622772217,0.5365250110626221,0.5065276622772217
3,np,IS NP,16,0.5267569279485895,0.5380803152572277,0.4732430577278137,0.44771766662597656,0.4732430577278137,0.44771766662597656
3,np,IS NP,17,0.5249490936597189,0.5398468536924023,0.4750509262084961,0.4459044337272644,0.4750509262084961,0.4459044337272644
3,np,IS NP,18,0.470960351847863,0.4840188430723294,0.5290396213531494,0.5032059550285339,0.5290396213531494,0.5032059550285339
3,np,IS NP,19,0.444201972595481,0.46077062778694683,0.5557980537414551,0.5270677804946899,0.5557980537414551,0.5270677804946899
3,np,IS NP,20,0.44350962352383044,0.46029628616894863,0.5564903616905212,0.5275546312332153,0.5564903616905212,0.5275546312332153
3,np,IS NP,21,0.44116416735242503,0.4541592232940733,0.5588358640670776,0.5338537096977234,0.5588358640670776,0.5338537096977234
3,np,IS NP,22,0.46066554502923357,0.4771108964616938,0.5393344759941101,0.5102962255477905,0.5393344759941101,0.5102962255477905
3,np,IS NP,23,0.46923225055369294,0.48451184163721955,0.5307676792144775,0.5026999115943909,0.5307676792144775,0.5026999115943909
3,np,IS NP,24,0.506997055323549,0.5146797909293064,0.4930029511451721,0.47173571586608887,0.4930029511451721,0.47173571586608887
3,np,IS NP,25,0.44579778808031895,0.46093920612520023,0.5542021989822388,0.5268948078155518,0.5542021989822388,0.5268948078155518
3,np,IS NP,26,0.4459007624969926,0.46165455981742504,0.5540992617607117,0.526160478591919,0.5540992617607117,0.526160478591919
3,np,IS NP,27,0.45734870225884194,0.4665872662566429,0.5426512956619263,0.5210976600646973,0.5426512956619263,0.5210976600646973
3,np,IS NP,28,0.4877474432767824,0.5041394455488338,0.5122525691986084,0.4825543165206909,0.5122525691986084,0.4825543165206909
3,np,IS NP,29,0.46675620892251185,0.47623563274856684,0.5332437753677368,0.5111945867538452,0.5332437753677368,0.5111945867538452
3,np,IS NP,30,0.42837708587794343,0.442174331162327,0.5716228485107422,0.5461549162864685,0.5716228485107422,0.5461549162864685
3,np,IS NP,31,0.4306864239448725,0.4406780833883803,0.5693135261535645,0.5476906895637512,0.5693135261535645,0.5476906895637512
3,np,IS NP,32,0.41729239345520963,0.4315025406752446,0.5827075839042664,0.5571084022521973,0.5827075839042664,0.5571084022521973
3,np,IS NP,33,0.42781894521195757,0.4425958505896635,0.5721810460090637,0.545722246170044,0.5721810460090637,0.545722246170044
3,np,IS NP,34,0.4138543447551801,0.42925863233647604,0.5861456394195557,0.5594115257263184,0.5861456394195557,0.5594115257263184
3,np,IS NP,35,0.4177847580854283,0.4312954632810844,0.5822153091430664,0.5573209524154663,0.5822153091430664,0.5573209524154663
3,np,IS NP,36,0.41379778999690864,0.42366726684939954,0.5862022638320923,0.5651504397392273,0.5862022638320923,0.5651504397392273
3,np,IS NP,37,0.44202833328136176,0.4548252340435058,0.5579716563224792,0.5331701040267944,0.5579716563224792,0.5331701040267944
3,np,IS NP,38,0.4449844859367193,0.45941964739052826,0.5550155639648438,0.5284544825553894,0.5550155639648438,0.5284544825553894
3,np,IS NP,39,0.4627324649991915,0.47865315555602084,0.5372675657272339,0.5087132453918457,0.5372675657272339,0.5087132453918457
3,np,IS NP,40,0.4133806126986363,0.4249295758646588,0.5866193771362305,0.5638548731803894,0.5866193771362305,0.5638548731803894
3,np,IS NP,41,0.4309742219688356,0.4455515058465706,0.5690257549285889,0.5426886081695557,0.5690257549285889,0.5426886081695557
3,np,IS NP,42,0.42062460590702616,0.43368301835171014,0.5793753862380981,0.5548703670501709,0.5793753862380981,0.5548703670501709
3,np,IS NP,43,0.45976668827293454,0.47692766000134074,0.540233314037323,0.5104842782020569,0.540233314037323,0.5104842782020569
3,np,IS NP,44,0.40618709676949555,0.4189303868500761,0.5938129425048828,0.5700123310089111,0.5938129425048828,0.5700123310089111
3,np,IS NP,45,0.5553562516389892,0.574609307355659,0.4446437954902649,0.4102244973182678,0.4446437954902649,0.4102244973182678
3,np,IS NP,46,0.4162180758723917,0.4255130471185196,0.583781898021698,0.563256025314331,0.583781898021698,0.563256025314331
3,np,IS NP,47,0.40793349183807076,0.4188784420952316,0.5920665264129639,0.5700657367706299,0.5920665264129639,0.5700657367706299
3,np,IS NP,48,0.3978381996700006,0.4100284620310909,0.6021617650985718,0.5791492462158203,0.6021617650985718,0.5791492462158203
3,np,IS NP,49,0.40823928468911225,0.4190750621085943,0.5917607545852661,0.5698639154434204,0.5917607545852661,0.5698639154434204
3,np,IS NP,50,0.4121867769448332,0.42136814797571465,0.5878132581710815,0.5675103068351746,0.5878132581710815,0.5675103068351746
3,np,IS NP,51,0.4017175646253334,0.4125582256982493,0.5982824563980103,0.5765527486801147,0.5982824563980103,0.5765527486801147
3,np,IS NP,52,0.4100092402262281,0.41883076184479767,0.5899907350540161,0.5701146721839905,0.5899907350540161,0.5701146721839905
3,np,IS NP,53,0.4152866569600364,0.4233626187309738,0.584713339805603,0.565463125705719,0.584713339805603,0.565463125705719
3,np,IS NP,54,0.41468812028567,0.429146339264951,0.5853118896484375,0.559526801109314,0.5853118896484375,0.559526801109314
3,np,IS NP,55,0.39160605756811395,0.40309106656747273,0.6083939075469971,0.586269736289978,0.6083939075469971,0.586269736289978
3,np,IS NP,56,0.4227888831334521,0.4298247953718023,0.5772110819816589,0.5588304400444031,0.5772110819816589,0.5588304400444031
3,np,IS NP,57,0.38886930522068525,0.399558471154797,0.6111307144165039,0.5898956060409546,0.6111307144165039,0.5898956060409546
3,np,IS NP,58,0.393525986592899,0.401596117851346,0.606473982334137,0.5878041982650757,0.606473982334137,0.5878041982650757
3,np,IS NP,59,0.3863878300947736,0.39525450939355894,0.613612174987793,0.5943131446838379,0.613612174987793,0.5943131446838379
3,np,IS NP,60,0.39089429309201795,0.40323397817537765,0.6091057062149048,0.5861230492591858,0.6091057062149048,0.5861230492591858
3,np,IS NP,61,0.38580513127552446,0.39575590458951254,0.6141948699951172,0.5937985181808472,0.6141948699951172,0.5937985181808472
3,np,IS NP,62,0.3812174535999002,0.39052815053814144,0.6187825202941895,0.5991642475128174,0.6187825202941895,0.5991642475128174
3,np,IS NP,63,0.3778298651987268,0.3876652317915776,0.6221701502799988,0.6021027565002441,0.6221701502799988,0.6021027565002441
3,np,IS NP,64,0.38255681455597396,0.39313402933667796,0.6174432039260864,0.5964895486831665,0.6174432039260864,0.5964895486831665
3,np,IS NP,65,0.3794436937616777,0.3887821126353833,0.6205563545227051,0.6009564399719238,0.6205563545227051,0.6009564399719238
3,np,IS NP,66,0.3748901913794436,0.38432230829268466,0.6251097917556763,0.6055338978767395,0.6251097917556763,0.6055338978767395
3,np,IS NP,67,0.37681895667730375,0.38466003352357436,0.6231810450553894,0.6051872372627258,0.6231810450553894,0.6051872372627258
3,np,IS NP,68,0.40591298448022944,0.41305199196172315,0.5940870046615601,0.5760459899902344,0.5940870046615601,0.5760459899902344
3,np,IS NP,69,0.37191799814386883,0.38079623981963756,0.6280819773674011,0.6091530323028564,0.6280819773674011,0.6091530323028564
3,np,IS NP,70,0.3745000953822173,0.37979675078576847,0.6254999041557312,0.6101788878440857,0.6254999041557312,0.6101788878440857
3,np,IS NP,71,0.38122030284053593,0.38848634399184884,0.6187796592712402,0.6012599468231201,0.6187796592712402,0.6012599468231201
3,np,IS NP,72,0.3756535464479018,0.38178492978561757,0.6243464350700378,0.6081382036209106,0.6243464350700378,0.6081382036209106
3,np,IS NP,73,0.3905335761779963,0.39506570336430574,0.6094664335250854,0.5945069193840027,0.6094664335250854,0.5945069193840027
3,np,IS NP,74,0.3820520140403925,0.39008632579515146,0.6179479956626892,0.5996177196502686,0.6179479956626892,0.5996177196502686
3,np,IS NP,75,0.37311294651770777,0.3814098405283551,0.6268870830535889,0.6085232496261597,0.6268870830535889,0.6085232496261597
3,np,IS NP,76,0.36681431046752044,0.37360792890075567,0.6331856846809387,0.6165310144424438,0.6331856846809387,0.6165310144424438
3,np,IS NP,77,0.3694899317830108,0.37859972525936686,0.6305100917816162,0.6114075183868408,0.6305100917816162,0.6114075183868408
3,np,IS NP,78,0.3788260659275129,0.387326459089915,0.6211739778518677,0.6024504899978638,0.6211739778518677,0.6024504899978638
3,np,IS NP,79,0.363479784408281,0.3693203805953033,0.6365202069282532,0.6209317445755005,0.6365202069282532,0.6209317445755005
3,np,IS NP,80,0.3654895339363305,0.3719188649525014,0.6345103979110718,0.6182646751403809,0.6345103979110718,0.6182646751403809
3,np,IS NP,81,0.3637780765461367,0.36823680696561356,0.6362218856811523,0.6220439672470093,0.6362218856811523,0.6220439672470093
3,np,IS NP,82,0.3724642710168232,0.37959285761958866,0.6275357007980347,0.6103881597518921,0.6275357007980347,0.6103881597518921
3,np,IS NP,83,0.37372997056606205,0.3822131545044655,0.626270055770874,0.6076986789703369,0.626270055770874,0.6076986789703369
3,np,IS NP,84,0.3925554134355959,0.3948252286559852,0.6074445843696594,0.5947537422180176,0.6074445843696594,0.5947537422180176
3,np,IS NP,85,0.4384645064209783,0.44684143260467885,0.5615355372428894,0.5413646697998047,0.5615355372428894,0.5413646697998047
3,np,IS NP,86,0.3613359886546468,0.365038056937299,0.6386640071868896,0.6253271102905273,0.6386640071868896,0.6253271102905273
3,np,IS NP,87,0.3600550384022469,0.3675490897293239,0.6399449110031128,0.6227498054504395,0.6399449110031128,0.6227498054504395
3,np,IS NP,88,0.3599344908960106,0.36445479314456614,0.6400655508041382,0.6259257793426514,0.6400655508041382,0.6259257793426514
3,np,IS NP,89,0.3588716101276782,0.3623434053372967,0.641128420829773,0.628092885017395,0.641128420829773,0.628092885017395
3,np,IS NP,90,0.36153016649475395,0.36395175350728887,0.6384698152542114,0.6264420747756958,0.6384698152542114,0.6264420747756958
3,np,IS NP,91,0.3873927024907844,0.3888353194839271,0.6126073598861694,0.6009017825126648,0.6126073598861694,0.6009017825126648
3,np,IS NP,92,0.35439881994280703,0.3597117188827012,0.6456011533737183,0.6307940483093262,0.6456011533737183,0.6307940483093262
3,np,IS NP,93,0.35419995158679723,0.36125067731206734,0.645799994468689,0.6292144656181335,0.645799994468689,0.6292144656181335
3,np,IS NP,94,0.37005560146283734,0.3735685022764428,0.629944384098053,0.6165715456008911,0.629944384098053,0.6165715456008911
3,np,IS NP,95,0.4097838177699451,0.41939275371011836,0.5902161598205566,0.5695378184318542,0.5902161598205566,0.5695378184318542
3,np,IS NP,96,0.3611423234606898,0.36583543470663615,0.6388577222824097,0.6245087385177612,0.6388577222824097,0.6245087385177612
3,np,IS NP,97,0.35692188686640686,0.3635341950165209,0.643078088760376,0.6268707513809204,0.643078088760376,0.6268707513809204
3,np,IS NP,98,0.35317633803500686,0.36098108642785126,0.6468236446380615,0.6294911503791809,0.6468236446380615,0.6294911503791809
3,np,IS NP,99,0.4091376262579777,0.41266431041466173,0.5908623933792114,0.5764437913894653,0.5908623933792114,0.5764437913894653
3,np,IS NP,100,0.3699104710835819,0.37240414240563563,0.630089521408081,0.6177666187286377,0.630089521408081,0.6177666187286377
3,np,IS NP,101,0.4027648938949718,0.4044123857982399,0.5972351431846619,0.5849135518074036,0.5972351431846619,0.5849135518074036
3,np,IS NP,102,0.3546265278213708,0.3632681975068972,0.6453734636306763,0.6271437406539917,0.6453734636306763,0.6271437406539917
3,np,IS NP,103,0.3560770564070044,0.3616587914699732,0.6439229249954224,0.6287956237792969,0.6439229249954224,0.6287956237792969
3,np,IS NP,104,0.41866949108219886,0.4316742475642714,0.5813305377960205,0.5569322109222412,0.5813305377960205,0.5569322109222412
3,np,IS NP,105,0.3591357319391975,0.36451155917589056,0.6408642530441284,0.625867486000061,0.6408642530441284,0.625867486000061
3,np,IS NP,106,0.3561056099196737,0.36122505170430325,0.6438944339752197,0.6292407512664795,0.6438944339752197,0.6292407512664795
3,np,IS NP,107,0.38603959642639457,0.3872433863869009,0.6139603853225708,0.6025357246398926,0.6139603853225708,0.6025357246398926
3,np,IS NP,108,0.35574595133463544,0.36082454014194104,0.6442540884017944,0.6296518445014954,0.6442540884017944,0.6296518445014954
3,np,IS NP,109,0.3488874032284862,0.3562262333178705,0.6511125564575195,0.6343715190887451,0.6511125564575195,0.6343715190887451
3,np,IS NP,110,0.3556237253107766,0.3600044366001159,0.644376277923584,0.6304935812950134,0.644376277923584,0.6304935812950134
3,np,IS NP,111,0.36407380464465117,0.37251543143922966,0.6359261870384216,0.617652416229248,0.6359261870384216,0.617652416229248
3,np,IS NP,112,0.3419037579103958,0.346153527729271,0.658096194267273,0.6447100639343262,0.658096194267273,0.6447100639343262
3,np,IS NP,113,0.35618626031764716,0.35798981162004695,0.6438137292861938,0.6325613856315613,0.6438137292861938,0.6325613856315613
3,np,IS NP,114,0.34415515217670173,0.3510008359602255,0.6558448672294617,0.6397348642349243,0.6558448672294617,0.6397348642349243
3,np,IS NP,115,0.33908928549566936,0.34530180923698484,0.6609107255935669,0.6455843448638916,0.6609107255935669,0.6455843448638916
3,np,IS NP,116,0.34904487535010936,0.35552058201427605,0.6509552001953125,0.6350958347320557,0.6509552001953125,0.6350958347320557
3,np,IS NP,117,0.37455648726733154,0.38273597387380376,0.6254435181617737,0.6071621179580688,0.6254435181617737,0.6071621179580688
3,np,IS NP,118,0.36588355806446815,0.374032901701077,0.6341164112091064,0.6160948872566223,0.6341164112091064,0.6160948872566223
3,np,IS NP,119,0.36691536898760835,0.3689288889714914,0.6330846548080444,0.6213335990905762,0.6330846548080444,0.6213335990905762
3,np,IS NP,120,0.3364939686170844,0.34235093921653986,0.663506031036377,0.6486129760742188,0.663506031036377,0.6486129760742188
3,np,IS NP,121,0.3382583920114724,0.34466419709745305,0.6617416143417358,0.6462387442588806,0.6617416143417358,0.6462387442588806
3,np,IS NP,122,0.3409257569285326,0.34602287134458853,0.6590742468833923,0.6448441743850708,0.6590742468833923,0.6448441743850708
3,np,IS NP,123,0.3347540442333665,0.3406105771545292,0.6652459502220154,0.6503993272781372,0.6652459502220154,0.6503993272781372
3,np,IS NP,124,0.3824441118757854,0.3817548229712848,0.6175558567047119,0.6081690788269043,0.6175558567047119,0.6081690788269043
3,np,IS NP,125,0.3384892068399015,0.34312780952268795,0.6615108251571655,0.6478157043457031,0.6615108251571655,0.6478157043457031
3,np,IS NP,126,0.3329072571540064,0.3388542934905651,0.6670928001403809,0.6522020101547241,0.6670928001403809,0.6522020101547241
3,np,IS NP,127,0.3352990166623463,0.3411821762258692,0.664700984954834,0.6498126983642578,0.664700984954834,0.6498126983642578
3,np,IS NP,128,0.3338467589644499,0.33849727067836494,0.6661532521247864,0.6525683999061584,0.6661532521247864,0.6525683999061584
3,np,IS NP,129,0.35424547948578533,0.36319014868995014,0.6457545161247253,0.6272237300872803,0.6457545161247253,0.6272237300872803
3,np,IS NP,130,0.3368255474077639,0.3433523540811021,0.6631745100021362,0.6475852131843567,0.6631745100021362,0.6475852131843567
3,np,IS NP,131,0.37253094678239307,0.3722899664742078,0.6274690628051758,0.6178838014602661,0.6274690628051758,0.6178838014602661
3,np,IS NP,132,0.34064392826353856,0.3437871909880823,0.6593561172485352,0.6471388936042786,0.6593561172485352,0.6471388936042786
3,np,IS NP,133,0.3378282277158989,0.34246767860974453,0.6621717810630798,0.6484931707382202,0.6621717810630798,0.6484931707382202
3,np,IS NP,134,0.351469064636748,0.3506725340388542,0.6485309600830078,0.6400718688964844,0.6485309600830078,0.6400718688964844
3,np,IS NP,135,0.3339739492697309,0.3369506433490635,0.6660260558128357,0.6541558504104614,0.6660260558128357,0.6541558504104614
3,np,IS NP,136,0.34147247464157815,0.34206033053324203,0.6585274934768677,0.6489113569259644,0.6585274934768677,0.6489113569259644
3,np,IS NP,137,0.3391035878381064,0.3408110606115918,0.6608964204788208,0.6501935720443726,0.6608964204788208,0.6501935720443726
3,np,IS NP,138,0.3328810967216196,0.33246504197749055,0.6671189069747925,0.6587598919868469,0.6671189069747925,0.6587598919868469
3,np,IS NP,139,0.37999306122461957,0.3747813378193582,0.6200069189071655,0.6153267025947571,0.6200069189071655,0.6153267025947571
3,np,IS NP,140,0.33019512764705244,0.3310144518234933,0.6698048710823059,0.6602487564086914,0.6698048710823059,0.6602487564086914
3,np,IS NP,141,0.3387572887793992,0.3414624661438225,0.6612427234649658,0.6495250463485718,0.6612427234649658,0.6495250463485718
3,np,IS NP,142,0.33284737666447956,0.33682480200316556,0.6671526432037354,0.6542850732803345,0.6671526432037354,0.6542850732803345
3,np,IS NP,143,0.3365280681340269,0.33852848757145015,0.6634719371795654,0.6525363326072693,0.6634719371795654,0.6525363326072693
3,np,IS NP,144,0.3378271540237028,0.3388631588728853,0.662172794342041,0.6521928906440735,0.662172794342041,0.6521928906440735
3,np,IS NP,145,0.3580805399390154,0.3565308594888495,0.6419194936752319,0.634058952331543,0.6419194936752319,0.634058952331543
3,np,IS NP,146,0.33857097470945163,0.33900548044101214,0.6614290475845337,0.652046799659729,0.6614290475845337,0.652046799659729
3,np,IS NP,147,0.33921254455119143,0.34120141212330307,0.6607874631881714,0.6497929692268372,0.6607874631881714,0.6497929692268372
3,np,IS NP,148,0.33199463957963987,0.3334833748580873,0.6680053472518921,0.6577146053314209,0.6680053472518921,0.6577146053314209
3,np,IS NP,149,0.33861999179041663,0.3379951327346092,0.6613799333572388,0.6530838012695312,0.6613799333572388,0.6530838012695312
3,np,IS NP,150,0.332038641091465,0.33352894330209537,0.6679613590240479,0.6576679348945618,0.6679613590240479,0.6576679348945618
3,np,IS NP,151,0.33356815426386605,0.3347503653792448,0.6664318442344666,0.656414270401001,0.6664318442344666,0.656414270401001
3,np,IS NP,152,0.350114357910415,0.3501491999441339,0.6498856544494629,0.6406090259552002,0.6498856544494629,0.6406090259552002
3,np,IS NP,153,0.4406756980474605,0.4496888721636099,0.559324324131012,0.5384420156478882,0.559324324131012,0.5384420156478882
3,np,IS NP,154,0.353091790694599,0.35784320775852646,0.646908164024353,0.6327118873596191,0.646908164024353,0.6327118873596191
3,np,IS NP,155,0.3365439515012179,0.3373340342858041,0.6634560823440552,0.6537623405456543,0.6634560823440552,0.6537623405456543
3,np,IS NP,156,0.34279860082522845,0.3410345914289933,0.6572014093399048,0.6499642133712769,0.6572014093399048,0.6499642133712769
3,np,IS NP,157,0.332216733070307,0.3337434216063152,0.667783260345459,0.6574477553367615,0.667783260345459,0.6574477553367615
3,np,IS NP,158,0.35119005333083547,0.35433015504548715,0.6488099098205566,0.6363176703453064,0.6488099098205566,0.6363176703453064
3,np,IS NP,159,0.32793778816396874,0.328256685373395,0.6720621585845947,0.6630793809890747,0.6720621585845947,0.6630793809890747
3,np,IS NP,160,0.3262964276842369,0.32505389909411586,0.6737035512924194,0.6663666367530823,0.6737035512924194,0.6663666367530823
3,np,IS NP,161,0.3598458180131838,0.3543663408405097,0.6401541233062744,0.6362805366516113,0.6401541233062744,0.6362805366516113
3,np,IS NP,162,0.34200998378354447,0.3388305918652882,0.6579899787902832,0.6522263288497925,0.6579899787902832,0.6522263288497925
3,np,IS NP,163,0.3226174160029537,0.32134785208591193,0.6773825883865356,0.6701704263687134,0.6773825883865356,0.6701704263687134
3,np,IS NP,164,0.3361617748358453,0.33513923116432603,0.6638382077217102,0.6560150980949402,0.6638382077217102,0.6560150980949402
3,np,IS NP,165,0.32723730271176776,0.3261267159336297,0.6727626323699951,0.6652655601501465,0.6727626323699951,0.6652655601501465
3,np,IS NP,166,0.32439894604590513,0.3240714955699536,0.675601065158844,0.6673749685287476,0.675601065158844,0.6673749685287476
3,np,IS NP,167,0.33346600726593373,0.33672147712042166,0.6665339469909668,0.6543911099433899,0.6665339469909668,0.6543911099433899
3,np,IS NP,168,0.32651142903076585,0.32766176055568136,0.6734885573387146,0.6636899709701538,0.6734885573387146,0.6636899709701538
3,np,IS NP,169,0.34128184755181157,0.34233197130898174,0.6587181091308594,0.6486325263977051,0.6587181091308594,0.6486325263977051
3,np,IS NP,170,0.34997685161209846,0.3470156347566797,0.6500231623649597,0.6438252925872803,0.6500231623649597,0.6438252925872803
3,np,IS NP,171,0.3262623829203983,0.32581026263015217,0.673737645149231,0.6655902862548828,0.673737645149231,0.6655902862548828
3,np,IS NP,172,0.3860178788503011,0.39220707592113996,0.613982081413269,0.5974410176277161,0.613982081413269,0.5974410176277161
3,np,IS NP,173,0.33079876825791,0.32913279810617135,0.6692012548446655,0.6621800661087036,0.6692012548446655,0.6621800661087036
3,np,IS NP,174,0.3216714013454526,0.32023019499556965,0.6783286333084106,0.6713176965713501,0.6783286333084106,0.6713176965713501
3,np,IS NP,175,0.33111146693081817,0.3310174503067667,0.6688885688781738,0.6602456569671631,0.6688885688781738,0.6602456569671631
3,np,IS NP,176,0.32436021249885705,0.3220998527005661,0.6756397485733032,0.6693986654281616,0.6756397485733032,0.6693986654281616
3,np,IS NP,177,0.337425511705783,0.33669416017310566,0.6625745296478271,0.6544191241264343,0.6625745296478271,0.6544191241264343
3,np,IS NP,178,0.32661512817523275,0.3216013598811719,0.6733849048614502,0.6699103116989136,0.6733849048614502,0.6699103116989136
3,np,IS NP,179,0.3195369438838589,0.31738587798074236,0.6804630756378174,0.6742370128631592,0.6804630756378174,0.6742370128631592
3,np,IS NP,180,0.32715821312379467,0.3239232830761015,0.6728417873382568,0.6675270795822144,0.6728417873382568,0.6675270795822144
3,np,IS NP,181,0.3240282162446384,0.3195177714029948,0.6759717464447021,0.6720489263534546,0.6759717464447021,0.6720489263534546
3,np,IS NP,182,0.34468342282975367,0.34112256788468176,0.6553165912628174,0.6498739123344421,0.6553165912628174,0.6498739123344421
3,np,IS NP,183,0.32819434561470684,0.3303883389909138,0.6718056201934814,0.6608914136886597,0.6718056201934814,0.6608914136886597
3,np,IS NP,184,0.3364147331363471,0.3347441061984661,0.6635852456092834,0.6564207077026367,0.6635852456092834,0.6564207077026367
3,np,IS NP,185,0.32437995376512985,0.32690259444621184,0.6756200194358826,0.6644691228866577,0.6756200194358826,0.6644691228866577
3,np,IS NP,186,0.3247562727724859,0.32490223923394845,0.6752437353134155,0.6665222644805908,0.6752437353134155,0.6665222644805908
3,np,IS NP,187,0.345716395119364,0.3428245112877484,0.6542836427688599,0.6481269598007202,0.6542836427688599,0.6481269598007202
3,np,IS NP,188,0.3366933313682098,0.33545636576275495,0.6633066534996033,0.6556895971298218,0.6633066534996033,0.6556895971298218
3,np,IS NP,189,0.33119598828082863,0.33296990995259246,0.6688040494918823,0.6582416892051697,0.6688040494918823,0.6582416892051697
3,np,IS NP,190,0.33294392683247265,0.33720519330150395,0.6670560836791992,0.6538946628570557,0.6670560836791992,0.6538946628570557
3,np,IS NP,191,0.3480836596599845,0.35334108827650085,0.6519163250923157,0.6373328566551208,0.6519163250923157,0.6373328566551208
3,np,IS NP,192,0.32543642322222394,0.3269928247891655,0.6745635867118835,0.6643765568733215,0.6745635867118835,0.6643765568733215
3,np,IS NP,193,0.34109434346820033,0.34397477188775705,0.6589056253433228,0.6469464302062988,0.6589056253433228,0.6469464302062988
3,np,IS NP,194,0.32736450052538585,0.3260741404784742,0.6726354956626892,0.6653194427490234,0.6726354956626892,0.6653194427490234
3,np,IS NP,195,0.3206001418505528,0.31999970406524897,0.679399847984314,0.6715542078018188,0.679399847984314,0.6715542078018188
3,np,IS NP,196,0.3338274144849112,0.3304910352525785,0.6661726236343384,0.6607860326766968,0.6661726236343384,0.6607860326766968
3,np,IS NP,197,0.3278578868670057,0.3254178942636002,0.6721420884132385,0.6659930944442749,0.6721420884132385,0.6659930944442749
3,np,IS NP,198,0.3218470613161723,0.3190814388352771,0.6781529188156128,0.6724966764450073,0.6781529188156128,0.6724966764450073
3,np,IS NP,199,0.34581089828365535,0.3379221810388935,0.6541891098022461,0.6531586647033691,0.6541891098022461,0.6531586647033691
3,np,IS NP,200,0.32030871175518333,0.319080323673958,0.6796912550926208,0.6724978685379028,0.6796912550926208,0.6724978685379028
3,np_fixed,Vanilla NP,1,1.0211567217989486,1.003703191298847,-0.021156668663024902,-0.030194878578186035,-0.021156668663024902,-0.030194878578186035
3,np_fixed,Vanilla NP,2,0.9647366875825927,0.9436624073242956,0.03526341915130615,0.03143054246902466,0.03526341915130615,0.03143054246902466
3,np_fixed,Vanilla NP,3,0.9712878511857617,0.9553169603495635,0.028712153434753418,0.01946842670440674,0.028712153434753418,0.01946842670440674
3,np_fixed,Vanilla NP,4,1.0301071821257126,0.9993279031080793,-0.03010725975036621,-0.025704145431518555,-0.03010725975036621,-0.025704145431518555
3,np_fixed,Vanilla NP,5,0.9054437108742174,0.8912334890328637,0.09455621242523193,0.08524328470230103,0.09455621242523193,0.08524328470230103
3,np_fixed,Vanilla NP,6,0.868101110754087,0.8545942944149638,0.1318988800048828,0.12284958362579346,0.1318988800048828,0.12284958362579346
3,np_fixed,Vanilla NP,7,0.9662413707999296,0.964075762172078,0.033758699893951416,0.010478436946868896,0.033758699893951416,0.010478436946868896
3,np_fixed,Vanilla NP,8,0.8071916232737459,0.7943693695142288,0.1928083300590515,0.1846640706062317,0.1928083300590515,0.1846640706062317
3,np_fixed,Vanilla NP,9,0.8528790178225022,0.836191806220269,0.14712095260620117,0.14173775911331177,0.14712095260620117,0.14173775911331177
3,np_fixed,Vanilla NP,10,0.7731853178305219,0.7758644676023676,0.22681474685668945,0.2036573886871338,0.22681474685668945,0.2036573886871338
3,np_fixed,Vanilla NP,11,0.6579984943996104,0.6594679651334304,0.3420014977455139,0.32312607765197754,0.3420014977455139,0.32312607765197754
3,np_fixed,Vanilla NP,12,0.5913898376531379,0.5994189735068831,0.4086102247238159,0.38475996255874634,0.4086102247238159,0.38475996255874634
3,np_fixed,Vanilla NP,13,0.551056351310523,0.5605576525824939,0.4489436745643616,0.4246470332145691,0.4489436745643616,0.4246470332145691
3,np_fixed,Vanilla NP,14,0.795012659342714,0.819589496120926,0.20498740673065186,0.1587783694267273,0.20498740673065186,0.1587783694267273
3,np_fixed,Vanilla NP,15,0.5097536904405254,0.5255727208862009,0.4902462959289551,0.4605553150177002,0.4902462959289551,0.4605553150177002
3,np_fixed,Vanilla NP,16,0.5210699642351432,0.5332828298095584,0.4789300560951233,0.45264166593551636,0.4789300560951233,0.45264166593551636
3,np_fixed,Vanilla NP,17,0.511697602364444,0.5266084786533385,0.48830240964889526,0.4594922661781311,0.48830240964889526,0.4594922661781311
3,np_fixed,Vanilla NP,18,0.5011902689471726,0.5153834288434465,0.4988097548484802,0.47101354598999023,0.4988097548484802,0.47101354598999023
3,np_fixed,Vanilla NP,19,0.45811419154322425,0.4759809880755668,0.5418858528137207,0.5114560127258301,0.5418858528137207,0.5114560127258301
3,np_fixed,Vanilla NP,20,0.467932615169259,0.4863683068475058,0.5320674180984497,0.500794529914856,0.5320674180984497,0.500794529914856
3,np_fixed,Vanilla NP,21,0.46394389405731085,0.4813614811084067,0.5360561013221741,0.5059335231781006,0.5360561013221741,0.5059335231781006
3,np_fixed,Vanilla NP,22,0.4537851965242578,0.47186664278193036,0.5462148189544678,0.515678882598877,0.5462148189544678,0.515678882598877
3,np_fixed,Vanilla NP,23,0.4612328805202662,0.4793499451737071,0.5387670993804932,0.5079981088638306,0.5387670993804932,0.5079981088638306
3,np_fixed,Vanilla NP,24,0.5411943654681362,0.550685160843901,0.4588056206703186,0.4347800612449646,0.4588056206703186,0.4347800612449646
3,np_fixed,Vanilla NP,25,0.4447607354138249,0.46295544551324475,0.5552392601966858,0.5248253345489502,0.5552392601966858,0.5248253345489502
3,np_fixed,Vanilla NP,26,0.466354930585669,0.4858085212781448,0.5336450338363647,0.5013689994812012,0.5336450338363647,0.5013689994812012
3,np_fixed,Vanilla NP,27,0.4614159164502639,0.4736456067063088,0.5385840535163879,0.5138529539108276,0.5385840535163879,0.5138529539108276
3,np_fixed,Vanilla NP,28,0.4801197883694671,0.501020517922187,0.5198802947998047,0.4857555031776428,0.5198802947998047,0.4857555031776428
3,np_fixed,Vanilla NP,29,0.5030447540357131,0.5165362820144772,0.4969552159309387,0.4698302745819092,0.4969552159309387,0.4698302745819092
3,np_fixed,Vanilla NP,30,0.4464214351750159,0.46286051472028095,0.5535785555839539,0.524922788143158,0.5535785555839539,0.524922788143158
3,np_fixed,Vanilla NP,31,0.43612609607304714,0.45180974889171216,0.5638738870620728,0.5362652540206909,0.5638738870620728,0.5362652540206909
3,np_fixed,Vanilla NP,32,0.4322977548883867,0.44867996374766034,0.5677022933959961,0.5394775867462158,0.5677022933959961,0.5394775867462158
3,np_fixed,Vanilla NP,33,0.4300636048464812,0.446137128874313,0.5699363946914673,0.5420875549316406,0.5699363946914673,0.5420875549316406
3,np_fixed,Vanilla NP,34,0.4291275074315626,0.4478164467700692,0.57087242603302,0.5403639078140259,0.57087242603302,0.5403639078140259
3,np_fixed,Vanilla NP,35,0.44050561295923335,0.4595827247745307,0.5594943761825562,0.5282870531082153,0.5594943761825562,0.5282870531082153
3,np_fixed,Vanilla NP,36,0.4315245054488958,0.44533716384754624,0.5684754848480225,0.5429085493087769,0.5684754848480225,0.5429085493087769
3,np_fixed,Vanilla NP,37,0.45009868759517524,0.46491592891456546,0.5499013662338257,0.522813081741333,0.5499013662338257,0.522813081741333
3,np_fixed,Vanilla NP,38,0.4729867877886277,0.4918464590874753,0.5270133018493652,0.49517178535461426,0.5270133018493652,0.49517178535461426
3,np_fixed,Vanilla NP,39,0.4602693282356558,0.47713376778040745,0.5397306680679321,0.510272741317749,0.5397306680679321,0.510272741317749
3,np_fixed,Vanilla NP,40,0.42877531328866647,0.4405082665210546,0.5712246894836426,0.5478650331497192,0.5712246894836426,0.5478650331497192
3,np_fixed,Vanilla NP,41,0.424826560094375,0.43730646741482637,0.5751734972000122,0.5511512756347656,0.5751734972000122,0.5511512756347656
3,np_fixed,Vanilla NP,42,0.45652839934179024,0.46720080990199897,0.5434715747833252,0.5204678773880005,0.5434715747833252,0.5204678773880005
3,np_fixed,Vanilla NP,43,0.43615661873373873,0.45211662640867306,0.5638434290885925,0.535950243473053,0.5638434290885925,0.535950243473053
3,np_fixed,Vanilla NP,44,0.4135907122562098,0.4255137639914372,0.5864092707633972,0.5632551908493042,0.5864092707633972,0.5632551908493042
3,np_fixed,Vanilla NP,45,0.4983510130135588,0.5180916624475819,0.501649022102356,0.4682338237762451,0.501649022102356,0.4682338237762451
3,np_fixed,Vanilla NP,46,0.4177324031443559,0.42940837144851685,0.5822675824165344,0.5592578649520874,0.5822675824165344,0.5592578649520874
3,np_fixed,Vanilla NP,47,0.42264315740082614,0.433395223100056,0.5773568749427795,0.5551657676696777,0.5773568749427795,0.5551657676696777
3,np_fixed,Vanilla NP,48,0.42562790157258973,0.4422964462938235,0.5743721127510071,0.5460295677185059,0.5743721127510071,0.5460295677185059
3,np_fixed,Vanilla NP,49,0.41082486856815426,0.4255236925542817,0.5891751050949097,0.5632450580596924,0.5891751050949097,0.5632450580596924
3,np_fixed,Vanilla NP,50,0.40734492877657097,0.4183109069979468,0.5926550626754761,0.570648193359375,0.5926550626754761,0.570648193359375
3,np_fixed,Vanilla NP,51,0.4351817346358484,0.4463051811669224,0.564818263053894,0.5419149994850159,0.564818263053894,0.5419149994850159
3,np_fixed,Vanilla NP,52,0.40209225224432094,0.41199015670044475,0.5979077219963074,0.5771357417106628,0.5979077219963074,0.5771357417106628
3,np_fixed,Vanilla NP,53,0.4188689698082532,0.42727848864340967,0.5811310410499573,0.5614439249038696,0.5811310410499573,0.5614439249038696
3,np_fixed,Vanilla NP,54,0.4274528733519621,0.43997725659562636,0.5725471377372742,0.5484099984169006,0.5725471377372742,0.5484099984169006
3,np_fixed,Vanilla NP,55,0.39856502563916435,0.4089690691740938,0.6014349460601807,0.580236554145813,0.6014349460601807,0.580236554145813
3,np_fixed,Vanilla NP,56,0.45646599789922554,0.46170618876006253,0.543533980846405,0.5261075496673584,0.543533980846405,0.5261075496673584
3,np_fixed,Vanilla NP,57,0.3963519982820333,0.40820196478865867,0.6036479473114014,0.5810239315032959,0.6036479473114014,0.5810239315032959
3,np_fixed,Vanilla NP,58,0.3943772259377694,0.4044645655062772,0.6056227684020996,0.5848600268363953,0.6056227684020996,0.5848600268363953
3,np_fixed,Vanilla NP,59,0.39845084450965707,0.40816350546918173,0.6015491485595703,0.5810633897781372,0.6015491485595703,0.5810633897781372
3,np_fixed,Vanilla NP,60,0.40799167833124944,0.42318593993667486,0.5920083522796631,0.5656445026397705,0.5920083522796631,0.5656445026397705
3,np_fixed,Vanilla NP,61,0.39768909830455634,0.409250102994978,0.6023108959197998,0.5799481868743896,0.6023108959197998,0.5799481868743896
3,np_fixed,Vanilla NP,62,0.39266489665637644,0.40146588493687235,0.607335090637207,0.5879378318786621,0.607335090637207,0.5879378318786621
3,np_fixed,Vanilla NP,63,0.39485894570979035,0.4023364080015079,0.6051410436630249,0.587044358253479,0.6051410436630249,0.587044358253479
3,np_fixed,Vanilla NP,64,0.4147415255853372,0.4225816620412723,0.5852584838867188,0.5662647485733032,0.5852584838867188,0.5662647485733032
3,np_fixed,Vanilla NP,65,0.39332762915034625,0.40631055762601453,0.6066722869873047,0.5829652547836304,0.6066722869873047,0.5829652547836304
3,np_fixed,Vanilla NP,66,0.384126479195994,0.3971206372560457,0.6158735156059265,0.5923977494239807,0.6158735156059265,0.5923977494239807
3,np_fixed,Vanilla NP,67,0.38913094304328744,0.40141782141471094,0.6108690500259399,0.5879870653152466,0.6108690500259399,0.5879870653152466
3,np_fixed,Vanilla NP,68,0.43811151165832846,0.4463104915249255,0.5618884563446045,0.5419095754623413,0.5618884563446045,0.5419095754623413
3,np_fixed,Vanilla NP,69,0.38529393492743025,0.39486001628313877,0.6147060394287109,0.5947180390357971,0.6147060394287109,0.5947180390357971
3,np_fixed,Vanilla NP,70,0.38752500400986784,0.4002503895944403,0.6124749779701233,0.5891854166984558,0.6124749779701233,0.5891854166984558
3,np_fixed,Vanilla NP,71,0.39631929993629456,0.4109070758486903,0.6036806702613831,0.5782474279403687,0.6036806702613831,0.5782474279403687
3,np_fixed,Vanilla NP,72,0.3860623790312183,0.3965345916821975,0.6139376163482666,0.592999279499054,0.6139376163482666,0.592999279499054
3,np_fixed,Vanilla NP,73,0.38309038401574125,0.39117724858513175,0.6169096231460571,0.5984979867935181,0.6169096231460571,0.5984979867935181
3,np_fixed,Vanilla NP,74,0.38437113235163134,0.39874204300170724,0.6156288981437683,0.5907335877418518,0.6156288981437683,0.5907335877418518
3,np_fixed,Vanilla NP,75,0.37373178203900653,0.3872823648212492,0.6262682676315308,0.6024956703186035,0.6262682676315308,0.6024956703186035
3,np_fixed,Vanilla NP,76,0.3872797533061153,0.39552139011464377,0.612720251083374,0.5940392017364502,0.612720251083374,0.5940392017364502
3,np_fixed,Vanilla NP,77,0.3799491861993952,0.38911557474801706,0.6200507879257202,0.600614070892334,0.6200507879257202,0.600614070892334
3,np_fixed,Vanilla NP,78,0.40112016505973286,0.4130298266577166,0.5988798141479492,0.576068639755249,0.5988798141479492,0.576068639755249
3,np_fixed,Vanilla NP,79,0.374101729587067,0.38456265247145366,0.6258982419967651,0.6052871942520142,0.6258982419967651,0.6052871942520142
3,np_fixed,Vanilla NP,80,0.38171428118565287,0.39140843213066573,0.6182857751846313,0.5982607007026672,0.6182857751846313,0.5982607007026672
3,np_fixed,Vanilla NP,81,0.37477955707283905,0.38505677289740986,0.6252204179763794,0.6047800183296204,0.6252204179763794,0.6047800183296204
3,np_fixed,Vanilla NP,82,0.3944406581017398,0.4083097699538682,0.6055593490600586,0.5809133052825928,0.6055593490600586,0.5809133052825928
3,np_fixed,Vanilla NP,83,0.37855612931325455,0.3916987984679466,0.6214438676834106,0.5979627370834351,0.6214438676834106,0.5979627370834351
3,np_fixed,Vanilla NP,84,0.394262363282285,0.40053267372671025,0.6057376265525818,0.5888956785202026,0.6057376265525818,0.5888956785202026
3,np_fixed,Vanilla NP,85,0.46351798537165617,0.47824737175490506,0.5364819765090942,0.5091297626495361,0.5364819765090942,0.5091297626495361
3,np_fixed,Vanilla NP,86,0.37784962667975314,0.3884258452774018,0.6221503615379333,0.6013220548629761,0.6221503615379333,0.6013220548629761
3,np_fixed,Vanilla NP,87,0.38295406207095745,0.3952410130999809,0.6170459389686584,0.5943270325660706,0.6170459389686584,0.5943270325660706
3,np_fixed,Vanilla NP,88,0.3769348200208457,0.38428740261137023,0.6230651140213013,0.6055697202682495,0.6230651140213013,0.6055697202682495
3,np_fixed,Vanilla NP,89,0.37197590498037114,0.381078069986299,0.6280241012573242,0.6088637709617615,0.6280241012573242,0.6088637709617615
3,np_fixed,Vanilla NP,90,0.3740537934756094,0.38511844522269195,0.6259462237358093,0.6047167778015137,0.6259462237358093,0.6047167778015137
3,np_fixed,Vanilla NP,91,0.41299294801645503,0.42099096308382905,0.5870071053504944,0.5678974390029907,0.5870071053504944,0.5678974390029907
3,np_fixed,Vanilla NP,92,0.3786158576723217,0.3866808765618376,0.6213841438293457,0.6031131148338318,0.6213841438293457,0.6031131148338318
3,np_fixed,Vanilla NP,93,0.38343589550764984,0.39371472735737645,0.6165640950202942,0.5958935618400574,0.6165640950202942,0.5958935618400574
3,np_fixed,Vanilla NP,94,0.3790628240090008,0.3897569854130117,0.620937168598175,0.5999557971954346,0.620937168598175,0.5999557971954346
3,np_fixed,Vanilla NP,95,0.46391446206920833,0.48173482011454977,0.5360854864120483,0.5055503249168396,0.5360854864120483,0.5055503249168396
3,np_fixed,Vanilla NP,96,0.3872388178525969,0.3944987580757733,0.6127611398696899,0.5950888395309448,0.6127611398696899,0.5950888395309448
3,np_fixed,Vanilla NP,97,0.37103206080983775,0.37909299458644186,0.6289679408073425,0.6109012365341187,0.6289679408073425,0.6109012365341187
3,np_fixed,Vanilla NP,98,0.36798443951348003,0.37791496630786925,0.632015585899353,0.6121103167533875,0.632015585899353,0.6121103167533875
3,np_fixed,Vanilla NP,99,0.425107901410539,0.4310681182284688,0.5748921036720276,0.5575542449951172,0.5748921036720276,0.5575542449951172
3,np_fixed,Vanilla NP,100,0.3823344761780066,0.3881157816842545,0.6176655292510986,0.6016402840614319,0.6176655292510986,0.6016402840614319
3,np_fixed,Vanilla NP,101,0.43043701154317043,0.4323884087015492,0.5695630311965942,0.5561991333961487,0.5695630311965942,0.5561991333961487
3,np_fixed,Vanilla NP,102,0.3997293636780377,0.4111503672230151,0.6002706289291382,0.5779976844787598,0.6002706289291382,0.5779976844787598
3,np_fixed,Vanilla NP,103,0.3703110676634219,0.37796483298604805,0.6296889781951904,0.6120591163635254,0.6296889781951904,0.6120591163635254
3,np_fixed,Vanilla NP,104,0.49621254459832065,0.5108473143836324,0.5037875175476074,0.4756695032119751,0.5037875175476074,0.4756695032119751
3,np_fixed,Vanilla NP,105,0.36123323094013127,0.3667793853800426,0.6387667655944824,0.6235398054122925,0.6387667655944824,0.6235398054122925
3,np_fixed,Vanilla NP,106,0.35490295914716496,0.3613143122011377,0.645097017288208,0.6291491389274597,0.645097017288208,0.6291491389274597
3,np_fixed,Vanilla NP,107,0.4049217684786449,0.4076134904410488,0.5950782299041748,0.5816280245780945,0.5950782299041748,0.5816280245780945
3,np_fixed,Vanilla NP,108,0.35179052542346395,0.360687911048416,0.6482094526290894,0.6297920942306519,0.6482094526290894,0.6297920942306519
3,np_fixed,Vanilla NP,109,0.3546539965526078,0.3618935145610987,0.6453460454940796,0.6285547018051147,0.6453460454940796,0.6285547018051147
3,np_fixed,Vanilla NP,110,0.3743836306786352,0.37801406087801437,0.6256164312362671,0.6120086908340454,0.6256164312362671,0.6120086908340454
3,np_fixed,Vanilla NP,111,0.4000364249759866,0.40853441246720246,0.5999635457992554,0.5806827545166016,0.5999635457992554,0.5806827545166016
3,np_fixed,Vanilla NP,112,0.3541903605525808,0.3613348231297131,0.6458096504211426,0.629128098487854,0.6458096504211426,0.629128098487854
3,np_fixed,Vanilla NP,113,0.38993024722088215,0.39624395619991215,0.610069751739502,0.5932976007461548,0.610069751739502,0.5932976007461548
3,np_fixed,Vanilla NP,114,0.365636150042216,0.37453389260195946,0.6343638300895691,0.6155806183815002,0.6343638300895691,0.6155806183815002
3,np_fixed,Vanilla NP,115,0.4608611182649006,0.4737339964670728,0.539138913154602,0.5137622356414795,0.539138913154602,0.5137622356414795
3,np_fixed,Vanilla NP,116,0.36611484210620554,0.37526393583578654,0.6338851451873779,0.6148313283920288,0.6338851451873779,0.6148313283920288
3,np_fixed,Vanilla NP,117,0.39345585445100945,0.40297137720640314,0.6065441370010376,0.5863925814628601,0.6065441370010376,0.5863925814628601
3,np_fixed,Vanilla NP,118,0.36542210468026093,0.3742304746956788,0.6345778703689575,0.6158921718597412,0.6345778703689575,0.6158921718597412
3,np_fixed,Vanilla NP,119,0.3772703769595124,0.38325506957002387,0.6227296590805054,0.6066293120384216,0.6227296590805054,0.6066293120384216
3,np_fixed,Vanilla NP,120,0.36983379086320717,0.3794660526652669,0.630166232585907,0.6105183362960815,0.630166232585907,0.6105183362960815
3,np_fixed,Vanilla NP,121,0.3599565505057342,0.3667316942713981,0.6400434374809265,0.6235888004302979,0.6400434374809265,0.6235888004302979
3,np_fixed,Vanilla NP,122,0.35728041099947555,0.36538558181866193,0.6427196264266968,0.6249704360961914,0.6427196264266968,0.6249704360961914
3,np_fixed,Vanilla NP,123,0.35159283056277635,0.35715314838313317,0.6484071612358093,0.6334201097488403,0.6484071612358093,0.6334201097488403
3,np_fixed,Vanilla NP,124,0.4171063802963079,0.4159222423106201,0.5828936100006104,0.5730999112129211,0.5828936100006104,0.5730999112129211
3,np_fixed,Vanilla NP,125,0.3483021953540255,0.35029375599336254,0.6516977548599243,0.6404606103897095,0.6516977548599243,0.6404606103897095
3,np_fixed,Vanilla NP,126,0.35009725807711134,0.3552783496620119,0.6499027013778687,0.6353444457054138,0.6499027013778687,0.6353444457054138
3,np_fixed,Vanilla NP,127,0.3568430449380431,0.36522474908089453,0.6431569457054138,0.6251355409622192,0.6431569457054138,0.6251355409622192
3,np_fixed,Vanilla NP,128,0.35622648444286614,0.36200222488521605,0.6437735557556152,0.6284430623054504,0.6437735557556152,0.6284430623054504
3,np_fixed,Vanilla NP,129,0.3779624807973241,0.3850633818511815,0.6220375299453735,0.604773223400116,0.6220375299453735,0.604773223400116
3,np_fixed,Vanilla NP,130,0.3511969100597293,0.35832466589387996,0.6488030552864075,0.6322177052497864,0.6488030552864075,0.6322177052497864
3,np_fixed,Vanilla NP,131,0.3850215948367304,0.3847997491211854,0.6149784326553345,0.605043888092041,0.6149784326553345,0.605043888092041
3,np_fixed,Vanilla NP,132,0.3681586484114329,0.3712415861528973,0.6318414211273193,0.618959903717041,0.6318414211273193,0.618959903717041
3,np_fixed,Vanilla NP,133,0.33790778051051057,0.3382836596448292,0.6620922088623047,0.6527876853942871,0.6620922088623047,0.6527876853942871
3,np_fixed,Vanilla NP,134,0.37180250998615294,0.36677855599758236,0.6281974911689758,0.6235407590866089,0.6281974911689758,0.6235407590866089
3,np_fixed,Vanilla NP,135,0.35116140463555506,0.3542328587798185,0.6488385796546936,0.6364175081253052,0.6488385796546936,0.6364175081253052
3,np_fixed,Vanilla NP,136,0.3567011176153671,0.3561418472334396,0.643298864364624,0.6344581246376038,0.643298864364624,0.6344581246376038
3,np_fixed,Vanilla NP,137,0.333925729689672,0.33359501274057135,0.666074275970459,0.6576001048088074,0.666074275970459,0.6576001048088074
3,np_fixed,Vanilla NP,138,0.3280092518227969,0.3300369532071343,0.6719907522201538,0.6612520217895508,0.6719907522201538,0.6612520217895508
3,np_fixed,Vanilla NP,139,0.3585009325382321,0.35701655740885774,0.6414991021156311,0.633560299873352,0.6414991021156311,0.633560299873352
3,np_fixed,Vanilla NP,140,0.3501299314720686,0.3533334632714589,0.6498700380325317,0.6373406648635864,0.6498700380325317,0.6373406648635864
3,np_fixed,Vanilla NP,141,0.3497944180817567,0.35395089900770854,0.6502056121826172,0.6367069482803345,0.6502056121826172,0.6367069482803345
3,np_fixed,Vanilla NP,142,0.33967727815458015,0.3412002255750257,0.6603226661682129,0.6497941613197327,0.6603226661682129,0.6497941613197327
3,np_fixed,Vanilla NP,143,0.35033608372359315,0.3566477324149405,0.6496639251708984,0.6339389085769653,0.6496639251708984,0.6339389085769653
3,np_fixed,Vanilla NP,144,0.35390411998874455,0.357653363037479,0.6460959315299988,0.6329066753387451,0.6460959315299988,0.6329066753387451
3,np_fixed,Vanilla NP,145,0.34300704242647156,0.34597813690355583,0.6569929122924805,0.6448900699615479,0.6569929122924805,0.6448900699615479
3,np_fixed,Vanilla NP,146,0.3346973632195199,0.3351021443688592,0.6653026342391968,0.6560531854629517,0.6653026342391968,0.6560531854629517
3,np_fixed,Vanilla NP,147,0.330165967114212,0.3294357826081357,0.6698340177536011,0.6618690490722656,0.6698340177536011,0.6618690490722656
3,np_fixed,Vanilla NP,148,0.326753239992053,0.32751613716746486,0.6732467412948608,0.6638393998146057,0.6732467412948608,0.6638393998146057
3,np_fixed,Vanilla NP,149,0.3331710021625193,0.33669055409209675,0.666828989982605,0.6544228792190552,0.666828989982605,0.6544228792190552
3,np_fixed,Vanilla NP,150,0.3379585849222287,0.3412898635679437,0.662041425704956,0.6497021913528442,0.662041425704956,0.6497021913528442
3,np_fixed,Vanilla NP,151,0.34935556432997533,0.3611401652180871,0.6506444215774536,0.6293278932571411,0.6506444215774536,0.6293278932571411
3,np_fixed,Vanilla NP,152,0.41433180591394736,0.4146949385487756,0.5856682062149048,0.5743595957756042,0.5856682062149048,0.5743595957756042
3,np_fixed,Vanilla NP,153,0.40805625961732495,0.41905322463013406,0.5919437408447266,0.569886326789856,0.5919437408447266,0.569886326789856
3,np_fixed,Vanilla NP,154,0.34332077447758164,0.3494790337344473,0.6566791534423828,0.6412968635559082,0.6566791534423828,0.6412968635559082
3,np_fixed,Vanilla NP,155,0.3253152596858121,0.3306424315123595,0.6746847629547119,0.6606305837631226,0.6746847629547119,0.6606305837631226
3,np_fixed,Vanilla NP,156,0.32460720409718596,0.32848953438359635,0.675392746925354,0.6628403067588806,0.675392746925354,0.6628403067588806
3,np_fixed,Vanilla NP,157,0.3323623923830284,0.3391698104466579,0.6676375865936279,0.6518781185150146,0.6676375865936279,0.6518781185150146
3,np_fixed,Vanilla NP,158,0.3304138207851454,0.3352444164974745,0.669586181640625,0.655907154083252,0.669586181640625,0.655907154083252
3,np_fixed,Vanilla NP,159,0.3257376872753912,0.32899528649426246,0.674262285232544,0.6623212099075317,0.674262285232544,0.6623212099075317
3,np_fixed,Vanilla NP,160,0.3160843421784482,0.31618491970291435,0.6839156746864319,0.675469696521759,0.6839156746864319,0.675469696521759
3,np_fixed,Vanilla NP,161,0.3345813894456671,0.33606395102286524,0.6654186248779297,0.6550660133361816,0.6654186248779297,0.6550660133361816
3,np_fixed,Vanilla NP,162,0.32891432975613794,0.32896602199983227,0.6710857152938843,0.6623512506484985,0.6710857152938843,0.6623512506484985
3,np_fixed,Vanilla NP,163,0.33992714590804524,0.33673058762106783,0.6600728631019592,0.6543817520141602,0.6600728631019592,0.6543817520141602
3,np_fixed,Vanilla NP,164,0.379231382710065,0.38470955204594043,0.6207685470581055,0.6051363945007324,0.6207685470581055,0.6051363945007324
3,np_fixed,Vanilla NP,165,0.31589189379714255,0.3160212418829748,0.6841081380844116,0.6756377220153809,0.6841081380844116,0.6756377220153809
3,np_fixed,Vanilla NP,166,0.31949646851813146,0.32192374615706215,0.6805034875869751,0.6695793867111206,0.6805034875869751,0.6695793867111206
3,np_fixed,Vanilla NP,167,0.3512983786505322,0.3552152468252552,0.6487016677856445,0.6354091763496399,0.6487016677856445,0.6354091763496399
3,np_fixed,Vanilla NP,168,0.32147836280885594,0.3217629342116127,0.6785216331481934,0.6697444915771484,0.6785216331481934,0.6697444915771484
3,np_fixed,Vanilla NP,169,0.35137608716654223,0.35397584493770157,0.6486238837242126,0.636681318283081,0.6486238837242126,0.636681318283081
3,np_fixed,Vanilla NP,170,0.36324434687000834,0.36234448699988137,0.6367557048797607,0.6280918121337891,0.6367557048797607,0.6280918121337891
3,np_fixed,Vanilla NP,171,0.31973226830478785,0.3208145725634671,0.6802676916122437,0.6707178354263306,0.6802676916122437,0.6707178354263306
3,np_fixed,Vanilla NP,172,0.35794926937236343,0.3625521798466527,0.6420507431030273,0.6278786659240723,0.6420507431030273,0.6278786659240723
3,np_fixed,Vanilla NP,173,0.32613871853018916,0.32437312002329866,0.6738612651824951,0.6670653820037842,0.6738612651824951,0.6670653820037842
3,np_fixed,Vanilla NP,174,0.3106413016947665,0.3100080028060795,0.6893587112426758,0.681809663772583,0.6893587112426758,0.681809663772583
3,np_fixed,Vanilla NP,175,0.3148212130217589,0.3145180483197057,0.6851787567138672,0.6771805286407471,0.6851787567138672,0.6771805286407471
3,np_fixed,Vanilla NP,176,0.3144322890181874,0.31122466043908464,0.6855677366256714,0.680560827255249,0.6855677366256714,0.680560827255249
3,np_fixed,Vanilla NP,177,0.3352919858555461,0.335173894037572,0.6647080183029175,0.6559795141220093,0.6647080183029175,0.6559795141220093
3,np_fixed,Vanilla NP,178,0.3141672816849494,0.31183532804481745,0.6858327388763428,0.6799340844154358,0.6858327388763428,0.6799340844154358
3,np_fixed,Vanilla NP,179,0.3516538101573323,0.35460495232611666,0.6483461856842041,0.6360355615615845,0.6483461856842041,0.6360355615615845
3,np_fixed,Vanilla NP,180,0.32456352994885557,0.3214855739312579,0.6754364371299744,0.6700291633605957,0.6754364371299744,0.6700291633605957
3,np_fixed,Vanilla NP,181,0.3091711001109707,0.30749413093855216,0.6908288598060608,0.6843898296356201,0.6908288598060608,0.6843898296356201
3,np_fixed,Vanilla NP,182,0.31244785459928737,0.3127055463864822,0.6875521540641785,0.6790409088134766,0.6875521540641785,0.6790409088134766
3,np_fixed,Vanilla NP,183,0.3201205245284147,0.32154487547024274,0.6798794865608215,0.6699682474136353,0.6798794865608215,0.6699682474136353
3,np_fixed,Vanilla NP,184,0.3217608180156974,0.3196156436158705,0.6782392263412476,0.6719484329223633,0.6782392263412476,0.6719484329223633
3,np_fixed,Vanilla NP,185,0.32017209525256196,0.32075134404869965,0.6798279285430908,0.670782744884491,0.6798279285430908,0.670782744884491
3,np_fixed,Vanilla NP,186,0.31408191443413724,0.3110239327877991,0.6859180927276611,0.6807669401168823,0.6859180927276611,0.6807669401168823
3,np_fixed,Vanilla NP,187,0.333620020354441,0.32925307450368424,0.6663799285888672,0.6620566844940186,0.6663799285888672,0.6620566844940186
3,np_fixed,Vanilla NP,188,0.30847741305366044,0.30693183873975,0.6915225982666016,0.684967041015625,0.6915225982666016,0.684967041015625
3,np_fixed,Vanilla NP,189,0.34105447743290157,0.33974957235099734,0.6589455008506775,0.6512830853462219,0.6589455008506775,0.6512830853462219
3,np_fixed,Vanilla NP,190,0.34177816399308136,0.3466408268887867,0.6582218408584595,0.6442099213600159,0.6582218408584595,0.6442099213600159
3,np_fixed,Vanilla NP,191,0.37576006676337514,0.3830032565797022,0.6242399215698242,0.6068877577781677,0.6242399215698242,0.6068877577781677
3,np_fixed,Vanilla NP,192,0.33083078115023384,0.3348364562027214,0.6691691875457764,0.6563258171081543,0.6691691875457764,0.6563258171081543
3,np_fixed,Vanilla NP,193,0.34062484542066734,0.34482015472973965,0.6593751907348633,0.6460786461830139,0.6593751907348633,0.6460786461830139
3,np_fixed,Vanilla NP,194,0.3196146941000177,0.3187677839467692,0.6803853511810303,0.672818660736084,0.6803853511810303,0.672818660736084
3,np_fixed,Vanilla NP,195,0.3110630537650382,0.31337307774743367,0.6889369487762451,0.6783556938171387,0.6889369487762451,0.6783556938171387
3,np_fixed,Vanilla NP,196,0.31514423484950105,0.3160821980284166,0.6848556995391846,0.6755751371383667,0.6848556995391846,0.6755751371383667
3,np_fixed,Vanilla NP,197,0.3243767131668653,0.3232517062231552,0.6756232976913452,0.668216347694397,0.6756232976913452,0.668216347694397
3,np_fixed,Vanilla NP,198,0.31529581061629364,0.3147046316501706,0.6847041845321655,0.6769890189170837,0.6847041845321655,0.6769890189170837
3,np_fixed,Vanilla NP,199,0.35804494753364446,0.3525776937026386,0.6419550776481628,0.6381163597106934,0.6419550776481628,0.6381163597106934
3,np_fixed,Vanilla NP,200,0.31934415439302605,0.31971291793409246,0.680655837059021,0.6718485951423645,0.680655837059021,0.6718485951423645
3,np_fan_in,Fan-in NP,1,1.0030651217283204,0.9855419258738674,-0.0030651092529296875,-0.011554360389709473,-0.0030651092529296875,-0.011554360389709473
3,np_fan_in,Fan-in NP,2,0.9286924970242404,0.9092883809592373,0.07130753993988037,0.06671178340911865,0.07130753993988037,0.06671178340911865
3,np_fan_in,Fan-in NP,3,0.9031861983528433,0.8901177635488584,0.09681373834609985,0.0863884687423706,0.09681373834609985,0.0863884687423706
3,np_fan_in,Fan-in NP,4,0.9237160955288614,0.901284000670263,0.07628387212753296,0.07492756843566895,0.07628387212753296,0.07492756843566895
3,np_fan_in,Fan-in NP,5,0.7576837904693544,0.7540994891824648,0.24231618642807007,0.22599685192108154,0.24231618642807007,0.22599685192108154
3,np_fan_in,Fan-in NP,6,0.6674260030421175,0.6677777388299159,0.3325740694999695,0.314596951007843,0.3325740694999695,0.314596951007843
3,np_fan_in,Fan-in NP,7,0.6991815215857454,0.7143307517665302,0.3008185029029846,0.2668152451515198,0.3008185029029846,0.2668152451515198
3,np_fan_in,Fan-in NP,8,0.5701530085977657,0.581361498019492,0.42984700202941895,0.40329402685165405,0.42984700202941895,0.40329402685165405
3,np_fan_in,Fan-in NP,9,0.5830694039662679,0.592373438583788,0.41693055629730225,0.39199143648147583,0.41693055629730225,0.39199143648147583
3,np_fan_in,Fan-in NP,10,0.5824700917384421,0.602878715409789,0.4175298810005188,0.3812088966369629,0.4175298810005188,0.3812088966369629
3,np_fan_in,Fan-in NP,11,0.5089464940766032,0.5256884079570918,0.4910535216331482,0.4604366421699524,0.4910535216331482,0.4604366421699524
3,np_fan_in,Fan-in NP,12,0.5028129162252412,0.5235858504162278,0.497187077999115,0.4625946283340454,0.497187077999115,0.4625946283340454
3,np_fan_in,Fan-in NP,13,0.475739485071611,0.4946262884971707,0.5242605209350586,0.4923185110092163,0.5242605209350586,0.4923185110092163
3,np_fan_in,Fan-in NP,14,0.7495363659636919,0.7776450861332028,0.250463604927063,0.20182979106903076,0.250463604927063,0.20182979106903076
3,np_fan_in,Fan-in NP,15,0.46829260573830717,0.48726628316465276,0.5317074060440063,0.4998728036880493,0.5317074060440063,0.4998728036880493
3,np_fan_in,Fan-in NP,16,0.5015972039496251,0.5190196878226229,0.49840277433395386,0.4672813415527344,0.49840277433395386,0.4672813415527344
3,np_fan_in,Fan-in NP,17,0.4975828551506811,0.5153140123038329,0.5024171471595764,0.4710847735404968,0.5024171471595764,0.4710847735404968
3,np_fan_in,Fan-in NP,18,0.48909637632296066,0.5057488053806068,0.5109036564826965,0.48090243339538574,0.5109036564826965,0.48090243339538574
3,np_fan_in,Fan-in NP,19,0.45915872620981796,0.478572944800059,0.540841281414032,0.5087956190109253,0.540841281414032,0.5087956190109253
3,np_fan_in,Fan-in NP,20,0.459016691344653,0.4778692036174064,0.5409833192825317,0.5095179080963135,0.5409833192825317,0.5095179080963135
3,np_fan_in,Fan-in NP,21,0.45300702623618666,0.4701551314472228,0.5469930171966553,0.5174355506896973,0.5469930171966553,0.5174355506896973
3,np_fan_in,Fan-in NP,22,0.4581179799035538,0.47584202446678814,0.5418820381164551,0.5115986466407776,0.5418820381164551,0.5115986466407776
3,np_fan_in,Fan-in NP,23,0.46129862790883974,0.4808002925196359,0.5387012958526611,0.5065094232559204,0.5387012958526611,0.5065094232559204
3,np_fan_in,Fan-in NP,24,0.5155457544696423,0.5269220501415489,0.48445427417755127,0.459170401096344,0.48445427417755127,0.459170401096344
3,np_fan_in,Fan-in NP,25,0.4559924459272577,0.47621385857116344,0.5440075397491455,0.5112169981002808,0.5440075397491455,0.5112169981002808
3,np_fan_in,Fan-in NP,26,0.4686726960100869,0.48996961555739704,0.5313273668289185,0.4970981478691101,0.5313273668289185,0.4970981478691101
3,np_fan_in,Fan-in NP,27,0.462963741417079,0.47826429462248043,0.5370362997055054,0.5091123580932617,0.5370362997055054,0.5091123580932617
3,np_fan_in,Fan-in NP,28,0.46998275204222334,0.491346619156904,0.5300172567367554,0.49568480253219604,0.5300172567367554,0.49568480253219604
3,np_fan_in,Fan-in NP,29,0.47611823516298635,0.4929223980090415,0.5238817930221558,0.4940674304962158,0.5238817930221558,0.4940674304962158
3,np_fan_in,Fan-in NP,30,0.4462505033773969,0.4630109847978104,0.5537495613098145,0.5247683525085449,0.5537495613098145,0.5247683525085449
3,np_fan_in,Fan-in NP,31,0.43821102935214373,0.4548741204794063,0.5617889165878296,0.5331199169158936,0.5617889165878296,0.5331199169158936
3,np_fan_in,Fan-in NP,32,0.4429049210030903,0.457683919474136,0.5570951104164124,0.5302359461784363,0.5570951104164124,0.5302359461784363
3,np_fan_in,Fan-in NP,33,0.43057995133621746,0.4455273613449215,0.5694200992584229,0.5427134037017822,0.5694200992584229,0.5427134037017822
3,np_fan_in,Fan-in NP,34,0.43963146163511646,0.4554855613283409,0.560368537902832,0.5324922800064087,0.560368537902832,0.5324922800064087
3,np_fan_in,Fan-in NP,35,0.44085789697114813,0.45704422486844914,0.5591421127319336,0.5308926105499268,0.5591421127319336,0.5308926105499268
3,np_fan_in,Fan-in NP,36,0.4463978090951609,0.4569951827211898,0.5536022186279297,0.5309429168701172,0.5536022186279297,0.5309429168701172
3,np_fan_in,Fan-in NP,37,0.45266463959863945,0.4668389604997265,0.5473353266716003,0.5208393335342407,0.5473353266716003,0.5208393335342407
3,np_fan_in,Fan-in NP,38,0.45154155155484993,0.4687348507171453,0.548458456993103,0.5188933610916138,0.548458456993103,0.5188933610916138
3,np_fan_in,Fan-in NP,39,0.4706593770389409,0.4890598585439283,0.5293406248092651,0.4980319142341614,0.5293406248092651,0.4980319142341614
3,np_fan_in,Fan-in NP,40,0.4375657226688178,0.4506817903629569,0.5624343156814575,0.5374229550361633,0.5624343156814575,0.5374229550361633
3,np_fan_in,Fan-in NP,41,0.4322191206521766,0.447067741044732,0.5677808523178101,0.5411323308944702,0.5677808523178101,0.5411323308944702
3,np_fan_in,Fan-in NP,42,0.48064815536025884,0.4928582580976708,0.5193518400192261,0.4941331744194031,0.5193518400192261,0.4941331744194031
3,np_fan_in,Fan-in NP,43,0.4586988572002381,0.4780058324799057,0.5413011312484741,0.509377658367157,0.5413011312484741,0.509377658367157
3,np_fan_in,Fan-in NP,44,0.4294190166532531,0.44295649334441783,0.5705809593200684,0.545352041721344,0.5705809593200684,0.545352041721344
3,np_fan_in,Fan-in NP,45,0.49783486728520354,0.5192062270271686,0.5021650791168213,0.4670898914337158,0.5021650791168213,0.4670898914337158
3,np_fan_in,Fan-in NP,46,0.43371328261009484,0.44766606794771296,0.5662867426872253,0.5405182838439941,0.5662867426872253,0.5405182838439941
3,np_fan_in,Fan-in NP,47,0.432422569209291,0.44593070343483326,0.5675774216651917,0.5422993898391724,0.5675774216651917,0.5422993898391724
3,np_fan_in,Fan-in NP,48,0.4170215839101363,0.4355024143244869,0.5829784870147705,0.5530029535293579,0.5829784870147705,0.5530029535293579
3,np_fan_in,Fan-in NP,49,0.41905975792297095,0.43489208470943364,0.5809402465820312,0.5536293983459473,0.5809402465820312,0.5536293983459473
3,np_fan_in,Fan-in NP,50,0.4233267739299656,0.4350232777669448,0.5766732692718506,0.5534946918487549,0.5766732692718506,0.5534946918487549
3,np_fan_in,Fan-in NP,51,0.42155568844588226,0.4325217107931773,0.578444242477417,0.5560623407363892,0.578444242477417,0.5560623407363892
3,np_fan_in,Fan-in NP,52,0.41931453601334445,0.4284133012442626,0.5806854963302612,0.560279130935669,0.5806854963302612,0.560279130935669
3,np_fan_in,Fan-in NP,53,0.42565878139909846,0.4350860784220141,0.5743412375450134,0.5534302592277527,0.5743412375450134,0.5534302592277527
3,np_fan_in,Fan-in NP,54,0.41691539708034014,0.4297445199286291,0.5830845832824707,0.5589128136634827,0.5830845832824707,0.5589128136634827
3,np_fan_in,Fan-in NP,55,0.41213382099025936,0.4230000981988833,0.5878661870956421,0.5658352375030518,0.5878661870956421,0.5658352375030518
3,np_fan_in,Fan-in NP,56,0.4494615060876506,0.45448144276936847,0.5505384802818298,0.5335229635238647,0.5505384802818298,0.5335229635238647
3,np_fan_in,Fan-in NP,57,0.4060714766960736,0.41662657214689625,0.5939285159111023,0.5723769664764404,0.5939285159111023,0.5723769664764404
3,np_fan_in,Fan-in NP,58,0.4061407884655073,0.41592753603476884,0.5938591957092285,0.5730944871902466,0.5938591957092285,0.5730944871902466
3,np_fan_in,Fan-in NP,59,0.40288719026617303,0.41356017954589785,0.597112774848938,0.5755243301391602,0.597112774848938,0.5755243301391602
3,np_fan_in,Fan-in NP,60,0.40458296043004177,0.41997730269912603,0.5954170227050781,0.5689377784729004,0.5954170227050781,0.5689377784729004
3,np_fan_in,Fan-in NP,61,0.3999767917995305,0.4120600426843924,0.6000232100486755,0.577064037322998,0.6000232100486755,0.577064037322998
3,np_fan_in,Fan-in NP,62,0.39241403699383254,0.40277441157851107,0.6075859665870667,0.5865947604179382,0.6075859665870667,0.5865947604179382
3,np_fan_in,Fan-in NP,63,0.38935490587885063,0.39896016989567484,0.610645055770874,0.5905096530914307,0.610645055770874,0.5905096530914307
3,np_fan_in,Fan-in NP,64,0.41332851847012836,0.42238295540329096,0.5866714715957642,0.5664687156677246,0.5866714715957642,0.5664687156677246
3,np_fan_in,Fan-in NP,65,0.3903657007356023,0.4023212319196657,0.609634280204773,0.5870598554611206,0.609634280204773,0.5870598554611206
3,np_fan_in,Fan-in NP,66,0.388057775044626,0.3997190548468006,0.6119421720504761,0.5897307395935059,0.6119421720504761,0.5897307395935059
3,np_fan_in,Fan-in NP,67,0.3906624719154003,0.4012488759765329,0.609337568283081,0.588160514831543,0.609337568283081,0.588160514831543
3,np_fan_in,Fan-in NP,68,0.42275887739288714,0.43204385134600853,0.5772411227226257,0.5565527677536011,0.5772411227226257,0.5565527677536011
3,np_fan_in,Fan-in NP,69,0.3919486003790715,0.4041636295096819,0.6080514192581177,0.5851688385009766,0.6080514192581177,0.5851688385009766
3,np_fan_in,Fan-in NP,70,0.38498932123184204,0.3965104259261789,0.6150107383728027,0.5930240750312805,0.6150107383728027,0.5930240750312805
3,np_fan_in,Fan-in NP,71,0.384440546927526,0.397263882234115,0.615559458732605,0.5922507047653198,0.615559458732605,0.5922507047653198
3,np_fan_in,Fan-in NP,72,0.38433834841085035,0.3945673267508662,0.6156616806983948,0.5950185060501099,0.6156616806983948,0.5950185060501099
3,np_fan_in,Fan-in NP,73,0.3920122028090233,0.3994401952092962,0.6079878211021423,0.5900169610977173,0.6079878211021423,0.5900169610977173
3,np_fan_in,Fan-in NP,74,0.3833983552086261,0.3973100037537804,0.6166017055511475,0.5922033786773682,0.6166017055511475,0.5922033786773682
3,np_fan_in,Fan-in NP,75,0.3816133974365486,0.39589545962422396,0.6183866262435913,0.5936552882194519,0.6183866262435913,0.5936552882194519
3,np_fan_in,Fan-in NP,76,0.39234787133312965,0.4032055153403171,0.6076521277427673,0.5861523151397705,0.6076521277427673,0.5861523151397705
3,np_fan_in,Fan-in NP,77,0.3783816888119823,0.39057236494019976,0.6216182708740234,0.5991188883781433,0.6216182708740234,0.5991188883781433
3,np_fan_in,Fan-in NP,78,0.3899913069813751,0.40467807581258375,0.610008716583252,0.5846408605575562,0.610008716583252,0.5846408605575562
3,np_fan_in,Fan-in NP,79,0.3769124023212019,0.3884125760821409,0.6230875849723816,0.6013356447219849,0.6230875849723816,0.6013356447219849
3,np_fan_in,Fan-in NP,80,0.37938022983166597,0.3912469139394834,0.6206197738647461,0.5984265208244324,0.6206197738647461,0.5984265208244324
3,np_fan_in,Fan-in NP,81,0.3832191962373349,0.3938168809395428,0.6167807579040527,0.5957887172698975,0.6167807579040527,0.5957887172698975
3,np_fan_in,Fan-in NP,82,0.38103276121523955,0.39522431016892423,0.6189672350883484,0.5943441390991211,0.6189672350883484,0.5943441390991211
3,np_fan_in,Fan-in NP,83,0.3869568571563839,0.4037479596544606,0.6130431294441223,0.5855956077575684,0.6130431294441223,0.5855956077575684
3,np_fan_in,Fan-in NP,84,0.418347922752994,0.4279034812321035,0.581652045249939,0.5608024597167969,0.581652045249939,0.5608024597167969
3,np_fan_in,Fan-in NP,85,0.4619891588077989,0.48094547349353167,0.538010835647583,0.5063604712486267,0.538010835647583,0.5063604712486267
3,np_fan_in,Fan-in NP,86,0.3826475798390632,0.39502867109091705,0.6173524260520935,0.5945450067520142,0.6173524260520935,0.5945450067520142
3,np_fan_in,Fan-in NP,87,0.3741778404444687,0.3885887142761733,0.625822126865387,0.6011549234390259,0.625822126865387,0.6011549234390259
3,np_fan_in,Fan-in NP,88,0.370944303366565,0.38180911494779957,0.6290556788444519,0.6081134080886841,0.6290556788444519,0.6081134080886841
3,np_fan_in,Fan-in NP,89,0.37493533381195954,0.3871875229732011,0.6250646114349365,0.6025930643081665,0.6250646114349365,0.6025930643081665
3,np_fan_in,Fan-in NP,90,0.3774986964787624,0.38823393218277036,0.6225013136863708,0.6015190482139587,0.6225013136863708,0.6015190482139587
3,np_fan_in,Fan-in NP,91,0.43249270989913347,0.4385098112645999,0.5675073266029358,0.54991614818573,0.5675073266029358,0.54991614818573
3,np_fan_in,Fan-in NP,92,0.3733677616877149,0.3839268783728282,0.6266322135925293,0.6059397459030151,0.6266322135925293,0.6059397459030151
3,np_fan_in,Fan-in NP,93,0.3661423199629599,0.3758944887523503,0.6338576674461365,0.6141841411590576,0.6338576674461365,0.6141841411590576
3,np_fan_in,Fan-in NP,94,0.3789616952570834,0.3883843918641408,0.6210383176803589,0.6013646125793457,0.6210383176803589,0.6013646125793457
3,np_fan_in,Fan-in NP,95,0.41055282511452373,0.4229694024999012,0.5894471406936646,0.5658667683601379,0.5894471406936646,0.5658667683601379
3,np_fan_in,Fan-in NP,96,0.3889457810987798,0.3931790252988653,0.6110542416572571,0.5964434146881104,0.6110542416572571,0.5964434146881104
3,np_fan_in,Fan-in NP,97,0.3945963730414708,0.40026070628055305,0.6054036617279053,0.5891748666763306,0.6054036617279053,0.5891748666763306
3,np_fan_in,Fan-in NP,98,0.36544563627058224,0.3723787226418192,0.634554386138916,0.6177927255630493,0.634554386138916,0.6177927255630493
3,np_fan_in,Fan-in NP,99,0.44792111483655234,0.44953179913897845,0.552078902721405,0.5386033058166504,0.552078902721405,0.5386033058166504
3,np_fan_in,Fan-in NP,100,0.3794151842594147,0.3847607143165529,0.6205848455429077,0.6050839424133301,0.6205848455429077,0.6050839424133301
3,np_fan_in,Fan-in NP,101,0.4225465112416319,0.4253548113412635,0.5774534940719604,0.5634183883666992,0.5774534940719604,0.5634183883666992
3,np_fan_in,Fan-in NP,102,0.36720587347829065,0.37692434750786125,0.6327941417694092,0.6131271123886108,0.6327941417694092,0.6131271123886108
3,np_fan_in,Fan-in NP,103,0.36856864450513854,0.375983969647755,0.6314313411712646,0.6140923500061035,0.6314313411712646,0.6140923500061035
3,np_fan_in,Fan-in NP,104,0.42223564460296037,0.43538960028988444,0.5777643918991089,0.5531187653541565,0.5777643918991089,0.5531187653541565
3,np_fan_in,Fan-in NP,105,0.3683256486127543,0.37453359873719916,0.6316742897033691,0.6155809760093689,0.6316742897033691,0.6155809760093689
3,np_fan_in,Fan-in NP,106,0.36351183911626656,0.3681604370128277,0.636488139629364,0.6221222877502441,0.636488139629364,0.6221222877502441
3,np_fan_in,Fan-in NP,107,0.38458197939303496,0.3896481713583303,0.615418016910553,0.6000674366950989,0.615418016910553,0.6000674366950989
3,np_fan_in,Fan-in NP,108,0.3590893542119699,0.3675067498702411,0.6409106254577637,0.6227932572364807,0.6409106254577637,0.6227932572364807
3,np_fan_in,Fan-in NP,109,0.3598607380029767,0.36613358291544656,0.6401392221450806,0.6242027282714844,0.6401392221450806,0.6242027282714844
3,np_fan_in,Fan-in NP,110,0.3671190951221673,0.3729474486768708,0.6328808665275574,0.6172089576721191,0.6328808665275574,0.6172089576721191
3,np_fan_in,Fan-in NP,111,0.3905635027922401,0.403453808884288,0.6094365119934082,0.5858974456787109,0.6094365119934082,0.5858974456787109
3,np_fan_in,Fan-in NP,112,0.35816832267960835,0.36510951620663784,0.641831636428833,0.6252537965774536,0.641831636428833,0.6252537965774536
3,np_fan_in,Fan-in NP,113,0.36738908764465833,0.3722354081249976,0.6326109170913696,0.617939829826355,0.6326109170913696,0.617939829826355
3,np_fan_in,Fan-in NP,114,0.3524718139060708,0.36254430233046064,0.6475281715393066,0.6278867125511169,0.6475281715393066,0.6278867125511169
3,np_fan_in,Fan-in NP,115,0.3849529760290486,0.3950158607128055,0.6150470972061157,0.59455806016922,0.6150470972061157,0.59455806016922
3,np_fan_in,Fan-in NP,116,0.35123076053090796,0.3590118538501651,0.6487692594528198,0.6315124034881592,0.6487692594528198,0.6315124034881592
3,np_fan_in,Fan-in NP,117,0.3786952481713406,0.3907698804093886,0.6213047504425049,0.5989161729812622,0.6213047504425049,0.5989161729812622
3,np_fan_in,Fan-in NP,118,0.35518900715103446,0.3652062339838161,0.6448110342025757,0.6251544952392578,0.6448110342025757,0.6251544952392578
3,np_fan_in,Fan-in NP,119,0.37215280925580696,0.37514889679213825,0.6278472542762756,0.6149494647979736,0.6278472542762756,0.6149494647979736
3,np_fan_in,Fan-in NP,120,0.3472062965003095,0.35183170391607654,0.6527936458587646,0.638882040977478,0.6527936458587646,0.638882040977478
3,np_fan_in,Fan-in NP,121,0.33674761294856553,0.3425859476244727,0.6632523536682129,0.6483718156814575,0.6632523536682129,0.6483718156814575
3,np_fan_in,Fan-in NP,122,0.3384011756311091,0.34483038177785946,0.661598801612854,0.6460681557655334,0.661598801612854,0.6460681557655334
3,np_fan_in,Fan-in NP,123,0.33793222338192225,0.34419741880062016,0.6620677709579468,0.6467177867889404,0.6620677709579468,0.6467177867889404
3,np_fan_in,Fan-in NP,124,0.38735326327556785,0.39069803209267845,0.612646758556366,0.5989898443222046,0.612646758556366,0.5989898443222046
3,np_fan_in,Fan-in NP,125,0.3373406463584235,0.34513161672178166,0.6626593470573425,0.6457589864730835,0.6626593470573425,0.6457589864730835
3,np_fan_in,Fan-in NP,126,0.3297618304112161,0.3352171332799187,0.6702381372451782,0.6559351682662964,0.6702381372451782,0.6559351682662964
3,np_fan_in,Fan-in NP,127,0.3334898331830668,0.34125052912290704,0.6665101647377014,0.6497424840927124,0.6665101647377014,0.6497424840927124
3,np_fan_in,Fan-in NP,128,0.3311243445374245,0.3388598884722983,0.6688756346702576,0.6521962881088257,0.6688756346702576,0.6521962881088257
3,np_fan_in,Fan-in NP,129,0.3645450201376464,0.3768022379209829,0.6354549527168274,0.6132524013519287,0.6354549527168274,0.6132524013519287
3,np_fan_in,Fan-in NP,130,0.33432711337425913,0.34416098211162777,0.6656728982925415,0.6467552185058594,0.6656728982925415,0.6467552185058594
3,np_fan_in,Fan-in NP,131,0.3552914689215579,0.3556729961735334,0.644708514213562,0.6349393725395203,0.644708514213562,0.6349393725395203
3,np_fan_in,Fan-in NP,132,0.3421506118173747,0.34703891591508257,0.6578493714332581,0.6438013315200806,0.6578493714332581,0.6438013315200806
3,np_fan_in,Fan-in NP,133,0.33912942310174304,0.3468928341717683,0.6608706116676331,0.6439512968063354,0.6608706116676331,0.6439512968063354
3,np_fan_in,Fan-in NP,134,0.38789269050886466,0.3840264354565347,0.6121073365211487,0.6058375835418701,0.6121073365211487,0.6058375835418701
3,np_fan_in,Fan-in NP,135,0.3330085609079331,0.33894023183704347,0.6669914126396179,0.6521137952804565,0.6669914126396179,0.6521137952804565
3,np_fan_in,Fan-in NP,136,0.3345991325701854,0.33521257467972215,0.6654008626937866,0.6559398174285889,0.6654008626937866,0.6559398174285889
3,np_fan_in,Fan-in NP,137,0.3332081476385279,0.3391981938088587,0.6667918562889099,0.6518490314483643,0.6667918562889099,0.6518490314483643
3,np_fan_in,Fan-in NP,138,0.33239256492418834,0.33604274978933407,0.6676074266433716,0.6550877094268799,0.6676074266433716,0.6550877094268799
3,np_fan_in,Fan-in NP,139,0.3881555341703947,0.38630405876987667,0.611844539642334,0.6034998893737793,0.611844539642334,0.6034998893737793
3,np_fan_in,Fan-in NP,140,0.33652104194774185,0.341881558876629,0.6634789705276489,0.649094820022583,0.6634789705276489,0.649094820022583
3,np_fan_in,Fan-in NP,141,0.34201521778753563,0.3478670367436816,0.657984733581543,0.6429513692855835,0.657984733581543,0.6429513692855835
3,np_fan_in,Fan-in NP,142,0.3333180655342664,0.33734736216160677,0.6666819453239441,0.6537487506866455,0.6666819453239441,0.6537487506866455
3,np_fan_in,Fan-in NP,143,0.3342531265676484,0.3406297686950181,0.665746808052063,0.6503796577453613,0.665746808052063,0.6503796577453613
3,np_fan_in,Fan-in NP,144,0.3392041749501413,0.3399289261925128,0.6607958078384399,0.6510989665985107,0.6607958078384399,0.6510989665985107
3,np_fan_in,Fan-in NP,145,0.3302223263091819,0.3346952350102654,0.6697776913642883,0.656470775604248,0.6697776913642883,0.656470775604248
3,np_fan_in,Fan-in NP,146,0.3261749652004981,0.33024389799251114,0.6738250255584717,0.6610396504402161,0.6738250255584717,0.6610396504402161
3,np_fan_in,Fan-in NP,147,0.32605531349662664,0.32864289921383527,0.6739447116851807,0.6626828908920288,0.6739447116851807,0.6626828908920288
3,np_fan_in,Fan-in NP,148,0.32258183641951216,0.3274359706529351,0.6774181127548218,0.6639217138290405,0.6774181127548218,0.6639217138290405
3,np_fan_in,Fan-in NP,149,0.3259524801211764,0.3298390988231629,0.6740474700927734,0.6614551544189453,0.6740474700927734,0.6614551544189453
3,np_fan_in,Fan-in NP,150,0.3220201968684677,0.32653120356474735,0.6779798269271851,0.6648503541946411,0.6779798269271851,0.6648503541946411
3,np_fan_in,Fan-in NP,151,0.3323878301668537,0.34217803676923114,0.6676121950149536,0.6487905383110046,0.6676121950149536,0.6487905383110046
3,np_fan_in,Fan-in NP,152,0.3929792657610058,0.3967068038245504,0.6070207357406616,0.5928225517272949,0.6070207357406616,0.5928225517272949
3,np_fan_in,Fan-in NP,153,0.3922982576281525,0.40323499330254486,0.6077017784118652,0.5861220359802246,0.6077017784118652,0.5861220359802246
3,np_fan_in,Fan-in NP,154,0.33616227442904034,0.3441102892853493,0.6638376712799072,0.6468072533607483,0.6638376712799072,0.6468072533607483
3,np_fan_in,Fan-in NP,155,0.32801826009454654,0.3348542998234431,0.6719817519187927,0.656307578086853,0.6719817519187927,0.656307578086853
3,np_fan_in,Fan-in NP,156,0.3340268044970756,0.33896900563277016,0.6659731864929199,0.652084231376648,0.6659731864929199,0.652084231376648
3,np_fan_in,Fan-in NP,157,0.3361724693645803,0.34573604848033695,0.6638275384902954,0.6451386213302612,0.6638275384902954,0.6451386213302612
3,np_fan_in,Fan-in NP,158,0.35296913865924806,0.36138197941373484,0.6470309495925903,0.6290796995162964,0.6470309495925903,0.6290796995162964
3,np_fan_in,Fan-in NP,159,0.3181424972622894,0.3238375674384509,0.6818574666976929,0.6676151156425476,0.6818574666976929,0.6676151156425476
3,np_fan_in,Fan-in NP,160,0.3216759555561598,0.3242959227672843,0.6783239841461182,0.6671445369720459,0.6783239841461182,0.6671445369720459
3,np_fan_in,Fan-in NP,161,0.32064034749371134,0.32512299820434215,0.6793596744537354,0.6662957072257996,0.6793596744537354,0.6662957072257996
3,np_fan_in,Fan-in NP,162,0.3222552804752838,0.32666756316672924,0.6777447462081909,0.6647104024887085,0.6777447462081909,0.6647104024887085
3,np_fan_in,Fan-in NP,163,0.327145826100379,0.3313012867010841,0.6728541254997253,0.6599543690681458,0.6728541254997253,0.6599543690681458
3,np_fan_in,Fan-in NP,164,0.33988756334134773,0.3473911433256874,0.6601123809814453,0.6434398889541626,0.6601123809814453,0.6434398889541626
3,np_fan_in,Fan-in NP,165,0.31986755617829254,0.3251000753668852,0.6801323890686035,0.6663192510604858,0.6801323890686035,0.6663192510604858
3,np_fan_in,Fan-in NP,166,0.3191949696272843,0.3246436396310496,0.6808050274848938,0.6667877435684204,0.6808050274848938,0.6667877435684204
3,np_fan_in,Fan-in NP,167,0.3203080497508825,0.32850026645401653,0.6796919703483582,0.6628292798995972,0.6796919703483582,0.6628292798995972
3,np_fan_in,Fan-in NP,168,0.32212787473848625,0.3259335051673327,0.6778721809387207,0.6654638051986694,0.6778721809387207,0.6654638051986694
3,np_fan_in,Fan-in NP,169,0.3757976559243461,0.38040812787159467,0.6242023706436157,0.6095514297485352,0.6242023706436157,0.6095514297485352
3,np_fan_in,Fan-in NP,170,0.3744750804910364,0.3790655126867368,0.6255248785018921,0.6109294891357422,0.6255248785018921,0.6109294891357422
3,np_fan_in,Fan-in NP,171,0.3267325809759687,0.3332382627697878,0.6732674241065979,0.6579662561416626,0.6732674241065979,0.6579662561416626
3,np_fan_in,Fan-in NP,172,0.4041481960651486,0.41443415390428645,0.5958517789840698,0.5746272802352905,0.5958517789840698,0.5746272802352905
3,np_fan_in,Fan-in NP,173,0.32937324185704075,0.33200331852417586,0.6706267595291138,0.659233808517456,0.6706267595291138,0.659233808517456
3,np_fan_in,Fan-in NP,174,0.31605294716450594,0.32049329682838085,0.6839470863342285,0.671047568321228,0.6839470863342285,0.671047568321228
3,np_fan_in,Fan-in NP,175,0.3194278316904408,0.3256557791732078,0.6805721521377563,0.6657488346099854,0.6805721521377563,0.6657488346099854
3,np_fan_in,Fan-in NP,176,0.3227681616942088,0.32303327830262885,0.6772318482398987,0.668440580368042,0.6772318482398987,0.668440580368042
3,np_fan_in,Fan-in NP,177,0.32596857580103616,0.3284185667370641,0.6740313768386841,0.6629132032394409,0.6740313768386841,0.6629132032394409
3,np_fan_in,Fan-in NP,178,0.3350328182758287,0.3328784768895585,0.6649671792984009,0.6583355665206909,0.6649671792984009,0.6583355665206909
3,np_fan_in,Fan-in NP,179,0.3153861044913299,0.3176983585653379,0.6846138834953308,0.6739163398742676,0.6846138834953308,0.6739163398742676
3,np_fan_in,Fan-in NP,180,0.3434593527354011,0.3433428827182267,0.6565406322479248,0.6475949287414551,0.6565406322479248,0.6475949287414551
3,np_fan_in,Fan-in NP,181,0.3135486387236174,0.3170098149499228,0.6864513754844666,0.6746230125427246,0.6864513754844666,0.6746230125427246
3,np_fan_in,Fan-in NP,182,0.3236817416063575,0.33283055059669553,0.6763182878494263,0.6583847403526306,0.6763182878494263,0.6583847403526306
3,np_fan_in,Fan-in NP,183,0.31688979683920393,0.32351904529933784,0.683110237121582,0.6679420471191406,0.683110237121582,0.6679420471191406
3,np_fan_in,Fan-in NP,184,0.32427422679209894,0.32672380777292476,0.6757258176803589,0.6646526455879211,0.6757258176803589,0.6646526455879211
3,np_fan_in,Fan-in NP,185,0.3185588139896245,0.32536583122356916,0.6814411878585815,0.6660464406013489,0.6814411878585815,0.6660464406013489
3,np_fan_in,Fan-in NP,186,0.31399087295975797,0.316995968652326,0.6860091090202332,0.6746372580528259,0.6860091090202332,0.6746372580528259
3,np_fan_in,Fan-in NP,187,0.3409952530565188,0.34023420824561007,0.6590047478675842,0.6507856845855713,0.6590047478675842,0.6507856845855713
3,np_fan_in,Fan-in NP,188,0.3204242971747421,0.3252674886422564,0.6795756816864014,0.6661473512649536,0.6795756816864014,0.6661473512649536
3,np_fan_in,Fan-in NP,189,0.3471782573664835,0.3499814230342244,0.6528217792510986,0.6407811641693115,0.6528217792510986,0.6407811641693115
3,np_fan_in,Fan-in NP,190,0.33752932220466375,0.3456396469774172,0.6624706983566284,0.6452375650405884,0.6624706983566284,0.6452375650405884
3,np_fan_in,Fan-in NP,191,0.34194750517837763,0.35057570329008175,0.6580525040626526,0.6401711702346802,0.6580525040626526,0.6401711702346802
3,np_fan_in,Fan-in NP,192,0.32753035703370736,0.3339172222817591,0.6724696159362793,0.6572694182395935,0.6724696159362793,0.6572694182395935
3,np_fan_in,Fan-in NP,193,0.32996680454690325,0.33787307443544845,0.6700332164764404,0.6532090902328491,0.6700332164764404,0.6532090902328491
3,np_fan_in,Fan-in NP,194,0.3231940488944682,0.3269301886244338,0.6768059730529785,0.6644408106803894,0.6768059730529785,0.6644408106803894
3,np_fan_in,Fan-in NP,195,0.30743058857529665,0.3120033643966497,0.692569375038147,0.6797616481781006,0.692569375038147,0.6797616481781006
3,np_fan_in,Fan-in NP,196,0.3155419274356014,0.3182213599829711,0.6844580769538879,0.6733795404434204,0.6844580769538879,0.6733795404434204
3,np_fan_in,Fan-in NP,197,0.32237297204113746,0.3243943180224692,0.6776270270347595,0.6670435667037964,0.6776270270347595,0.6670435667037964
3,np_fan_in,Fan-in NP,198,0.3094780020011488,0.3141617190468219,0.6905220150947571,0.6775463223457336,0.6905220150947571,0.6775463223457336
3,np_fan_in,Fan-in NP,199,0.36028398400129275,0.36144099378770633,0.6397160291671753,0.6290191411972046,0.6397160291671753,0.6290191411972046
3,np_fan_in,Fan-in NP,200,0.306649482065393,0.31199068986168205,0.6933504939079285,0.6797746419906616,0.6933504939079285,0.6797746419906616
3,wp,WP,1,0.970481183177741,0.9438384438669959,0.029518842697143555,0.031249821186065674,0.029518842697143555,0.031249821186065674
3,wp,WP,2,0.8672087072402008,0.852061344671619,0.13279128074645996,0.12544941902160645,0.13279128074645996,0.12544941902160645
3,wp,WP,3,0.6903344397397004,0.6830628814623337,0.3096655011177063,0.2989083528518677,0.3096655011177063,0.2989083528518677
3,wp,WP,4,0.5480503638585409,0.55313407034837,0.4519496560096741,0.43226659297943115,0.4519496560096741,0.43226659297943115
3,wp,WP,5,0.5168331715949747,0.5246859190537948,0.48316675424575806,0.4614654779434204,0.48316675424575806,0.4614654779434204
3,wp,WP,6,0.5048830169577931,0.5133590291636859,0.4951169490814209,0.4730914831161499,0.4951169490814209,0.4730914831161499
3,wp,WP,7,0.47874020005381385,0.4870661025823549,0.5212599039077759,0.5000783205032349,0.5212599039077759,0.5000783205032349
3,wp,WP,8,0.4364423264366712,0.44633831395659335,0.5635577440261841,0.5418810844421387,0.5635577440261841,0.5418810844421387
3,wp,WP,9,0.4222714034623878,0.4376173319742661,0.5777286291122437,0.5508321523666382,0.5777286291122437,0.5508321523666382
3,wp,WP,10,0.4234624276327532,0.4351878669834876,0.576537549495697,0.5533257722854614,0.576537549495697,0.5533257722854614
3,wp,WP,11,0.46740319054256113,0.4731893123582352,0.5325968265533447,0.5143213272094727,0.5325968265533447,0.5143213272094727
3,wp,WP,12,0.4774855999059455,0.4826003303823545,0.5225144028663635,0.5046619176864624,0.5225144028663635,0.5046619176864624
3,wp,WP,13,0.44980752098467924,0.45367662758790245,0.5501924753189087,0.5343490839004517,0.5501924753189087,0.5343490839004517
3,wp,WP,14,0.4198646022136821,0.43103946525921194,0.5801354646682739,0.5575836896896362,0.5801354646682739,0.5575836896896362
3,wp,WP,15,0.43324674515761147,0.43396950322528216,0.5667532086372375,0.5545762777328491,0.5667532086372375,0.5545762777328491
3,wp,WP,16,0.3917832927879437,0.3988743526066921,0.6082167029380798,0.5905977487564087,0.6082167029380798,0.5905977487564087
3,wp,WP,17,0.41484118478242743,0.4280701168747835,0.5851588249206543,0.5606313943862915,0.5851588249206543,0.5606313943862915
3,wp,WP,18,0.3821726672409117,0.38928164276041727,0.6178273558616638,0.6004436612129211,0.6178273558616638,0.6004436612129211
3,wp,WP,19,0.3973583833191746,0.40615335291670274,0.6026415824890137,0.5831266641616821,0.6026415824890137,0.5831266641616821
3,wp,WP,20,0.3825216907863469,0.39047696377879887,0.6174783110618591,0.5992168188095093,0.6174783110618591,0.5992168188095093
3,wp,WP,21,0.404725430547729,0.41213745571846183,0.5952745676040649,0.5769845843315125,0.5952745676040649,0.5769845843315125
3,wp,WP,22,0.41917886151823885,0.42577450404795564,0.58082115650177,0.5629875659942627,0.58082115650177,0.5629875659942627
3,wp,WP,23,0.405469464239224,0.41420072409533715,0.594530463218689,0.5748668313026428,0.594530463218689,0.5748668313026428
3,wp,WP,24,0.4094886428626009,0.4114910512007484,0.5905113220214844,0.5776480436325073,0.5905113220214844,0.5776480436325073
3,wp,WP,25,0.3902381792549015,0.3924160937006159,0.6097618341445923,0.5972265005111694,0.6097618341445923,0.5972265005111694
3,wp,WP,26,0.3839106240937876,0.3849081549533578,0.616089403629303,0.6049326062202454,0.616089403629303,0.6049326062202454
3,wp,WP,27,0.4139955413433932,0.423066750515339,0.5860044956207275,0.5657668113708496,0.5860044956207275,0.5657668113708496
3,wp,WP,28,0.3931721808143364,0.40028331492298336,0.6068278551101685,0.5891516208648682,0.6068278551101685,0.5891516208648682
3,wp,WP,29,0.37406288214432176,0.3779815906702086,0.6259371042251587,0.6120419502258301,0.6259371042251587,0.6120419502258301
3,wp,WP,30,0.37351456111253695,0.37215574466904927,0.6264854669570923,0.6180216073989868,0.6264854669570923,0.6180216073989868
3,wp,WP,31,0.38224882026051366,0.37886203120845235,0.6177511811256409,0.6111382842063904,0.6177511811256409,0.6111382842063904
3,wp,WP,32,0.3873847981756048,0.38967568236728045,0.6126152276992798,0.6000392436981201,0.6126152276992798,0.6000392436981201
3,wp,WP,33,0.39436131912146427,0.39571955869364184,0.6056386828422546,0.5938358306884766,0.6056386828422546,0.5938358306884766
3,wp,WP,34,0.393177446468856,0.4040857904641203,0.6068224906921387,0.5852487683296204,0.6068224906921387,0.5852487683296204
3,wp,WP,35,0.37967605784881947,0.3871890193270158,0.620323896408081,0.6025915145874023,0.620323896408081,0.6025915145874023
3,wp,WP,36,0.37594570011593575,0.38259069378985916,0.6240543127059937,0.6073112487792969,0.6240543127059937,0.6073112487792969
3,wp,WP,37,0.38259251404178235,0.39153884177984194,0.617407500743866,0.5981268882751465,0.617407500743866,0.5981268882751465
3,wp,WP,38,0.38440794468850126,0.3951955326767855,0.6155920028686523,0.5943737030029297,0.6155920028686523,0.5943737030029297
3,wp,WP,39,0.37437052839948226,0.37656673003536784,0.6256294846534729,0.6134941577911377,0.6256294846534729,0.6134941577911377
3,wp,WP,40,0.35698956482170163,0.36435491863147235,0.6430104970932007,0.626028299331665,0.6430104970932007,0.626028299331665
3,wp,WP,41,0.36011052062345106,0.36510928471883136,0.6398894786834717,0.6252540349960327,0.6398894786834717,0.6252540349960327
3,wp,WP,42,0.35198212178178534,0.3544099769851034,0.6480178833007812,0.6362357139587402,0.6480178833007812,0.6362357139587402
3,wp,WP,43,0.3709475912095964,0.3751772944779359,0.6290524005889893,0.6149202585220337,0.6290524005889893,0.6149202585220337
3,wp,WP,44,0.37510918023050294,0.3718234628669975,0.6248908042907715,0.6183626651763916,0.6248908042907715,0.6183626651763916
3,wp,WP,45,0.3567684744448625,0.3541853536469068,0.6432315111160278,0.6364662647247314,0.6432315111160278,0.6364662647247314
3,wp,WP,46,0.3829936192248219,0.37939558426539105,0.6170063614845276,0.6105906367301941,0.6170063614845276,0.6105906367301941
3,wp,WP,47,0.3662467762943386,0.36069552057473236,0.6337531805038452,0.629784345626831,0.6337531805038452,0.629784345626831
3,wp,WP,48,0.35157776202342306,0.3493386282939319,0.6484222412109375,0.6414409279823303,0.6484222412109375,0.6414409279823303
3,wp,WP,49,0.3488591403462166,0.34827054332393087,0.6511408090591431,0.6425371766090393,0.6511408090591431,0.6425371766090393
3,wp,WP,50,0.3647920625616414,0.3642888152322104,0.6352079510688782,0.6260961294174194,0.6352079510688782,0.6260961294174194
3,wp,WP,51,0.35946874089481295,0.35703949503196303,0.6405313014984131,0.6335368156433105,0.6405313014984131,0.6335368156433105
3,wp,WP,52,0.3524889457364415,0.3541122663390729,0.6475110054016113,0.6365412473678589,0.6475110054016113,0.6365412473678589
3,wp,WP,53,0.36710493740185285,0.36651301407074743,0.6328950524330139,0.623813271522522,0.6328950524330139,0.623813271522522
3,wp,WP,54,0.3625961832066839,0.3650077073148979,0.6374038457870483,0.6253582239151001,0.6374038457870483,0.6253582239151001
3,wp,WP,55,0.3646109055641086,0.3699085862599602,0.6353890895843506,0.6203280091285706,0.6353890895843506,0.6203280091285706
3,wp,WP,56,0.3642351456390795,0.3681362266688384,0.6357648372650146,0.6221472024917603,0.6357648372650146,0.6221472024917603
3,wp,WP,57,0.369548300671023,0.37300200979839,0.6304516792297363,0.617152988910675,0.6304516792297363,0.617152988910675
3,wp,WP,58,0.3631525603375694,0.36296606248663377,0.6368474364280701,0.6274538040161133,0.6368474364280701,0.6274538040161133
3,wp,WP,59,0.3704290015752925,0.3733840887398683,0.6295709609985352,0.6167608499526978,0.6295709609985352,0.6167608499526978
3,wp,WP,60,0.3765209126611089,0.38519732550133107,0.6234790682792664,0.6046358346939087,0.6234790682792664,0.6046358346939087
3,wp,WP,61,0.37650704591773276,0.3842240008272866,0.623492956161499,0.6056348085403442,0.623492956161499,0.6056348085403442
3,wp,WP,62,0.38131421088248263,0.3881058706793674,0.6186857223510742,0.6016504764556885,0.6186857223510742,0.6016504764556885
3,wp,WP,63,0.38011995754962746,0.3877702369246372,0.6198800802230835,0.6019949913024902,0.6198800802230835,0.6019949913024902
3,wp,WP,64,0.4153769894163738,0.42413490895153017,0.5846230387687683,0.5646704435348511,0.5846230387687683,0.5646704435348511
3,wp,WP,65,0.39110128131023675,0.3991417732349662,0.6088987588882446,0.5903233289718628,0.6088987588882446,0.5903233289718628
3,wp,WP,66,0.38687339586805003,0.3919882275337397,0.6131266355514526,0.5976656675338745,0.6131266355514526,0.5976656675338745
3,wp,WP,67,0.36123509728169256,0.36449774938036306,0.6387649178504944,0.6258816719055176,0.6387649178504944,0.6258816719055176
3,wp,WP,68,0.37765167780624803,0.38235645123230394,0.6223483085632324,0.607551634311676,0.6223483085632324,0.607551634311676
3,wp,WP,69,0.38207298598086187,0.38451424703117487,0.6179270148277283,0.6053369045257568,0.6179270148277283,0.6053369045257568
3,wp,WP,70,0.3786142570103786,0.38729425687198493,0.6213856935501099,0.6024835109710693,0.6213856935501099,0.6024835109710693
3,wp,WP,71,0.376830037481101,0.3832907600458278,0.6231699585914612,0.6065926551818848,0.6231699585914612,0.6065926551818848
3,wp,WP,72,0.3861310331858406,0.3900768371053444,0.6138689517974854,0.5996274948120117,0.6138689517974854,0.5996274948120117
3,wp,WP,73,0.3742555465347083,0.3757592381895051,0.6257444620132446,0.6143229007720947,0.6257444620132446,0.6143229007720947
3,wp,WP,74,0.3698182008987249,0.37401030322378,0.6301817893981934,0.6161180734634399,0.6301817893981934,0.6161180734634399
3,wp,WP,75,0.36805442079555156,0.3719206288341404,0.6319455504417419,0.6182628870010376,0.6319455504417419,0.6182628870010376
3,wp,WP,76,0.38091122133787286,0.38407381699066756,0.6190887689590454,0.6057889461517334,0.6190887689590454,0.6057889461517334
3,wp,WP,77,0.3741268321525219,0.3807082079177679,0.6258731484413147,0.6092433929443359,0.6258731484413147,0.6092433929443359
3,wp,WP,78,0.39114146685415463,0.40038432007612185,0.6088585257530212,0.5890479683876038,0.6088585257530212,0.5890479683876038
3,wp,WP,79,0.3839802402396535,0.3892790245455365,0.6160197854042053,0.600446343421936,0.6160197854042053,0.600446343421936
3,wp,WP,80,0.3721248185218767,0.3771118346110795,0.6278750896453857,0.6129347085952759,0.6278750896453857,0.6129347085952759
3,wp,WP,81,0.40023025200348494,0.4078619230625241,0.5997697114944458,0.5813729763031006,0.5997697114944458,0.5813729763031006
3,wp,WP,82,0.3678501428559769,0.3649529625279035,0.6321498155593872,0.6254144906997681,0.6321498155593872,0.6254144906997681
3,wp,WP,83,0.3617514125829519,0.36300860010376274,0.6382485628128052,0.6274101734161377,0.6382485628128052,0.6274101734161377
3,wp,WP,84,0.3605932272219843,0.36048596681550493,0.6394068002700806,0.6299993991851807,0.6394068002700806,0.6299993991851807
3,wp,WP,85,0.367924233970716,0.37365617100582565,0.6320757269859314,0.6164815425872803,0.6320757269859314,0.6164815425872803
3,wp,WP,86,0.35470315224902577,0.36213513585024104,0.6452968120574951,0.6283066272735596,0.6452968120574951,0.6283066272735596
3,wp,WP,87,0.36577263231887375,0.3730811319609945,0.6342273950576782,0.6170717477798462,0.6342273950576782,0.6170717477798462
3,wp,WP,88,0.37023484637570936,0.3763139335684074,0.6297651529312134,0.6137536764144897,0.6297651529312134,0.6137536764144897
3,wp,WP,89,0.3697505694951198,0.37853960057561714,0.6302494406700134,0.6114692091941833,0.6302494406700134,0.6114692091941833
3,wp,WP,90,0.3586245634297068,0.3652850883875706,0.6413754224777222,0.6250736117362976,0.6413754224777222,0.6250736117362976
3,wp,WP,91,0.356794226885766,0.36311695534129473,0.6432057619094849,0.6272989511489868,0.6432057619094849,0.6272989511489868
3,wp,WP,92,0.37653356986914494,0.3851219944713652,0.623466432094574,0.6047130823135376,0.623466432094574,0.6047130823135376
3,wp,WP,93,0.36449839579042537,0.3712897046591884,0.6355016231536865,0.6189104318618774,0.6355016231536865,0.6189104318618774
3,wp,WP,94,0.36283957657887955,0.37461754610372144,0.6371604204177856,0.6154948472976685,0.6371604204177856,0.6154948472976685
3,wp,WP,95,0.37073794908301777,0.38311460221460625,0.6292620897293091,0.6067734956741333,0.6292620897293091,0.6067734956741333
3,wp,WP,96,0.3557969827291577,0.36527324277301165,0.6442030072212219,0.625085711479187,0.6442030072212219,0.625085711479187
3,wp,WP,97,0.3614477556805278,0.36702920300091885,0.6385522484779358,0.6232834458351135,0.6385522484779358,0.6232834458351135
3,wp,WP,98,0.35577254309210665,0.3606630757797596,0.6442274451255798,0.6298176050186157,0.6442274451255798,0.6298176050186157
3,wp,WP,99,0.35427895072818727,0.36118798847346345,0.6457210779190063,0.6292787790298462,0.6457210779190063,0.6292787790298462
3,wp,WP,100,0.36694032508273455,0.36896963683209677,0.6330596804618835,0.6212917566299438,0.6330596804618835,0.6212917566299438
3,wp,WP,101,0.352605355340381,0.3513811833636705,0.647394597530365,0.6393444538116455,0.647394597530365,0.6393444538116455
3,wp,WP,102,0.3533342849145564,0.3531666645245959,0.6466656923294067,0.6375118494033813,0.6466656923294067,0.6375118494033813
3,wp,WP,103,0.36525652020476584,0.3692947138649549,0.6347434520721436,0.620958149433136,0.6347434520721436,0.620958149433136
3,wp,WP,104,0.353697633096414,0.35949937687363737,0.6463024020195007,0.631011962890625,0.6463024020195007,0.631011962890625
3,wp,WP,105,0.3664125331150469,0.37726527175237967,0.6335874795913696,0.6127771139144897,0.6335874795913696,0.6127771139144897
3,wp,WP,106,0.36649104028709173,0.36857908363490144,0.6335089802742004,0.6216926574707031,0.6335089802742004,0.6216926574707031
3,wp,WP,107,0.36278415222962695,0.3691437771154005,0.6372158527374268,0.6211130619049072,0.6372158527374268,0.6211130619049072
3,wp,WP,108,0.37902273064435915,0.38327358097069025,0.6209772825241089,0.6066102981567383,0.6209772825241089,0.6066102981567383
3,wp,WP,109,0.37462037986563157,0.3808700125808864,0.6253795623779297,0.6090773344039917,0.6253795623779297,0.6090773344039917
3,wp,WP,110,0.37127925744352414,0.3767168447952862,0.628720760345459,0.6133400201797485,0.628720760345459,0.6133400201797485
3,wp,WP,111,0.36885876572409343,0.3719124396642049,0.631141185760498,0.6182713508605957,0.631141185760498,0.6182713508605957
3,wp,WP,112,0.37330837640189385,0.37413455927094746,0.6266916990280151,0.6159905195236206,0.6266916990280151,0.6159905195236206
3,wp,WP,113,0.37702491278796235,0.3802911137887674,0.6229751110076904,0.6096714735031128,0.6229751110076904,0.6096714735031128
3,wp,WP,114,0.3778385972791864,0.380097099283869,0.6221613883972168,0.6098706722259521,0.6221613883972168,0.6098706722259521
3,wp,WP,115,0.38337581194648446,0.3874045684356098,0.6166242361068726,0.6023702621459961,0.6166242361068726,0.6023702621459961
3,wp,WP,116,0.4229454153267912,0.43103053149326825,0.5770546197891235,0.5575928688049316,0.5770546197891235,0.5575928688049316
3,wp,WP,117,0.4063385824362437,0.4126819610133652,0.5936614274978638,0.5764256715774536,0.5936614274978638,0.5764256715774536
3,wp,WP,118,0.372959984134334,0.3739402686902719,0.6270400285720825,0.6161899566650391,0.6270400285720825,0.6161899566650391
3,wp,WP,119,0.36102165686067683,0.3632054479085198,0.6389783620834351,0.6272081136703491,0.6389783620834351,0.6272081136703491
3,wp,WP,120,0.36306759992311166,0.36290750600570854,0.636932373046875,0.6275138854980469,0.636932373046875,0.6275138854980469
3,wp,WP,121,0.34659973641698677,0.35094502452732057,0.6534003019332886,0.6397921442985535,0.6534003019332886,0.6397921442985535
3,wp,WP,122,0.35406942815743675,0.3570047653922739,0.6459305286407471,0.6335724592208862,0.6459305286407471,0.6335724592208862
3,wp,WP,123,0.3559469090875729,0.35957199450611144,0.6440531015396118,0.6309374570846558,0.6440531015396118,0.6309374570846558
3,wp,WP,124,0.3724334252666133,0.3738680158474649,0.6275665760040283,0.6162641048431396,0.6275665760040283,0.6162641048431396
3,wp,WP,125,0.36560834181863205,0.36937923394432365,0.6343916654586792,0.6208714246749878,0.6343916654586792,0.6208714246749878
3,wp,WP,126,0.3585352129483408,0.36322666184846747,0.6414648294448853,0.6271862983703613,0.6414648294448853,0.6271862983703613
3,wp,WP,127,0.3543673903905144,0.35813169077385304,0.6456326246261597,0.632415771484375,0.6456326246261597,0.632415771484375
3,wp,WP,128,0.37590902858926345,0.3801359721394472,0.6240909695625305,0.6098307371139526,0.6240909695625305,0.6098307371139526
3,wp,WP,129,0.3807145347890928,0.39047782920127694,0.6192854642868042,0.5992158651351929,0.6192854642868042,0.5992158651351929
3,wp,WP,130,0.38002111641473546,0.3853497040826221,0.6199788451194763,0.6044793725013733,0.6199788451194763,0.6044793725013733
3,wp,WP,131,0.3761016421539839,0.3797548870707667,0.6238983869552612,0.6102218627929688,0.6238983869552612,0.6102218627929688
3,wp,WP,132,0.4018445897471997,0.40269331738006237,0.5981554388999939,0.5866779685020447,0.5981554388999939,0.5866779685020447
3,wp,WP,133,0.37913021884223286,0.38003902010215346,0.6208697557449341,0.6099302768707275,0.6208697557449341,0.6099302768707275
3,wp,WP,134,0.38477621706881265,0.3838327480841053,0.61522376537323,0.606036365032196,0.61522376537323,0.606036365032196
3,wp,WP,135,0.37537339768668476,0.3774556656216466,0.6246265769004822,0.612581729888916,0.6246265769004822,0.612581729888916
3,wp,WP,136,0.3817959016607713,0.3835445778776509,0.6182041168212891,0.6063321828842163,0.6182041168212891,0.6063321828842163
3,wp,WP,137,0.389074772827385,0.39429402097251065,0.6109252572059631,0.5952990055084229,0.6109252572059631,0.5952990055084229
3,wp,WP,138,0.39460209173749583,0.4011696276738662,0.6053979396820068,0.5882419347763062,0.6053979396820068,0.5882419347763062
3,wp,WP,139,0.3859226003635761,0.3894889876824017,0.6140773892402649,0.6002308130264282,0.6140773892402649,0.6002308130264282
3,wp,WP,140,0.3796985376943914,0.38614638646443683,0.6203014850616455,0.6036616563796997,0.6203014850616455,0.6036616563796997
3,wp,WP,141,0.37544964658197505,0.3791851745557415,0.6245503425598145,0.6108065843582153,0.6245503425598145,0.6108065843582153
3,wp,WP,142,0.38038304910179255,0.39023098857827887,0.6196169853210449,0.5994692444801331,0.6196169853210449,0.5994692444801331
3,wp,WP,143,0.37744879560877187,0.3879961602447569,0.6225512027740479,0.6017630696296692,0.6225512027740479,0.6017630696296692
3,wp,WP,144,0.3689498272977134,0.3824831912683886,0.631050169467926,0.6074215173721313,0.631050169467926,0.6074215173721313
3,wp,WP,145,0.3586979402128116,0.3731070103109345,0.6413020491600037,0.6170452833175659,0.6413020491600037,0.6170452833175659
3,wp,WP,146,0.3672575466623602,0.38072141612222954,0.6327424049377441,0.6092298030853271,0.6327424049377441,0.6092298030853271
3,wp,WP,147,0.36859628950902656,0.38497832740924154,0.6314036846160889,0.6048605442047119,0.6314036846160889,0.6048605442047119
3,wp,WP,148,0.3718228111433428,0.38451563203057576,0.6281771659851074,0.6053354144096375,0.6281771659851074,0.6053354144096375
3,wp,WP,149,0.3601141200047131,0.3731974555078403,0.6398859024047852,0.6169524192810059,0.6398859024047852,0.6169524192810059
3,wp,WP,150,0.3577473349580469,0.36607966635578365,0.6422526836395264,0.6242580413818359,0.6422526836395264,0.6242580413818359
3,wp,WP,151,0.3641186578329219,0.3710954140785129,0.6358813643455505,0.6191098690032959,0.6358813643455505,0.6191098690032959
3,wp,WP,152,0.35327789788098296,0.36686995463777883,0.6467220783233643,0.6234469413757324,0.6467220783233643,0.6234469413757324
3,wp,WP,153,0.3501374714596327,0.36433694113132564,0.6498624682426453,0.6260467171669006,0.6498624682426453,0.6260467171669006
3,wp,WP,154,0.3549678292154342,0.36940389109212296,0.6450321674346924,0.6208460927009583,0.6450321674346924,0.6208460927009583
3,wp,WP,155,0.34708213644434316,0.3640849511752757,0.6529178619384766,0.6263054013252258,0.6529178619384766,0.6263054013252258
3,wp,WP,156,0.34839376275853595,0.362358584191448,0.6516062617301941,0.6280773878097534,0.6516062617301941,0.6280773878097534
3,wp,WP,157,0.37395662300346433,0.38067513565684474,0.626043438911438,0.6092773079872131,0.626043438911438,0.6092773079872131
3,wp,WP,158,0.3587149208368257,0.3709503100361935,0.6412850618362427,0.6192588210105896,0.6412850618362427,0.6192588210105896
3,wp,WP,159,0.3608971344408139,0.37324037870695426,0.6391028761863708,0.6169083118438721,0.6391028761863708,0.6169083118438721
3,wp,WP,160,0.35411602327989977,0.3689244733762371,0.6458839774131775,0.6213381290435791,0.6458839774131775,0.6213381290435791
3,wp,WP,161,0.35733651444893477,0.3696014543836431,0.6426634788513184,0.6206432580947876,0.6426634788513184,0.6206432580947876
3,wp,WP,162,0.351803280701933,0.36280914471130965,0.6481966972351074,0.6276148557662964,0.6481966972351074,0.6276148557662964
3,wp,WP,163,0.342013679849085,0.352132064658542,0.6579862833023071,0.6385737657546997,0.6579862833023071,0.6385737657546997
3,wp,WP,164,0.3408263772726059,0.349021409833154,0.6591736078262329,0.6417665481567383,0.6591736078262329,0.6417665481567383
3,wp,WP,165,0.340649438227794,0.3516849533532017,0.6593505144119263,0.6390326023101807,0.6593505144119263,0.6390326023101807
3,wp,WP,166,0.3345846124859743,0.34523993730545044,0.6654154062271118,0.6456477642059326,0.6654154062271118,0.6456477642059326
3,wp,WP,167,0.3311006572357444,0.3411215442095616,0.6688993573188782,0.6498749256134033,0.6688993573188782,0.6498749256134033
3,wp,WP,168,0.3287627730489701,0.334736810405125,0.6712372303009033,0.6564281582832336,0.6712372303009033,0.6564281582832336
3,wp,WP,169,0.33209471681783365,0.3395503884138063,0.6679052710533142,0.6514875292778015,0.6679052710533142,0.6514875292778015
3,wp,WP,170,0.3357470941173938,0.3436398473820945,0.6642528772354126,0.6472901105880737,0.6642528772354126,0.6472901105880737
3,wp,WP,171,0.3313325667797133,0.3366939166719599,0.6686674356460571,0.6544193625450134,0.6686674356460571,0.6544193625450134
3,wp,WP,172,0.3445334406786187,0.35479232229927715,0.6554665565490723,0.6358432769775391,0.6554665565490723,0.6358432769775391
3,wp,WP,173,0.3460626164379046,0.3493647748647734,0.6539373993873596,0.6414141654968262,0.6539373993873596,0.6414141654968262
3,wp,WP,174,0.35040674676266753,0.3496301673179449,0.6495932340621948,0.6411417722702026,0.6495932340621948,0.6411417722702026
3,wp,WP,175,0.3497771666955578,0.3485511402751124,0.6502228379249573,0.6422491073608398,0.6502228379249573,0.6422491073608398
3,wp,WP,176,0.34473438768885856,0.34786352445912916,0.6552655696868896,0.64295494556427,0.6552655696868896,0.64295494556427
3,wp,WP,177,0.3414996515872867,0.3431457796300104,0.6585003733634949,0.6477972269058228,0.6585003733634949,0.6477972269058228
3,wp,WP,178,0.3540104051199994,0.35993134166843205,0.6459895968437195,0.6305686831474304,0.6459895968437195,0.6305686831474304
3,wp,WP,179,0.3503558517888535,0.35400408390880556,0.649644136428833,0.6366523504257202,0.649644136428833,0.6366523504257202
3,wp,WP,180,0.35727970637092293,0.36288185452305993,0.6427203416824341,0.6275402307510376,0.6427203416824341,0.6275402307510376
3,wp,WP,181,0.3581538872663365,0.36536952275638435,0.6418461203575134,0.6249868869781494,0.6418461203575134,0.6249868869781494
3,wp,WP,182,0.35320801905883376,0.35415927037712214,0.646791934967041,0.6364930868148804,0.646791934967041,0.6364930868148804
3,wp,WP,183,0.3547189603018206,0.3492589976436408,0.6452810764312744,0.6415226459503174,0.6452810764312744,0.6415226459503174
3,wp,WP,184,0.3595340378986773,0.36077273076818894,0.6404659748077393,0.6297050714492798,0.6404659748077393,0.6297050714492798
3,wp,WP,185,0.3684080000533614,0.36630093935848207,0.6315920352935791,0.6240309476852417,0.6315920352935791,0.6240309476852417
3,wp,WP,186,0.36170499893121943,0.36352531646573266,0.63829505443573,0.6268798112869263,0.63829505443573,0.6268798112869263
3,wp,WP,187,0.3681833605433619,0.3699418537376463,0.6318166255950928,0.6202939748764038,0.6318166255950928,0.6202939748764038
3,wp,WP,188,0.3575929193071617,0.36454959410105564,0.6424071192741394,0.6258285045623779,0.6424071192741394,0.6258285045623779
3,wp,WP,189,0.36467710507008455,0.3731555647628252,0.6353229284286499,0.6169953942298889,0.6353229284286499,0.6169953942298889
3,wp,WP,190,0.3576599840045899,0.363953523857649,0.6423400044441223,0.6264403462409973,0.6423400044441223,0.6264403462409973
3,wp,WP,191,0.35731323629386663,0.3666392107342565,0.6426867842674255,0.6236836910247803,0.6426867842674255,0.6236836910247803
3,wp,WP,192,0.35910409481026406,0.3721831380858902,0.6408959031105042,0.6179934740066528,0.6408959031105042,0.6179934740066528
3,wp,WP,193,0.36376425681650176,0.379327771737594,0.636235773563385,0.610660195350647,0.636235773563385,0.610660195350647
3,wp,WP,194,0.3541585523490758,0.3688195377819298,0.6458414793014526,0.621445894241333,0.6458414793014526,0.621445894241333
3,wp,WP,195,0.36780025399932564,0.38090548750966097,0.632199764251709,0.6090409159660339,0.632199764251709,0.6090409159660339
3,wp,WP,196,0.3663911736288736,0.3804844652497491,0.6336088180541992,0.6094729900360107,0.6336088180541992,0.6094729900360107
3,wp,WP,197,0.35543120808379597,0.368605141491853,0.6445688009262085,0.621665894985199,0.6445688009262085,0.621665894985199
3,wp,WP,198,0.35395794240541234,0.36080999499143557,0.6460420489311218,0.629666805267334,0.6460420489311218,0.629666805267334
3,wp,WP,199,0.353551103278648,0.3592607443646867,0.6464489102363586,0.6312569379806519,0.6464489102363586,0.6312569379806519
3,wp,WP,200,0.34655154040155484,0.354589898225873,0.6534484624862671,0.6360510587692261,0.6534484624862671,0.6360510587692261
4,bp,BP,1,0.957336731197298,0.9338662799938705,0.04266327619552612,0.04148519039154053,0.04266327619552612,0.04148519039154053
4,bp,BP,2,0.8724749014359112,0.8566884051921756,0.12752509117126465,0.12070029973983765,0.12752509117126465,0.12070029973983765
4,bp,BP,3,0.7349517109782197,0.7275990395582923,0.26504820585250854,0.25319671630859375,0.26504820585250854,0.25319671630859375
4,bp,BP,4,0.5953063604443573,0.6020470266194307,0.4046936631202698,0.38206255435943604,0.4046936631202698,0.38206255435943604
4,bp,BP,5,0.5153187873751618,0.5298378573831661,0.48468124866485596,0.45617765188217163,0.48468124866485596,0.45617765188217163
4,bp,BP,6,0.4789096842440524,0.49663906781248346,0.5210902690887451,0.49025267362594604,0.5210902690887451,0.49025267362594604
4,bp,BP,7,0.4604456711185071,0.4765325017677721,0.5395543575286865,0.5108898878097534,0.5395543575286865,0.5108898878097534
4,bp,BP,8,0.4364926750345748,0.4524927250174589,0.5635073184967041,0.5355641841888428,0.5635073184967041,0.5355641841888428
4,bp,BP,9,0.4317710515140563,0.4446250673874404,0.5682289600372314,0.5436394810676575,0.5682289600372314,0.5436394810676575
4,bp,BP,10,0.4081387626108273,0.4223600898602212,0.5918612480163574,0.5664921402931213,0.5918612480163574,0.5664921402931213
4,bp,BP,11,0.43079595325529113,0.4386105828507002,0.5692039728164673,0.5498127341270447,0.5692039728164673,0.5498127341270447
4,bp,BP,12,0.41268293016640717,0.4199066443960796,0.5873170495033264,0.5690102577209473,0.5873170495033264,0.5690102577209473
4,bp,BP,13,0.381098537019981,0.3902169678562371,0.6189014911651611,0.5994837284088135,0.6189014911651611,0.5994837284088135
4,bp,BP,14,0.37645487371803255,0.3869127709736196,0.6235450506210327,0.6028751134872437,0.6235450506210327,0.6028751134872437
4,bp,BP,15,0.39139327892037323,0.3957911531130473,0.6086066961288452,0.5937623977661133,0.6086066961288452,0.5937623977661133
4,bp,BP,16,0.4312128856662632,0.44627330030581747,0.568787157535553,0.5419478416442871,0.568787157535553,0.5419478416442871
4,bp,BP,17,0.3761791702388793,0.38025485152421995,0.6238208413124084,0.6097086668014526,0.6238208413124084,0.6097086668014526
4,bp,BP,18,0.3559861961723298,0.3630068450011024,0.6440138220787048,0.627411961555481,0.6440138220787048,0.627411961555481
4,bp,BP,19,0.35249359917271045,0.35893015320910965,0.6475063562393188,0.6315962076187134,0.6475063562393188,0.6315962076187134
4,bp,BP,20,0.34890300278053726,0.3537660014721774,0.6510969996452332,0.6368966698646545,0.6510969996452332,0.6368966698646545
4,bp,BP,21,0.3455855326597081,0.35172341359678166,0.6544144153594971,0.6389932632446289,0.6544144153594971,0.6389932632446289
4,bp,BP,22,0.3851139891979306,0.3951429969580599,0.6148859858512878,0.5944275856018066,0.6148859858512878,0.5944275856018066
4,bp,BP,23,0.3773255581541579,0.37683835302212443,0.6226744651794434,0.6132153272628784,0.6226744651794434,0.6132153272628784
4,bp,BP,24,0.336179024489351,0.3412931843321453,0.6638209819793701,0.6496987342834473,0.6638209819793701,0.6496987342834473
4,bp,BP,25,0.36081399635751116,0.36017432670260585,0.6391860246658325,0.6303192377090454,0.6391860246658325,0.6303192377090454
4,bp,BP,26,0.3305825598018114,0.3324448766634446,0.6694174408912659,0.658780574798584,0.6694174408912659,0.658780574798584
4,bp,BP,27,0.3259337149387182,0.32793999295826104,0.6740663051605225,0.6634043455123901,0.6740663051605225,0.6634043455123901
4,bp,BP,28,0.32615953649199286,0.3271735467652018,0.6738404631614685,0.6641910672187805,0.6738404631614685,0.6641910672187805
4,bp,BP,29,0.32130392600399577,0.3233473300933838,0.6786960363388062,0.6681182384490967,0.6786960363388062,0.6681182384490967
4,bp,BP,30,0.3186335168605627,0.32004899595134945,0.681366503238678,0.6715036034584045,0.681366503238678,0.6715036034584045
4,bp,BP,31,0.3211917264979015,0.3210168305293534,0.6788082718849182,0.6705102920532227,0.6788082718849182,0.6705102920532227
4,bp,BP,32,0.320512209058732,0.32318304513776025,0.6794878244400024,0.6682868599891663,0.6794878244400024,0.6682868599891663
4,bp,BP,33,0.315936178777569,0.3177434885224631,0.6840637922286987,0.6738699674606323,0.6840637922286987,0.6738699674606323
4,bp,BP,34,0.3166210131589757,0.31518264195715734,0.6833789348602295,0.6764984130859375,0.6833789348602295,0.6764984130859375
4,bp,BP,35,0.31002411639043526,0.31087618765904923,0.6899758577346802,0.6809185743331909,0.6899758577346802,0.6809185743331909
4,bp,BP,36,0.3169596160567084,0.31517829728680985,0.6830403804779053,0.6765029430389404,0.6830403804779053,0.6765029430389404
4,bp,BP,37,0.3150672576455183,0.3168428318445073,0.6849327087402344,0.6747944355010986,0.6849327087402344,0.6747944355010986
4,bp,BP,38,0.3426148120978082,0.33880973254987434,0.6573851704597473,0.6522477865219116,0.6573851704597473,0.6522477865219116
4,bp,BP,39,0.31603015624275504,0.3177660602007725,0.6839698553085327,0.6738468408584595,0.6839698553085327,0.6738468408584595
4,bp,BP,40,0.30894813750141353,0.3099316293879073,0.6910518407821655,0.6818880438804626,0.6910518407821655,0.6818880438804626
4,bp,BP,41,0.31731377680634343,0.31448609791984855,0.6826862096786499,0.6772133111953735,0.6826862096786499,0.6772133111953735
4,bp,BP,42,0.3235390311063722,0.32548216354939363,0.6764609813690186,0.6659270524978638,0.6764609813690186,0.6659270524978638
4,bp,BP,43,0.300651293623355,0.29924769503201626,0.6993486881256104,0.6928539276123047,0.6993486881256104,0.6928539276123047
4,bp,BP,44,0.3032065978807996,0.30098697289015897,0.6967934370040894,0.6910687685012817,0.6967934370040894,0.6910687685012817
4,bp,BP,45,0.3263357200825861,0.32815121426138766,0.6736642718315125,0.6631876230239868,0.6736642718315125,0.6631876230239868
4,bp,BP,46,0.2990035240271295,0.2968343561009843,0.700996458530426,0.6953309774398804,0.700996458530426,0.6953309774398804
4,bp,BP,47,0.2990941992101743,0.29853248145691186,0.7009057998657227,0.693588137626648,0.7009057998657227,0.693588137626648
4,bp,BP,48,0.3107607703107272,0.31148345756900403,0.6892392635345459,0.6802952289581299,0.6892392635345459,0.6802952289581299
4,bp,BP,49,0.2994082091852676,0.296847870645597,0.7005918025970459,0.6953171491622925,0.7005918025970459,0.6953171491622925
4,bp,BP,50,0.3213420149891876,0.3228758129962655,0.6786580085754395,0.6686022281646729,0.6786580085754395,0.6686022281646729
4,bp,BP,51,0.3152095847582632,0.3113332986831665,0.6847904324531555,0.680449366569519,0.6847904324531555,0.680449366569519
4,bp,BP,52,0.3075961618460426,0.3041735245275867,0.6924037933349609,0.6877981424331665,0.6924037933349609,0.6877981424331665
4,bp,BP,53,0.3123774087244226,0.3132151249767274,0.687622606754303,0.6785179376602173,0.687622606754303,0.6785179376602173
4,bp,BP,54,0.29249925253003145,0.29027954852858256,0.7075007557868958,0.7020587921142578,0.7075007557868958,0.7020587921142578
4,bp,BP,55,0.29482270396033,0.29420089975808017,0.7051773071289062,0.6980339884757996,0.7051773071289062,0.6980339884757996
4,bp,BP,56,0.30396385248317276,0.30039146334625955,0.6960361003875732,0.6916800737380981,0.6960361003875732,0.6916800737380981
4,bp,BP,57,0.29241754022217537,0.2898220350576002,0.7075824737548828,0.7025283575057983,0.7075824737548828,0.7025283575057983
4,bp,BP,58,0.2967978242293809,0.2963326794001483,0.7032021880149841,0.6958459615707397,0.7032021880149841,0.6958459615707397
4,bp,BP,59,0.2946608332238456,0.2936841385771138,0.7053391933441162,0.6985644102096558,0.7053391933441162,0.6985644102096558
4,bp,BP,60,0.2891470183466756,0.28692654306574383,0.7108529806137085,0.7055003643035889,0.7108529806137085,0.7055003643035889
4,bp,BP,61,0.2889100976230562,0.2868018570796464,0.7110899090766907,0.7056283354759216,0.7110899090766907,0.7056283354759216
4,bp,BP,62,0.2941778697246729,0.2935964373886123,0.7058221101760864,0.6986544132232666,0.7058221101760864,0.6986544132232666
4,bp,BP,63,0.306586074043614,0.3024437794851702,0.6934139132499695,0.6895735263824463,0.6934139132499695,0.6895735263824463
4,bp,BP,64,0.2871790761633437,0.28527863034906314,0.7128209471702576,0.7071917057037354,0.7128209471702576,0.7071917057037354
4,bp,BP,65,0.28909981424032255,0.28784048811409824,0.7109001874923706,0.704562246799469,0.7109001874923706,0.704562246799469
4,bp,BP,66,0.30288031639516816,0.298785644908284,0.6971197128295898,0.6933282613754272,0.6971197128295898,0.6933282613754272
4,bp,BP,67,0.2866139370341634,0.2846955103698627,0.713386058807373,0.7077902555465698,0.713386058807373,0.7077902555465698
4,bp,BP,68,0.28593428744826205,0.2839814201574917,0.714065670967102,0.708523154258728,0.714065670967102,0.708523154258728
4,bp,BP,69,0.28984391943428867,0.2886696219906326,0.7101560831069946,0.7037112712860107,0.7101560831069946,0.7037112712860107
4,bp,BP,70,0.28520602195761924,0.2825953253479891,0.7147939205169678,0.7099458575248718,0.7147939205169678,0.7099458575248718
4,bp,BP,71,0.28974568370238757,0.2887071901282599,0.7102543115615845,0.7036726474761963,0.7102543115615845,0.7036726474761963
4,bp,BP,72,0.31624939795150314,0.3169850348964218,0.6837506294250488,0.6746485233306885,0.6837506294250488,0.6746485233306885
4,bp,BP,73,0.3008607575135638,0.30067825455998265,0.6991392374038696,0.6913856863975525,0.6991392374038696,0.6913856863975525
4,bp,BP,74,0.28401565089706304,0.281637310519699,0.7159843444824219,0.7109291553497314,0.7159843444824219,0.7109291553497314
4,bp,BP,75,0.31502258500387503,0.31584351122841353,0.6849774122238159,0.6758201122283936,0.6849774122238159,0.6758201122283936
4,bp,BP,76,0.30139979050140975,0.30135498374931574,0.698600172996521,0.6906910538673401,0.698600172996521,0.6906910538673401
4,bp,BP,77,0.2837548787279647,0.28191418079442754,0.716245174407959,0.7106449604034424,0.716245174407959,0.7106449604034424
4,bp,BP,78,0.2900844859753468,0.2861834076023841,0.7099155187606812,0.7062630653381348,0.7099155187606812,0.7062630653381348
4,bp,BP,79,0.282529307890308,0.2800862070663955,0.717470645904541,0.7125211954116821,0.717470645904541,0.7125211954116821
4,bp,BP,80,0.314833800460017,0.3100381756937781,0.6851662397384644,0.6817786693572998,0.6851662397384644,0.6817786693572998
4,bp,BP,81,0.28732397135838056,0.2864371792290562,0.7126760482788086,0.7060025930404663,0.7126760482788086,0.7060025930404663
4,bp,BP,82,0.28259169500927594,0.2798914257870164,0.717408299446106,0.7127211093902588,0.717408299446106,0.7127211093902588
4,bp,BP,83,0.28421813434408616,0.28268426645171735,0.7157818675041199,0.7098546028137207,0.7157818675041199,0.7098546028137207
4,bp,BP,84,0.2925331460875134,0.2920729700447053,0.7074668407440186,0.7002180814743042,0.7074668407440186,0.7002180814743042
4,bp,BP,85,0.2809998456590859,0.2785363501125528,0.7190001010894775,0.7141119241714478,0.7190001010894775,0.7141119241714478
4,bp,BP,86,0.28104822025742643,0.2789052164600801,0.7189518213272095,0.7137333154678345,0.7189518213272095,0.7137333154678345
4,bp,BP,87,0.2890435334785964,0.28829877321110214,0.7109564542770386,0.7040918469429016,0.7109564542770386,0.7040918469429016
4,bp,BP,88,0.29278637953968933,0.2887154281601425,0.7072136402130127,0.703664243221283,0.7072136402130127,0.703664243221283
4,bp,BP,89,0.2908509997434394,0.2871124032855958,0.7091490030288696,0.7053095102310181,0.7091490030288696,0.7053095102310181
4,bp,BP,90,0.2932912323826043,0.2893256533515546,0.7067087888717651,0.7030378580093384,0.7067087888717651,0.7030378580093384
4,bp,BP,91,0.27940794814002606,0.27694908720116285,0.7205920815467834,0.7157411575317383,0.7205920815467834,0.7157411575317383
4,bp,BP,92,0.28707408708657406,0.2834069202112597,0.712925910949707,0.7091128826141357,0.712925910949707,0.7091128826141357
4,bp,BP,93,0.2798773389916087,0.2775901327299517,0.7201226949691772,0.7150831818580627,0.7201226949691772,0.7150831818580627
4,bp,BP,94,0.27894384269566497,0.27700261575307034,0.7210561037063599,0.7156862020492554,0.7210561037063599,0.7156862020492554
4,bp,BP,95,0.28213880112928935,0.27909111329751424,0.7178611755371094,0.7135425806045532,0.7178611755371094,0.7135425806045532
4,bp,BP,96,0.30374563779941827,0.2990146131478539,0.6962543725967407,0.6930931806564331,0.6962543725967407,0.6930931806564331
4,bp,BP,97,0.2793740298627883,0.27669646492762157,0.7206259369850159,0.7160004377365112,0.7206259369850159,0.7160004377365112
4,bp,BP,98,0.2780424298704133,0.27522482185862784,0.7219575643539429,0.7175109386444092,0.7219575643539429,0.7175109386444092
4,bp,BP,99,0.2848010998825694,0.2838703172151433,0.7151988744735718,0.7086372375488281,0.7151988744735718,0.7086372375488281
4,bp,BP,100,0.2798268046489982,0.27849781143572905,0.7201732397079468,0.7141515016555786,0.7201732397079468,0.7141515016555786
4,bp,BP,101,0.27914745678273284,0.276534941307334,0.7208525538444519,0.7161661982536316,0.7208525538444519,0.7161661982536316
4,bp,BP,102,0.2791073837483576,0.2758661393047303,0.720892608165741,0.7168526649475098,0.720892608165741,0.7168526649475098
4,bp,BP,103,0.3035608670970266,0.2980981044066969,0.6964391469955444,0.6940338611602783,0.6964391469955444,0.6940338611602783
4,bp,BP,104,0.280532282105712,0.2791321947593097,0.7194677591323853,0.7135003805160522,0.7194677591323853,0.7135003805160522
4,bp,BP,105,0.2871318614298059,0.2870045114857282,0.7128680944442749,0.7054202556610107,0.7128680944442749,0.7054202556610107
4,bp,BP,106,0.27564624991527825,0.27308618190676665,0.7243537902832031,0.7197059988975525,0.7243537902832031,0.7197059988975525
4,bp,BP,107,0.2781261392804079,0.27634153255196503,0.7218738794326782,0.7163647413253784,0.7218738794326782,0.7163647413253784
4,bp,BP,108,0.2751541883908501,0.2731329999690832,0.724845826625824,0.7196578979492188,0.724845826625824,0.7196578979492188
4,bp,BP,109,0.2829171488451403,0.2825323243935903,0.7170828580856323,0.7100105285644531,0.7170828580856323,0.7100105285644531
4,bp,BP,110,0.27859005077864774,0.2758156950621642,0.7214099168777466,0.7169044017791748,0.7214099168777466,0.7169044017791748
4,bp,BP,111,0.2935672319212625,0.28919532848883045,0.7064328193664551,0.7031716704368591,0.7064328193664551,0.7031716704368591
4,bp,BP,112,0.30498243764389393,0.30638953119285345,0.6950175762176514,0.6855236291885376,0.6950175762176514,0.6855236291885376
4,bp,BP,113,0.2848517238631729,0.2845118674196938,0.7151482701301575,0.7079787254333496,0.7151482701301575,0.7079787254333496
4,bp,BP,114,0.27562792125598407,0.27460961147796276,0.7243720293045044,0.7181423902511597,0.7243720293045044,0.7181423902511597
4,bp,BP,115,0.2748732765515645,0.2723184710787248,0.7251267433166504,0.7204939723014832,0.7251267433166504,0.7204939723014832
4,bp,BP,116,0.2773821120576341,0.2765111498130384,0.7226178646087646,0.7161905765533447,0.7226178646087646,0.7161905765533447
4,bp,BP,117,0.2744103503781696,0.27184874489325883,0.7255896329879761,0.7209761142730713,0.7255896329879761,0.7209761142730713
4,bp,BP,118,0.27925415186918984,0.2758123491161553,0.7207458019256592,0.7169078588485718,0.7207458019256592,0.7169078588485718
4,bp,BP,119,0.2844625680252563,0.2805394955383715,0.715537428855896,0.7120559215545654,0.715537428855896,0.7120559215545654
4,bp,BP,120,0.27298415654389435,0.27132377998773444,0.7270158529281616,0.721514880657196,0.7270158529281616,0.721514880657196
4,bp,BP,121,0.27590058940325596,0.2729423778463704,0.7240993976593018,0.7198535799980164,0.7240993976593018,0.7198535799980164
4,bp,BP,122,0.27446312312931975,0.2734845622565395,0.7255368232727051,0.7192971110343933,0.7255368232727051,0.7192971110343933
4,bp,BP,123,0.2790827409241551,0.27880658752234405,0.7209172248840332,0.7138346433639526,0.7209172248840332,0.7138346433639526
4,bp,BP,124,0.2728797856920449,0.2716913933670798,0.7271202206611633,0.7211375832557678,0.7271202206611633,0.7211375832557678
4,bp,BP,125,0.2909261685933254,0.28640925237374715,0.7090738415718079,0.7060312628746033,0.7090738415718079,0.7060312628746033
4,bp,BP,126,0.3237813966449841,0.32606630038845447,0.676218569278717,0.6653275489807129,0.676218569278717,0.6653275489807129
4,bp,BP,127,0.27107186442197756,0.26908804903658784,0.7289280891418457,0.7238096594810486,0.7289280891418457,0.7238096594810486
4,bp,BP,128,0.2712375800045886,0.26975082473237383,0.7287623882293701,0.723129391670227,0.7287623882293701,0.723129391670227
4,bp,BP,129,0.2705474687639133,0.26865365581457007,0.7294524908065796,0.7242555618286133,0.7294524908065796,0.7242555618286133
4,bp,BP,130,0.2715166194956432,0.26936251132987266,0.7284833788871765,0.7235279083251953,0.7284833788871765,0.7235279083251953
4,bp,BP,131,0.2753169716790665,0.275253202101981,0.7246830463409424,0.717481791973114,0.7246830463409424,0.717481791973114
4,bp,BP,132,0.27400368740854336,0.2712940220222917,0.7259963154792786,0.7215454578399658,0.7259963154792786,0.7215454578399658
4,bp,BP,133,0.28094643238903017,0.28127453054568563,0.7190535664558411,0.7113015651702881,0.7190535664558411,0.7113015651702881
4,bp,BP,134,0.27258451848991155,0.2698164376639581,0.7274154424667358,0.7230620384216309,0.7274154424667358,0.7230620384216309
4,bp,BP,135,0.27769345680410545,0.2781179148790448,0.722306489944458,0.7145414352416992,0.722306489944458,0.7145414352416992
4,bp,BP,136,0.2706312906834506,0.2698335171669953,0.7293686866760254,0.7230445146560669,0.7293686866760254,0.7230445146560669
4,bp,BP,137,0.2795110158911047,0.27590759502824885,0.7204890251159668,0.7168101072311401,0.7204890251159668,0.7168101072311401
4,bp,BP,138,0.27541638136834135,0.27553294887838436,0.724583625793457,0.717194676399231,0.724583625793457,0.717194676399231
4,bp,BP,139,0.26857237598692724,0.26716244405554246,0.7314276695251465,0.7257860898971558,0.7314276695251465,0.7257860898971558
4,bp,BP,140,0.2693763497725938,0.26736052623090817,0.7306236028671265,0.7255827188491821,0.7306236028671265,0.7255827188491821
4,bp,BP,141,0.27295383325842926,0.2728370517030243,0.7270461320877075,0.7199617624282837,0.7270461320877075,0.7199617624282837
4,bp,BP,142,0.2684897595597792,0.2675814343284267,0.7315102815628052,0.7253559827804565,0.7315102815628052,0.7253559827804565
4,bp,BP,143,0.271742593641429,0.26925615585127544,0.728257417678833,0.7236371040344238,0.728257417678833,0.7236371040344238
4,bp,BP,144,0.2709414831889692,0.26855496369129006,0.7290585041046143,0.7243567705154419,0.7290585041046143,0.7243567705154419
4,bp,BP,145,0.2684326488380284,0.26688210677730945,0.7315673828125,0.7260738015174866,0.7315673828125,0.7260738015174866
4,bp,BP,146,0.2677400484103565,0.26646229798017546,0.73225998878479,0.7265047430992126,0.73225998878479,0.7265047430992126
4,bp,BP,147,0.2694545248451159,0.2672837727753691,0.7305454611778259,0.7256615161895752,0.7305454611778259,0.7256615161895752
4,bp,BP,148,0.27820390162541886,0.2787917094637257,0.7217960357666016,0.7138498425483704,0.7217960357666016,0.7138498425483704
4,bp,BP,149,0.267140368274016,0.265928902136263,0.7328596115112305,0.7270522117614746,0.7328596115112305,0.7270522117614746
4,bp,BP,150,0.2675523793743562,0.2653949226057807,0.732447624206543,0.7276002764701843,0.732447624206543,0.7276002764701843
4,bp,BP,151,0.2683144877123278,0.26592361753763155,0.7316855192184448,0.7270575761795044,0.7316855192184448,0.7270575761795044
4,bp,BP,152,0.2701932335084723,0.27039105035075844,0.7298067808151245,0.7224722504615784,0.7298067808151245,0.7224722504615784
4,bp,BP,153,0.2671507495318272,0.26653257220290427,0.7328492403030396,0.7264325618743896,0.7328492403030396,0.7264325618743896
4,bp,BP,154,0.2681472025407377,0.26622148239335347,0.7318527698516846,0.7267518639564514,0.7318527698516846,0.7267518639564514
4,bp,BP,155,0.2719790538152059,0.2727817412494689,0.728020966053009,0.7200185060501099,0.728020966053009,0.7200185060501099
4,bp,BP,156,0.26669787217018215,0.2659964780936869,0.733302116394043,0.726982831954956,0.733302116394043,0.726982831954956
4,bp,BP,157,0.28048669783643976,0.27706265449523926,0.7195132970809937,0.7156245708465576,0.7195132970809937,0.7156245708465576
4,bp,BP,158,0.27773074828839117,0.27476293102715366,0.7222691774368286,0.7179849743843079,0.7222691774368286,0.7179849743843079
4,bp,BP,159,0.2661526984022569,0.2650912755219511,0.7338473200798035,0.7279119491577148,0.7338473200798035,0.7279119491577148
4,bp,BP,160,0.27298560599948085,0.2734241306550743,0.727014422416687,0.7193590998649597,0.727014422416687,0.7193590998649597
4,bp,BP,161,0.27810690615528316,0.2794627274653708,0.7218930721282959,0.7131611108779907,0.7218930721282959,0.7131611108779907
4,bp,BP,162,0.2660331595544667,0.26589490438616553,0.7339668273925781,0.7270870804786682,0.7339668273925781,0.7270870804786682
4,bp,BP,163,0.27835356311280596,0.27550150950749713,0.7216464281082153,0.7172268629074097,0.7216464281082153,0.7172268629074097
4,bp,BP,164,0.26465222077776296,0.26347174882426744,0.7353477478027344,0.7295742034912109,0.7353477478027344,0.7295742034912109
4,bp,BP,165,0.2650205204191134,0.2641648037951122,0.734979510307312,0.7288628816604614,0.734979510307312,0.7288628816604614
4,bp,BP,166,0.2651416627011558,0.26452778776486713,0.7348583340644836,0.7284902334213257,0.7348583340644836,0.7284902334213257
4,bp,BP,167,0.2644425830406736,0.2637966716474341,0.7355573773384094,0.7292406558990479,0.7355573773384094,0.7292406558990479
4,bp,BP,168,0.2683668651784113,0.26625414735587066,0.731633186340332,0.7267183661460876,0.731633186340332,0.7267183661460876
4,bp,BP,169,0.2647508828676948,0.26390051911043566,0.7352491617202759,0.7291340827941895,0.7352491617202759,0.7291340827941895
4,bp,BP,170,0.26649939135987627,0.2669387668833252,0.733500599861145,0.7260156869888306,0.733500599861145,0.7260156869888306
4,bp,BP,171,0.2660016981206199,0.2645305725493172,0.7339982986450195,0.728487491607666,0.7339982986450195,0.728487491607666
4,bp,BP,172,0.2667585553586945,0.26744485490543896,0.7332414388656616,0.7254961729049683,0.7332414388656616,0.7254961729049683
4,bp,BP,173,0.26451683136843895,0.26473378742388054,0.7354831695556641,0.7282788753509521,0.7354831695556641,0.7282788753509521
4,bp,BP,174,0.26557871422102286,0.26606899522995764,0.7344213128089905,0.7269083857536316,0.7344213128089905,0.7269083857536316
4,bp,BP,175,0.2658382231412932,0.26635006162547326,0.7341617941856384,0.7266198992729187,0.7341617941856384,0.7266198992729187
4,bp,BP,176,0.26863834377407103,0.2694605087587076,0.7313616275787354,0.7234273552894592,0.7313616275787354,0.7234273552894592
4,bp,BP,177,0.27017691015273104,0.2680961598259534,0.729823112487793,0.7248277068138123,0.729823112487793,0.7248277068138123
4,bp,BP,178,0.27677117877228313,0.27397079638732497,0.7232288122177124,0.718798041343689,0.7232288122177124,0.718798041343689
4,bp,BP,179,0.26767723978489866,0.26884643791257873,0.7323227524757385,0.724057674407959,0.7323227524757385,0.724057674407959
4,bp,BP,180,0.2624463499054428,0.2619054476882136,0.7375536561012268,0.731181800365448,0.7375536561012268,0.731181800365448
4,bp,BP,181,0.26530971383863644,0.26612131771191144,0.7346903085708618,0.726854681968689,0.7346903085708618,0.726854681968689
4,bp,BP,182,0.2646196767572285,0.2630309651988421,0.7353802919387817,0.7300266027450562,0.7353802919387817,0.7300266027450562
4,bp,BP,183,0.26235847787339556,0.261738400588664,0.7376415729522705,0.7313532829284668,0.7376415729522705,0.7313532829284668
4,bp,BP,184,0.2624284756738086,0.26278616199197696,0.7375714778900146,0.7302778959274292,0.7375714778900146,0.7302778959274292
4,bp,BP,185,0.2635939482801644,0.26216148960497954,0.7364060878753662,0.7309190034866333,0.7364060878753662,0.7309190034866333
4,bp,BP,186,0.2670783711265224,0.26537056463633396,0.7329216599464417,0.7276252508163452,0.7329216599464417,0.7276252508163452
4,bp,BP,187,0.26233551264271254,0.26226998207181,0.7376644611358643,0.7308076620101929,0.7376644611358643,0.7308076620101929
4,bp,BP,188,0.26171634606150695,0.26167745287566224,0.738283634185791,0.7314158082008362,0.738283634185791,0.7314158082008362
4,bp,BP,189,0.26128270124742226,0.2612764211588128,0.7387173175811768,0.7318273782730103,0.7387173175811768,0.7318273782730103
4,bp,BP,190,0.26267309891161067,0.26183809085871823,0.7373268604278564,0.7312509417533875,0.7373268604278564,0.7312509417533875
4,bp,BP,191,0.2725330732127493,0.2702175062294154,0.7274669408798218,0.722650408744812,0.7274669408798218,0.722650408744812
4,bp,BP,192,0.2835346395655196,0.2869252195191938,0.7164653539657593,0.7055016756057739,0.7164653539657593,0.7055016756057739
4,bp,BP,193,0.2622281989847967,0.263094091484713,0.7377718091011047,0.7299618124961853,0.7377718091011047,0.7299618124961853
4,bp,BP,194,0.26253475814826727,0.26329673584117447,0.7374652624130249,0.729753851890564,0.7374652624130249,0.729753851890564
4,bp,BP,195,0.26424678998400075,0.26542188539061434,0.7357531785964966,0.7275726199150085,0.7357531785964966,0.7275726199150085
4,bp,BP,196,0.2617678191772727,0.262512266404869,0.7382321357727051,0.7305589914321899,0.7382321357727051,0.7305589914321899
4,bp,BP,197,0.2639125016077544,0.26227710274762883,0.7360875010490417,0.7308003902435303,0.7360875010490417,0.7308003902435303
4,bp,BP,198,0.2616960465214973,0.2624960360369941,0.7383039593696594,0.730575680732727,0.7383039593696594,0.730575680732727
4,bp,BP,199,0.2664994380270788,0.26851871759854545,0.7335005402565002,0.7243939638137817,0.7335005402565002,0.7243939638137817
4,bp,BP,200,0.2633414772129798,0.26264752135720365,0.7366584539413452,0.7304202318191528,0.7366584539413452,0.7304202318191528
4,np,IS NP,1,1.3666025797526042,1.3210408826207005,-0.36660242080688477,-0.35590827465057373,-0.36660242080688477,-0.35590827465057373
4,np,IS NP,2,0.969592553238536,0.951705162839372,0.030407488346099854,0.023175537586212158,0.030407488346099854,0.023175537586212158
4,np,IS NP,3,1.4270489918169125,1.429104208022125,-0.427048921585083,-0.4668238162994385,-0.427048921585083,-0.4668238162994385
4,np,IS NP,4,0.9247401158014933,0.9124040501986364,0.07525992393493652,0.06351393461227417,0.07525992393493652,0.06351393461227417
4,np,IS NP,5,0.873690643975901,0.8540016745412072,0.12630939483642578,0.12345784902572632,0.12630939483642578,0.12345784902572632
4,np,IS NP,6,0.7557755394499431,0.752542489258818,0.2442244291305542,0.22759485244750977,0.2442244291305542,0.22759485244750977
4,np,IS NP,7,0.6994378756183063,0.6951757318289705,0.30056220293045044,0.2864758372306824,0.30056220293045044,0.2864758372306824
4,np,IS NP,8,0.5796135407547618,0.5911071656286254,0.42038649320602417,0.3932911157608032,0.42038649320602417,0.3932911157608032
4,np,IS NP,9,0.522157995044723,0.5384674173916957,0.47784197330474854,0.44732028245925903,0.47784197330474854,0.44732028245925903
4,np,IS NP,10,0.49375303262888,0.5133726774722107,0.5062469840049744,0.47307735681533813,0.5062469840049744,0.47307735681533813
4,np,IS NP,11,0.5076373184836188,0.5257967504882073,0.4923626780509949,0.4603254199028015,0.4923626780509949,0.4603254199028015
4,np,IS NP,12,0.4910415568092997,0.5090987303460291,0.5089584589004517,0.47746413946151733,0.5089584589004517,0.47746413946151733
4,np,IS NP,13,0.5043903543043506,0.5235616890496986,0.4956096410751343,0.462619423866272,0.4956096410751343,0.462619423866272
4,np,IS NP,14,0.45549081739529157,0.4742087056470472,0.5445091724395752,0.5132750272750854,0.5445091724395752,0.5132750272750854
4,np,IS NP,15,0.4558977637180062,0.4750279617864032,0.5441021919250488,0.5124341249465942,0.5441021919250488,0.5124341249465942
4,np,IS NP,16,0.47696720814520077,0.4992725604264311,0.5230328440666199,0.48754966259002686,0.5230328440666199,0.48754966259002686
4,np,IS NP,17,0.5703621183254922,0.5819689511328705,0.4296379089355469,0.40267062187194824,0.4296379089355469,0.40267062187194824
4,np,IS NP,18,0.4414433938588283,0.4581235309903936,0.5585566163063049,0.5297847986221313,0.5585566163063049,0.5297847986221313
4,np,IS NP,19,0.5059641310872958,0.5180949561817701,0.49403589963912964,0.4682304263114929,0.49403589963912964,0.4682304263114929
4,np,IS NP,20,0.45764024590337,0.4701307011667148,0.5423597097396851,0.5174606442451477,0.5423597097396851,0.5174606442451477
4,np,IS NP,21,0.5918168712031934,0.6110022416872571,0.40818315744400024,0.3728709816932678,0.40818315744400024,0.3728709816932678
4,np,IS NP,22,0.45420832966649255,0.47211042924444807,0.5457916259765625,0.5154286623001099,0.5457916259765625,0.5154286623001099
4,np,IS NP,23,0.4229139163512592,0.4354328471560811,0.5770860314369202,0.5530743598937988,0.5770860314369202,0.5530743598937988
4,np,IS NP,24,0.42506477329158043,0.43729080109633217,0.5749351978302002,0.551167368888855,0.5749351978302002,0.551167368888855
4,np,IS NP,25,0.4301266088042148,0.4414504193520361,0.5698733329772949,0.5468979477882385,0.5698733329772949,0.5468979477882385
4,np,IS NP,26,0.45256545770075896,0.4689976351205693,0.5474345684051514,0.5186236500740051,0.5474345684051514,0.5186236500740051
4,np,IS NP,27,0.4413873701132545,0.4536308449830196,0.558612585067749,0.5343960523605347,0.558612585067749,0.5343960523605347
4,np,IS NP,28,0.47051961477412735,0.4819244345029195,0.5294803977012634,0.5053556561470032,0.5294803977012634,0.5053556561470032
4,np,IS NP,29,0.4226478236590245,0.4370320476302805,0.5773521661758423,0.5514329075813293,0.5773521661758423,0.5514329075813293
4,np,IS NP,30,0.4353579204211863,0.44580183981000915,0.564642071723938,0.542431652545929,0.564642071723938,0.542431652545929
4,np,IS NP,31,0.43721597647482113,0.44772365804790526,0.5627840161323547,0.5404590964317322,0.5627840161323547,0.5404590964317322
4,np,IS NP,32,0.4296153726041779,0.443951406220133,0.5703846216201782,0.5443309545516968,0.5703846216201782,0.5443309545516968
4,np,IS NP,33,0.44624472588531733,0.4556258330049441,0.5537552833557129,0.5323483347892761,0.5537552833557129,0.5323483347892761
4,np,IS NP,34,0.4365295837091845,0.4451774222444194,0.5634704232215881,0.5430725812911987,0.5634704232215881,0.5430725812911987
4,np,IS NP,35,0.4222355288590572,0.42972111332324125,0.5777644515037537,0.5589368343353271,0.5777644515037537,0.5589368343353271
4,np,IS NP,36,0.41098974656689075,0.42055455704992134,0.5890102386474609,0.568345308303833,0.5890102386474609,0.568345308303833
4,np,IS NP,37,0.5296616554260254,0.5435742941475654,0.4703383445739746,0.4420785903930664,0.4703383445739746,0.4420785903930664
4,np,IS NP,38,0.49602967500686646,0.5003871501878251,0.5039703249931335,0.486405611038208,0.5039703249931335,0.486405611038208
4,np,IS NP,39,0.5819771793461586,0.5975825176682583,0.41802287101745605,0.3866448402404785,0.41802287101745605,0.3866448402404785
4,np,IS NP,40,0.4673394817252492,0.4819755498753038,0.5326605439186096,0.5053032636642456,0.5326605439186096,0.5053032636642456
4,np,IS NP,41,0.40801720840986383,0.41740993265957793,0.5919828414916992,0.57157301902771,0.5919828414916992,0.57157301902771
4,np,IS NP,42,0.4058236223320628,0.4180024594299553,0.5941764116287231,0.5709648132324219,0.5941764116287231,0.5709648132324219
4,np,IS NP,43,0.4862713324007138,0.4940190483895383,0.513728678226471,0.49294179677963257,0.513728678226471,0.49294179677963257
4,np,IS NP,44,0.4489094748977543,0.4645425307658292,0.5510904788970947,0.5231963396072388,0.5510904788970947,0.5231963396072388
4,np,IS NP,45,0.4221817088681598,0.43332048095473946,0.5778182744979858,0.5552424788475037,0.5778182744979858,0.5552424788475037
4,np,IS NP,46,0.4134544009386107,0.42567833819130596,0.5865455865859985,0.5630863308906555,0.5865455865859985,0.5630863308906555
4,np,IS NP,47,0.41391745186591333,0.42441085258195566,0.5860825777053833,0.5643872618675232,0.5860825777053833,0.5643872618675232
4,np,IS NP,48,0.4058491551829863,0.4187550618667011,0.5941509008407593,0.5701923370361328,0.5941509008407593,0.5701923370361328
4,np,IS NP,49,0.509749900925067,0.5157025169956592,0.4902500510215759,0.47068607807159424,0.4902500510215759,0.47068607807159424
4,np,IS NP,50,0.3999328844307005,0.4129934380220812,0.600067138671875,0.5761060118675232,0.600067138671875,0.5761060118675232
4,np,IS NP,51,0.41654037482054657,0.42985878457394683,0.5834596753120422,0.5587955713272095,0.5834596753120422,0.5587955713272095
4,np,IS NP,52,0.3939762480499208,0.4037019596543423,0.6060237288475037,0.5856426954269409,0.6060237288475037,0.5856426954269409
4,np,IS NP,53,0.3896210581757302,0.39764478918193846,0.6103789806365967,0.5918598175048828,0.6103789806365967,0.5918598175048828
4,np,IS NP,54,0.407515136539474,0.41402631328087447,0.5924848914146423,0.5750458836555481,0.5924848914146423,0.5750458836555481
4,np,IS NP,55,0.4754537859166315,0.4881769894629486,0.524546205997467,0.49893808364868164,0.524546205997467,0.49893808364868164
4,np,IS NP,56,0.40706156829530876,0.41500473184178965,0.5929384231567383,0.5740416049957275,0.5929384231567383,0.5740416049957275
4,np,IS NP,57,0.39416412524012634,0.4031384377054466,0.6058359146118164,0.5862210988998413,0.6058359146118164,0.5862210988998413
4,np,IS NP,58,0.42248404626698455,0.4266392110392105,0.5775159597396851,0.5621000528335571,0.5775159597396851,0.5621000528335571
4,np,IS NP,59,0.39297614806844283,0.39739891909813696,0.6070238351821899,0.592112123966217,0.6070238351821899,0.592112123966217
4,np,IS NP,60,0.38656052334826124,0.3915019742278166,0.6134395003318787,0.5981646776199341,0.6134395003318787,0.5981646776199341
4,np,IS NP,61,0.386667189440986,0.39045165490734485,0.6133328080177307,0.5992428064346313,0.6133328080177307,0.5992428064346313
4,np,IS NP,62,0.3942294192406558,0.399431472138841,0.6057705879211426,0.5900259017944336,0.6057705879211426,0.5900259017944336
4,np,IS NP,63,0.39463791101015816,0.3988695334094439,0.605362057685852,0.590602695941925,0.605362057685852,0.590602695941925
4,np,IS NP,64,0.4384301163891489,0.4418732230515443,0.5615699291229248,0.5464639663696289,0.5615699291229248,0.5464639663696289
4,np,IS NP,65,0.40746177998624106,0.41470407284507455,0.5925382375717163,0.5743502378463745,0.5925382375717163,0.5743502378463745
4,np,IS NP,66,0.3774494333553684,0.38240483680436776,0.6225505471229553,0.6075019836425781,0.6225505471229553,0.6075019836425781
4,np,IS NP,67,0.3818700900373533,0.3840728171112001,0.6181299686431885,0.6057900190353394,0.6181299686431885,0.6057900190353394
4,np,IS NP,68,0.38076165526412253,0.3830676776494167,0.6192383170127869,0.6068216562271118,0.6192383170127869,0.6068216562271118
4,np,IS NP,69,0.4175695623307265,0.41797767152157866,0.582430362701416,0.5709902048110962,0.582430362701416,0.5709902048110962
4,np,IS NP,70,0.39254827993784763,0.4001173270765201,0.6074516773223877,0.5893219709396362,0.6074516773223877,0.5893219709396362
4,np,IS NP,71,0.42020722576814107,0.42891785363818324,0.5797927379608154,0.5597612857818604,0.5797927379608154,0.5597612857818604
4,np,IS NP,72,0.37750865114751714,0.3817319890787435,0.6224913597106934,0.6081925630569458,0.6224913597106934,0.6081925630569458
4,np,IS NP,73,0.40584150903908783,0.4113481733226037,0.5941585302352905,0.5777946710586548,0.5941585302352905,0.5777946710586548
4,np,IS NP,74,0.4005907711594604,0.40331132328787517,0.5994092226028442,0.586043655872345,0.5994092226028442,0.586043655872345
4,np,IS NP,75,0.38005924167097077,0.3836801149124323,0.6199407577514648,0.6061930656433105,0.6199407577514648,0.6061930656433105
4,np,IS NP,76,0.37328337283097496,0.3786355146141939,0.6267166137695312,0.6113708019256592,0.6267166137695312,0.6113708019256592
4,np,IS NP,77,0.3743073522120483,0.379723143669986,0.62569260597229,0.6102544069290161,0.62569260597229,0.6102544069290161
4,np,IS NP,78,0.3903266126795333,0.3923026997913686,0.6096733808517456,0.597342848777771,0.6096733808517456,0.597342848777771
4,np,IS NP,79,0.4013358758863553,0.40353558599486833,0.5986641645431519,0.5858135223388672,0.5986641645431519,0.5858135223388672
4,np,IS NP,80,0.3870613538017569,0.3897919093453607,0.612938642501831,0.5999199151992798,0.612938642501831,0.5999199151992798
4,np,IS NP,81,0.37512297131294425,0.37964364100796305,0.6248770356178284,0.6103360652923584,0.6248770356178284,0.6103360652923584
4,np,IS NP,82,0.376520476022432,0.38144492063411445,0.6234795451164246,0.6084872484207153,0.6234795451164246,0.6084872484207153
4,np,IS NP,83,0.37881391085395516,0.38426298457522723,0.6211861371994019,0.6055947542190552,0.6211861371994019,0.6055947542190552
4,np,IS NP,84,0.47611536258874937,0.48893681815428325,0.523884654045105,0.49815821647644043,0.523884654045105,0.49815821647644043
4,np,IS NP,85,0.41227291951807893,0.4209037192108095,0.5877270698547363,0.5679869651794434,0.5877270698547363,0.5679869651794434
4,np,IS NP,86,0.41109187935673913,0.414102972015854,0.5889081954956055,0.5749672055244446,0.5889081954956055,0.5749672055244446
4,np,IS NP,87,0.37851735903311146,0.3826497663823209,0.6214826107025146,0.6072505712509155,0.6214826107025146,0.6072505712509155
4,np,IS NP,88,0.36945471860641654,0.37476205525472184,0.6305452585220337,0.6153464317321777,0.6305452585220337,0.6153464317321777
4,np,IS NP,89,0.3734407161557397,0.3777408008427583,0.6265592575073242,0.6122891306877136,0.6265592575073242,0.6122891306877136
4,np,IS NP,90,0.36928919165633445,0.3727845595788586,0.630710780620575,0.6173761487007141,0.630710780620575,0.6173761487007141
4,np,IS NP,91,0.37173839213774185,0.37449201109797453,0.6282616257667542,0.6156237125396729,0.6282616257667542,0.6156237125396729
4,np,IS NP,92,0.380789320598277,0.3829915269400722,0.6192107200622559,0.6068997979164124,0.6192107200622559,0.6068997979164124
4,np,IS NP,93,0.36717636698438216,0.3729513243649357,0.6328235864639282,0.617205023765564,0.6328235864639282,0.617205023765564
4,np,IS NP,94,0.37918547431165855,0.385570065919743,0.6208145618438721,0.6042531728744507,0.6208145618438721,0.6042531728744507
4,np,IS NP,95,0.3712021066236866,0.37330589992131374,0.6287978887557983,0.6168410778045654,0.6287978887557983,0.6168410778045654
4,np,IS NP,96,0.38014273102893387,0.3813415534736574,0.6198573112487793,0.6085933446884155,0.6198573112487793,0.6085933446884155
4,np,IS NP,97,0.3867945031140202,0.39355563886405887,0.6132055521011353,0.5960568189620972,0.6132055521011353,0.5960568189620972
4,np,IS NP,98,0.36732849594234496,0.37214636779570764,0.6326714754104614,0.6180312037467957,0.6326714754104614,0.6180312037467957
4,np,IS NP,99,0.36736051241556805,0.37207108505012454,0.6326395273208618,0.6181085109710693,0.6326395273208618,0.6181085109710693
4,np,IS NP,100,0.38331983475260034,0.38678638995155806,0.6166801452636719,0.6030048131942749,0.6166801452636719,0.6030048131942749
4,np,IS NP,101,0.3796758115753647,0.38081837532132173,0.6203241348266602,0.6091302633285522,0.6203241348266602,0.6091302633285522
4,np,IS NP,102,0.35647656601066735,0.3596541063730107,0.6435233950614929,0.6308531761169434,0.6435233950614929,0.6308531761169434
4,np,IS NP,103,0.5246683742648871,0.5195100252018419,0.4753316044807434,0.466778039932251,0.4753316044807434,0.466778039932251
4,np,IS NP,104,0.37990296245083327,0.38635692762774093,0.6200970411300659,0.6034455895423889,0.6200970411300659,0.6034455895423889
4,np,IS NP,105,0.4131057909292768,0.4217688838640849,0.5868942141532898,0.5670989751815796,0.5868942141532898,0.5670989751815796
4,np,IS NP,106,0.3620851155399352,0.3675612527732701,0.6379148960113525,0.6227374076843262,0.6379148960113525,0.6227374076843262
4,np,IS NP,107,0.3539456831392392,0.35652024893797646,0.6460542678833008,0.6340698003768921,0.6460542678833008,0.6340698003768921
4,np,IS NP,108,0.3505905815797259,0.35398034347120183,0.6494094133377075,0.6366766691207886,0.6494094133377075,0.6366766691207886
4,np,IS NP,109,0.3512674581634906,0.3540464912274087,0.6487325429916382,0.6366088390350342,0.6487325429916382,0.6366088390350342
4,np,IS NP,110,0.3721525775369748,0.37370239856631254,0.62784743309021,0.6164340972900391,0.62784743309021,0.6164340972900391
4,np,IS NP,111,0.3508419179639151,0.35382550954818726,0.6491580605506897,0.6368355751037598,0.6491580605506897,0.6368355751037598
4,np,IS NP,112,0.37272194039451984,0.3721986865812494,0.6272780895233154,0.617977499961853,0.6272780895233154,0.617977499961853
4,np,IS NP,113,0.3562587788400724,0.357523593329644,0.643741250038147,0.6330399513244629,0.643741250038147,0.6330399513244629
4,np,IS NP,114,0.35549067804055623,0.3570862345455229,0.6445093154907227,0.6334888935089111,0.6445093154907227,0.6334888935089111
4,np,IS NP,115,0.366689206786858,0.367212105629056,0.6333107948303223,0.6230957508087158,0.6333107948303223,0.6230957508087158
4,np,IS NP,116,0.3590062022671219,0.36179298277973204,0.6409937739372253,0.6286578178405762,0.6409937739372253,0.6286578178405762
4,np,IS NP,117,0.3568392562311749,0.3595645256744799,0.6431607007980347,0.6309451460838318,0.6431607007980347,0.6309451460838318
4,np,IS NP,118,0.3551534176334854,0.3575394592543905,0.6448465585708618,0.6330236196517944,0.6448465585708618,0.6330236196517944
4,np,IS NP,119,0.3702776786661887,0.3708095809285955,0.6297222971916199,0.6194032430648804,0.6297222971916199,0.6194032430648804
4,np,IS NP,120,0.35268643590831017,0.3532958612885586,0.6473135948181152,0.6373792886734009,0.6473135948181152,0.6373792886734009
4,np,IS NP,121,0.36969157880128817,0.36782485454581504,0.6303083896636963,0.6224667429924011,0.6303083896636963,0.6224667429924011
4,np,IS NP,122,0.367297847257104,0.3709129430064859,0.632702112197876,0.6192971467971802,0.632702112197876,0.6192971467971802
4,np,IS NP,123,0.35706751776296036,0.357091929561408,0.6429324746131897,0.6334829926490784,0.6429324746131897,0.6334829926490784
4,np,IS NP,124,0.3595392285853393,0.35760471502015756,0.6404607892036438,0.6329566836357117,0.6404607892036438,0.6329566836357117
4,np,IS NP,125,0.3755175273778827,0.3729460449643837,0.6244824528694153,0.6172103881835938,0.6244824528694153,0.6172103881835938
4,np,IS NP,126,0.3593246637619743,0.36208877614302226,0.6406753659248352,0.6283543109893799,0.6406753659248352,0.6283543109893799
4,np,IS NP,127,0.3523084450830785,0.3516305130581523,0.6476916074752808,0.63908851146698,0.6476916074752808,0.63908851146698
4,np,IS NP,128,0.34852360269820043,0.3485981822013855,0.6514763832092285,0.6422009468078613,0.6514763832092285,0.6422009468078613
4,np,IS NP,129,0.3549413104621015,0.3557694720667462,0.6450587511062622,0.6348403692245483,0.6450587511062622,0.6348403692245483
4,np,IS NP,130,0.38167926391889884,0.3784854065540225,0.6183207035064697,0.6115248799324036,0.6183207035064697,0.6115248799324036
4,np,IS NP,131,0.3858487093171408,0.3843679247900497,0.6141512989997864,0.6054871082305908,0.6141512989997864,0.6054871082305908
4,np,IS NP,132,0.3563533731440241,0.35695997065351914,0.6436466574668884,0.6336184740066528,0.6436466574668884,0.6336184740066528
4,np,IS NP,133,0.38962988463021064,0.38708264467328096,0.6103700995445251,0.6027007102966309,0.6103700995445251,0.6027007102966309
4,np,IS NP,134,0.34755884145581445,0.3482926515645759,0.652441143989563,0.6425144672393799,0.652441143989563,0.6425144672393799
4,np,IS NP,135,0.358467254989831,0.3621305063251377,0.6415327191352844,0.6283113956451416,0.6415327191352844,0.6283113956451416
4,np,IS NP,136,0.349795775358067,0.3533970071363819,0.6502042412757874,0.6372754573822021,0.6502042412757874,0.6372754573822021
4,np,IS NP,137,0.3654408576183541,0.3678716996381449,0.634559154510498,0.6224187016487122,0.634559154510498,0.6224187016487122
4,np,IS NP,138,0.35038470690564594,0.35473446397818337,0.6496152877807617,0.6359026432037354,0.6496152877807617,0.6359026432037354
4,np,IS NP,139,0.3446898250154747,0.34861074099245,0.6553101539611816,0.6421880125999451,0.6553101539611816,0.6421880125999451
4,np,IS NP,140,0.3554521097924358,0.3601121791573458,0.6445479393005371,0.6303830146789551,0.6445479393005371,0.6303830146789551
4,np,IS NP,141,0.37685814037803533,0.3776317047056302,0.623141884803772,0.6124011278152466,0.623141884803772,0.6124011278152466
4,np,IS NP,142,0.3439452086770257,0.3462572689204253,0.6560547351837158,0.6446036100387573,0.6560547351837158,0.6446036100387573
4,np,IS NP,143,0.3604897262976151,0.3618805974490883,0.6395102739334106,0.6285679340362549,0.6395102739334106,0.6285679340362549
4,np,IS NP,144,0.3628906036994254,0.36316371610922404,0.6371093988418579,0.6272510290145874,0.6371093988418579,0.6272510290145874
4,np,IS NP,145,0.35583716238191887,0.3570978253386741,0.6441628932952881,0.633476972579956,0.6441628932952881,0.633476972579956
4,np,IS NP,146,0.3716419282578683,0.37127301905506344,0.6283581256866455,0.618927538394928,0.6283581256866455,0.618927538394928
4,np,IS NP,147,0.3486080587834351,0.35097311125245206,0.6513919830322266,0.6397632360458374,0.6513919830322266,0.6397632360458374
4,np,IS NP,148,0.3684806836436885,0.3668776556502941,0.6315193176269531,0.6234389543533325,0.6315193176269531,0.6234389543533325
4,np,IS NP,149,0.3449033771374429,0.3430604005968848,0.6550965905189514,0.6478849649429321,0.6550965905189514,0.6478849649429321
4,np,IS NP,150,0.34171188501424565,0.34065244525902033,0.6582881212234497,0.6503564119338989,0.6582881212234497,0.6503564119338989
4,np,IS NP,151,0.3417220571937487,0.34122526922891305,0.6582779288291931,0.6497684717178345,0.6582779288291931,0.6497684717178345
4,np,IS NP,152,0.3561110020607941,0.3579356316910234,0.6438889503479004,0.6326169967651367,0.6438889503479004,0.6326169967651367
4,np,IS NP,153,0.42664273718530815,0.43081771449525225,0.5733572244644165,0.5578112602233887,0.5733572244644165,0.5578112602233887
4,np,IS NP,154,0.3395911667698113,0.33928063927694807,0.6604088544845581,0.6517643928527832,0.6604088544845581,0.6517643928527832
4,np,IS NP,155,0.35251837668492814,0.35183366463165877,0.6474816799163818,0.6388800144195557,0.6474816799163818,0.6388800144195557
4,np,IS NP,156,0.3400934488736382,0.3406347260456677,0.6599065065383911,0.6503745913505554,0.6599065065383911,0.6503745913505554
4,np,IS NP,157,0.3329660355351692,0.3303557370984277,0.6670339107513428,0.6609248518943787,0.6670339107513428,0.6609248518943787
4,np,IS NP,158,0.3317237432843955,0.3298647091832272,0.6682761907577515,0.6614288091659546,0.6682761907577515,0.6614288091659546
4,np,IS NP,159,0.32985164144242457,0.3274881313013476,0.6701483726501465,0.6638681888580322,0.6701483726501465,0.6638681888580322
4,np,IS NP,160,0.32886361405830977,0.32615044920943503,0.6711363792419434,0.6652411222457886,0.6711363792419434,0.6652411222457886
4,np,IS NP,161,0.3382533190324325,0.3364907676397368,0.6617466807365417,0.6546279191970825,0.6617466807365417,0.6546279191970825
4,np,IS NP,162,0.32622169501097625,0.3230410063451575,0.6737782955169678,0.6684326529502869,0.6737782955169678,0.6684326529502869
4,np,IS NP,163,0.3457108290158501,0.3407188094863596,0.6542891263961792,0.6502883434295654,0.6542891263961792,0.6502883434295654
4,np,IS NP,164,0.32907119428002557,0.3261481731436973,0.6709288358688354,0.6652435064315796,0.6709288358688354,0.6652435064315796
4,np,IS NP,165,0.33500450572302176,0.3321521242921667,0.6649954319000244,0.6590811014175415,0.6649954319000244,0.6590811014175415
4,np,IS NP,166,0.33035012120886365,0.3297962728858918,0.6696498394012451,0.6614990830421448,0.6696498394012451,0.6614990830421448
4,np,IS NP,167,0.3312619490216869,0.33234598400980925,0.668738067150116,0.6588820815086365,0.668738067150116,0.6588820815086365
4,np,IS NP,168,0.3240067958831787,0.3227305460807889,0.6759932041168213,0.6687512993812561,0.6759932041168213,0.6687512993812561
4,np,IS NP,169,0.32985936601956684,0.33152558914450714,0.6701406240463257,0.6597241163253784,0.6701406240463257,0.6597241163253784
4,np,IS NP,170,0.333607322485872,0.33485473033993746,0.6663926839828491,0.6563071608543396,0.6663926839828491,0.6563071608543396
4,np,IS NP,171,0.3272798828376356,0.3271561881830526,0.6727200746536255,0.6642088294029236,0.6727200746536255,0.6642088294029236
4,np,IS NP,172,0.3279270738825317,0.3289211600325828,0.6720728874206543,0.6623972654342651,0.6720728874206543,0.6623972654342651
4,np,IS NP,173,0.3279514717039212,0.32942672686059343,0.6720485687255859,0.6618783473968506,0.6720485687255859,0.6618783473968506
4,np,IS NP,174,0.33954521967459095,0.3401654663012009,0.6604547500610352,0.6508561968803406,0.6604547500610352,0.6508561968803406
4,np,IS NP,175,0.33192714852418087,0.3325302841127381,0.6680728197097778,0.6586928963661194,0.6680728197097778,0.6586928963661194
4,np,IS NP,176,0.34362209767334223,0.3456065904262454,0.6563778519630432,0.6452714204788208,0.6563778519630432,0.6452714204788208
4,np,IS NP,177,0.32953538058340087,0.33040112557337264,0.6704646348953247,0.6608783006668091,0.6704646348953247,0.6608783006668091
4,np,IS NP,178,0.3311648569827856,0.3296865758507751,0.6688351631164551,0.6616116762161255,0.6688351631164551,0.6616116762161255
4,np,IS NP,179,0.3317313746426457,0.3313604699548825,0.668268620967865,0.6598936319351196,0.668268620967865,0.6598936319351196
4,np,IS NP,180,0.33553333337916885,0.33126677422560463,0.6644666790962219,0.6599897742271423,0.6644666790962219,0.6599897742271423
4,np,IS NP,181,0.3388838333676952,0.33693125566770865,0.6611161828041077,0.6541757583618164,0.6611161828041077,0.6541757583618164
4,np,IS NP,182,0.33091033267420394,0.32719594609829805,0.669089674949646,0.6641680002212524,0.669089674949646,0.6641680002212524
4,np,IS NP,183,0.32252382654552314,0.3179756673269494,0.677476167678833,0.6736316680908203,0.677476167678833,0.6736316680908203
4,np,IS NP,184,0.3313966666081155,0.3294178695641747,0.6686033606529236,0.6618874669075012,0.6686033606529236,0.6618874669075012
4,np,IS NP,185,0.3398830666560535,0.33778823969900146,0.6601169109344482,0.6532962322235107,0.6601169109344482,0.6532962322235107
4,np,IS NP,186,0.40188311167465623,0.40000885655713636,0.5981168746948242,0.5894333124160767,0.5981168746948242,0.5894333124160767
4,np,IS NP,187,0.33787362404571947,0.3363540338915448,0.662126362323761,0.6547682285308838,0.662126362323761,0.6547682285308838
4,np,IS NP,188,0.43935640860897623,0.43144758912019954,0.5606436133384705,0.5571647882461548,0.5606436133384705,0.5571647882461548
4,np,IS NP,189,0.33043750843336417,0.32878568098526595,0.6695624589920044,0.6625363826751709,0.6695624589920044,0.6625363826751709
4,np,IS NP,190,0.3534045917119167,0.3523800996846931,0.6465954184532166,0.638319194316864,0.6465954184532166,0.638319194316864
4,np,IS NP,191,0.3304195692834928,0.3258410477361014,0.6695803999900818,0.6655587553977966,0.6695803999900818,0.6655587553977966
4,np,IS NP,192,0.3273118298876193,0.324374047360679,0.6726881265640259,0.6670644283294678,0.6726881265640259,0.6670644283294678
4,np,IS NP,193,0.3357279644918072,0.3351594930471376,0.6642720103263855,0.6559942960739136,0.6642720103263855,0.6559942960739136
4,np,IS NP,194,0.3469114171904187,0.3449843137763267,0.6530885696411133,0.6459101438522339,0.6530885696411133,0.6459101438522339
4,np,IS NP,195,0.3637124652317328,0.35792139380477195,0.6362875699996948,0.6326316595077515,0.6362875699996948,0.6326316595077515
4,np,IS NP,196,0.33984688063000523,0.33426261086796605,0.6601531505584717,0.6569148898124695,0.6601531505584717,0.6569148898124695
4,np,IS NP,197,0.35028523564800734,0.35062055162681166,0.6497147083282471,0.6401251554489136,0.6497147083282471,0.6401251554489136
4,np,IS NP,198,0.35150548099547396,0.3482589268869208,0.64849454164505,0.6425491571426392,0.64849454164505,0.6425491571426392
4,np,IS NP,199,0.3215344225944475,0.3194357366986977,0.6784656047821045,0.6721330881118774,0.6784656047821045,0.6721330881118774
4,np,IS NP,200,0.350254790034405,0.34442418351653936,0.6497452259063721,0.6464850902557373,0.6497452259063721,0.6464850902557373
4,np_fixed,Vanilla NP,1,1.1795170270195303,1.1397285313569299,-0.17951703071594238,-0.16981065273284912,-0.17951703071594238,-0.16981065273284912
4,np_fixed,Vanilla NP,2,0.9816843973573788,0.9609273644380791,0.018315494060516357,0.0137099027633667,0.018315494060516357,0.0137099027633667
4,np_fixed,Vanilla NP,3,1.23908461896024,1.2331366215565407,-0.23908460140228271,-0.2656838893890381,-0.23908460140228271,-0.2656838893890381
4,np_fixed,Vanilla NP,4,0.9734160493510639,0.9558666482452274,0.026583969593048096,0.01890420913696289,0.026583969593048096,0.01890420913696289
4,np_fixed,Vanilla NP,5,1.003774490005286,0.9740843564965004,-0.0037745237350463867,0.00020569562911987305,-0.0037745237350463867,0.00020569562911987305
4,np_fixed,Vanilla NP,6,0.9613309405570807,0.9471323305322218,0.03866910934448242,0.027869045734405518,0.03866910934448242,0.027869045734405518
4,np_fixed,Vanilla NP,7,0.9235153244447338,0.900515404782554,0.07648468017578125,0.07571637630462646,0.07648468017578125,0.07571637630462646
4,np_fixed,Vanilla NP,8,0.8567661629166714,0.8430340927700664,0.14323383569717407,0.13471490144729614,0.14323383569717407,0.13471490144729614
4,np_fixed,Vanilla NP,9,0.8334223156751588,0.8167493578999542,0.16657763719558716,0.16169345378875732,0.16657763719558716,0.16169345378875732
4,np_fixed,Vanilla NP,10,0.8450061230696448,0.8292276369508846,0.15499389171600342,0.14888566732406616,0.15499389171600342,0.14888566732406616
4,np_fixed,Vanilla NP,11,0.7357688707898754,0.7281558217928391,0.2642311453819275,0.2526252269744873,0.2642311453819275,0.2526252269744873
4,np_fixed,Vanilla NP,12,0.6499922594358755,0.6507498321607131,0.35000771284103394,0.33207422494888306,0.35000771284103394,0.33207422494888306
4,np_fixed,Vanilla NP,13,0.6068248545476632,0.6176161708295808,0.3931751847267151,0.36608242988586426,0.3931751847267151,0.36608242988586426
4,np_fixed,Vanilla NP,14,0.5365077633728352,0.5488758128742839,0.463492214679718,0.43663716316223145,0.463492214679718,0.43663716316223145
4,np_fixed,Vanilla NP,15,0.5376795680485955,0.550865019476691,0.4623204469680786,0.4345954656600952,0.4623204469680786,0.4345954656600952
4,np_fixed,Vanilla NP,16,0.5367180386254954,0.5564620963824812,0.46328192949295044,0.42885059118270874,0.46328192949295044,0.42885059118270874
4,np_fixed,Vanilla NP,17,0.6202089361442152,0.6325275606887285,0.3797910809516907,0.3507775068283081,0.3797910809516907,0.3507775068283081
4,np_fixed,Vanilla NP,18,0.4696623271749925,0.49094405631686366,0.5303376913070679,0.4960979223251343,0.5303376913070679,0.4960979223251343
4,np_fixed,Vanilla NP,19,0.5283856636794039,0.547298076309899,0.4716143012046814,0.43825656175613403,0.4716143012046814,0.43825656175613403
4,np_fixed,Vanilla NP,20,0.45731820755226665,0.4767200967600179,0.5426818132400513,0.5106973648071289,0.5426818132400513,0.5106973648071289
4,np_fixed,Vanilla NP,21,0.6755736474842988,0.7011952760607697,0.3244263529777527,0.2802973985671997,0.3244263529777527,0.2802973985671997
4,np_fixed,Vanilla NP,22,0.4402301475521206,0.46050979462704916,0.559769868850708,0.5273354649543762,0.559769868850708,0.5273354649543762
4,np_fixed,Vanilla NP,23,0.4339119484720304,0.4520841693693353,0.566088080406189,0.5359835028648376,0.566088080406189,0.5359835028648376
4,np_fixed,Vanilla NP,24,0.44856663452562434,0.4638646566128546,0.5514334440231323,0.5238920450210571,0.5514334440231323,0.5238920450210571
4,np_fixed,Vanilla NP,25,0.44115995298060334,0.45496639401413674,0.5588400363922119,0.5330252051353455,0.5588400363922119,0.5330252051353455
4,np_fixed,Vanilla NP,26,0.4269908666610718,0.4441693254219469,0.5730091333389282,0.5441072583198547,0.5730091333389282,0.5441072583198547
4,np_fixed,Vanilla NP,27,0.4996679737124332,0.5130621536757595,0.5003319978713989,0.47339606285095215,0.5003319978713989,0.47339606285095215
4,np_fixed,Vanilla NP,28,0.4670512466005577,0.48105430094770685,0.5329487323760986,0.5062487125396729,0.5329487323760986,0.5062487125396729
4,np_fixed,Vanilla NP,29,0.44186557009238603,0.45893408069314884,0.5581344366073608,0.5289528369903564,0.5581344366073608,0.5289528369903564
4,np_fixed,Vanilla NP,30,0.42033936164175817,0.4372948819352675,0.5796606540679932,0.5511630773544312,0.5796606540679932,0.5511630773544312
4,np_fixed,Vanilla NP,31,0.43542454501455147,0.4488552263540815,0.5645754933357239,0.5392976999282837,0.5645754933357239,0.5392976999282837
4,np_fixed,Vanilla NP,32,0.43001392576121544,0.44710148328034455,0.56998610496521,0.5410977005958557,0.56998610496521,0.5410977005958557
4,np_fixed,Vanilla NP,33,0.42897831284722615,0.44214950836906136,0.5710216760635376,0.5461803674697876,0.5710216760635376,0.5461803674697876
4,np_fixed,Vanilla NP,34,0.42915913416433704,0.44263804305431453,0.5708408355712891,0.545678973197937,0.5708408355712891,0.545678973197937
4,np_fixed,Vanilla NP,35,0.42110512168832526,0.4359221481537634,0.578894853591919,0.5525721311569214,0.578894853591919,0.5525721311569214
4,np_fixed,Vanilla NP,36,0.432579637035843,0.4453828575075135,0.5674203634262085,0.5428617596626282,0.5674203634262085,0.5428617596626282
4,np_fixed,Vanilla NP,37,0.5948228212290032,0.6176096727681715,0.40517717599868774,0.3660891652107239,0.40517717599868774,0.3660891652107239
4,np_fixed,Vanilla NP,38,0.7019697199034136,0.70790784580763,0.29803019762039185,0.27340763807296753,0.29803019762039185,0.27340763807296753
4,np_fixed,Vanilla NP,39,0.7182451075361681,0.7440115153327469,0.28175491094589233,0.23635101318359375,0.28175491094589233,0.23635101318359375
4,np_fixed,Vanilla NP,40,0.5124829887419708,0.5337301647478296,0.48751699924468994,0.4521825313568115,0.48751699924468994,0.4521825313568115
4,np_fixed,Vanilla NP,41,0.4029960635789605,0.4173048027726107,0.5970039367675781,0.5716808438301086,0.5970039367675781,0.5716808438301086
4,np_fixed,Vanilla NP,42,0.4020346027705096,0.4174880810486254,0.59796541929245,0.5714927315711975,0.59796541929245,0.5714927315711975
4,np_fixed,Vanilla NP,43,0.50564158401748,0.515361316213312,0.4943583607673645,0.4710361957550049,0.4943583607673645,0.4710361957550049
4,np_fixed,Vanilla NP,44,0.441941922025163,0.4603706233261168,0.5580580830574036,0.5274783372879028,0.5580580830574036,0.5274783372879028
4,np_fixed,Vanilla NP,45,0.41494359156882116,0.42551013111144076,0.5850564241409302,0.563258945941925,0.5850564241409302,0.563258945941925
4,np_fixed,Vanilla NP,46,0.4022920020790987,0.4153725084408309,0.597707986831665,0.5736641883850098,0.597707986831665,0.5736641883850098
4,np_fixed,Vanilla NP,47,0.4076156791790511,0.42000894260036853,0.5923843383789062,0.5689053535461426,0.5923843383789062,0.5689053535461426
4,np_fixed,Vanilla NP,48,0.39738106496574344,0.4109379154767177,0.602618932723999,0.5782158374786377,0.602618932723999,0.5782158374786377
4,np_fixed,Vanilla NP,49,0.5293456359889156,0.535439767116724,0.47065430879592896,0.4504278302192688,0.47065430879592896,0.4504278302192688
4,np_fixed,Vanilla NP,50,0.42249019270719484,0.4410185580567796,0.5775097608566284,0.5473412275314331,0.5775097608566284,0.5473412275314331
4,np_fixed,Vanilla NP,51,0.4207779695821363,0.438101191853368,0.5792219638824463,0.5503355860710144,0.5792219638824463,0.5503355860710144
4,np_fixed,Vanilla NP,52,0.40001838867978534,0.4161422904147658,0.5999816060066223,0.5728740692138672,0.5999816060066223,0.5728740692138672
4,np_fixed,Vanilla NP,53,0.40083484917648077,0.412508241658987,0.599165141582489,0.5766040086746216,0.599165141582489,0.5766040086746216
4,np_fixed,Vanilla NP,54,0.40306678876396296,0.41356866697008293,0.5969332456588745,0.575515627861023,0.5969332456588745,0.575515627861023
4,np_fixed,Vanilla NP,55,0.5818686921929204,0.6058964623037235,0.4181312322616577,0.37811148166656494,0.4181312322616577,0.37811148166656494
4,np_fixed,Vanilla NP,56,0.4391179777855097,0.44835442512534385,0.560882031917572,0.5398117303848267,0.560882031917572,0.5398117303848267
4,np_fixed,Vanilla NP,57,0.40535285907198293,0.42021308019179704,0.5946471691131592,0.5686957836151123,0.5946471691131592,0.5686957836151123
4,np_fixed,Vanilla NP,58,0.41591660250989043,0.42589735337930135,0.5840834379196167,0.5628615021705627,0.5840834379196167,0.5628615021705627
4,np_fixed,Vanilla NP,59,0.38927332721939384,0.4006632349287817,0.6107267141342163,0.5887616872787476,0.6107267141342163,0.5887616872787476
4,np_fixed,Vanilla NP,60,0.39190141186695693,0.4013290705606919,0.608098566532135,0.5880782604217529,0.608098566532135,0.5880782604217529
4,np_fixed,Vanilla NP,61,0.3880596759245377,0.39922745976337165,0.611940324306488,0.5902353525161743,0.611940324306488,0.5902353525161743
4,np_fixed,Vanilla NP,62,0.4071440900018973,0.41519417272981746,0.5928559303283691,0.5738471746444702,0.5928559303283691,0.5738471746444702
4,np_fixed,Vanilla NP,63,0.3957129952519439,0.40386039596195367,0.6042870283126831,0.5854800939559937,0.6042870283126831,0.5854800939559937
4,np_fixed,Vanilla NP,64,0.4124418404675269,0.41866061137628185,0.5875581502914429,0.5702893137931824,0.5875581502914429,0.5702893137931824
4,np_fixed,Vanilla NP,65,0.43908694455789965,0.4541110211564589,0.5609130859375,0.5339032411575317,0.5609130859375,0.5339032411575317
4,np_fixed,Vanilla NP,66,0.40424583910047546,0.41052757630976594,0.5957542061805725,0.578636884689331,0.5957542061805725,0.578636884689331
4,np_fixed,Vanilla NP,67,0.4043793424155361,0.4103339078814484,0.5956206917762756,0.5788357257843018,0.5956206917762756,0.5788357257843018
4,np_fixed,Vanilla NP,68,0.38380183325719464,0.39049029488896214,0.6161981821060181,0.5992031097412109,0.6161981821060181,0.5992031097412109
4,np_fixed,Vanilla NP,69,0.4838531319947206,0.48786727079125336,0.5161468982696533,0.4992559552192688,0.5161468982696533,0.4992559552192688
4,np_fixed,Vanilla NP,70,0.38066879966000255,0.39152122491089875,0.6193312406539917,0.5981450080871582,0.6193312406539917,0.5981450080871582
4,np_fixed,Vanilla NP,71,0.4483946926834047,0.4627902163553608,0.5516053438186646,0.5249948501586914,0.5516053438186646,0.5249948501586914
4,np_fixed,Vanilla NP,72,0.3791214692038159,0.38933347824007963,0.6208785176277161,0.6003904342651367,0.6208785176277161,0.6003904342651367
4,np_fixed,Vanilla NP,73,0.4205097191093504,0.433064901551535,0.5794903039932251,0.5555047988891602,0.5794903039932251,0.5555047988891602
4,np_fixed,Vanilla NP,74,0.40456944103388826,0.4089719521444897,0.5954305529594421,0.5802336931228638,0.5954305529594421,0.5802336931228638
4,np_fixed,Vanilla NP,75,0.3729763874249865,0.3811771061069282,0.6270236372947693,0.6087620854377747,0.6270236372947693,0.6087620854377747
4,np_fixed,Vanilla NP,76,0.3736869981584623,0.38131986569988635,0.6263130307197571,0.608615517616272,0.6263130307197571,0.608615517616272
4,np_fixed,Vanilla NP,77,0.3693338299906531,0.377834804991419,0.6306662559509277,0.6121926307678223,0.6306662559509277,0.6121926307678223
4,np_fixed,Vanilla NP,78,0.3921496015648509,0.3980162166809851,0.6078504323959351,0.5914785265922546,0.6078504323959351,0.5914785265922546
4,np_fixed,Vanilla NP,79,0.38890569755273274,0.3944962237232415,0.6110942959785461,0.5950914621353149,0.6110942959785461,0.5950914621353149
4,np_fixed,Vanilla NP,80,0.38903428071229035,0.39576300816942556,0.6109657287597656,0.5937912464141846,0.6109657287597656,0.5937912464141846
4,np_fixed,Vanilla NP,81,0.3701100615105888,0.3785007602946703,0.629889965057373,0.6115090847015381,0.629889965057373,0.6115090847015381
4,np_fixed,Vanilla NP,82,0.3646825107262116,0.37293510335360386,0.6353175044059753,0.6172216534614563,0.6353175044059753,0.6172216534614563
4,np_fixed,Vanilla NP,83,0.3664945569611335,0.3754239142403122,0.6335054636001587,0.6146671772003174,0.6335054636001587,0.6146671772003174
4,np_fixed,Vanilla NP,84,0.4760561479154483,0.49114840853121855,0.5239438414573669,0.49588823318481445,0.5239438414573669,0.49588823318481445
4,np_fixed,Vanilla NP,85,0.3904995257540267,0.40231000660925875,0.609500527381897,0.587071418762207,0.609500527381897,0.587071418762207
4,np_fixed,Vanilla NP,86,0.4144219252490258,0.41822173013243563,0.5855780839920044,0.57073974609375,0.5855780839920044,0.57073974609375
4,np_fixed,Vanilla NP,87,0.3587815255619759,0.3670146663983663,0.6412184238433838,0.6232984066009521,0.6412184238433838,0.6232984066009521
4,np_fixed,Vanilla NP,88,0.3622685702041138,0.3672269397927809,0.6377314329147339,0.6230804920196533,0.6377314329147339,0.6230804920196533
4,np_fixed,Vanilla NP,89,0.35880937710288885,0.36410535975944164,0.6411906480789185,0.6262844204902649,0.6411906480789185,0.6262844204902649
4,np_fixed,Vanilla NP,90,0.357352951931399,0.3643363316853841,0.6426470279693604,0.6260474324226379,0.6426470279693604,0.6260474324226379
4,np_fixed,Vanilla NP,91,0.3719783341006715,0.3755486103915429,0.6280217170715332,0.6145391464233398,0.6280217170715332,0.6145391464233398
4,np_fixed,Vanilla NP,92,0.4106004635492961,0.4131682602934135,0.5893995761871338,0.5759265422821045,0.5893995761871338,0.5759265422821045
4,np_fixed,Vanilla NP,93,0.35425314676854036,0.36139672162920927,0.6457468271255493,0.6290645599365234,0.6457468271255493,0.6290645599365234
4,np_fixed,Vanilla NP,94,0.3725855085969895,0.38141735233077706,0.6274144649505615,0.6085155606269836,0.6274144649505615,0.6085155606269836
4,np_fixed,Vanilla NP,95,0.4169434766436732,0.41783958003502486,0.5830565690994263,0.5711320042610168,0.5830565690994263,0.5711320042610168
4,np_fixed,Vanilla NP,96,0.3496292402115903,0.35580971675325734,0.650370717048645,0.634799063205719,0.650370717048645,0.634799063205719
4,np_fixed,Vanilla NP,97,0.3865945279136185,0.39655267915060355,0.6134054660797119,0.5929807424545288,0.6134054660797119,0.5929807424545288
4,np_fixed,Vanilla NP,98,0.35618234835853874,0.3643759900285292,0.643817663192749,0.6260066032409668,0.643817663192749,0.6260066032409668
4,np_fixed,Vanilla NP,99,0.36271811259347336,0.3730717211268669,0.6372818350791931,0.6170814037322998,0.6372818350791931,0.6170814037322998
4,np_fixed,Vanilla NP,100,0.37711024630901424,0.38477836144987004,0.6228897571563721,0.6050658226013184,0.6228897571563721,0.6050658226013184
4,np_fixed,Vanilla NP,101,0.3969412614670835,0.40365033787350324,0.6030587553977966,0.585695743560791,0.6030587553977966,0.585695743560791
4,np_fixed,Vanilla NP,102,0.36189244514287905,0.3702514721441639,0.6381075978279114,0.6199761033058167,0.6381075978279114,0.6199761033058167
4,np_fixed,Vanilla NP,103,0.5047087745611057,0.5032311382219773,0.49529117345809937,0.4834865927696228,0.49529117345809937,0.4834865927696228
4,np_fixed,Vanilla NP,104,0.3685263812310936,0.3767800310323405,0.6314736008644104,0.6132752895355225,0.6314736008644104,0.6132752895355225
4,np_fixed,Vanilla NP,105,0.42246030513630356,0.4333495206611101,0.5775396823883057,0.5552126169204712,0.5775396823883057,0.5552126169204712
4,np_fixed,Vanilla NP,106,0.4059986421304156,0.4162607516429221,0.5940013527870178,0.5727524757385254,0.5940013527870178,0.5727524757385254
4,np_fixed,Vanilla NP,107,0.34430571997812554,0.3507173435632573,0.655694305896759,0.6400258541107178,0.655694305896759,0.6400258541107178
4,np_fixed,Vanilla NP,108,0.3820601528467134,0.39039971800737605,0.617939829826355,0.5992960929870605,0.617939829826355,0.5992960929870605
4,np_fixed,Vanilla NP,109,0.35025301125160485,0.35751799095508663,0.6497470140457153,0.6330456733703613,0.6497470140457153,0.6330456733703613
4,np_fixed,Vanilla NP,110,0.3751771625622298,0.37839215115983355,0.6248228549957275,0.6116205453872681,0.6248228549957275,0.6116205453872681
4,np_fixed,Vanilla NP,111,0.34246725282927815,0.34830681020899334,0.6575327515602112,0.6425000429153442,0.6575327515602112,0.6425000429153442
4,np_fixed,Vanilla NP,112,0.3632130357184151,0.3651746543802956,0.636786937713623,0.6251869201660156,0.636786937713623,0.6251869201660156
4,np_fixed,Vanilla NP,113,0.35043647030527275,0.3530232046925744,0.6495635509490967,0.6376590728759766,0.6495635509490967,0.6376590728759766
4,np_fixed,Vanilla NP,114,0.3389169176419576,0.34006169276644094,0.6610831022262573,0.6509627103805542,0.6610831022262573,0.6509627103805542
4,np_fixed,Vanilla NP,115,0.3585569082304489,0.3581937144893084,0.641443133354187,0.6323521137237549,0.641443133354187,0.6323521137237549
4,np_fixed,Vanilla NP,116,0.3457338889670927,0.34975348840388215,0.6542661190032959,0.6410151124000549,0.6542661190032959,0.6410151124000549
4,np_fixed,Vanilla NP,117,0.36115130400934886,0.3607943935911785,0.6388487219810486,0.6296827793121338,0.6388487219810486,0.6296827793121338
4,np_fixed,Vanilla NP,118,0.3426763737617537,0.34345954194549444,0.6573235988616943,0.6474752426147461,0.6573235988616943,0.6474752426147461
4,np_fixed,Vanilla NP,119,0.33434859934703326,0.3350423870160598,0.6656514406204224,0.6561144590377808,0.6656514406204224,0.6561144590377808
4,np_fixed,Vanilla NP,120,0.33454514704933463,0.33713893742524376,0.6654548645019531,0.6539626121520996,0.6654548645019531,0.6539626121520996
4,np_fixed,Vanilla NP,121,0.344607683346253,0.3457276624764583,0.6553922891616821,0.6451472043991089,0.6553922891616821,0.6451472043991089
4,np_fixed,Vanilla NP,122,0.3441120268300522,0.34752363844435347,0.6558879613876343,0.6433038711547852,0.6558879613876343,0.6433038711547852
4,np_fixed,Vanilla NP,123,0.3382587973461595,0.3399631297865579,0.6617412567138672,0.6510639190673828,0.6617412567138672,0.6510639190673828
4,np_fixed,Vanilla NP,124,0.33904746036196864,0.339892598316651,0.6609525680541992,0.6511362791061401,0.6609525680541992,0.6511362791061401
4,np_fixed,Vanilla NP,125,0.4017997190009716,0.40067247988641724,0.5982003211975098,0.5887521505355835,0.5982003211975098,0.5887521505355835
4,np_fixed,Vanilla NP,126,0.3314424905666085,0.334906409184138,0.6685575246810913,0.6562540531158447,0.6685575246810913,0.6562540531158447
4,np_fixed,Vanilla NP,127,0.33206203140953716,0.33476716002752616,0.6679379940032959,0.6563969850540161,0.6679379940032959,0.6563969850540161
4,np_fixed,Vanilla NP,128,0.3298774414746336,0.33310685485832453,0.6701225638389587,0.6581010818481445,0.6701225638389587,0.6581010818481445
4,np_fixed,Vanilla NP,129,0.3285930258359096,0.33169750649799673,0.6714069843292236,0.6595476865768433,0.6714069843292236,0.6595476865768433
4,np_fixed,Vanilla NP,130,0.36045226431632227,0.3591719701770664,0.6395477056503296,0.6313480138778687,0.6395477056503296,0.6313480138778687
4,np_fixed,Vanilla NP,131,0.33772877632647524,0.33741849845694016,0.66227126121521,0.6536756753921509,0.66227126121521,0.6536756753921509
4,np_fixed,Vanilla NP,132,0.3300123856973278,0.33280851258787997,0.669987678527832,0.6584073305130005,0.669987678527832,0.6584073305130005
4,np_fixed,Vanilla NP,133,0.3728700583988382,0.3719429563182269,0.6271299123764038,0.6182399988174438,0.6271299123764038,0.6182399988174438
4,np_fixed,Vanilla NP,134,0.3250944081896035,0.32744764588599984,0.6749055981636047,0.6639096736907959,0.6749055981636047,0.6639096736907959
4,np_fixed,Vanilla NP,135,0.37701078625612483,0.3836016618004141,0.6229891777038574,0.6062735319137573,0.6229891777038574,0.6062735319137573
4,np_fixed,Vanilla NP,136,0.32220682617305785,0.3259679550348326,0.6777931451797485,0.6654285192489624,0.6777931451797485,0.6654285192489624
4,np_fixed,Vanilla NP,137,0.35150602136471476,0.34941933852757595,0.6484940052032471,0.6413581371307373,0.6484940052032471,0.6413581371307373
4,np_fixed,Vanilla NP,138,0.3255927231191665,0.3301738981128663,0.6744072437286377,0.6611114740371704,0.6744072437286377,0.6611114740371704
4,np_fixed,Vanilla NP,139,0.32041072244792024,0.3231512444425923,0.6795892715454102,0.6683195233345032,0.6795892715454102,0.6683195233345032
4,np_fixed,Vanilla NP,140,0.34294487963351167,0.3500876170258189,0.657055139541626,0.6406722068786621,0.657055139541626,0.6406722068786621
4,np_fixed,Vanilla NP,141,0.3241090892359268,0.32497519762941107,0.6758909225463867,0.6664474010467529,0.6758909225463867,0.6664474010467529
4,np_fixed,Vanilla NP,142,0.33307787683583046,0.33209390141243156,0.6669220924377441,0.6591407656669617,0.6669220924377441,0.6591407656669617
4,np_fixed,Vanilla NP,143,0.32448790586271953,0.32630102301752845,0.6755120754241943,0.6650866270065308,0.6755120754241943,0.6650866270065308
4,np_fixed,Vanilla NP,144,0.33443093380724737,0.33546908673389936,0.6655690670013428,0.655676543712616,0.6655690670013428,0.655676543712616
4,np_fixed,Vanilla NP,145,0.33112419344658073,0.33163404141285624,0.6688758134841919,0.659612774848938,0.6688758134841919,0.659612774848938
4,np_fixed,Vanilla NP,146,0.3275046399397443,0.327291363200476,0.6724953651428223,0.6640701293945312,0.6724953651428223,0.6640701293945312
4,np_fixed,Vanilla NP,147,0.34085410671640737,0.3435647374437761,0.6591458916664124,0.6473671793937683,0.6591458916664124,0.6473671793937683
4,np_fixed,Vanilla NP,148,0.33235951426417326,0.33336582086807076,0.6676404476165771,0.6578353047370911,0.6676404476165771,0.6578353047370911
4,np_fixed,Vanilla NP,149,0.32716329615245493,0.3323275784189387,0.6728367209434509,0.6589009761810303,0.6728367209434509,0.6589009761810303
4,np_fixed,Vanilla NP,150,0.3300621836453445,0.33391848345135533,0.6699378490447998,0.6572680473327637,0.6699378490447998,0.6572680473327637
4,np_fixed,Vanilla NP,151,0.3200970398363217,0.32485065002774083,0.679902970790863,0.6665751934051514,0.679902970790863,0.6665751934051514
4,np_fixed,Vanilla NP,152,0.3214574976022853,0.32595969517101614,0.6785424947738647,0.6654369235038757,0.6785424947738647,0.6654369235038757
4,np_fixed,Vanilla NP,153,0.4385433430357497,0.44710571590320086,0.5614566802978516,0.5410934090614319,0.5614566802978516,0.5410934090614319
4,np_fixed,Vanilla NP,154,0.3303442212731339,0.3343035943748415,0.6696557998657227,0.6568727493286133,0.6696557998657227,0.6568727493286133
4,np_fixed,Vanilla NP,155,0.32109954444937006,0.32587445752565253,0.678900420665741,0.6655244827270508,0.678900420665741,0.6655244827270508
4,np_fixed,Vanilla NP,156,0.33023762056069783,0.3361367798128793,0.669762372970581,0.6549912691116333,0.669762372970581,0.6549912691116333
4,np_fixed,Vanilla NP,157,0.31222070591856343,0.3122931178226027,0.6877793073654175,0.6794642210006714,0.6877793073654175,0.6794642210006714
4,np_fixed,Vanilla NP,158,0.35010903750279154,0.34820705975672994,0.6498909592628479,0.6426023244857788,0.6498909592628479,0.6426023244857788
4,np_fixed,Vanilla NP,159,0.31347229245097136,0.31240957813669545,0.6865277290344238,0.679344654083252,0.6865277290344238,0.679344654083252
4,np_fixed,Vanilla NP,160,0.3133419290069462,0.31405274096385455,0.6866580843925476,0.6776581406593323,0.6866580843925476,0.6776581406593323
4,np_fixed,Vanilla NP,161,0.31117343486741533,0.3130367363608161,0.6888265609741211,0.6787009239196777,0.6888265609741211,0.6787009239196777
4,np_fixed,Vanilla NP,162,0.320295442906461,0.32369929205539616,0.6797045469284058,0.667756974697113,0.6797045469284058,0.667756974697113
4,np_fixed,Vanilla NP,163,0.34406088442765465,0.34176641101985017,0.6559391021728516,0.6492130756378174,0.6559391021728516,0.6492130756378174
4,np_fixed,Vanilla NP,164,0.3381434852300688,0.3416801607886026,0.661856472492218,0.6493015289306641,0.661856472492218,0.6493015289306641
4,np_fixed,Vanilla NP,165,0.3150906477325646,0.3168852028920669,0.6849093437194824,0.6747509241104126,0.6849093437194824,0.6747509241104126
4,np_fixed,Vanilla NP,166,0.3190844650416411,0.32012662291526794,0.6809155344963074,0.6714239716529846,0.6809155344963074,0.6714239716529846
4,np_fixed,Vanilla NP,167,0.3199767435705939,0.32386238214581514,0.6800232529640198,0.6675896048545837,0.6800232529640198,0.6675896048545837
4,np_fixed,Vanilla NP,168,0.3184225503788438,0.32063415923783944,0.6815774440765381,0.6709030270576477,0.6815774440765381,0.6709030270576477
4,np_fixed,Vanilla NP,169,0.38236690722694694,0.38613165164178653,0.6176331043243408,0.6036767959594727,0.6176331043243408,0.6036767959594727
4,np_fixed,Vanilla NP,170,0.3087182307197142,0.3086751073367836,0.691281795501709,0.6831777095794678,0.691281795501709,0.6831777095794678
4,np_fixed,Vanilla NP,171,0.34645156030969104,0.3450827078763829,0.6535484194755554,0.6458091735839844,0.6535484194755554,0.6458091735839844
4,np_fixed,Vanilla NP,172,0.32945636596328526,0.33266077346579975,0.6705436706542969,0.6585589647293091,0.6705436706542969,0.6585589647293091
4,np_fixed,Vanilla NP,173,0.3141103598267533,0.31499106847038566,0.6858896017074585,0.6766950488090515,0.6858896017074585,0.6766950488090515
4,np_fixed,Vanilla NP,174,0.4556562265222387,0.46246384904366133,0.5443437695503235,0.5253298878669739,0.5443437695503235,0.5253298878669739
4,np_fixed,Vanilla NP,175,0.3242929367594017,0.32751173889914226,0.6757070422172546,0.6638438701629639,0.6757070422172546,0.6638438701629639
4,np_fixed,Vanilla NP,176,0.353394676548566,0.35852215132972065,0.6466053128242493,0.6320149898529053,0.6466053128242493,0.6320149898529053
4,np_fixed,Vanilla NP,177,0.32798043216845785,0.3309254073357397,0.6720196008682251,0.6603401303291321,0.6720196008682251,0.6603401303291321
4,np_fixed,Vanilla NP,178,0.33018212078153625,0.32858034067375713,0.6698178648948669,0.6627471446990967,0.6698178648948669,0.6627471446990967
4,np_fixed,Vanilla NP,179,0.32871972336325533,0.33106048439824304,0.6712802648544312,0.6602015495300293,0.6712802648544312,0.6602015495300293
4,np_fixed,Vanilla NP,180,0.30849809193795963,0.30685532647509906,0.6915019154548645,0.6850454807281494,0.6915019154548645,0.6850454807281494
4,np_fixed,Vanilla NP,181,0.31489854565886566,0.31369632043579754,0.6851015090942383,0.6780239939689636,0.6851015090942383,0.6780239939689636
4,np_fixed,Vanilla NP,182,0.34747373514859253,0.34264083980589877,0.6525262594223022,0.6483155488967896,0.6525262594223022,0.6483155488967896
4,np_fixed,Vanilla NP,183,0.36893498712731887,0.3639131876849389,0.6310650110244751,0.6264817118644714,0.6310650110244751,0.6264817118644714
4,np_fixed,Vanilla NP,184,0.3120090949905011,0.3105603172335514,0.6879909038543701,0.6812427639961243,0.6879909038543701,0.6812427639961243
4,np_fixed,Vanilla NP,185,0.3623083381689796,0.35804140105728033,0.6376916170120239,0.632508397102356,0.6376916170120239,0.632508397102356
4,np_fixed,Vanilla NP,186,0.37134962442309355,0.3683943060017371,0.6286503672599792,0.6218823194503784,0.6286503672599792,0.6218823194503784
4,np_fixed,Vanilla NP,187,0.31816171386907266,0.31856236139009164,0.6818382740020752,0.6730295419692993,0.6818382740020752,0.6730295419692993
4,np_fixed,Vanilla NP,188,0.5991623697354812,0.5925754447316014,0.40083760023117065,0.391784131526947,0.40083760023117065,0.391784131526947
4,np_fixed,Vanilla NP,189,0.3525993066240651,0.35652174644692,0.6474007368087769,0.6340682506561279,0.6474007368087769,0.6340682506561279
4,np_fixed,Vanilla NP,190,0.35599927812121634,0.3607602281163829,0.6440006494522095,0.6297178268432617,0.6440006494522095,0.6297178268432617
4,np_fixed,Vanilla NP,191,0.3114671615898147,0.31103850843370423,0.688532829284668,0.6807519197463989,0.688532829284668,0.6807519197463989
4,np_fixed,Vanilla NP,192,0.36176784937233886,0.363885233337565,0.6382321119308472,0.6265103816986084,0.6382321119308472,0.6265103816986084
4,np_fixed,Vanilla NP,193,0.3469447115826052,0.3488494938658189,0.6530553102493286,0.6419429779052734,0.6530553102493286,0.6419429779052734
4,np_fixed,Vanilla NP,194,0.3068083725696386,0.3080183840537256,0.693191647529602,0.6838517189025879,0.693191647529602,0.6838517189025879
4,np_fixed,Vanilla NP,195,0.317503152891647,0.31669180915337203,0.6824969053268433,0.6749494075775146,0.6824969053268433,0.6749494075775146
4,np_fixed,Vanilla NP,196,0.3407192181709201,0.33481653323469235,0.6592807769775391,0.656346321105957,0.6592807769775391,0.656346321105957
4,np_fixed,Vanilla NP,197,0.421647241411283,0.42723046439562656,0.5783528089523315,0.5614932775497437,0.5783528089523315,0.5614932775497437
4,np_fixed,Vanilla NP,198,0.37924335330955744,0.3756779492363449,0.6207566261291504,0.6144063472747803,0.6207566261291504,0.6144063472747803
4,np_fixed,Vanilla NP,199,0.3047700485055761,0.30581992402557256,0.6952299475669861,0.6861082315444946,0.6952299475669861,0.6861082315444946
4,np_fixed,Vanilla NP,200,0.36148390890091886,0.36025159673173296,0.6385161280632019,0.6302399635314941,0.6385161280632019,0.6302399635314941
4,np_fan_in,Fan-in NP,1,1.1538429056951243,1.115265822225763,-0.15384304523468018,-0.14470219612121582,-0.15384304523468018,-0.14470219612121582
4,np_fan_in,Fan-in NP,2,0.958512685095617,0.9386073286219161,0.04148721694946289,0.03661900758743286,0.04148721694946289,0.03661900758743286
4,np_fan_in,Fan-in NP,3,1.1351916346439095,1.1295602414035057,-0.1351916790008545,-0.15937387943267822,-0.1351916790008545,-0.15937387943267822
4,np_fan_in,Fan-in NP,4,0.8940594847812209,0.88063273550004,0.10594046115875244,0.09612387418746948,0.10594046115875244,0.09612387418746948
4,np_fan_in,Fan-in NP,5,0.889630773270777,0.8690757788428964,0.11036920547485352,0.10798585414886475,0.11036920547485352,0.10798585414886475
4,np_fan_in,Fan-in NP,6,0.7979687923608825,0.7934449144112047,0.20203125476837158,0.1856129765510559,0.20203125476837158,0.1856129765510559
4,np_fan_in,Fan-in NP,7,0.7338444498158241,0.7264133784198021,0.2661556005477905,0.2544136047363281,0.2661556005477905,0.2544136047363281
4,np_fan_in,Fan-in NP,8,0.6219123172205548,0.6282087656878685,0.3780876398086548,0.3552103042602539,0.3780876398086548,0.3552103042602539
4,np_fan_in,Fan-in NP,9,0.5653444140456444,0.57546556712121,0.4346556067466736,0.4093455672264099,0.4346556067466736,0.4093455672264099
4,np_fan_in,Fan-in NP,10,0.5472259932710218,0.5606441100438436,0.4527740478515625,0.42455828189849854,0.4527740478515625,0.42455828189849854
4,np_fan_in,Fan-in NP,11,0.5247668372106182,0.543251364037048,0.47523313760757446,0.44241011142730713,0.47523313760757446,0.44241011142730713
4,np_fan_in,Fan-in NP,12,0.5086939889331197,0.526544078375942,0.49130600690841675,0.45955830812454224,0.49130600690841675,0.45955830812454224
4,np_fan_in,Fan-in NP,13,0.5154055754343668,0.5364993709002355,0.4845944046974182,0.449340283870697,0.4845944046974182,0.449340283870697
4,np_fan_in,Fan-in NP,14,0.47516607776168707,0.49647303745728133,0.5248339176177979,0.4904230833053589,0.5248339176177979,0.4904230833053589
4,np_fan_in,Fan-in NP,15,0.4916239579518636,0.5099608840406403,0.5083760619163513,0.4765791893005371,0.5083760619163513,0.4765791893005371
4,np_fan_in,Fan-in NP,16,0.4927064843418062,0.5166157437849415,0.5072935223579407,0.46974867582321167,0.5072935223579407,0.46974867582321167
4,np_fan_in,Fan-in NP,17,0.5589381218418594,0.5739955555560977,0.4410618543624878,0.41085439920425415,0.4410618543624878,0.41085439920425415
4,np_fan_in,Fan-in NP,18,0.4568021124185518,0.4779551646044088,0.5431978702545166,0.5094296932220459,0.5431978702545166,0.5094296932220459
4,np_fan_in,Fan-in NP,19,0.49249700451082035,0.5106044878331266,0.5075029730796814,0.47591859102249146,0.5075029730796814,0.47591859102249146
4,np_fan_in,Fan-in NP,20,0.4525271233662154,0.47056733291278513,0.5474728345870972,0.5170124769210815,0.5474728345870972,0.5170124769210815
4,np_fan_in,Fan-in NP,21,0.5279531280199686,0.551356163828872,0.4720468521118164,0.4340912699699402,0.4720468521118164,0.4340912699699402
4,np_fan_in,Fan-in NP,22,0.4463362867055937,0.4660740199015122,0.5536637306213379,0.5216244459152222,0.5536637306213379,0.5216244459152222
4,np_fan_in,Fan-in NP,23,0.42560406387314315,0.4421386815780817,0.5743959546089172,0.5461914539337158,0.5743959546089172,0.5461914539337158
4,np_fan_in,Fan-in NP,24,0.440696293762488,0.4548698404962702,0.5593037605285645,0.5331243276596069,0.5593037605285645,0.5331243276596069
4,np_fan_in,Fan-in NP,25,0.4329579893008683,0.44838207359461824,0.5670419931411743,0.5397833585739136,0.5670419931411743,0.5397833585739136
4,np_fan_in,Fan-in NP,26,0.44902926683425903,0.4688091312730035,0.5509707927703857,0.5188171863555908,0.5509707927703857,0.5188171863555908
4,np_fan_in,Fan-in NP,27,0.4632716218168421,0.47850399146708406,0.5367283821105957,0.5088663697242737,0.5367283821105957,0.5088663697242737
4,np_fan_in,Fan-in NP,28,0.4556887884472692,0.4695312704226767,0.5443112254142761,0.5180759429931641,0.5443112254142761,0.5180759429931641
4,np_fan_in,Fan-in NP,29,0.4401745059231455,0.4552938129550727,0.5598254203796387,0.5326891541481018,0.5598254203796387,0.5326891541481018
4,np_fan_in,Fan-in NP,30,0.4305860019007394,0.44283508330352545,0.5694140195846558,0.5454767346382141,0.5694140195846558,0.5454767346382141
4,np_fan_in,Fan-in NP,31,0.4301199007403943,0.44351200077884884,0.5698801279067993,0.5447819232940674,0.5698801279067993,0.5447819232940674
4,np_fan_in,Fan-in NP,32,0.42232530569845395,0.4378883642281673,0.5776746869087219,0.5505539774894714,0.5776746869087219,0.5505539774894714
4,np_fan_in,Fan-in NP,33,0.42407776796540547,0.43482189515764397,0.5759221911430359,0.5537014007568359,0.5759221911430359,0.5537014007568359
4,np_fan_in,Fan-in NP,34,0.42842059253260145,0.4377739896145902,0.5715793967247009,0.5506714582443237,0.5715793967247009,0.5506714582443237
4,np_fan_in,Fan-in NP,35,0.41689904877381734,0.4308797763299572,0.5831009149551392,0.5577475428581238,0.5831009149551392,0.5577475428581238
4,np_fan_in,Fan-in NP,36,0.41740657562433287,0.4292700392331264,0.5825934410095215,0.5593997836112976,0.5825934410095215,0.5593997836112976
4,np_fan_in,Fan-in NP,37,0.5240887472795885,0.5401548142581023,0.4759112596511841,0.4455883502960205,0.4759112596511841,0.4455883502960205
4,np_fan_in,Fan-in NP,38,0.5115478731865106,0.5159294956414274,0.4884521961212158,0.47045308351516724,0.4884521961212158,0.47045308351516724
4,np_fan_in,Fan-in NP,39,0.5524582081986952,0.5704188145870386,0.44754183292388916,0.41452550888061523,0.44754183292388916,0.41452550888061523
4,np_fan_in,Fan-in NP,40,0.4640456770741662,0.48045277456904567,0.5359543561935425,0.5068660974502563,0.5359543561935425,0.5068660974502563
4,np_fan_in,Fan-in NP,41,0.40929397663404776,0.41810709954232206,0.5907059907913208,0.5708574056625366,0.5907059907913208,0.5708574056625366
4,np_fan_in,Fan-in NP,42,0.4058695597242015,0.41827708667562913,0.5941304564476013,0.5706830024719238,0.5941304564476013,0.5706830024719238
4,np_fan_in,Fan-in NP,43,0.48516808554183605,0.4929471293161082,0.5148319005966187,0.4940420389175415,0.5148319005966187,0.4940420389175415
4,np_fan_in,Fan-in NP,44,0.41821611343428144,0.4331116385238115,0.5817838907241821,0.5554567575454712,0.5817838907241821,0.5554567575454712
4,np_fan_in,Fan-in NP,45,0.42168235663295717,0.4300695750140405,0.5783176422119141,0.5585792064666748,0.5783176422119141,0.5585792064666748
4,np_fan_in,Fan-in NP,46,0.4064920214257499,0.41858833751013114,0.5935078859329224,0.5703634023666382,0.5935078859329224,0.5703634023666382
4,np_fan_in,Fan-in NP,47,0.4058570332767427,0.4167302370995514,0.5941429734230042,0.5722705721855164,0.5941429734230042,0.5722705721855164
4,np_fan_in,Fan-in NP,48,0.4040949997282767,0.41608962208725686,0.5959049463272095,0.5729281306266785,0.5959049463272095,0.5729281306266785
4,np_fan_in,Fan-in NP,49,0.47623366487118624,0.48383926236352254,0.5237663388252258,0.5033903121948242,0.5237663388252258,0.5033903121948242
4,np_fan_in,Fan-in NP,50,0.4122748141602952,0.42926051681355915,0.5877251625061035,0.5594096183776855,0.5877251625061035,0.5594096183776855
4,np_fan_in,Fan-in NP,51,0.42300673649292586,0.4391903965048088,0.5769932866096497,0.5492175817489624,0.5769932866096497,0.5492175817489624
4,np_fan_in,Fan-in NP,52,0.39895228995371235,0.41336995917697283,0.6010477542877197,0.5757194757461548,0.6010477542877197,0.5757194757461548
4,np_fan_in,Fan-in NP,53,0.39366273963174153,0.40371956381686896,0.606337308883667,0.5856246948242188,0.606337308883667,0.5856246948242188
4,np_fan_in,Fan-in NP,54,0.4118986341149308,0.41952435360398405,0.5881013870239258,0.5694026947021484,0.5881013870239258,0.5694026947021484
4,np_fan_in,Fan-in NP,55,0.5287710578404656,0.5501565166222032,0.4712289571762085,0.435322642326355,0.4712289571762085,0.435322642326355
4,np_fan_in,Fan-in NP,56,0.4430616694365361,0.4505373602227647,0.5569383502006531,0.5375711917877197,0.5569383502006531,0.5375711917877197
4,np_fan_in,Fan-in NP,57,0.39539539640726046,0.4063663020614506,0.6046046018600464,0.582908034324646,0.6046046018600464,0.582908034324646
4,np_fan_in,Fan-in NP,58,0.4326954130516496,0.43552201293235604,0.5673046112060547,0.5529828071594238,0.5673046112060547,0.5529828071594238
4,np_fan_in,Fan-in NP,59,0.38858910170636435,0.39595698270686835,0.6114108562469482,0.5935921669006348,0.6114108562469482,0.5935921669006348
4,np_fan_in,Fan-in NP,60,0.3864462585874306,0.3924494843150294,0.6135537624359131,0.5971921682357788,0.6135537624359131,0.5971921682357788
4,np_fan_in,Fan-in NP,61,0.391178055327068,0.39645884526792424,0.6088219881057739,0.5930770039558411,0.6088219881057739,0.5930770039558411
4,np_fan_in,Fan-in NP,62,0.39511476330054823,0.4005378972190295,0.6048852205276489,0.5888903141021729,0.6048852205276489,0.5888903141021729
4,np_fan_in,Fan-in NP,63,0.4228760065265404,0.4252389119577038,0.5771239995956421,0.5635373592376709,0.5771239995956421,0.5635373592376709
4,np_fan_in,Fan-in NP,64,0.41830860921578816,0.4231927704441455,0.5816913843154907,0.565637469291687,0.5816913843154907,0.565637469291687
4,np_fan_in,Fan-in NP,65,0.40254416518895203,0.4142779839593311,0.5974557995796204,0.5747876167297363,0.5974557995796204,0.5747876167297363
4,np_fan_in,Fan-in NP,66,0.38657982993957607,0.39131303905516635,0.6134201884269714,0.5983586311340332,0.6134201884269714,0.5983586311340332
4,np_fan_in,Fan-in NP,67,0.3950099328229594,0.39802497602248377,0.6049900650978088,0.5914695858955383,0.6049900650978088,0.5914695858955383
4,np_fan_in,Fan-in NP,68,0.37410773117412893,0.3798168123692505,0.6258922219276428,0.6101583242416382,0.6258922219276428,0.6101583242416382
4,np_fan_in,Fan-in NP,69,0.4295157929954603,0.4357080928577009,0.5704842805862427,0.5527918338775635,0.5704842805862427,0.5527918338775635
4,np_fan_in,Fan-in NP,70,0.394291874974273,0.40548473642778027,0.605708122253418,0.5838128924369812,0.605708122253418,0.5838128924369812
4,np_fan_in,Fan-in NP,71,0.40626300166743673,0.4174288132394007,0.593737006187439,0.5715535879135132,0.593737006187439,0.5715535879135132
4,np_fan_in,Fan-in NP,72,0.37375554465508276,0.37960624602413917,0.6262444257736206,0.6103744506835938,0.6262444257736206,0.6103744506835938
4,np_fan_in,Fan-in NP,73,0.43116834228352985,0.4415502386499745,0.5688316822052002,0.5467954874038696,0.5688316822052002,0.5467954874038696
4,np_fan_in,Fan-in NP,74,0.4329011558100235,0.4352965615978537,0.5670987963676453,0.5532141923904419,0.5670987963676453,0.5532141923904419
4,np_fan_in,Fan-in NP,75,0.3711456152819848,0.37671807708666305,0.6288543939590454,0.613338828086853,0.6288543939590454,0.613338828086853
4,np_fan_in,Fan-in NP,76,0.37414283368938656,0.37842926082685013,0.6258571147918701,0.6115825176239014,0.6258571147918701,0.6115825176239014
4,np_fan_in,Fan-in NP,77,0.36848574437836346,0.37486770587374074,0.6315141916275024,0.6152380704879761,0.6315141916275024,0.6152380704879761
4,np_fan_in,Fan-in NP,78,0.41600728635640105,0.4167476314906926,0.5839927196502686,0.572252631187439,0.5839927196502686,0.572252631187439
4,np_fan_in,Fan-in NP,79,0.4085918219052544,0.40947393021842304,0.5914081335067749,0.5797184705734253,0.5914081335067749,0.5797184705734253
4,np_fan_in,Fan-in NP,80,0.3809216038663258,0.3840495726858923,0.6190783977508545,0.6058138608932495,0.6190783977508545,0.6058138608932495
4,np_fan_in,Fan-in NP,81,0.3716586800508721,0.37780635740405827,0.6283413171768188,0.6122218370437622,0.6283413171768188,0.6122218370437622
4,np_fan_in,Fan-in NP,82,0.3771500679873681,0.3830544620521309,0.6228499412536621,0.6068351864814758,0.6228499412536621,0.6068351864814758
4,np_fan_in,Fan-in NP,83,0.36663775989251546,0.3725008132845856,0.6333621740341187,0.6176674365997314,0.6333621740341187,0.6176674365997314
4,np_fan_in,Fan-in NP,84,0.5315635238969049,0.5466278407924859,0.46843641996383667,0.4389444589614868,0.46843641996383667,0.4389444589614868
4,np_fan_in,Fan-in NP,85,0.3983462604210358,0.4082424113916796,0.6016536951065063,0.5809824466705322,0.6016536951065063,0.5809824466705322
4,np_fan_in,Fan-in NP,86,0.41000883038653885,0.40881457324175874,0.5899911522865295,0.5803951025009155,0.5899911522865295,0.5803951025009155
4,np_fan_in,Fan-in NP,87,0.36244814097881317,0.36802151845407116,0.6375517845153809,0.6222649812698364,0.6375517845153809,0.6222649812698364
4,np_fan_in,Fan-in NP,88,0.36384133382361067,0.3686539306659107,0.6361587047576904,0.6216157674789429,0.6361587047576904,0.6216157674789429
4,np_fan_in,Fan-in NP,89,0.35656766720520433,0.36498297000116153,0.6434323191642761,0.6253836154937744,0.6434323191642761,0.6253836154937744
4,np_fan_in,Fan-in NP,90,0.3697397745856943,0.3792831980904868,0.6302602291107178,0.6107059717178345,0.6302602291107178,0.6107059717178345
4,np_fan_in,Fan-in NP,91,0.3844224193761515,0.3857165651265965,0.6155775785446167,0.6041028499603271,0.6155775785446167,0.6041028499603271
4,np_fan_in,Fan-in NP,92,0.38912537047105245,0.3894337542759356,0.6108746528625488,0.6002874970436096,0.6108746528625488,0.6002874970436096
4,np_fan_in,Fan-in NP,93,0.3578459461067998,0.36564661897430123,0.6421540975570679,0.6247024536132812,0.6421540975570679,0.6247024536132812
4,np_fan_in,Fan-in NP,94,0.35266591851101364,0.3573291505029959,0.647334098815918,0.6332395076751709,0.647334098815918,0.6332395076751709
4,np_fan_in,Fan-in NP,95,0.36256937821244084,0.3632638463678286,0.6374305486679077,0.6271481513977051,0.6374305486679077,0.6271481513977051
4,np_fan_in,Fan-in NP,96,0.3847840333631796,0.38496646724006,0.6152159571647644,0.6048727035522461,0.6152159571647644,0.6048727035522461
4,np_fan_in,Fan-in NP,97,0.358988553054573,0.36685988514922385,0.6410114765167236,0.6234571933746338,0.6410114765167236,0.6234571933746338
4,np_fan_in,Fan-in NP,98,0.3542893228604812,0.3604291744472444,0.6457107067108154,0.630057692527771,0.6457107067108154,0.630057692527771
4,np_fan_in,Fan-in NP,99,0.3546865460022475,0.358999864075535,0.6453135013580322,0.6315246820449829,0.6453135013580322,0.6315246820449829
4,np_fan_in,Fan-in NP,100,0.3558803824491279,0.35792577012564786,0.6441196203231812,0.6326271295547485,0.6441196203231812,0.6326271295547485
4,np_fan_in,Fan-in NP,101,0.41796455572741903,0.42070402216541675,0.5820354223251343,0.5681918859481812,0.5820354223251343,0.5681918859481812
4,np_fan_in,Fan-in NP,102,0.3491195678248886,0.35432905790417696,0.6508804559707642,0.6363188028335571,0.6508804559707642,0.6363188028335571
4,np_fan_in,Fan-in NP,103,0.6043046735977942,0.5961196977038716,0.3956953287124634,0.3881462812423706,0.3956953287124634,0.3881462812423706
4,np_fan_in,Fan-in NP,104,0.38203864920046904,0.3900929717130439,0.6179613471031189,0.5996109247207642,0.6179613471031189,0.5996109247207642
4,np_fan_in,Fan-in NP,105,0.4230356925679732,0.43345385096793954,0.5769643187522888,0.5551055669784546,0.5769643187522888,0.5551055669784546
4,np_fan_in,Fan-in NP,106,0.3664061683554982,0.37742834590202157,0.6335937976837158,0.6126098036766052,0.6335937976837158,0.6126098036766052
4,np_fan_in,Fan-in NP,107,0.3420731828425282,0.34749308228492737,0.6579267978668213,0.6433351635932922,0.6579267978668213,0.6433351635932922
4,np_fan_in,Fan-in NP,108,0.35924893167129784,0.36853753157364305,0.6407510638237,0.6217352747917175,0.6407510638237,0.6217352747917175
4,np_fan_in,Fan-in NP,109,0.3413431533547335,0.34832283762074256,0.6586568355560303,0.6424835324287415,0.6586568355560303,0.6424835324287415
4,np_fan_in,Fan-in NP,110,0.3437243755473647,0.350683004357094,0.6562756299972534,0.6400610208511353,0.6562756299972534,0.6400610208511353
4,np_fan_in,Fan-in NP,111,0.3489343960617864,0.35721669363421066,0.6510655879974365,0.6333549618721008,0.6510655879974365,0.6333549618721008
4,np_fan_in,Fan-in NP,112,0.38405986211096593,0.3838636533234471,0.6159402132034302,0.6060045957565308,0.6159402132034302,0.6060045957565308
4,np_fan_in,Fan-in NP,113,0.3333646479503129,0.33713090489077013,0.6666353940963745,0.6539708375930786,0.6666353940963745,0.6539708375930786
4,np_fan_in,Fan-in NP,114,0.3405855120152466,0.34510113656982894,0.6594144701957703,0.6457902193069458,0.6594144701957703,0.6457902193069458
4,np_fan_in,Fan-in NP,115,0.334294726451238,0.335043717031331,0.6657052636146545,0.6561131477355957,0.6657052636146545,0.6561131477355957
4,np_fan_in,Fan-in NP,116,0.33358228495416714,0.33729413475177084,0.6664177179336548,0.653803288936615,0.6664177179336548,0.653803288936615
4,np_fan_in,Fan-in NP,117,0.35206256656683693,0.3540674970131512,0.6479374170303345,0.6365872621536255,0.6479374170303345,0.6365872621536255
4,np_fan_in,Fan-in NP,118,0.3321482513764108,0.3356424352919409,0.6678518056869507,0.6554986238479614,0.6678518056869507,0.6554986238479614
4,np_fan_in,Fan-in NP,119,0.33597229109253995,0.3379924567632897,0.6640276908874512,0.6530866026878357,0.6640276908874512,0.6530866026878357
4,np_fan_in,Fan-in NP,120,0.33280293308487235,0.33491209611412165,0.6671971082687378,0.6562482118606567,0.6671971082687378,0.6562482118606567
4,np_fan_in,Fan-in NP,121,0.3514125296311785,0.35102084071137185,0.6485874652862549,0.6397143602371216,0.6485874652862549,0.6397143602371216
4,np_fan_in,Fan-in NP,122,0.35175414649091025,0.3585603214049524,0.6482458710670471,0.6319758892059326,0.6482458710670471,0.6319758892059326
4,np_fan_in,Fan-in NP,123,0.32991462622502055,0.3320082846538041,0.6700853705406189,0.6592286825180054,0.6700853705406189,0.6592286825180054
4,np_fan_in,Fan-in NP,124,0.33677306944547697,0.3379919475825258,0.6632269620895386,0.6530871391296387,0.6632269620895386,0.6530871391296387
4,np_fan_in,Fan-in NP,125,0.38905330868654475,0.38872650820155474,0.6109466552734375,0.6010134220123291,0.6109466552734375,0.6010134220123291
4,np_fan_in,Fan-in NP,126,0.3300248800322067,0.33536529795143954,0.6699751615524292,0.6557830572128296,0.6699751615524292,0.6557830572128296
4,np_fan_in,Fan-in NP,127,0.33695489768834075,0.3415958969167961,0.6630451679229736,0.6493879556655884,0.6630451679229736,0.6493879556655884
4,np_fan_in,Fan-in NP,128,0.33442652133084083,0.3403400910455127,0.6655734777450562,0.650676965713501,0.6655734777450562,0.650676965713501
4,np_fan_in,Fan-in NP,129,0.3431441031916197,0.35176282982493556,0.6568558812141418,0.6389527320861816,0.6568558812141418,0.6389527320861816
4,np_fan_in,Fan-in NP,130,0.3630152832168017,0.36481116307798284,0.6369847059249878,0.6255600452423096,0.6369847059249878,0.6255600452423096
4,np_fan_in,Fan-in NP,131,0.37428446818691813,0.3755082266275273,0.6257154941558838,0.6145806312561035,0.6257154941558838,0.6145806312561035
4,np_fan_in,Fan-in NP,132,0.33039925079937127,0.3355508770129477,0.6696007251739502,0.6555925607681274,0.6696007251739502,0.6555925607681274
4,np_fan_in,Fan-in NP,133,0.40002143429231274,0.40204231244649075,0.5999785661697388,0.5873461961746216,0.5999785661697388,0.5873461961746216
4,np_fan_in,Fan-in NP,134,0.328392923224804,0.3334312700023947,0.6716070175170898,0.6577681303024292,0.6716070175170898,0.6577681303024292
4,np_fan_in,Fan-in NP,135,0.3610111615916555,0.36989236709683443,0.6389888525009155,0.6203446984291077,0.6389888525009155,0.6203446984291077
4,np_fan_in,Fan-in NP,136,0.32722470557042793,0.3312809014505194,0.6727752685546875,0.6599752902984619,0.6727752685546875,0.6599752902984619
4,np_fan_in,Fan-in NP,137,0.3469253321026647,0.34808308255764864,0.6530746817588806,0.642729640007019,0.6530746817588806,0.642729640007019
4,np_fan_in,Fan-in NP,138,0.3309350515058798,0.3384146071219629,0.669064998626709,0.6526532173156738,0.669064998626709,0.6526532173156738
4,np_fan_in,Fan-in NP,139,0.325914391713549,0.3298482522945996,0.6740856170654297,0.661445677280426,0.6740856170654297,0.661445677280426
4,np_fan_in,Fan-in NP,140,0.3397296369075775,0.3492551873358645,0.6602703928947449,0.6415265798568726,0.6602703928947449,0.6415265798568726
4,np_fan_in,Fan-in NP,141,0.3384225244900977,0.340789794921875,0.6615774631500244,0.6502153873443604,0.6615774631500244,0.6502153873443604
4,np_fan_in,Fan-in NP,142,0.3281936703264251,0.33079551333604856,0.6718063354492188,0.6604734659194946,0.6718063354492188,0.6604734659194946
4,np_fan_in,Fan-in NP,143,0.33591325361599295,0.3419239299241887,0.6640868186950684,0.649051308631897,0.6640868186950684,0.649051308631897
4,np_fan_in,Fan-in NP,144,0.3333092293767042,0.33644213972165604,0.6666907072067261,0.6546778082847595,0.6666907072067261,0.6546778082847595
4,np_fan_in,Fan-in NP,145,0.3313305883906608,0.3332278576008109,0.6686694622039795,0.6579768657684326,0.6686694622039795,0.6579768657684326
4,np_fan_in,Fan-in NP,146,0.32084958509419315,0.3248926655266636,0.6791504621505737,0.6665321588516235,0.6791504621505737,0.6665321588516235
4,np_fan_in,Fan-in NP,147,0.36348066634910053,0.36972792180933695,0.6365193128585815,0.6205134987831116,0.6365193128585815,0.6205134987831116
4,np_fan_in,Fan-in NP,148,0.34647243729857513,0.34681261463682783,0.6535276174545288,0.644033670425415,0.6535276174545288,0.644033670425415
4,np_fan_in,Fan-in NP,149,0.32724627529003825,0.33293612636336983,0.6727536916732788,0.658276379108429,0.6727536916732788,0.658276379108429
4,np_fan_in,Fan-in NP,150,0.325784027114395,0.329958123061084,0.6742159724235535,0.6613329648971558,0.6742159724235535,0.6613329648971558
4,np_fan_in,Fan-in NP,151,0.3232222421224727,0.32707990786825963,0.676777720451355,0.6642872095108032,0.676777720451355,0.6642872095108032
4,np_fan_in,Fan-in NP,152,0.3345914707165356,0.3392326212668604,0.6654084920883179,0.6518136262893677,0.6654084920883179,0.6518136262893677
4,np_fan_in,Fan-in NP,153,0.43799422669780347,0.4456424311149952,0.5620057582855225,0.5425952672958374,0.5620057582855225,0.5425952672958374
4,np_fan_in,Fan-in NP,154,0.32505514617114106,0.32830985987833305,0.6749448776245117,0.6630247831344604,0.6749448776245117,0.6630247831344604
4,np_fan_in,Fan-in NP,155,0.332121669553047,0.3349870286246603,0.6678783893585205,0.6561713218688965,0.6678783893585205,0.6561713218688965
4,np_fan_in,Fan-in NP,156,0.3340807933677999,0.3386679428030354,0.6659191846847534,0.6523932814598083,0.6659191846847534,0.6523932814598083
4,np_fan_in,Fan-in NP,157,0.3218330914197966,0.322802848825159,0.678166925907135,0.6686770915985107,0.678166925907135,0.6686770915985107
4,np_fan_in,Fan-in NP,158,0.3184204552062722,0.3216098191202149,0.6815795302391052,0.6699016094207764,0.6815795302391052,0.6699016094207764
4,np_fan_in,Fan-in NP,159,0.32108217766580655,0.32428384358568707,0.6789178252220154,0.6671570539474487,0.6789178252220154,0.6671570539474487
4,np_fan_in,Fan-in NP,160,0.31620920582335127,0.31815837496934934,0.6837908029556274,0.6734441518783569,0.6837908029556274,0.6734441518783569
4,np_fan_in,Fan-in NP,161,0.3197977984136389,0.322375252958416,0.6802021861076355,0.6691160202026367,0.6802021861076355,0.6691160202026367
4,np_fan_in,Fan-in NP,162,0.32120428228563114,0.32371245162893636,0.6787956953048706,0.667743444442749,0.6787956953048706,0.667743444442749
4,np_fan_in,Fan-in NP,163,0.3442039517469184,0.3432475111281225,0.6557960510253906,0.647692859172821,0.6557960510253906,0.647692859172821
4,np_fan_in,Fan-in NP,164,0.33846970006477,0.34354233487631924,0.6615303158760071,0.6473902463912964,0.6615303158760071,0.6473902463912964
4,np_fan_in,Fan-in NP,165,0.3337561289469401,0.3349120836387309,0.666243851184845,0.6562482118606567,0.666243851184845,0.6562482118606567
4,np_fan_in,Fan-in NP,166,0.3430512785449509,0.3422119827695595,0.6569487452507019,0.648755669593811,0.6569487452507019,0.648755669593811
4,np_fan_in,Fan-in NP,167,0.3305466515842334,0.33413200438484664,0.6694533824920654,0.6570489406585693,0.6694533824920654,0.6570489406585693
4,np_fan_in,Fan-in NP,168,0.323651271619538,0.32530842294064605,0.6763486862182617,0.6661053895950317,0.6763486862182617,0.6661053895950317
4,np_fan_in,Fan-in NP,169,0.36448660539102185,0.368534199027128,0.635513424873352,0.6217387318611145,0.635513424873352,0.6217387318611145
4,np_fan_in,Fan-in NP,170,0.31994396297968636,0.32182401418685913,0.6800559759140015,0.6696817874908447,0.6800559759140015,0.6696817874908447
4,np_fan_in,Fan-in NP,171,0.33371209428291915,0.33492145473642865,0.6662879586219788,0.6562386155128479,0.6662879586219788,0.6562386155128479
4,np_fan_in,Fan-in NP,172,0.36287600287171295,0.3705229029174923,0.6371240019798279,0.6196975111961365,0.6371240019798279,0.6196975111961365
4,np_fan_in,Fan-in NP,173,0.3280342369116554,0.33317409097686296,0.6719657778739929,0.6580320596694946,0.6719657778739929,0.6580320596694946
4,np_fan_in,Fan-in NP,174,0.4359464287295822,0.4464809818323268,0.5640535354614258,0.5417345762252808,0.5640535354614258,0.5417345762252808
4,np_fan_in,Fan-in NP,175,0.33575352622095006,0.3432360767394073,0.6642464995384216,0.6477046012878418,0.6642464995384216,0.6477046012878418
4,np_fan_in,Fan-in NP,176,0.40333557359932004,0.4128231960673665,0.5966644287109375,0.5762807130813599,0.5966644287109375,0.5762807130813599
4,np_fan_in,Fan-in NP,177,0.330713759097018,0.3342519834522129,0.6692862510681152,0.6569257974624634,0.6692862510681152,0.6569257974624634
4,np_fan_in,Fan-in NP,178,0.31853518964246264,0.32065470851669015,0.6814647912979126,0.670881986618042,0.6814647912979126,0.670881986618042
4,np_fan_in,Fan-in NP,179,0.3350820187912431,0.33930525276087975,0.6649180054664612,0.6517391204833984,0.6649180054664612,0.6517391204833984
4,np_fan_in,Fan-in NP,180,0.3151011965995611,0.3139079675193905,0.6848987936973572,0.6778067350387573,0.6848987936973572,0.6778067350387573
4,np_fan_in,Fan-in NP,181,0.32602657239104427,0.32519581636717154,0.6739734411239624,0.6662209033966064,0.6739734411239624,0.6662209033966064
4,np_fan_in,Fan-in NP,182,0.3406496750291928,0.33633840869563497,0.6593502759933472,0.6547843217849731,0.6593502759933472,0.6547843217849731
4,np_fan_in,Fan-in NP,183,0.3129166695036629,0.3127438398294671,0.68708336353302,0.6790015697479248,0.68708336353302,0.6790015697479248
4,np_fan_in,Fan-in NP,184,0.3149842130121335,0.31973893559256267,0.6850157976150513,0.6718219518661499,0.6850157976150513,0.6718219518661499
4,np_fan_in,Fan-in NP,185,0.32056974625402646,0.31889652997948403,0.6794302463531494,0.6726865768432617,0.6794302463531494,0.6726865768432617
4,np_fan_in,Fan-in NP,186,0.4122825408166693,0.40841008526410244,0.5877174139022827,0.5808103680610657,0.5877174139022827,0.5808103680610657
4,np_fan_in,Fan-in NP,187,0.30893696301667267,0.31105226463125657,0.6910630464553833,0.6807378530502319,0.6910630464553833,0.6807378530502319
4,np_fan_in,Fan-in NP,188,0.46210762927698534,0.4554898655691812,0.5378923416137695,0.5324879288673401,0.5378923416137695,0.5324879288673401
4,np_fan_in,Fan-in NP,189,0.34640265042467633,0.3528302473615306,0.653597354888916,0.6378570795059204,0.653597354888916,0.6378570795059204
4,np_fan_in,Fan-in NP,190,0.3308050650958867,0.3347769596779993,0.6691949367523193,0.6563869714736938,0.6691949367523193,0.6563869714736938
4,np_fan_in,Fan-in NP,191,0.30653854315133056,0.30620800386103547,0.6934614181518555,0.6857099533081055,0.6934614181518555,0.6857099533081055
4,np_fan_in,Fan-in NP,192,0.3107713242602903,0.3137771901927253,0.6892286539077759,0.6779409646987915,0.6892286539077759,0.6779409646987915
4,np_fan_in,Fan-in NP,193,0.3275778448396875,0.33166636780712955,0.6724221706390381,0.6595796346664429,0.6724221706390381,0.6595796346664429
4,np_fan_in,Fan-in NP,194,0.30608500574910363,0.30750827294911526,0.6939150094985962,0.6843753457069397,0.6939150094985962,0.6843753457069397
4,np_fan_in,Fan-in NP,195,0.33132387154786164,0.33158060353855756,0.6686761379241943,0.6596676707267761,0.6686761379241943,0.6596676707267761
4,np_fan_in,Fan-in NP,196,0.34670701253321745,0.3441175404907197,0.6532930135726929,0.6467998027801514,0.6532930135726929,0.6467998027801514
4,np_fan_in,Fan-in NP,197,0.40755977903225626,0.4185450169467187,0.5924401879310608,0.5704079270362854,0.5924401879310608,0.5704079270362854
4,np_fan_in,Fan-in NP,198,0.40738089856251264,0.40579825963160787,0.5926191210746765,0.5834910869598389,0.5926191210746765,0.5834910869598389
4,np_fan_in,Fan-in NP,199,0.2992197286713031,0.3017191378645195,0.7007802724838257,0.6903172731399536,0.7007802724838257,0.6903172731399536
4,np_fan_in,Fan-in NP,200,0.31451535063196523,0.315072525032731,0.6854846477508545,0.6766114234924316,0.6854846477508545,0.6766114234924316
4,wp,WP,1,0.9676885937535485,0.9442346923111021,0.032311439514160156,0.030843138694763184,0.032311439514160156,0.030843138694763184
4,wp,WP,2,0.9290688966595849,0.9082393646240234,0.070931077003479,0.06778860092163086,0.070931077003479,0.06778860092163086
4,wp,WP,3,0.8649627210557923,0.8494799922603046,0.135037362575531,0.12809884548187256,0.135037362575531,0.12809884548187256
4,wp,WP,4,0.7096241513888041,0.7080676283023154,0.29037582874298096,0.27324360609054565,0.29037582874298096,0.27324360609054565
4,wp,WP,5,0.6680754473967145,0.6688692218573519,0.33192455768585205,0.3134766221046448,0.33192455768585205,0.3134766221046448
4,wp,WP,6,0.5503427746684052,0.5589681461799977,0.44965726137161255,0.4262784719467163,0.44965726137161255,0.4262784719467163
4,wp,WP,7,0.5703302157479663,0.5813340724900712,0.42966973781585693,0.4033222198486328,0.42966973781585693,0.4033222198486328
4,wp,WP,8,0.501147121884102,0.51938534707062,0.49885284900665283,0.46690601110458374,0.49885284900665283,0.46690601110458374
4,wp,WP,9,0.4820335424223611,0.49893918795179026,0.5179664492607117,0.4878918528556824,0.5179664492607117,0.4878918528556824
4,wp,WP,10,0.49388004666151003,0.5166073968244154,0.506119966506958,0.4697572588920593,0.506119966506958,0.4697572588920593
4,wp,WP,11,0.4555072493331377,0.46768566804338796,0.5444927215576172,0.5199702978134155,0.5444927215576172,0.5199702978134155
4,wp,WP,12,0.45373772211777147,0.468181405418603,0.546262264251709,0.5194613933563232,0.546262264251709,0.5194613933563232
4,wp,WP,13,0.4521100285441376,0.46109869082768756,0.5478900074958801,0.526731014251709,0.5478900074958801,0.526731014251709
4,wp,WP,14,0.42034550738889115,0.4321109215880549,0.5796545147895813,0.5564838647842407,0.5796545147895813,0.5564838647842407
4,wp,WP,15,0.40349841764731,0.4123211373654447,0.5965015888214111,0.5767960548400879,0.5965015888214111,0.5767960548400879
4,wp,WP,16,0.3929502386455388,0.402972831051479,0.6070497632026672,0.5863910913467407,0.6070497632026672,0.5863910913467407
4,wp,WP,17,0.38653424855812574,0.39558681083279984,0.6134657859802246,0.5939720869064331,0.6134657859802246,0.5939720869064331
4,wp,WP,18,0.38596657426782355,0.3927985231081645,0.6140334606170654,0.5968339443206787,0.6140334606170654,0.5968339443206787
4,wp,WP,19,0.3879899483087451,0.39843656665595,0.6120100021362305,0.5910471677780151,0.6120100021362305,0.5910471677780151
4,wp,WP,20,0.42863918829333875,0.4324820836385091,0.5713608264923096,0.556102991104126,0.5713608264923096,0.556102991104126
4,wp,WP,21,0.39916136641373007,0.41202693807986357,0.6008386611938477,0.57709801197052,0.6008386611938477,0.57709801197052
4,wp,WP,22,0.38739842141783515,0.3953995616861092,0.6126015782356262,0.5941643714904785,0.6126015782356262,0.5941643714904785
4,wp,WP,23,0.3841441308343133,0.3923824447994084,0.615855872631073,0.5972609519958496,0.615855872631073,0.5972609519958496
4,wp,WP,24,0.3839092822962029,0.393291571343592,0.616090714931488,0.5963279008865356,0.616090714931488,0.5963279008865356
4,wp,WP,25,0.41749176267505617,0.4221241113751434,0.5825082063674927,0.5667343735694885,0.5825082063674927,0.5667343735694885
4,wp,WP,26,0.4015371235766152,0.4097564814164657,0.5984628796577454,0.5794283747673035,0.5984628796577454,0.5794283747673035
4,wp,WP,27,0.4010490484015886,0.4162788908610972,0.598950982093811,0.5727338790893555,0.598950982093811,0.5727338790893555
4,wp,WP,28,0.3848363140294718,0.39966904839804007,0.6151636838912964,0.5897821187973022,0.6151636838912964,0.5897821187973022
4,wp,WP,29,0.39717263422271076,0.4089359934477843,0.6028273701667786,0.580270528793335,0.6028273701667786,0.580270528793335
4,wp,WP,30,0.37666624230007795,0.3833171290944713,0.6233338117599487,0.6065655946731567,0.6233338117599487,0.6065655946731567
4,wp,WP,31,0.3699078247990719,0.3729968720166258,0.6300921440124512,0.6171582937240601,0.6300921440124512,0.6171582937240601
4,wp,WP,32,0.3752929397331652,0.3790713192880616,0.6247071027755737,0.6109235286712646,0.6247071027755737,0.6109235286712646
4,wp,WP,33,0.4191393191500228,0.42423276545465455,0.5808606743812561,0.5645700693130493,0.5808606743812561,0.5645700693130493
4,wp,WP,34,0.39702963644219924,0.4042693970277328,0.6029703617095947,0.5850603580474854,0.6029703617095947,0.5850603580474854
4,wp,WP,35,0.4124075913614081,0.42302051325177037,0.5875924229621887,0.5658142566680908,0.5875924229621887,0.5658142566680908
4,wp,WP,36,0.4028424010720364,0.4101496662280356,0.5971575975418091,0.5790247917175293,0.5971575975418091,0.5790247917175293
4,wp,WP,37,0.44502421959426053,0.4633135060931361,0.5549758076667786,0.5244578123092651,0.5549758076667786,0.5244578123092651
4,wp,WP,38,0.44342237872670787,0.46246954498364945,0.5565776824951172,0.5253239870071411,0.5565776824951172,0.5253239870071411
4,wp,WP,39,0.4146723167378773,0.4196977063204891,0.585327684879303,0.5692247748374939,0.585327684879303,0.5692247748374939
4,wp,WP,40,0.4225644021071205,0.43713221785634065,0.5774356126785278,0.5513300895690918,0.5774356126785278,0.5513300895690918
4,wp,WP,41,0.391705551004225,0.4004591019578682,0.6082944869995117,0.5889712572097778,0.6082944869995117,0.5889712572097778
4,wp,WP,42,0.417598731296007,0.4264077551143114,0.5824012756347656,0.5623376369476318,0.5824012756347656,0.5623376369476318
4,wp,WP,43,0.3768955184969791,0.38369809056437293,0.6231045126914978,0.6061745882034302,0.6231045126914978,0.6061745882034302
4,wp,WP,44,0.3918196006800777,0.3893221334893574,0.6081804037094116,0.6004021167755127,0.6081804037094116,0.6004021167755127
4,wp,WP,45,0.4361117680867513,0.4289382737736369,0.5638881921768188,0.5597403049468994,0.5638881921768188,0.5597403049468994
4,wp,WP,46,0.41539628006691154,0.4174283456432727,0.5846037268638611,0.5715540647506714,0.5846037268638611,0.5715540647506714
4,wp,WP,47,0.41956758360530055,0.4176742339781088,0.5804324150085449,0.5713016986846924,0.5804324150085449,0.5713016986846924
4,wp,WP,48,0.41511738912541735,0.4196718991264816,0.5848826169967651,0.569251298904419,0.5848826169967651,0.569251298904419
4,wp,WP,49,0.39105804553327633,0.39181545700213705,0.6089419722557068,0.5978429317474365,0.6089419722557068,0.5978429317474365
4,wp,WP,50,0.39368680743284,0.39515511264172637,0.6063132286071777,0.5944151878356934,0.6063132286071777,0.5944151878356934
4,wp,WP,51,0.3927008893138679,0.39159297388653425,0.6072991490364075,0.5980713367462158,0.6072991490364075,0.5980713367462158
4,wp,WP,52,0.3940200322820235,0.3938031083391618,0.6059799194335938,0.5958028435707092,0.6059799194335938,0.5958028435707092
4,wp,WP,53,0.43449767996636474,0.4387727361316829,0.5655022859573364,0.549646258354187,0.5655022859573364,0.549646258354187
4,wp,WP,54,0.416692713434382,0.41093087311862975,0.5833072662353516,0.5782229900360107,0.5833072662353516,0.5782229900360107
4,wp,WP,55,0.43205048952453823,0.42325679969417956,0.5679495334625244,0.5655717849731445,0.5679495334625244,0.5655717849731445
4,wp,WP,56,0.3972698766593785,0.39722721798475397,0.6027301549911499,0.5922883749008179,0.6027301549911499,0.5922883749008179
4,wp,WP,57,0.3918026309142741,0.3956061908903048,0.6081973910331726,0.5939521789550781,0.6081973910331726,0.5939521789550781
4,wp,WP,58,0.42638701962870224,0.43096380478651947,0.5736129879951477,0.5576613545417786,0.5736129879951477,0.5576613545417786
4,wp,WP,59,0.41606570029443546,0.41924824733142707,0.5839343070983887,0.5696861147880554,0.5839343070983887,0.5696861147880554
4,wp,WP,60,0.4106105497872183,0.41712135330651157,0.589389443397522,0.5718691349029541,0.589389443397522,0.5718691349029541
4,wp,WP,61,0.4097774575153987,0.4142796226250109,0.5902225971221924,0.5747858285903931,0.5902225971221924,0.5747858285903931
4,wp,WP,62,0.41790345057036526,0.420925929795864,0.5820965766906738,0.5679641962051392,0.5820965766906738,0.5679641962051392
4,wp,WP,63,0.39396827280983443,0.395713115847388,0.6060317158699036,0.5938423871994019,0.6060317158699036,0.5938423871994019
4,wp,WP,64,0.3948493091635002,0.39262724939242816,0.6051506996154785,0.5970097780227661,0.6051506996154785,0.5970097780227661
4,wp,WP,65,0.39105753288712614,0.38920116979022357,0.608942449092865,0.6005262136459351,0.608942449092865,0.6005262136459351
4,wp,WP,66,0.39516173025896384,0.39683386313822844,0.6048382520675659,0.5926921367645264,0.6048382520675659,0.5926921367645264
4,wp,WP,67,0.39131266040395396,0.39468878114870354,0.6086872816085815,0.5948938131332397,0.6086872816085815,0.5948938131332397
4,wp,WP,68,0.3957686964855638,0.40298262931579765,0.6042312979698181,0.5863810777664185,0.6042312979698181,0.5863810777664185
4,wp,WP,69,0.4126533891341483,0.4222435392150583,0.587346613407135,0.5666117668151855,0.587346613407135,0.5666117668151855
4,wp,WP,70,0.38751608318136643,0.39399313626363297,0.6124839186668396,0.5956078171730042,0.6124839186668396,0.5956078171730042
4,wp,WP,71,0.3955493329107299,0.4065958991531254,0.6044507026672363,0.5826723575592041,0.6044507026672363,0.5826723575592041
4,wp,WP,72,0.37343345247497856,0.38827764687612076,0.6265665292739868,0.6014741659164429,0.6265665292739868,0.6014741659164429
4,wp,WP,73,0.3749283308437628,0.38614833585975705,0.62507164478302,0.6036596894264221,0.62507164478302,0.6036596894264221
4,wp,WP,74,0.38740537309831424,0.40042748954869056,0.6125946044921875,0.5890036225318909,0.6125946044921875,0.5890036225318909
4,wp,WP,75,0.38665747319081034,0.39442494118860527,0.6133425235748291,0.5951645374298096,0.6133425235748291,0.5951645374298096
4,wp,WP,76,0.36490958074266594,0.3644574021184167,0.6350904703140259,0.6259230971336365,0.6350904703140259,0.6259230971336365
4,wp,WP,77,0.39049957311430644,0.3936983670375144,0.6095004081726074,0.5959104299545288,0.6095004081726074,0.5959104299545288
4,wp,WP,78,0.41271281496498935,0.41634465650070546,0.587287187576294,0.5726664066314697,0.587287187576294,0.5726664066314697
4,wp,WP,79,0.39536508247833846,0.3932483170845712,0.6046349406242371,0.5963722467422485,0.6046349406242371,0.5963722467422485
4,wp,WP,80,0.40108089576395906,0.4004533355550248,0.5989190936088562,0.5889770984649658,0.5989190936088562,0.5889770984649658
4,wp,WP,81,0.38580862103506575,0.38907702348028966,0.6141914129257202,0.6006536483764648,0.6141914129257202,0.6006536483764648
4,wp,WP,82,0.3695180148117302,0.37142282516457314,0.630482017993927,0.6187738180160522,0.630482017993927,0.6187738180160522
4,wp,WP,83,0.3913630593654721,0.3972633464853893,0.6086369156837463,0.5922513008117676,0.6086369156837463,0.5922513008117676
4,wp,WP,84,0.3709215799043345,0.3709746781707734,0.6290784478187561,0.6192338466644287,0.6290784478187561,0.6192338466644287
4,wp,WP,85,0.3809566271397494,0.37284422336622725,0.6190433502197266,0.6173149347305298,0.6190433502197266,0.6173149347305298
4,wp,WP,86,0.3771417845589246,0.37213206360506457,0.6228581666946411,0.6180458664894104,0.6228581666946411,0.6180458664894104
4,wp,WP,87,0.3600281056507613,0.36031364747720174,0.639971911907196,0.6301761865615845,0.639971911907196,0.6301761865615845
4,wp,WP,88,0.4015820035638735,0.4093537168909413,0.5984179973602295,0.5798418521881104,0.5984179973602295,0.5798418521881104
4,wp,WP,89,0.3888048714445543,0.3897265863510989,0.6111950874328613,0.5999870300292969,0.6111950874328613,0.5999870300292969
4,wp,WP,90,0.371055730091509,0.37206235435581947,0.6289442777633667,0.6181174516677856,0.6289442777633667,0.6181174516677856
4,wp,WP,91,0.3896742867406949,0.39891704154569047,0.6103257536888123,0.5905539989471436,0.6103257536888123,0.5905539989471436
4,wp,WP,92,0.37937010397282683,0.384842852751414,0.6206299066543579,0.6049996018409729,0.6206299066543579,0.6049996018409729
4,wp,WP,93,0.38778451708860173,0.3902265836102094,0.6122154593467712,0.599473774433136,0.6122154593467712,0.599473774433136
4,wp,WP,94,0.3634045544520829,0.36794055801953457,0.6365954875946045,0.6223480105400085,0.6365954875946045,0.6223480105400085
4,wp,WP,95,0.37344759055810384,0.37222671254660733,0.6265524625778198,0.6179487109184265,0.6265524625778198,0.6179487109184265
4,wp,WP,96,0.3635897068090217,0.3706372056820596,0.6364103555679321,0.6195802092552185,0.6364103555679321,0.6195802092552185
4,wp,WP,97,0.3662608901197596,0.3727847924528196,0.6337391138076782,0.6173759698867798,0.6337391138076782,0.6173759698867798
4,wp,WP,98,0.3553305226703023,0.3606466761855192,0.6446695327758789,0.6298344135284424,0.6446695327758789,0.6298344135284424
4,wp,WP,99,0.369219980498617,0.3754703987014386,0.6307801008224487,0.6146193742752075,0.6307801008224487,0.6146193742752075
4,wp,WP,100,0.361741398656091,0.36281336555185245,0.6382585763931274,0.6276105642318726,0.6382585763931274,0.6276105642318726
4,wp,WP,101,0.3463812971761984,0.34898284204708513,0.6536187529563904,0.6418061256408691,0.6536187529563904,0.6418061256408691
4,wp,WP,102,0.3428541127332421,0.34709143014841304,0.6571458578109741,0.6437474489212036,0.6571458578109741,0.6437474489212036
4,wp,WP,103,0.35149972949379177,0.35391035017579103,0.6485002636909485,0.6367486119270325,0.6485002636909485,0.6367486119270325
4,wp,WP,104,0.361651270426521,0.3636892203443734,0.6383487582206726,0.6267116069793701,0.6383487582206726,0.6267116069793701
4,wp,WP,105,0.34367569842079815,0.34983516640441364,0.6563242673873901,0.6409313678741455,0.6563242673873901,0.6409313678741455
4,wp,WP,106,0.3500258522902348,0.350805460251579,0.6499741077423096,0.6399353742599487,0.6499741077423096,0.6399353742599487
4,wp,WP,107,0.3720950012983278,0.3618149692698043,0.6279049515724182,0.6286352872848511,0.6279049515724182,0.6286352872848511
4,wp,WP,108,0.3483856840189113,0.3418883182281672,0.6516143083572388,0.6490879058837891,0.6516143083572388,0.6490879058837891
4,wp,WP,109,0.3521497360495634,0.34453754912513174,0.6478502750396729,0.6463687419891357,0.6478502750396729,0.6463687419891357
4,wp,WP,110,0.34848208159439326,0.34425815038902813,0.6515178680419922,0.6466554403305054,0.6515178680419922,0.6466554403305054
4,wp,WP,111,0.34410493433937545,0.33653908656087034,0.6558950543403625,0.6545783281326294,0.6558950543403625,0.6545783281326294
4,wp,WP,112,0.341679793688678,0.33893713193346364,0.6583201885223389,0.6521170139312744,0.6583201885223389,0.6521170139312744
4,wp,WP,113,0.3487245717713999,0.34425366918245953,0.6512753963470459,0.6466600894927979,0.6512753963470459,0.6466600894927979
4,wp,WP,114,0.3429908118275709,0.33848739940990774,0.6570091843605042,0.6525785326957703,0.6570091843605042,0.6525785326957703
4,wp,WP,115,0.34289848319319793,0.3396402285542599,0.6571015119552612,0.651395320892334,0.6571015119552612,0.651395320892334
4,wp,WP,116,0.35578136146068573,0.3512011829965798,0.6442186236381531,0.6395292282104492,0.6442186236381531,0.6395292282104492
4,wp,WP,117,0.3328042312185894,0.3369975523200146,0.6671957969665527,0.6541076898574829,0.6671957969665527,0.6541076898574829
4,wp,WP,118,0.343326575765314,0.34633809720823006,0.6566734313964844,0.64452064037323,0.6566734313964844,0.64452064037323
4,wp,WP,119,0.35414898326230604,0.3527285450881766,0.6458510160446167,0.6379615664482117,0.6458510160446167,0.6379615664482117
4,wp,WP,120,0.35323080905648163,0.3532904106979222,0.6467691659927368,0.637384831905365,0.6467691659927368,0.637384831905365
4,wp,WP,121,0.3436542209959769,0.34312082492103874,0.6563458442687988,0.6478227972984314,0.6563458442687988,0.6478227972984314
4,wp,WP,122,0.35956158148225886,0.3646081286345341,0.640438437461853,0.6257684230804443,0.640438437461853,0.6257684230804443
4,wp,WP,123,0.34773308396801467,0.3574406259743742,0.6522669196128845,0.6331250667572021,0.6522669196128845,0.6331250667572021
4,wp,WP,124,0.3565770646398382,0.3631778904633929,0.6434229612350464,0.6272363662719727,0.6434229612350464,0.6272363662719727
4,wp,WP,125,0.3500766536986181,0.35688126710958257,0.6499233245849609,0.6336992383003235,0.6499233245849609,0.6336992383003235
4,wp,WP,126,0.3565145710179972,0.3631029803623525,0.643485426902771,0.6273132562637329,0.643485426902771,0.6273132562637329
4,wp,WP,127,0.3617988083251687,0.36579023382460424,0.6382011771202087,0.6245551109313965,0.6382011771202087,0.6245551109313965
4,wp,WP,128,0.3554816919472791,0.35489536463752275,0.6445183157920837,0.6357375383377075,0.6445183157920837,0.6357375383377075
4,wp,WP,129,0.37114086400630864,0.3757188167682914,0.6288590431213379,0.6143644452095032,0.6288590431213379,0.6143644452095032
4,wp,WP,130,0.3858346513999525,0.37851739576620647,0.6141653656959534,0.6114920377731323,0.6141653656959534,0.6114920377731323
4,wp,WP,131,0.353327984957732,0.3474035373953886,0.6466720104217529,0.6434271335601807,0.6466720104217529,0.6434271335601807
4,wp,WP,132,0.35769212038017983,0.3589432010816973,0.6423078775405884,0.6315828561782837,0.6423078775405884,0.6315828561782837
4,wp,WP,133,0.40131866562274077,0.40637392591136373,0.5986813306808472,0.5829002261161804,0.5986813306808472,0.5829002261161804
4,wp,WP,134,0.3748144932495531,0.3749590234238972,0.625185489654541,0.6151442527770996,0.625185489654541,0.6151442527770996
4,wp,WP,135,0.3622906938079716,0.363307232080504,0.6377093195915222,0.6271036863327026,0.6377093195915222,0.6271036863327026
4,wp,WP,136,0.37365013661310653,0.37697025278741997,0.6263498663902283,0.6130800247192383,0.6263498663902283,0.6130800247192383
4,wp,WP,137,0.36489590702130814,0.35857731196307396,0.6351040601730347,0.6319584250450134,0.6351040601730347,0.6319584250450134
4,wp,WP,138,0.35695733349452646,0.3584299431752789,0.6430426836013794,0.6321096420288086,0.6430426836013794,0.6321096420288086
4,wp,WP,139,0.3594688110111296,0.36255909560262695,0.6405311822891235,0.6278715133666992,0.6405311822891235,0.6278715133666992
4,wp,WP,140,0.37386628176814823,0.37327339852503105,0.6261337399482727,0.6168743968009949,0.6261337399482727,0.6168743968009949
4,wp,WP,141,0.36110536973605784,0.36062984491965566,0.6388945579528809,0.6298516988754272,0.6388945579528809,0.6298516988754272
4,wp,WP,142,0.3602892844251884,0.36010636932166046,0.6397107839584351,0.6303889751434326,0.6397107839584351,0.6303889751434326
4,wp,WP,143,0.36626556561898815,0.3653357310812603,0.6337344646453857,0.6250215768814087,0.6337344646453857,0.6250215768814087
4,wp,WP,144,0.3643008482086566,0.35731319101281867,0.6356991529464722,0.6332558393478394,0.6356991529464722,0.6332558393478394
4,wp,WP,145,0.3679193424624066,0.366868923107783,0.6320806741714478,0.6234478950500488,0.6320806741714478,0.6234478950500488
4,wp,WP,146,0.374848806465319,0.3710606107416079,0.6251511573791504,0.6191456317901611,0.6251511573791504,0.6191456317901611
4,wp,WP,147,0.3727629245944725,0.3713123160739278,0.62723708152771,0.6188872456550598,0.62723708152771,0.6188872456550598
4,wp,WP,148,0.37891820327256076,0.3709214426750361,0.6210817694664001,0.619288444519043,0.6210817694664001,0.619288444519043
4,wp,WP,149,0.3691989922708319,0.3587374181248421,0.6308009624481201,0.6317940950393677,0.6308009624481201,0.6317940950393677
4,wp,WP,150,0.36414395549962686,0.3532341427581255,0.635856032371521,0.6374425888061523,0.635856032371521,0.6374425888061523
4,wp,WP,151,0.38643007454021955,0.3723385089127592,0.6135699152946472,0.6178339719772339,0.6135699152946472,0.6178339719772339
4,wp,WP,152,0.38371144339095714,0.3720710693403732,0.6162885427474976,0.6181085109710693,0.6162885427474976,0.6181085109710693
4,wp,WP,153,0.39052749627320343,0.37986215279083846,0.6094725131988525,0.6101117730140686,0.6094725131988525,0.6101117730140686
4,wp,WP,154,0.37056584956572036,0.3658060671747193,0.6294341683387756,0.6245388388633728,0.6294341683387756,0.6245388388633728
4,wp,WP,155,0.36369832449181133,0.3541355111109194,0.6363016366958618,0.6365174651145935,0.6363016366958618,0.6365174651145935
4,wp,WP,156,0.35717652483966,0.3468749548575675,0.6428234577178955,0.6439696550369263,0.6428234577178955,0.6439696550369263
4,wp,WP,157,0.3627930486849112,0.3608058627492698,0.6372069120407104,0.6296709775924683,0.6372069120407104,0.6296709775924683
4,wp,WP,158,0.35771924395893895,0.3553334825722746,0.6422807574272156,0.635287880897522,0.6422807574272156,0.635287880897522
4,wp,WP,159,0.36963717004125435,0.3725575358830681,0.6303628087043762,0.6176092028617859,0.6303628087043762,0.6176092028617859
4,wp,WP,160,0.3596270727787831,0.35729713322118273,0.6403729319572449,0.6332724094390869,0.6403729319572449,0.6332724094390869
4,wp,WP,161,0.36788004301777183,0.3635961741440056,0.6321200132369995,0.6268070936203003,0.6321200132369995,0.6268070936203003
4,wp,WP,162,0.3664842876353005,0.37030682938043463,0.6335157155990601,0.6199193000793457,0.6335157155990601,0.6199193000793457
4,wp,WP,163,0.36204374541145884,0.35951893193315165,0.6379562616348267,0.6309919357299805,0.6379562616348267,0.6309919357299805
4,wp,WP,164,0.36012589446333954,0.35698257144107376,0.6398741006851196,0.6335952281951904,0.6398741006851196,0.6335952281951904
4,wp,WP,165,0.361642063588135,0.3601478206556897,0.638357937335968,0.6303465366363525,0.638357937335968,0.6303465366363525
4,wp,WP,166,0.3544851839542389,0.3508205062659212,0.6455147862434387,0.6399199366569519,0.6455147862434387,0.6399199366569519
4,wp,WP,167,0.363740370255108,0.3616001744603002,0.6362596154212952,0.6288557052612305,0.6362596154212952,0.6288557052612305
4,wp,WP,168,0.3591361845186514,0.35709103918814844,0.6408637762069702,0.63348388671875,0.6408637762069702,0.63348388671875
4,wp,WP,169,0.3907566503729931,0.3863434694534124,0.6092433929443359,0.603459358215332,0.6092433929443359,0.603459358215332
4,wp,WP,170,0.40651718590610714,0.4179986456567927,0.5934828519821167,0.570968747138977,0.5934828519821167,0.570968747138977
4,wp,WP,171,0.3743759941223056,0.3770074631816657,0.6256239414215088,0.6130417585372925,0.6256239414215088,0.6130417585372925
4,wp,WP,172,0.3698427200086357,0.3727748062490493,0.6301572322845459,0.6173862218856812,0.6301572322845459,0.6173862218856812
4,wp,WP,173,0.35967524892600006,0.36573576003082037,0.6403247117996216,0.6246110200881958,0.6403247117996216,0.6246110200881958
4,wp,WP,174,0.36076174734174743,0.36494656935218694,0.6392382979393005,0.6254210472106934,0.6392382979393005,0.6254210472106934
4,wp,WP,175,0.37005964175675266,0.3751772309458533,0.629940390586853,0.6149203181266785,0.629940390586853,0.6149203181266785
4,wp,WP,176,0.3566573392744212,0.3613199277441631,0.6433426737785339,0.6291433572769165,0.6433426737785339,0.6291433572769165
4,wp,WP,177,0.34030520084292387,0.34462014187213985,0.6596947908401489,0.6462839245796204,0.6596947908401489,0.6462839245796204
4,wp,WP,178,0.34744153558745866,0.3551315665245056,0.6525585055351257,0.635495126247406,0.6525585055351257,0.635495126247406
4,wp,WP,179,0.36138360167658606,0.3726407987202785,0.6386163830757141,0.6175236701965332,0.6386163830757141,0.6175236701965332
4,wp,WP,180,0.36181409957334976,0.36995292518490047,0.6381858587265015,0.6202825307846069,0.6381858587265015,0.6202825307846069
4,wp,WP,181,0.37031336879545407,0.3772098357363265,0.6296865940093994,0.612834095954895,0.6296865940093994,0.612834095954895
4,wp,WP,182,0.3681443122237228,0.3711852204892062,0.6318557262420654,0.6190177202224731,0.6318557262420654,0.6190177202224731
4,wp,WP,183,0.36818049051040824,0.3679492877897366,0.631819486618042,0.6223390102386475,0.631819486618042,0.6223390102386475
4,wp,WP,184,0.3745565742485283,0.38067765915116597,0.6254434585571289,0.6092747449874878,0.6254434585571289,0.6092747449874878
4,wp,WP,185,0.3644477604895599,0.3703453129576158,0.6355522871017456,0.6198798418045044,0.6355522871017456,0.6198798418045044
4,wp,WP,186,0.37255830843319265,0.37484118342399597,0.6274416446685791,0.6152652502059937,0.6274416446685791,0.6152652502059937
4,wp,WP,187,0.37774666312128996,0.38018860812335054,0.6222533583641052,0.6097767353057861,0.6222533583641052,0.6097767353057861
4,wp,WP,188,0.35961043210916743,0.36554956690285556,0.6403895616531372,0.6248021125793457,0.6403895616531372,0.6248021125793457
4,wp,WP,189,0.3642420025989991,0.36703224145164787,0.6357579827308655,0.6232803463935852,0.6357579827308655,0.6232803463935852
4,wp,WP,190,0.35934241820675455,0.3603251895239187,0.6406575441360474,0.630164384841919,0.6406575441360474,0.630164384841919
4,wp,WP,191,0.3892603339843972,0.3907182392223861,0.6107397079467773,0.5989691615104675,0.6107397079467773,0.5989691615104675
4,wp,WP,192,0.3719832738933637,0.37644710975099904,0.6280167102813721,0.6136170029640198,0.6280167102813721,0.6136170029640198
4,wp,WP,193,0.37366801558076873,0.3777188972909321,0.6263319849967957,0.612311601638794,0.6263319849967957,0.612311601638794
4,wp,WP,194,0.3831848243410273,0.3875105990919956,0.6168152093887329,0.602261483669281,0.6168152093887329,0.602261483669281
4,wp,WP,195,0.376040095968764,0.37824786980022757,0.6239598989486694,0.6117686629295349,0.6239598989486694,0.6117686629295349
4,wp,WP,196,0.37746830619582833,0.3799231126326923,0.6225316524505615,0.6100491881370544,0.6225316524505615,0.6100491881370544
4,wp,WP,197,0.3801242739193199,0.3860842842002248,0.6198756694793701,0.6037254333496094,0.6198756694793701,0.6037254333496094
4,wp,WP,198,0.3757099590098211,0.3813107327897419,0.6242900490760803,0.6086249351501465,0.6242900490760803,0.6086249351501465
4,wp,WP,199,0.36826758883720223,0.37427949558856877,0.6317324638366699,0.6158417463302612,0.6317324638366699,0.6158417463302612
4,wp,WP,200,0.38272783876389493,0.38922960998476014,0.6172721982002258,0.6004970669746399,0.6172721982002258,0.6004970669746399
