seed,condition,condition_label,input_scale,checkpoint_epoch,batch_index,method,method_label,sigma,mean_estimate_cosine,avg_sample_cosine,sample_variance,batch_variance
0,base,"[-1, 1]",1.0,1,0,np,IS-NP,0.15,-0.005918107461184263,-0.004439634586439449,0.009172828868031502,5.6002874771365896e-05
0,base,"[-1, 1]",1.0,1,0,np_fan_in,Fan-in NP,0.1,0.04930024966597557,0.006110740543711775,0.009124720469117165,4.946048647980206e-05
0,base,"[-1, 1]",1.0,1,0,np_fixed,Vanilla NP,0.3,0.3941575884819031,0.022211133500968573,0.009541116654872894,3.2237687264569104e-05
0,base,"[-1, 1]",1.0,1,0,wp,WP,0.225,-0.007681277580559254,0.0006482860282024679,0.0682087168097496,0.0003495709679555148
0,base,"[-1, 1]",1.0,1,1,np,IS-NP,0.15,0.7367745041847229,0.0702890953985237,0.008938689716160297,3.412991645745933e-05
0,base,"[-1, 1]",1.0,1,1,np_fan_in,Fan-in NP,0.1,0.3552987277507782,0.03786707562612719,0.010306005366146564,4.5683118514716625e-05
0,base,"[-1, 1]",1.0,1,1,np_fixed,Vanilla NP,0.3,0.7338383197784424,0.061839061516608736,0.010588089935481548,3.314083369332366e-05
0,base,"[-1, 1]",1.0,1,1,wp,WP,0.225,0.29758843779563904,0.019450145817972952,0.07246850430965424,0.00033139900187961757
0,base,"[-1, 1]",1.0,1,2,np,IS-NP,0.15,0.7487604022026062,0.05034120383873718,0.011155372485518456,4.0302606066688895e-05
0,base,"[-1, 1]",1.0,1,2,np_fan_in,Fan-in NP,0.1,0.6515395045280457,0.05436713581633133,0.011966325342655182,6.037294224370271e-05
0,base,"[-1, 1]",1.0,1,2,np_fixed,Vanilla NP,0.3,0.797844409942627,0.0857963414581415,0.011755294166505337,4.794069172930904e-05
0,base,"[-1, 1]",1.0,1,2,wp,WP,0.225,0.3737140893936157,0.024960599654878023,0.0793551653623581,0.0003294199123047292
0,base,"[-1, 1]",1.0,1,3,np,IS-NP,0.15,0.6728964447975159,0.05894626668747757,0.01000169012695551,4.7458885092055425e-05
0,base,"[-1, 1]",1.0,1,3,np_fan_in,Fan-in NP,0.1,0.7625470757484436,0.07166521029672973,0.010231874883174896,5.195643097977154e-05
0,base,"[-1, 1]",1.0,1,3,np_fixed,Vanilla NP,0.3,0.7526213526725769,0.06324491186436111,0.009642569348216057,3.706716961460188e-05
0,base,"[-1, 1]",1.0,1,3,wp,WP,0.225,0.31128859519958496,0.020547007511292275,0.0766318142414093,0.0003708809381350875
0,base,"[-1, 1]",1.0,1,4,np,IS-NP,0.15,0.8838768005371094,0.12954841497904301,0.008441349491477013,4.6061028115218505e-05
0,base,"[-1, 1]",1.0,1,4,np_fan_in,Fan-in NP,0.1,0.8755218386650085,0.11521706858751107,0.008311480283737183,3.920373637811281e-05
0,base,"[-1, 1]",1.0,1,4,np_fixed,Vanilla NP,0.3,0.8964294195175171,0.13775616207179459,0.008399724029004574,4.259402703610249e-05
0,base,"[-1, 1]",1.0,1,4,wp,WP,0.225,0.4083004593849182,0.028884925243285883,0.06466640532016754,0.0003178436600137502
0,base,"[-1, 1]",1.0,1,5,np,IS-NP,0.15,0.3450830578804016,0.016156975540313093,0.011375022120773792,2.58301315625431e-05
0,base,"[-1, 1]",1.0,1,5,np_fan_in,Fan-in NP,0.1,0.2083083540201187,0.015327625027991114,0.010668429546058178,4.62688367406372e-05
0,base,"[-1, 1]",1.0,1,5,np_fixed,Vanilla NP,0.3,0.11495368927717209,0.008873180819743235,0.010345972143113613,6.994466093601659e-05
0,base,"[-1, 1]",1.0,1,5,wp,WP,0.225,-0.09238295257091522,-0.005802090619060133,0.08696305751800537,0.0003710988094098866
0,base,"[-1, 1]",1.0,1,6,np,IS-NP,0.15,0.9417728781700134,0.17360931721438344,0.012232574634253979,6.0333146393531933e-05
0,base,"[-1, 1]",1.0,1,6,np_fan_in,Fan-in NP,0.1,0.9706532955169678,0.18916190000697194,0.011515387333929539,3.248500433983281e-05
0,base,"[-1, 1]",1.0,1,6,np_fixed,Vanilla NP,0.3,0.9679014682769775,0.2235506445596305,0.012064149603247643,6.83749676682055e-05
0,base,"[-1, 1]",1.0,1,6,wp,WP,0.225,0.7658883929252625,0.07404755641161956,0.08708053827285767,0.00039059645496308804
0,base,"[-1, 1]",1.0,1,7,np,IS-NP,0.15,0.6056918501853943,0.04566172899916031,0.00955026876181364,3.922310861526057e-05
0,base,"[-1, 1]",1.0,1,7,np_fan_in,Fan-in NP,0.1,0.7498973608016968,0.06778827430680394,0.009392567910254002,3.5018099879380316e-05
0,base,"[-1, 1]",1.0,1,7,np_fixed,Vanilla NP,0.3,0.8702481985092163,0.07637001810653601,0.009294825606048107,3.234172982047312e-05
0,base,"[-1, 1]",1.0,1,7,wp,WP,0.225,0.20705021917819977,0.01596816598903388,0.07014507055282593,0.0003439233696553856
0,base,"[-1, 1]",1.0,120,0,np,IS-NP,0.15,0.8557496666908264,0.13089943685239025,0.0052500441670417786,3.0474244340439327e-05
0,base,"[-1, 1]",1.0,120,0,np_fan_in,Fan-in NP,0.1,0.8549401164054871,0.10303032833908218,0.005619281902909279,2.7553687687031925e-05
0,base,"[-1, 1]",1.0,120,0,np_fixed,Vanilla NP,0.3,0.8749683499336243,0.12157145481323824,0.005906449165195227,2.9533819542848505e-05
0,base,"[-1, 1]",1.0,120,0,wp,WP,0.225,0.4423198997974396,0.034659928535014234,0.05030026286840439,0.00022275393712334335
0,base,"[-1, 1]",1.0,120,1,np,IS-NP,0.15,0.47976353764533997,0.048665496543738605,0.0073591494001448154,6.155356823001057e-05
0,base,"[-1, 1]",1.0,120,1,np_fan_in,Fan-in NP,0.1,0.42121437191963196,0.02359345393657956,0.007635867223143578,3.101135007455014e-05
0,base,"[-1, 1]",1.0,120,1,np_fixed,Vanilla NP,0.3,0.5345869064331055,0.031479393506288034,0.008353624492883682,2.5340790671180002e-05
0,base,"[-1, 1]",1.0,120,1,wp,WP,0.225,0.25639063119888306,0.018056962762026767,0.06313727051019669,0.00032170707709155977
0,base,"[-1, 1]",1.0,120,2,np,IS-NP,0.15,0.6089420914649963,0.05271579617908824,0.007611283101141453,3.52925417246297e-05
0,base,"[-1, 1]",1.0,120,2,np_fan_in,Fan-in NP,0.1,0.6447672843933105,0.039436922801481464,0.007720851805061102,2.099541416100692e-05
0,base,"[-1, 1]",1.0,120,2,np_fixed,Vanilla NP,0.3,0.6903643608093262,0.059822440468269636,0.007859745062887669,3.2785628718556836e-05
0,base,"[-1, 1]",1.0,120,2,wp,WP,0.225,0.1819460690021515,0.015831804476329127,0.06385024636983871,0.0003717716608662158
0,base,"[-1, 1]",1.0,120,3,np,IS-NP,0.15,0.6352980136871338,0.0504589201695732,0.0067446269094944,2.5516121240798384e-05
0,base,"[-1, 1]",1.0,120,3,np_fan_in,Fan-in NP,0.1,0.6662487983703613,0.05032913584436756,0.007355565670877695,2.352378396608401e-05
0,base,"[-1, 1]",1.0,120,3,np_fixed,Vanilla NP,0.3,0.49646997451782227,0.03928782358440609,0.007095797453075647,3.4522079658927396e-05
0,base,"[-1, 1]",1.0,120,3,wp,WP,0.225,0.131623774766922,0.011060808041656855,0.061794064939022064,0.00030322864768095315
0,base,"[-1, 1]",1.0,120,4,np,IS-NP,0.15,0.583979606628418,0.05201353325813519,0.00607999786734581,3.752124757738784e-05
0,base,"[-1, 1]",1.0,120,4,np_fan_in,Fan-in NP,0.1,0.5088275074958801,0.03456293197426324,0.006695345044136047,2.9791843189741485e-05
0,base,"[-1, 1]",1.0,120,4,np_fixed,Vanilla NP,0.3,0.1827182173728943,0.010810722532429888,0.006878798361867666,3.0201208573998883e-05
0,base,"[-1, 1]",1.0,120,4,wp,WP,0.225,0.13971532881259918,0.008215626622682255,0.05525779724121094,0.00032093579648062587
0,base,"[-1, 1]",1.0,120,5,np,IS-NP,0.15,0.5432166457176208,0.05397415824748653,0.008253194391727448,6.112987466622144e-05
0,base,"[-1, 1]",1.0,120,5,np_fan_in,Fan-in NP,0.1,0.751915693283081,0.06048955173525125,0.008740759454667568,2.8820051738875918e-05
0,base,"[-1, 1]",1.0,120,5,np_fixed,Vanilla NP,0.3,0.6607223153114319,0.04926728857661449,0.008024773560464382,3.3983218600042164e-05
0,base,"[-1, 1]",1.0,120,5,wp,WP,0.225,0.4162178039550781,0.02796143815260924,0.07218725234270096,0.0002906315494328737
0,base,"[-1, 1]",1.0,120,6,np,IS-NP,0.15,0.8495627641677856,0.09373647509225218,0.007405411452054977,3.214453681721352e-05
0,base,"[-1, 1]",1.0,120,6,np_fan_in,Fan-in NP,0.1,0.7886185646057129,0.07273622004916737,0.007440129294991493,2.516492531867698e-05
0,base,"[-1, 1]",1.0,120,6,np_fixed,Vanilla NP,0.3,0.6625671982765198,0.05194559147724552,0.007261701859533787,3.2720145100029185e-05
0,base,"[-1, 1]",1.0,120,6,wp,WP,0.225,0.2988087236881256,0.021129798341038016,0.06083149462938309,0.00025139193166978657
0,base,"[-1, 1]",1.0,120,7,np,IS-NP,0.15,0.9455072283744812,0.21317124072423516,0.00584320817142725,3.89070191886276e-05
0,base,"[-1, 1]",1.0,120,7,np_fan_in,Fan-in NP,0.1,0.9526159763336182,0.1744251156747244,0.006501614581793547,2.322179716429673e-05
0,base,"[-1, 1]",1.0,120,7,np_fixed,Vanilla NP,0.3,0.9334012866020203,0.16405687641363328,0.006408155895769596,2.815162588376552e-05
0,base,"[-1, 1]",1.0,120,7,wp,WP,0.225,0.7280964851379395,0.06762203519623047,0.0503845177590847,0.0002184320765081793
0,base,"[-1, 1]",1.0,240,0,np,IS-NP,0.15,0.9537665247917175,0.22720709929805405,0.0038676015101373196,3.359022957738489e-05
0,base,"[-1, 1]",1.0,240,0,np_fan_in,Fan-in NP,0.1,0.966903567314148,0.19185355784526717,0.00447774538770318,2.967504769912921e-05
0,base,"[-1, 1]",1.0,240,0,np_fixed,Vanilla NP,0.3,0.9769434332847595,0.2587813550703383,0.004847060423344374,2.0426869014045224e-05
0,base,"[-1, 1]",1.0,240,0,wp,WP,0.225,0.7046323418617249,0.0661973647220293,0.04464312642812729,0.00023698955192230642
0,base,"[-1, 1]",1.0,240,1,np,IS-NP,0.15,0.38756316900253296,0.015321440156549215,0.006615845486521721,4.088188870809972e-05
0,base,"[-1, 1]",1.0,240,1,np_fan_in,Fan-in NP,0.1,0.3113256096839905,0.0025522864336380733,0.007889156229794025,4.238527617417276e-05
0,base,"[-1, 1]",1.0,240,1,np_fixed,Vanilla NP,0.3,0.7255486845970154,0.03270429696009766,0.0071945879608392715,1.846869599830825e-05
0,base,"[-1, 1]",1.0,240,1,wp,WP,0.225,0.3068718910217285,0.016746775232009743,0.0620560348033905,0.0002535863022785634
0,base,"[-1, 1]",1.0,240,2,np,IS-NP,0.15,0.8944065570831299,0.10497874990724085,0.00695983087643981,2.7553884137887508e-05
0,base,"[-1, 1]",1.0,240,2,np_fan_in,Fan-in NP,0.1,0.8597954511642456,0.08782170105453892,0.007368618622422218,3.202282823622227e-05
0,base,"[-1, 1]",1.0,240,2,np_fixed,Vanilla NP,0.3,0.8398457169532776,0.08220249756316965,0.007385243196040392,3.418554842937738e-05
0,base,"[-1, 1]",1.0,240,2,wp,WP,0.225,0.4342650771141052,0.0273402704186689,0.05923210456967354,0.00025197878130711615
0,base,"[-1, 1]",1.0,240,3,np,IS-NP,0.15,0.5361586809158325,0.035977470694009146,0.006015988532453775,1.9961331418016925e-05
0,base,"[-1, 1]",1.0,240,3,np_fan_in,Fan-in NP,0.1,0.4301365911960602,0.031062409402269016,0.0071084401570260525,3.1346229661721736e-05
0,base,"[-1, 1]",1.0,240,3,np_fixed,Vanilla NP,0.3,0.47872450947761536,0.03247233812702082,0.007115109823644161,2.654172931215726e-05
0,base,"[-1, 1]",1.0,240,3,wp,WP,0.225,0.15075314044952393,0.010150844062142521,0.057580284774303436,0.0003050758969038725
0,base,"[-1, 1]",1.0,240,4,np,IS-NP,0.15,0.956952691078186,0.2094833163568789,0.005300879944115877,2.6627036277204752e-05
0,base,"[-1, 1]",1.0,240,4,np_fan_in,Fan-in NP,0.1,0.9440827965736389,0.1763988152226375,0.006420339457690716,3.3349297154927626e-05
0,base,"[-1, 1]",1.0,240,4,np_fixed,Vanilla NP,0.3,0.9632843136787415,0.1772024221815324,0.00630535650998354,2.2110996724222787e-05
0,base,"[-1, 1]",1.0,240,4,wp,WP,0.225,0.5809907913208008,0.04626079223501923,0.05320648476481438,0.0002935388183686882
0,base,"[-1, 1]",1.0,240,5,np,IS-NP,0.15,0.5592919588088989,0.05519941593411204,0.005927002523094416,3.895928603014909e-05
0,base,"[-1, 1]",1.0,240,5,np_fan_in,Fan-in NP,0.1,0.03315219655632973,0.001992122859034377,0.006621386855840683,4.702223668573424e-05
0,base,"[-1, 1]",1.0,240,5,np_fixed,Vanilla NP,0.3,0.37778499722480774,0.029307145799854575,0.006857957690954208,3.259841469116509e-05
0,base,"[-1, 1]",1.0,240,5,wp,WP,0.225,0.22609587013721466,0.014350396701775025,0.057462964206933975,0.00022318614355754107
0,base,"[-1, 1]",1.0,240,6,np,IS-NP,0.15,0.9243123531341553,0.1377336236978105,0.0054623340256512165,2.585785841802135e-05
0,base,"[-1, 1]",1.0,240,6,np_fan_in,Fan-in NP,0.1,0.8568059206008911,0.08252894342197882,0.006110858172178268,5.2247483836254105e-05
0,base,"[-1, 1]",1.0,240,6,np_fixed,Vanilla NP,0.3,0.9157655835151672,0.12322243626270696,0.00650074752047658,2.857232539099641e-05
0,base,"[-1, 1]",1.0,240,6,wp,WP,0.225,0.5197875499725342,0.039537098656971165,0.05406417325139046,0.00027385781868360937
0,base,"[-1, 1]",1.0,240,7,np,IS-NP,0.15,0.964640200138092,0.2615650477936166,0.00429450673982501,3.377377288416028e-05
0,base,"[-1, 1]",1.0,240,7,np_fan_in,Fan-in NP,0.1,0.9374732971191406,0.22209253131198542,0.005557762458920479,5.912764390814118e-05
0,base,"[-1, 1]",1.0,240,7,np_fixed,Vanilla NP,0.3,0.9692978858947754,0.2638260588177218,0.00511787598952651,2.8905744329676963e-05
0,base,"[-1, 1]",1.0,240,7,wp,WP,0.225,0.7786180973052979,0.08631362524999228,0.047297097742557526,0.0002563699963502586
0,scaled,"[-5, 5]",5.0,1,0,np,IS-NP,0.15,0.3446671962738037,0.027138622047035217,0.009489587508141994,6.192853470565751e-05
0,scaled,"[-5, 5]",5.0,1,0,np_fan_in,Fan-in NP,0.1,0.2449701726436615,0.01640392845547467,0.09889234602451324,0.00032082878169603646
0,scaled,"[-5, 5]",5.0,1,0,np_fixed,Vanilla NP,0.3,0.2082246094942093,0.014919324112997855,0.1002345159649849,0.0004011121054645628
0,scaled,"[-5, 5]",5.0,1,0,wp,WP,0.225,0.15803325176239014,0.0118028206097127,0.07049113512039185,0.0003623969678301364
0,scaled,"[-5, 5]",5.0,1,1,np,IS-NP,0.15,0.6926628351211548,0.05989777965975615,0.009128870442509651,3.3995940611930564e-05
0,scaled,"[-5, 5]",5.0,1,1,np_fan_in,Fan-in NP,0.1,0.11975514143705368,0.013606340856252548,0.10379504412412643,0.0004665874585043639
0,scaled,"[-5, 5]",5.0,1,1,np_fixed,Vanilla NP,0.3,0.3201374411582947,0.022899548954834852,0.10463541746139526,0.0003764739085454494
0,scaled,"[-5, 5]",5.0,1,1,wp,WP,0.225,0.28198155760765076,0.01788782360793751,0.07383661717176437,0.0003338923561386764
0,scaled,"[-5, 5]",5.0,1,2,np,IS-NP,0.15,0.7758135199546814,0.05809565098728247,0.01164348516613245,4.325400368543342e-05
0,scaled,"[-5, 5]",5.0,1,2,np_fan_in,Fan-in NP,0.1,0.3478129506111145,0.025570721439726184,0.11761090904474258,0.0004672399372793734
0,scaled,"[-5, 5]",5.0,1,2,np_fixed,Vanilla NP,0.3,0.4182530343532562,0.03378593142479076,0.11991088837385178,0.0005321574863046408
0,scaled,"[-5, 5]",5.0,1,2,wp,WP,0.225,0.37493962049484253,0.025361148759717858,0.08144692331552505,0.0003468008653726429
0,scaled,"[-5, 5]",5.0,1,3,np,IS-NP,0.15,0.7370327115058899,0.07038169589583655,0.010435042902827263,5.105599120724946e-05
0,scaled,"[-5, 5]",5.0,1,3,np_fan_in,Fan-in NP,0.1,0.45916876196861267,0.03228513151443622,0.09665075689554214,0.0004546374548226595
0,scaled,"[-5, 5]",5.0,1,3,np_fixed,Vanilla NP,0.3,0.4139094948768616,0.031358788305806226,0.09354294091463089,0.00046015335828997195
0,scaled,"[-5, 5]",5.0,1,3,wp,WP,0.225,0.3325512111186981,0.022008504066373766,0.07949473708868027,0.0003811449569184333
0,scaled,"[-5, 5]",5.0,1,4,np,IS-NP,0.15,0.8784026503562927,0.12512041803444543,0.008515609428286552,4.5904354919912294e-05
0,scaled,"[-5, 5]",5.0,1,4,np_fan_in,Fan-in NP,0.1,0.5299466252326965,0.04262095219737603,0.07758697867393494,0.00034386865445412695
0,scaled,"[-5, 5]",5.0,1,4,np_fixed,Vanilla NP,0.3,0.5659927129745483,0.048206901725158485,0.07984250038862228,0.0003506239445414394
0,scaled,"[-5, 5]",5.0,1,4,wp,WP,0.225,0.4189974069595337,0.028833588936928816,0.06574652343988419,0.0003105297510046512
0,scaled,"[-5, 5]",5.0,1,5,np,IS-NP,0.15,0.6178125739097595,0.03995633586334103,0.011681100353598595,3.3110252843471244e-05
0,scaled,"[-5, 5]",5.0,1,5,np_fan_in,Fan-in NP,0.1,0.2586185336112976,0.018330971180451645,0.09541355818510056,0.0004115446063224226
0,scaled,"[-5, 5]",5.0,1,5,np_fixed,Vanilla NP,0.3,0.16414786875247955,0.00972759785351324,0.0941821038722992,0.00048107843031175435
0,scaled,"[-5, 5]",5.0,1,5,wp,WP,0.225,0.03995578736066818,0.0028917135751423,0.0890558585524559,0.0003883413737639785
0,scaled,"[-5, 5]",5.0,1,6,np,IS-NP,0.15,0.9411728382110596,0.1619001228151319,0.012804798781871796,5.703615534002893e-05
0,scaled,"[-5, 5]",5.0,1,6,np_fan_in,Fan-in NP,0.1,0.7492837309837341,0.06214899749875258,0.1128634363412857,0.0003885059559252113
0,scaled,"[-5, 5]",5.0,1,6,np_fixed,Vanilla NP,0.3,0.7766602635383606,0.07425286431061977,0.11827511340379715,0.0004986049607396126
0,scaled,"[-5, 5]",5.0,1,6,wp,WP,0.225,0.7437009215354919,0.06998212639749303,0.09026563912630081,0.00041674106614664197
0,scaled,"[-5, 5]",5.0,1,7,np,IS-NP,0.15,0.6493490934371948,0.05117398309903744,0.00994741078466177,4.002439891337417e-05
0,scaled,"[-5, 5]",5.0,1,7,np_fan_in,Fan-in NP,0.1,0.4296122193336487,0.029289087866224386,0.09418709576129913,0.00034499928005971014
0,scaled,"[-5, 5]",5.0,1,7,np_fixed,Vanilla NP,0.3,0.38131994009017944,0.0233186904356747,0.08928070217370987,0.0003306312137283385
0,scaled,"[-5, 5]",5.0,1,7,wp,WP,0.225,0.252538800239563,0.019399016656097955,0.07222332060337067,0.0003422285371925682
0,scaled,"[-5, 5]",5.0,120,0,np,IS-NP,0.15,0.9177128076553345,0.19594999498537316,0.004230809397995472,3.897823262377642e-05
0,scaled,"[-5, 5]",5.0,120,0,np_fan_in,Fan-in NP,0.1,0.7424536347389221,0.06887568523913311,0.036631349474191666,0.00015690572035964578
0,scaled,"[-5, 5]",5.0,120,0,np_fixed,Vanilla NP,0.3,0.7603981494903564,0.07403236802250225,0.038848236203193665,0.00016360805602744222
0,scaled,"[-5, 5]",5.0,120,0,wp,WP,0.225,0.5955260396003723,0.05208363677472031,0.04990333318710327,0.00025377096608281136
0,scaled,"[-5, 5]",5.0,120,1,np,IS-NP,0.15,0.49941158294677734,0.0505318157003785,0.00728100398555398,7.332550012506545e-05
0,scaled,"[-5, 5]",5.0,120,1,np_fan_in,Fan-in NP,0.1,0.21329960227012634,0.009126875734121615,0.06301142275333405,0.0003462537715677172
0,scaled,"[-5, 5]",5.0,120,1,np_fixed,Vanilla NP,0.3,0.2233899086713791,0.005586532717764688,0.06768818199634552,0.00022955161693971604
0,scaled,"[-5, 5]",5.0,120,1,wp,WP,0.225,0.31342053413391113,0.01953091050503038,0.06545069068670273,0.00032134767388924956
0,scaled,"[-5, 5]",5.0,120,2,np,IS-NP,0.15,0.8508108854293823,0.1096534640708948,0.006575246341526508,3.338308306410909e-05
0,scaled,"[-5, 5]",5.0,120,2,np_fan_in,Fan-in NP,0.1,0.3159521520137787,0.014592914285700923,0.06086577847599983,0.00022017245646566153
0,scaled,"[-5, 5]",5.0,120,2,np_fixed,Vanilla NP,0.3,0.6418976783752441,0.04706472310548027,0.06001481041312218,0.00023633704404346645
0,scaled,"[-5, 5]",5.0,120,2,wp,WP,0.225,0.3254454731941223,0.028241381638508756,0.062188517302274704,0.000367988453945145
0,scaled,"[-5, 5]",5.0,120,3,np,IS-NP,0.15,0.5863963961601257,0.06148924776375679,0.005825435742735863,4.619679748429917e-05
0,scaled,"[-5, 5]",5.0,120,3,np_fan_in,Fan-in NP,0.1,0.4337455630302429,0.030206273387011606,0.05476510897278786,0.00023133770446293056
0,scaled,"[-5, 5]",5.0,120,3,np_fixed,Vanilla NP,0.3,0.2382403016090393,0.017372595099247216,0.05340811610221863,0.0002318590704817325
0,scaled,"[-5, 5]",5.0,120,3,wp,WP,0.225,0.2739100158214569,0.017783253931702346,0.06231774762272835,0.00030348473228514194
0,scaled,"[-5, 5]",5.0,120,4,np,IS-NP,0.15,0.9068544507026672,0.16585759413913667,0.005870796740055084,4.530905789579265e-05
0,scaled,"[-5, 5]",5.0,120,4,np_fan_in,Fan-in NP,0.1,0.7473547458648682,0.06443486519250048,0.04785733297467232,0.0001795116113498807
0,scaled,"[-5, 5]",5.0,120,4,np_fixed,Vanilla NP,0.3,0.6771981716156006,0.051558724684097494,0.05006058141589165,0.00018528194050304592
0,scaled,"[-5, 5]",5.0,120,4,wp,WP,0.225,0.5650290250778198,0.047125898264615294,0.05835721641778946,0.00035362798371352255
0,scaled,"[-5, 5]",5.0,120,5,np,IS-NP,0.15,0.5024158954620361,0.05327816745169305,0.006052826065570116,5.0261201977264136e-05
0,scaled,"[-5, 5]",5.0,120,5,np_fan_in,Fan-in NP,0.1,0.2234872579574585,0.01396012210752815,0.04603477567434311,0.00018454839300829917
0,scaled,"[-5, 5]",5.0,120,5,np_fixed,Vanilla NP,0.3,0.19837772846221924,0.012744926139381127,0.044234659522771835,0.00020422150555532426
0,scaled,"[-5, 5]",5.0,120,5,wp,WP,0.225,0.19022712111473083,0.01538690399005039,0.06593691557645798,0.0003149940457660705
0,scaled,"[-5, 5]",5.0,120,6,np,IS-NP,0.15,0.6958068013191223,0.05455612111378135,0.005439145490527153,4.95429958391469e-05
0,scaled,"[-5, 5]",5.0,120,6,np_fan_in,Fan-in NP,0.1,0.5261626243591309,0.029751405164036744,0.05003388971090317,0.00016444605716969818
0,scaled,"[-5, 5]",5.0,120,6,np_fixed,Vanilla NP,0.3,0.5805269479751587,0.04489055076192017,0.050750941038131714,0.0002630430390127003
0,scaled,"[-5, 5]",5.0,120,6,wp,WP,0.225,0.26637789607048035,0.016597246738820105,0.05569174513220787,0.0002800319343805313
0,scaled,"[-5, 5]",5.0,120,7,np,IS-NP,0.15,0.9499337077140808,0.25151129749817,0.004643979482352734,4.1892752051353455e-05
0,scaled,"[-5, 5]",5.0,120,7,np_fan_in,Fan-in NP,0.1,0.7580915093421936,0.07822694458057716,0.03883713111281395,0.00020124248112551868
0,scaled,"[-5, 5]",5.0,120,7,np_fixed,Vanilla NP,0.3,0.8546966314315796,0.0778745313273248,0.040685489773750305,9.484989277552813e-05
0,scaled,"[-5, 5]",5.0,120,7,wp,WP,0.225,0.7656735777854919,0.07648822469194935,0.04907846823334694,0.0002264609793201089
0,scaled,"[-5, 5]",5.0,240,0,np,IS-NP,0.15,0.925413966178894,0.18301158644987367,0.004366275854408741,4.3131982238264754e-05
0,scaled,"[-5, 5]",5.0,240,0,np_fan_in,Fan-in NP,0.1,0.7574262619018555,0.07974560762086184,0.03279164433479309,0.0001709756616037339
0,scaled,"[-5, 5]",5.0,240,0,np_fixed,Vanilla NP,0.3,0.8447920680046082,0.09951538269439576,0.03728979080915451,0.00015850817726459354
0,scaled,"[-5, 5]",5.0,240,0,wp,WP,0.225,0.5846973061561584,0.05283180481928866,0.051757361739873886,0.00031648363801650703
0,scaled,"[-5, 5]",5.0,240,1,np,IS-NP,0.15,0.6890122890472412,0.06376905777724459,0.006902494002133608,6.269616278586909e-05
0,scaled,"[-5, 5]",5.0,240,1,np_fan_in,Fan-in NP,0.1,0.40932342410087585,0.023815239160588437,0.06326712667942047,0.000303344102576375
0,scaled,"[-5, 5]",5.0,240,1,np_fixed,Vanilla NP,0.3,0.618444561958313,0.039989327613147906,0.0592384934425354,0.00018932914827018976
0,scaled,"[-5, 5]",5.0,240,1,wp,WP,0.225,0.4199869632720947,0.02913840610999614,0.07033147662878036,0.00033142935717478395
0,scaled,"[-5, 5]",5.0,240,2,np,IS-NP,0.15,0.9019589424133301,0.13404989696961517,0.007426896132528782,3.9366670534946024e-05
0,scaled,"[-5, 5]",5.0,240,2,np_fan_in,Fan-in NP,0.1,0.5807129740715027,0.04170139127430351,0.060137663036584854,0.0002620392479002476
0,scaled,"[-5, 5]",5.0,240,2,np_fixed,Vanilla NP,0.3,0.4887779653072357,0.036639911185920936,0.05939197912812233,0.00031657045474275947
0,scaled,"[-5, 5]",5.0,240,2,wp,WP,0.225,0.48710909485816956,0.03392573257976134,0.06807105243206024,0.0003538138698786497
0,scaled,"[-5, 5]",5.0,240,3,np,IS-NP,0.15,0.6873518228530884,0.07404457625671057,0.006069691386073828,4.2519954149611294e-05
0,scaled,"[-5, 5]",5.0,240,3,np_fan_in,Fan-in NP,0.1,0.5446485280990601,0.04382348477350509,0.047808386385440826,0.00022180919768288732
0,scaled,"[-5, 5]",5.0,240,3,np_fixed,Vanilla NP,0.3,0.4744088053703308,0.03322622619816684,0.04568254575133324,0.00016855915600899607
0,scaled,"[-5, 5]",5.0,240,3,wp,WP,0.225,0.4335907995700836,0.02913129818419596,0.06411983072757721,0.00030975101981312037
0,scaled,"[-5, 5]",5.0,240,4,np,IS-NP,0.15,0.9153398871421814,0.1680948086247857,0.005825534928590059,4.599363819579594e-05
0,scaled,"[-5, 5]",5.0,240,4,np_fan_in,Fan-in NP,0.1,0.7882241010665894,0.07015758028113245,0.04816868528723717,0.00016550614964216948
0,scaled,"[-5, 5]",5.0,240,4,np_fixed,Vanilla NP,0.3,0.7417017817497253,0.06817172002204946,0.04841233044862747,0.00021706234838347882
0,scaled,"[-5, 5]",5.0,240,4,wp,WP,0.225,0.49953731894493103,0.04109996491529936,0.06049993261694908,0.00038442970253527164
0,scaled,"[-5, 5]",5.0,240,5,np,IS-NP,0.15,0.667546272277832,0.07663622988572266,0.006509896367788315,5.098129258840345e-05
0,scaled,"[-5, 5]",5.0,240,5,np_fan_in,Fan-in NP,0.1,0.24448178708553314,0.015461013716170176,0.04528440907597542,0.00018222576181869954
0,scaled,"[-5, 5]",5.0,240,5,np_fixed,Vanilla NP,0.3,0.4185323417186737,0.029291909012378405,0.04596612975001335,0.00021571827528532594
0,scaled,"[-5, 5]",5.0,240,5,wp,WP,0.225,0.2737642228603363,0.019430555733803583,0.06582831591367722,0.0002887175069190562
0,scaled,"[-5, 5]",5.0,240,6,np,IS-NP,0.15,0.832299530506134,0.09983432328238753,0.0051421415992081165,3.543651837389916e-05
0,scaled,"[-5, 5]",5.0,240,6,np_fan_in,Fan-in NP,0.1,0.4214629828929901,0.029181864535591254,0.04175588861107826,0.00018970054225064814
0,scaled,"[-5, 5]",5.0,240,6,np_fixed,Vanilla NP,0.3,0.5931928157806396,0.04156045624476974,0.04244818910956383,0.00016302465519402176
0,scaled,"[-5, 5]",5.0,240,6,wp,WP,0.225,0.26584258675575256,0.018382561252171095,0.05794970318675041,0.0003667005221359432
0,scaled,"[-5, 5]",5.0,240,7,np,IS-NP,0.15,0.9390618801116943,0.22117578388036538,0.004854920785874128,4.357570651336573e-05
0,scaled,"[-5, 5]",5.0,240,7,np_fan_in,Fan-in NP,0.1,0.7965824007987976,0.0843322155449035,0.0413658544421196,0.00018173018179368228
0,scaled,"[-5, 5]",5.0,240,7,np_fixed,Vanilla NP,0.3,0.8252026438713074,0.09349097531327667,0.03882395103573799,0.00017014285549521446
0,scaled,"[-5, 5]",5.0,240,7,wp,WP,0.225,0.7109569907188416,0.07289609994453107,0.05535917729139328,0.0003078713780269027
1,base,"[-1, 1]",1.0,1,0,np,IS-NP,0.15,0.8980254530906677,0.1092961606074823,0.014854260720312595,6.283957191044465e-05
1,base,"[-1, 1]",1.0,1,0,np_fan_in,Fan-in NP,0.1,0.9307642579078674,0.13874594476607552,0.014128047972917557,5.159657303011045e-05
1,base,"[-1, 1]",1.0,1,0,np_fixed,Vanilla NP,0.3,0.9150715470314026,0.12020179481890712,0.01393740251660347,5.346474063117057e-05
1,base,"[-1, 1]",1.0,1,0,wp,WP,0.225,0.6886017918586731,0.05874522496809125,0.10487424582242966,0.0004905274254269898
1,base,"[-1, 1]",1.0,1,1,np,IS-NP,0.15,0.8833127021789551,0.09704736298929978,0.01301929634064436,4.448930485523306e-05
1,base,"[-1, 1]",1.0,1,1,np_fan_in,Fan-in NP,0.1,0.8298459053039551,0.08279560395943311,0.012003234587609768,5.83775581617374e-05
1,base,"[-1, 1]",1.0,1,1,np_fixed,Vanilla NP,0.3,0.7443908452987671,0.08274181067633132,0.011814108118414879,8.702712511876598e-05
1,base,"[-1, 1]",1.0,1,1,wp,WP,0.225,0.5503453612327576,0.04162006851881112,0.08769078552722931,0.00035825485247187316
1,base,"[-1, 1]",1.0,1,2,np,IS-NP,0.15,0.9530667066574097,0.1718641681674247,0.017355065792798996,5.994044477120042e-05
1,base,"[-1, 1]",1.0,1,2,np_fan_in,Fan-in NP,0.1,0.9559937119483948,0.1669382963057918,0.015905097126960754,4.2969462811015546e-05
1,base,"[-1, 1]",1.0,1,2,np_fixed,Vanilla NP,0.3,0.9313081502914429,0.14168144576469785,0.015781661495566368,5.5647706176387146e-05
1,base,"[-1, 1]",1.0,1,2,wp,WP,0.225,0.645396888256073,0.06433396218538595,0.11396608501672745,0.0006257517379708588
1,base,"[-1, 1]",1.0,1,3,np,IS-NP,0.15,0.9912673234939575,0.3554500068906539,0.006832089275121689,2.2661382899968885e-05
1,base,"[-1, 1]",1.0,1,3,np_fan_in,Fan-in NP,0.1,0.9912704229354858,0.3567370132349121,0.007104542572051287,2.1275493054417893e-05
1,base,"[-1, 1]",1.0,1,3,np_fixed,Vanilla NP,0.3,0.9920971989631653,0.3503804043114845,0.007359779439866543,1.9538672859198414e-05
1,base,"[-1, 1]",1.0,1,3,wp,WP,0.225,0.9015146493911743,0.1487039622673071,0.054916590452194214,0.00030437117675319314
1,base,"[-1, 1]",1.0,1,4,np,IS-NP,0.15,0.04764999449253082,0.014073262804110224,0.008039779961109161,4.633992284652777e-05
1,base,"[-1, 1]",1.0,1,4,np_fan_in,Fan-in NP,0.1,0.3424290716648102,0.0340379141329322,0.007094087544828653,2.126812978531234e-05
1,base,"[-1, 1]",1.0,1,4,np_fixed,Vanilla NP,0.3,0.10272587090730667,0.01896459995029242,0.006931709591299295,1.8663644368643872e-05
1,base,"[-1, 1]",1.0,1,4,wp,WP,0.225,0.22818993031978607,0.017128189401410053,0.05931440368294716,0.00023016308841761202
1,base,"[-1, 1]",1.0,1,5,np,IS-NP,0.15,0.9683041572570801,0.20472533942665905,0.009751342236995697,3.8150017644511536e-05
1,base,"[-1, 1]",1.0,1,5,np_fan_in,Fan-in NP,0.1,0.9653109312057495,0.22327955206716676,0.01059216633439064,4.4199128751643e-05
1,base,"[-1, 1]",1.0,1,5,np_fixed,Vanilla NP,0.3,0.9816758036613464,0.2609598965093028,0.010789397172629833,6.501410825876519e-05
1,base,"[-1, 1]",1.0,1,5,wp,WP,0.225,0.7608540058135986,0.08030488147002567,0.07782076299190521,0.00037577698822133243
1,base,"[-1, 1]",1.0,1,6,np,IS-NP,0.15,0.8998239636421204,0.10006452064881159,0.007807636167854071,5.2893461543135345e-05
1,base,"[-1, 1]",1.0,1,6,np_fan_in,Fan-in NP,0.1,0.8746652007102966,0.08129513915046119,0.007945062592625618,3.582063436624594e-05
1,base,"[-1, 1]",1.0,1,6,np_fixed,Vanilla NP,0.3,0.8287001252174377,0.07010192326730855,0.0076391068287193775,3.5725486668525264e-05
1,base,"[-1, 1]",1.0,1,6,wp,WP,0.225,0.26101914048194885,0.015974718126866114,0.06454475224018097,0.00026972973137162626
1,base,"[-1, 1]",1.0,1,7,np,IS-NP,0.15,0.1885351836681366,0.008997244342754129,0.010365696623921394,5.116402098792605e-05
1,base,"[-1, 1]",1.0,1,7,np_fan_in,Fan-in NP,0.1,0.11476141214370728,0.005880908729401805,0.008760172873735428,5.089108890388161e-05
1,base,"[-1, 1]",1.0,1,7,np_fixed,Vanilla NP,0.3,-0.09088978916406631,-0.004151417189495988,0.008993151597678661,3.660432048491202e-05
1,base,"[-1, 1]",1.0,1,7,wp,WP,0.225,0.07118304818868637,0.004848702562139806,0.0705629363656044,0.00033645553048700094
1,base,"[-1, 1]",1.0,120,0,np,IS-NP,0.15,0.8239458203315735,0.1117725289982142,0.0072846729308366776,4.2154752009082586e-05
1,base,"[-1, 1]",1.0,120,0,np_fan_in,Fan-in NP,0.1,0.7985498309135437,0.10511966958365519,0.007296389900147915,4.750609150505625e-05
1,base,"[-1, 1]",1.0,120,0,np_fixed,Vanilla NP,0.3,0.8492996096611023,0.0907670681248419,0.007609447464346886,3.685005503939465e-05
1,base,"[-1, 1]",1.0,120,0,wp,WP,0.225,0.3936552107334137,0.026542067070840857,0.06620900332927704,0.00028104340890422463
1,base,"[-1, 1]",1.0,120,1,np,IS-NP,0.15,0.5804523825645447,0.05578227848745883,0.006213941145688295,3.668357749120332e-05
1,base,"[-1, 1]",1.0,120,1,np_fan_in,Fan-in NP,0.1,0.46971407532691956,0.04130916276359737,0.0065119629725813866,4.5334556489251554e-05
1,base,"[-1, 1]",1.0,120,1,np_fixed,Vanilla NP,0.3,0.39177754521369934,0.03255597989870391,0.006056580226868391,5.146267722011544e-05
1,base,"[-1, 1]",1.0,120,1,wp,WP,0.225,0.09357751160860062,0.00901989574728456,0.06109203025698662,0.00034915321157313883
1,base,"[-1, 1]",1.0,120,2,np,IS-NP,0.15,0.699079692363739,0.05710667732297831,0.009694205597043037,4.475052992347628e-05
1,base,"[-1, 1]",1.0,120,2,np_fan_in,Fan-in NP,0.1,0.7721577882766724,0.06170752365305816,0.009101648814976215,2.9774797440040857e-05
1,base,"[-1, 1]",1.0,120,2,np_fixed,Vanilla NP,0.3,0.7312846183776855,0.05831044972849971,0.009303859435021877,3.7280027754604816e-05
1,base,"[-1, 1]",1.0,120,2,wp,WP,0.225,0.1144966334104538,0.003959665430738823,0.07567371428012848,0.0003178940969519317
1,base,"[-1, 1]",1.0,120,3,np,IS-NP,0.15,0.9684986472129822,0.22684799463798602,0.00602972274646163,4.557279316941276e-05
1,base,"[-1, 1]",1.0,120,3,np_fan_in,Fan-in NP,0.1,0.9526326060295105,0.18636155076674185,0.00652303034439683,2.5944744265871122e-05
1,base,"[-1, 1]",1.0,120,3,np_fixed,Vanilla NP,0.3,0.9617489576339722,0.19599641432384185,0.006412280723452568,2.78592633549124e-05
1,base,"[-1, 1]",1.0,120,3,wp,WP,0.225,0.8258012533187866,0.08601039922020087,0.056583140045404434,0.0002716379822231829
1,base,"[-1, 1]",1.0,120,4,np,IS-NP,0.15,0.5988575220108032,0.055369205653429766,0.005469321273267269,8.351067663170397e-05
1,base,"[-1, 1]",1.0,120,4,np_fan_in,Fan-in NP,0.1,0.8975566625595093,0.09946956843632507,0.005127855110913515,2.9502563847927377e-05
1,base,"[-1, 1]",1.0,120,4,np_fixed,Vanilla NP,0.3,0.7783982157707214,0.07167499462617949,0.005247817374765873,5.182868699193932e-05
1,base,"[-1, 1]",1.0,120,4,wp,WP,0.225,0.36756107211112976,0.0297443363192239,0.04933486878871918,0.00029254311812110245
1,base,"[-1, 1]",1.0,120,5,np,IS-NP,0.15,0.9413576722145081,0.18885881737054053,0.006150896195322275,3.854147144011222e-05
1,base,"[-1, 1]",1.0,120,5,np_fan_in,Fan-in NP,0.1,0.9705953001976013,0.22339350331070212,0.006636129226535559,5.5156466260086745e-05
1,base,"[-1, 1]",1.0,120,5,np_fixed,Vanilla NP,0.3,0.9578842520713806,0.19673902634725285,0.006115303374826908,2.8409456717781723e-05
1,base,"[-1, 1]",1.0,120,5,wp,WP,0.225,0.6434193253517151,0.05723328302766883,0.05808097869157791,0.0002588571223895997
1,base,"[-1, 1]",1.0,120,6,np,IS-NP,0.15,0.8734186291694641,0.09877997738464425,0.00512414425611496,2.101409700117074e-05
1,base,"[-1, 1]",1.0,120,6,np_fan_in,Fan-in NP,0.1,0.5613442063331604,0.050907540628880574,0.005166112445294857,6.205002136994153e-05
1,base,"[-1, 1]",1.0,120,6,np_fixed,Vanilla NP,0.3,0.8874848484992981,0.08383735855071185,0.005416066385805607,1.90578393812757e-05
1,base,"[-1, 1]",1.0,120,6,wp,WP,0.225,0.29183414578437805,0.018818298634626748,0.05490066856145859,0.0002603427565190941
1,base,"[-1, 1]",1.0,120,7,np,IS-NP,0.15,0.9544551968574524,0.17884967391000828,0.006517247296869755,2.9366414310061373e-05
1,base,"[-1, 1]",1.0,120,7,np_fan_in,Fan-in NP,0.1,0.949196457862854,0.1574463110397725,0.006314676254987717,3.8744645280530676e-05
1,base,"[-1, 1]",1.0,120,7,np_fixed,Vanilla NP,0.3,0.9339046478271484,0.16173029096098618,0.006506721023470163,4.4035732571501285e-05
1,base,"[-1, 1]",1.0,120,7,wp,WP,0.225,0.511300802230835,0.03985387044704112,0.0586281344294548,0.0003225916298106313
1,base,"[-1, 1]",1.0,240,0,np,IS-NP,0.15,0.9770363569259644,0.3090459366115586,0.00532406335696578,3.612351429183036e-05
1,base,"[-1, 1]",1.0,240,0,np_fan_in,Fan-in NP,0.1,0.9859268069267273,0.3121173264293854,0.005781970918178558,2.2906388039700687e-05
1,base,"[-1, 1]",1.0,240,0,np_fixed,Vanilla NP,0.3,0.9592376947402954,0.2543027388698344,0.005703880917280912,9.220527135767043e-05
1,base,"[-1, 1]",1.0,240,0,wp,WP,0.225,0.7737333178520203,0.0826147051386215,0.05977350473403931,0.00031843301258049905
1,base,"[-1, 1]",1.0,240,1,np,IS-NP,0.15,0.9468529224395752,0.16858849593724395,0.00538222212344408,2.9420560167636722e-05
1,base,"[-1, 1]",1.0,240,1,np_fan_in,Fan-in NP,0.1,0.9309629201889038,0.15588724145694263,0.005427403375506401,3.702178946696222e-05
1,base,"[-1, 1]",1.0,240,1,np_fixed,Vanilla NP,0.3,0.8578507304191589,0.1352700912085614,0.00557046290487051,7.13299959897995e-05
1,base,"[-1, 1]",1.0,240,1,wp,WP,0.225,0.7072154879570007,0.06722697238825882,0.052960336208343506,0.0002342702355235815
1,base,"[-1, 1]",1.0,240,2,np,IS-NP,0.15,0.9277330040931702,0.16070676831683764,0.0071996403858065605,5.0565358833409846e-05
1,base,"[-1, 1]",1.0,240,2,np_fan_in,Fan-in NP,0.1,0.9403671622276306,0.1536153621559303,0.00749922776594758,4.291338336770423e-05
1,base,"[-1, 1]",1.0,240,2,np_fixed,Vanilla NP,0.3,0.932055652141571,0.15034679864669062,0.0072263795882463455,5.256914300844073e-05
1,base,"[-1, 1]",1.0,240,2,wp,WP,0.225,0.6017962098121643,0.051109691509464025,0.07144488394260406,0.00038025015965104103
1,base,"[-1, 1]",1.0,240,3,np,IS-NP,0.15,0.5606327652931213,0.042798640646409085,0.005939374212175608,3.435535109019838e-05
1,base,"[-1, 1]",1.0,240,3,np_fan_in,Fan-in NP,0.1,0.8415934443473816,0.0726041466667084,0.006689009256660938,2.96291818813188e-05
1,base,"[-1, 1]",1.0,240,3,np_fixed,Vanilla NP,0.3,0.8743802309036255,0.11066681466521307,0.006821409333497286,7.176170038292184e-05
1,base,"[-1, 1]",1.0,240,3,wp,WP,0.225,0.6334555149078369,0.04795222149962986,0.06035827472805977,0.0003042193711735308
1,base,"[-1, 1]",1.0,240,4,np,IS-NP,0.15,0.9571214914321899,0.21075674317980883,0.0051934742368757725,3.6617479054257274e-05
1,base,"[-1, 1]",1.0,240,4,np_fan_in,Fan-in NP,0.1,0.9440838098526001,0.16996076386834222,0.0056307874619960785,6.064983972464688e-05
1,base,"[-1, 1]",1.0,240,4,np_fixed,Vanilla NP,0.3,0.9627863764762878,0.2164462031670458,0.005676050204783678,3.229977664886974e-05
1,base,"[-1, 1]",1.0,240,4,wp,WP,0.225,0.6468967795372009,0.06320458119007526,0.05538547411561012,0.00032401116914115846
1,base,"[-1, 1]",1.0,240,5,np,IS-NP,0.15,0.47922417521476746,0.032638707850007144,0.005183063913136721,2.8404425393091515e-05
1,base,"[-1, 1]",1.0,240,5,np_fan_in,Fan-in NP,0.1,0.35773470997810364,0.021243220476268712,0.006183429155498743,2.311136449861806e-05
1,base,"[-1, 1]",1.0,240,5,np_fixed,Vanilla NP,0.3,0.5966576337814331,0.042913638093644596,0.00609242171049118,4.04665079258848e-05
1,base,"[-1, 1]",1.0,240,5,wp,WP,0.225,0.1654343456029892,0.010103601830390592,0.06065698713064194,0.00028597190976142883
1,base,"[-1, 1]",1.0,240,6,np,IS-NP,0.15,0.8712847828865051,0.12525036600401715,0.004730903077870607,3.070626553380862e-05
1,base,"[-1, 1]",1.0,240,6,np_fan_in,Fan-in NP,0.1,0.8569318056106567,0.12177762581656376,0.005021239165216684,2.9178512704675086e-05
1,base,"[-1, 1]",1.0,240,6,np_fixed,Vanilla NP,0.3,0.8965446352958679,0.13745538576343583,0.005077740643173456,2.503696123312693e-05
1,base,"[-1, 1]",1.0,240,6,wp,WP,0.225,0.4328017234802246,0.03203180898957119,0.0535222627222538,0.0002447196748107672
1,base,"[-1, 1]",1.0,240,7,np,IS-NP,0.15,0.9777026176452637,0.3091882802109467,0.006990910042077303,4.0186321712099016e-05
1,base,"[-1, 1]",1.0,240,7,np_fan_in,Fan-in NP,0.1,0.9799333214759827,0.28804961926859673,0.007025530096143484,4.155856731813401e-05
1,base,"[-1, 1]",1.0,240,7,np_fixed,Vanilla NP,0.3,0.9700552821159363,0.2622173323761672,0.006991797126829624,7.402677874779329e-05
1,base,"[-1, 1]",1.0,240,7,wp,WP,0.225,0.8350929617881775,0.0963739563584871,0.06528066098690033,0.00030557261197827756
1,scaled,"[-5, 5]",5.0,1,0,np,IS-NP,0.15,0.8931971192359924,0.1152106344132335,0.01445331983268261,7.080312207108364e-05
1,scaled,"[-5, 5]",5.0,1,0,np_fan_in,Fan-in NP,0.1,0.6567757725715637,0.04731485834366443,0.1308036893606186,0.00044464998063631356
1,scaled,"[-5, 5]",5.0,1,0,np_fixed,Vanilla NP,0.3,0.615149199962616,0.04438107158081645,0.12878118455410004,0.0004973074537701905
1,scaled,"[-5, 5]",5.0,1,0,wp,WP,0.225,0.6896184682846069,0.0596120168804191,0.10434414446353912,0.0004915453610010445
1,scaled,"[-5, 5]",5.0,1,1,np,IS-NP,0.15,0.8587854504585266,0.09314566426328383,0.012922885827720165,5.069043982075527e-05
1,scaled,"[-5, 5]",5.0,1,1,np_fan_in,Fan-in NP,0.1,0.3649323284626007,0.024624750227667393,0.11405139416456223,0.0006076987483538687
1,scaled,"[-5, 5]",5.0,1,1,np_fixed,Vanilla NP,0.3,0.4040653705596924,0.026624293064378433,0.11186554282903671,0.00046833170927129686
1,scaled,"[-5, 5]",5.0,1,1,wp,WP,0.225,0.5513116717338562,0.041831936502785536,0.08906187117099762,0.00035758430021815
1,scaled,"[-5, 5]",5.0,1,2,np,IS-NP,0.15,0.9451577067375183,0.16867505868916244,0.01718166284263134,6.69971777824685e-05
1,scaled,"[-5, 5]",5.0,1,2,np_fan_in,Fan-in NP,0.1,0.6000543236732483,0.056148177927631576,0.14590753614902496,0.0007419519242830575
1,scaled,"[-5, 5]",5.0,1,2,np_fixed,Vanilla NP,0.3,0.6117124557495117,0.04897296228470319,0.1466761827468872,0.0005842350656166673
1,scaled,"[-5, 5]",5.0,1,2,wp,WP,0.225,0.6495223045349121,0.0642459193613225,0.1150604635477066,0.0006227712729014456
1,scaled,"[-5, 5]",5.0,1,3,np,IS-NP,0.15,0.989857017993927,0.34513086814937805,0.006944338791072369,2.4081000447040424e-05
1,scaled,"[-5, 5]",5.0,1,3,np_fan_in,Fan-in NP,0.1,0.907170832157135,0.12129925610691619,0.07199900597333908,0.00023868621792644262
1,scaled,"[-5, 5]",5.0,1,3,np_fixed,Vanilla NP,0.3,0.9096866250038147,0.11878442142345497,0.07442587614059448,0.00023035783669911325
1,scaled,"[-5, 5]",5.0,1,3,wp,WP,0.225,0.8982191681861877,0.14651127989394203,0.056156937032938004,0.000314019329380244
1,scaled,"[-5, 5]",5.0,1,4,np,IS-NP,0.15,0.2843100130558014,0.030555847677654433,0.008167201653122902,4.8644076741766185e-05
1,scaled,"[-5, 5]",5.0,1,4,np_fan_in,Fan-in NP,0.1,0.2981695830821991,0.022532601619604974,0.0668146163225174,0.0002564371970947832
1,scaled,"[-5, 5]",5.0,1,4,np_fixed,Vanilla NP,0.3,-0.02311379462480545,0.0033454919371555055,0.06445557624101639,0.00023846050316933542
1,scaled,"[-5, 5]",5.0,1,4,wp,WP,0.225,0.2885691225528717,0.02062855938333238,0.06056959182024002,0.00023331271950155497
1,scaled,"[-5, 5]",5.0,1,5,np,IS-NP,0.15,0.9649892449378967,0.20241668131105447,0.009713666513562202,4.153462214162573e-05
1,scaled,"[-5, 5]",5.0,1,5,np_fan_in,Fan-in NP,0.1,0.768913745880127,0.07454316543832344,0.10879327356815338,0.0004243255825713277
1,scaled,"[-5, 5]",5.0,1,5,np_fixed,Vanilla NP,0.3,0.7746556401252747,0.08585006539457633,0.11243388801813126,0.0006172335706651211
1,scaled,"[-5, 5]",5.0,1,5,wp,WP,0.225,0.7512068748474121,0.07844116369087714,0.07859848439693451,0.0003791039634961635
1,scaled,"[-5, 5]",5.0,1,6,np,IS-NP,0.15,0.8742082118988037,0.1002188330986731,0.0077622453682124615,5.521664934349246e-05
1,scaled,"[-5, 5]",5.0,1,6,np_fan_in,Fan-in NP,0.1,0.42340531945228577,0.02765635410651157,0.07331255823373795,0.00033299572532996535
1,scaled,"[-5, 5]",5.0,1,6,np_fixed,Vanilla NP,0.3,0.4292294681072235,0.02320485746131453,0.07263109087944031,0.00026794846053235233
1,scaled,"[-5, 5]",5.0,1,6,wp,WP,0.225,0.259763240814209,0.015823194059582116,0.06487748771905899,0.00026641011936590075
1,scaled,"[-5, 5]",5.0,1,7,np,IS-NP,0.15,0.2765340805053711,0.017961407755016503,0.01034857053309679,4.403996354085393e-05
1,scaled,"[-5, 5]",5.0,1,7,np_fan_in,Fan-in NP,0.1,-0.1000075489282608,-0.004100052861516209,0.07961121201515198,0.0002967957698274404
1,scaled,"[-5, 5]",5.0,1,7,np_fixed,Vanilla NP,0.3,-0.16272948682308197,-0.01004960605011244,0.07880105078220367,0.00043491387623362243
1,scaled,"[-5, 5]",5.0,1,7,wp,WP,0.225,0.058575261384248734,0.004431741550100317,0.07140789926052094,0.0003420557186473161
1,scaled,"[-5, 5]",5.0,120,0,np,IS-NP,0.15,0.9513999223709106,0.2057260668825317,0.005388826597481966,2.6978810637956485e-05
1,scaled,"[-5, 5]",5.0,120,0,np_fan_in,Fan-in NP,0.1,0.7771698832511902,0.08385014077114951,0.0401739664375782,0.00016386088100261986
1,scaled,"[-5, 5]",5.0,120,0,np_fixed,Vanilla NP,0.3,0.7656254172325134,0.07619209688564296,0.040606092661619186,0.00015341956168413162
1,scaled,"[-5, 5]",5.0,120,0,wp,WP,0.225,0.6441650390625,0.05661158399840739,0.060725100338459015,0.00029130562325008214
1,scaled,"[-5, 5]",5.0,120,1,np,IS-NP,0.15,0.894426167011261,0.13212712458334863,0.005032737739384174,2.9402559448499233e-05
1,scaled,"[-5, 5]",5.0,120,1,np_fan_in,Fan-in NP,0.1,0.5346852540969849,0.03802393703347964,0.04368384927511215,0.0001483302767155692
1,scaled,"[-5, 5]",5.0,120,1,np_fixed,Vanilla NP,0.3,0.596062183380127,0.043051095962164256,0.040273796766996384,0.00013532150478567928
1,scaled,"[-5, 5]",5.0,120,1,wp,WP,0.225,0.26629942655563354,0.02257899341918043,0.05677458643913269,0.0003616315370891243
1,scaled,"[-5, 5]",5.0,120,2,np,IS-NP,0.15,0.8762320876121521,0.11638049054672592,0.007190465461462736,3.93297232221812e-05
1,scaled,"[-5, 5]",5.0,120,2,np_fan_in,Fan-in NP,0.1,0.6151955127716064,0.046606108706631254,0.05631526559591293,0.00021844744333066046
1,scaled,"[-5, 5]",5.0,120,2,np_fixed,Vanilla NP,0.3,0.7083945870399475,0.05592734501527351,0.05469028279185295,0.0001922033552546054
1,scaled,"[-5, 5]",5.0,120,2,wp,WP,0.225,0.3456035554409027,0.021553085337776185,0.0677056834101677,0.0003110479738097638
1,scaled,"[-5, 5]",5.0,120,3,np,IS-NP,0.15,0.8799222111701965,0.13404792592749193,0.005877179093658924,4.740889562526718e-05
1,scaled,"[-5, 5]",5.0,120,3,np_fan_in,Fan-in NP,0.1,0.5095837116241455,0.03395561978201537,0.05613451451063156,0.00022928831458557397
1,scaled,"[-5, 5]",5.0,120,3,np_fixed,Vanilla NP,0.3,0.44174689054489136,0.025317183330116677,0.05616174265742302,0.00020570156630128622
1,scaled,"[-5, 5]",5.0,120,3,wp,WP,0.225,0.64496910572052,0.05054199035997347,0.057388123124837875,0.0002628389047458768
1,scaled,"[-5, 5]",5.0,120,4,np,IS-NP,0.15,0.8559963703155518,0.12255731445584388,0.005201792810112238,5.4824002290843055e-05
1,scaled,"[-5, 5]",5.0,120,4,np_fan_in,Fan-in NP,0.1,0.6861259937286377,0.05484149792476577,0.04271775484085083,0.0001505086402175948
1,scaled,"[-5, 5]",5.0,120,4,np_fixed,Vanilla NP,0.3,0.700491189956665,0.05928569468490726,0.04266233742237091,0.00016873588901944458
1,scaled,"[-5, 5]",5.0,120,4,wp,WP,0.225,0.5703464150428772,0.04955723348660589,0.04954000934958458,0.0002730385458562523
1,scaled,"[-5, 5]",5.0,120,5,np,IS-NP,0.15,0.8103647828102112,0.08694374072880844,0.005406410899013281,3.5436612961348146e-05
1,scaled,"[-5, 5]",5.0,120,5,np_fan_in,Fan-in NP,0.1,0.6573007106781006,0.04527705603565361,0.046696506440639496,0.0001649122277740389
1,scaled,"[-5, 5]",5.0,120,5,np_fixed,Vanilla NP,0.3,0.46588805317878723,0.0320411023512861,0.043943509459495544,0.0001804484927561134
1,scaled,"[-5, 5]",5.0,120,5,wp,WP,0.225,0.2672136425971985,0.020697899242259156,0.056219760328531265,0.00023994490038603544
1,scaled,"[-5, 5]",5.0,120,6,np,IS-NP,0.15,0.7550665140151978,0.08176381262213302,0.004977543838322163,2.4810617105686106e-05
1,scaled,"[-5, 5]",5.0,120,6,np_fan_in,Fan-in NP,0.1,0.11799299716949463,0.009735000894943368,0.039931826293468475,0.00018645767704583704
1,scaled,"[-5, 5]",5.0,120,6,np_fixed,Vanilla NP,0.3,0.43686971068382263,0.027776037774189414,0.04408660903573036,0.00013519315689336509
1,scaled,"[-5, 5]",5.0,120,6,wp,WP,0.225,0.4037175476551056,0.02573301708634972,0.05687887966632843,0.00024532637326046824
1,scaled,"[-5, 5]",5.0,120,7,np,IS-NP,0.15,0.9706681966781616,0.25431042472579674,0.00620007049292326,3.0163859264575876e-05
1,scaled,"[-5, 5]",5.0,120,7,np_fan_in,Fan-in NP,0.1,0.8271144032478333,0.0864054957254363,0.05103272944688797,0.0001834065915318206
1,scaled,"[-5, 5]",5.0,120,7,np_fixed,Vanilla NP,0.3,0.7363041639328003,0.08087633361189243,0.052032239735126495,0.00030177441658452153
1,scaled,"[-5, 5]",5.0,120,7,wp,WP,0.225,0.7006959915161133,0.06760041612142231,0.05921318382024765,0.000329469854477793
1,scaled,"[-5, 5]",5.0,240,0,np,IS-NP,0.15,0.9519981741905212,0.23702781496389208,0.0053240456618368626,4.194767097942531e-05
1,scaled,"[-5, 5]",5.0,240,0,np_fan_in,Fan-in NP,0.1,0.8412536978721619,0.10537991276554143,0.04001876711845398,0.00016837212024256587
1,scaled,"[-5, 5]",5.0,240,0,np_fixed,Vanilla NP,0.3,0.7629340291023254,0.08709184940186485,0.03898105025291443,0.00021546428615693003
1,scaled,"[-5, 5]",5.0,240,0,wp,WP,0.225,0.6655685901641846,0.05968076887547795,0.06479733437299728,0.00030647357925772667
1,scaled,"[-5, 5]",5.0,240,1,np,IS-NP,0.15,0.9459226131439209,0.2065729328004333,0.005378578323870897,5.0609862228157e-05
1,scaled,"[-5, 5]",5.0,240,1,np_fan_in,Fan-in NP,0.1,0.8104977607727051,0.092262214893708,0.039296526461839676,0.00017693678091745824
1,scaled,"[-5, 5]",5.0,240,1,np_fixed,Vanilla NP,0.3,0.7070196270942688,0.08234417975133207,0.0418103002011776,0.0002847386640496552
1,scaled,"[-5, 5]",5.0,240,1,wp,WP,0.225,0.7324560880661011,0.07278991679777391,0.05514564365148544,0.0002668227534741163
1,scaled,"[-5, 5]",5.0,240,2,np,IS-NP,0.15,0.9092739224433899,0.157371670758342,0.006837495602667332,4.7649060434196144e-05
1,scaled,"[-5, 5]",5.0,240,2,np_fan_in,Fan-in NP,0.1,0.6907445788383484,0.06287876934875385,0.050976041704416275,0.00022870941029395908
1,scaled,"[-5, 5]",5.0,240,2,np_fixed,Vanilla NP,0.3,0.6759716868400574,0.057322491668188987,0.04968047887086868,0.00020757249149028212
1,scaled,"[-5, 5]",5.0,240,2,wp,WP,0.225,0.5850112438201904,0.04991197465036142,0.073988176882267,0.00040423753671348095
1,scaled,"[-5, 5]",5.0,240,3,np,IS-NP,0.15,0.6184977293014526,0.05826983440929325,0.005569844506680965,3.5599943657871336e-05
1,scaled,"[-5, 5]",5.0,240,3,np_fan_in,Fan-in NP,0.1,0.3804498612880707,0.023797278240817833,0.049330949783325195,0.00019253762729931623
1,scaled,"[-5, 5]",5.0,240,3,np_fixed,Vanilla NP,0.3,0.43603262305259705,0.02884640993350634,0.052694354206323624,0.00022458212333731353
1,scaled,"[-5, 5]",5.0,240,3,wp,WP,0.225,0.40166357159614563,0.0292505688833747,0.06224790960550308,0.00035632748040370643
1,scaled,"[-5, 5]",5.0,240,4,np,IS-NP,0.15,0.9382631778717041,0.1926321720093256,0.0055904509499669075,3.889087383868173e-05
1,scaled,"[-5, 5]",5.0,240,4,np_fan_in,Fan-in NP,0.1,0.7191270589828491,0.06333504461308621,0.04400158300995827,0.0001932277373271063
1,scaled,"[-5, 5]",5.0,240,4,np_fixed,Vanilla NP,0.3,0.732650101184845,0.07202904730365844,0.04345596954226494,0.00019459371105767787
1,scaled,"[-5, 5]",5.0,240,4,wp,WP,0.225,0.6499343514442444,0.0628339916060213,0.05982586741447449,0.0003058115253224969
1,scaled,"[-5, 5]",5.0,240,5,np,IS-NP,0.15,0.2766914963722229,0.023124370053604557,0.005316887982189655,3.105250289081596e-05
1,scaled,"[-5, 5]",5.0,240,5,np_fan_in,Fan-in NP,0.1,0.10814930498600006,0.004513460291491356,0.044658686965703964,0.0001548167783766985
1,scaled,"[-5, 5]",5.0,240,5,np_fixed,Vanilla NP,0.3,0.10425727814435959,0.006503924172405581,0.04496201500296593,0.00017011426098179072
1,scaled,"[-5, 5]",5.0,240,5,wp,WP,0.225,-0.034173011779785156,-0.0024570589516467105,0.06323879957199097,0.00033985049230977893
1,scaled,"[-5, 5]",5.0,240,6,np,IS-NP,0.15,0.8561381697654724,0.13157832248889462,0.005082174204289913,4.290774086257443e-05
1,scaled,"[-5, 5]",5.0,240,6,np_fan_in,Fan-in NP,0.1,0.4306985139846802,0.03676252393585552,0.039383985102176666,0.00021826957527082413
1,scaled,"[-5, 5]",5.0,240,6,np_fixed,Vanilla NP,0.3,0.5351743698120117,0.043197967639813824,0.03909183666110039,0.00018293794710189104
1,scaled,"[-5, 5]",5.0,240,6,wp,WP,0.225,0.5154327750205994,0.0407684525018946,0.05745868757367134,0.00025708909379318357
1,scaled,"[-5, 5]",5.0,240,7,np,IS-NP,0.15,0.9802289605140686,0.31004825931061836,0.006002815440297127,3.0961004085838795e-05
1,scaled,"[-5, 5]",5.0,240,7,np_fan_in,Fan-in NP,0.1,0.8978117108345032,0.12233989171606179,0.04751627519726753,0.00017335446318611503
1,scaled,"[-5, 5]",5.0,240,7,np_fixed,Vanilla NP,0.3,0.8608320951461792,0.11022804008243839,0.04610219970345497,0.0002142416633432731
1,scaled,"[-5, 5]",5.0,240,7,wp,WP,0.225,0.8346300721168518,0.0920410358980007,0.064897820353508,0.0002749801496975124
2,base,"[-1, 1]",1.0,1,0,np,IS-NP,0.15,0.2211858332157135,0.005882096962159267,0.009601178579032421,3.248904613428749e-05
2,base,"[-1, 1]",1.0,1,0,np_fan_in,Fan-in NP,0.1,0.2625969648361206,0.017838545785828806,0.010192181915044785,5.27328738826327e-05
2,base,"[-1, 1]",1.0,1,0,np_fixed,Vanilla NP,0.3,0.16058550775051117,0.011400704802023634,0.009726220741868019,3.325900252093561e-05
2,base,"[-1, 1]",1.0,1,0,wp,WP,0.225,0.13853266835212708,0.008827281940239119,0.07324191927909851,0.000294059602310881
2,base,"[-1, 1]",1.0,1,1,np,IS-NP,0.15,0.9400759935379028,0.1520510429594045,0.012762472033500671,5.014002454117872e-05
2,base,"[-1, 1]",1.0,1,1,np_fan_in,Fan-in NP,0.1,0.934808075428009,0.13112412697713202,0.012404486536979675,4.310717122280039e-05
2,base,"[-1, 1]",1.0,1,1,np_fixed,Vanilla NP,0.3,0.9495534896850586,0.16333893946818231,0.012017675675451756,5.131501529831439e-05
2,base,"[-1, 1]",1.0,1,1,wp,WP,0.225,0.6676613092422485,0.06150453528431778,0.08552628010511398,0.0004912675358355045
2,base,"[-1, 1]",1.0,1,2,np,IS-NP,0.15,0.1758217066526413,0.013163036920983966,0.009001677855849266,3.765120345633477e-05
2,base,"[-1, 1]",1.0,1,2,np_fan_in,Fan-in NP,0.1,0.08246874809265137,0.007038918291254958,0.008687150664627552,5.0047648983309045e-05
2,base,"[-1, 1]",1.0,1,2,np_fixed,Vanilla NP,0.3,0.2528800666332245,0.017949315773512352,0.009315989911556244,4.5880511606810614e-05
2,base,"[-1, 1]",1.0,1,2,wp,WP,0.225,0.08079194277524948,0.006081723353478689,0.06224476173520088,0.000276611972367391
2,base,"[-1, 1]",1.0,1,3,np,IS-NP,0.15,0.8062127828598022,0.0540505057797418,0.013870815746486187,4.085540058440529e-05
2,base,"[-1, 1]",1.0,1,3,np_fan_in,Fan-in NP,0.1,0.7714282870292664,0.08158306951809209,0.013335171155631542,8.662942127557471e-05
2,base,"[-1, 1]",1.0,1,3,np_fixed,Vanilla NP,0.3,0.5306224226951599,0.026838973161162964,0.012414313852787018,5.7424625993007794e-05
2,base,"[-1, 1]",1.0,1,3,wp,WP,0.225,0.3868009150028229,0.02469001171957643,0.09210935235023499,0.00043437405838631094
2,base,"[-1, 1]",1.0,1,4,np,IS-NP,0.15,0.948984682559967,0.1690927373439384,0.010840613394975662,4.836841981159523e-05
2,base,"[-1, 1]",1.0,1,4,np_fan_in,Fan-in NP,0.1,0.9413129687309265,0.15439524260388376,0.011429596692323685,5.429137672763318e-05
2,base,"[-1, 1]",1.0,1,4,np_fixed,Vanilla NP,0.3,0.9499651193618774,0.1787058818435374,0.011027905158698559,4.8763598897494376e-05
2,base,"[-1, 1]",1.0,1,4,wp,WP,0.225,0.7419356107711792,0.06753608939009913,0.07665576040744781,0.0003526497748680413
2,base,"[-1, 1]",1.0,1,5,np,IS-NP,0.15,0.14753101766109467,0.01460649296932388,0.011517449282109737,7.88956240285188e-05
2,base,"[-1, 1]",1.0,1,5,np_fan_in,Fan-in NP,0.1,0.37521135807037354,0.02629152701744412,0.012161171063780785,5.289562250254676e-05
2,base,"[-1, 1]",1.0,1,5,np_fixed,Vanilla NP,0.3,0.304013729095459,0.02155829025444594,0.012061738409101963,4.428429019753821e-05
2,base,"[-1, 1]",1.0,1,5,wp,WP,0.225,0.1008005291223526,0.006338506175840545,0.07858291268348694,0.00037838012212887406
2,base,"[-1, 1]",1.0,1,6,np,IS-NP,0.15,0.596858024597168,0.06210148576161979,0.008786609396338463,4.562373578664847e-05
2,base,"[-1, 1]",1.0,1,6,np_fan_in,Fan-in NP,0.1,0.7612972855567932,0.0753555916598998,0.00950468610972166,3.782966814469546e-05
2,base,"[-1, 1]",1.0,1,6,np_fixed,Vanilla NP,0.3,0.6755901575088501,0.05708136701571978,0.00945261400192976,3.803006620728411e-05
2,base,"[-1, 1]",1.0,1,6,wp,WP,0.225,0.33266618847846985,0.02137392627179603,0.06354332715272903,0.00024868041509762406
2,base,"[-1, 1]",1.0,1,7,np,IS-NP,0.15,0.8351856470108032,0.10112118909795148,0.014341411180794239,6.176779425004497e-05
2,base,"[-1, 1]",1.0,1,7,np_fan_in,Fan-in NP,0.1,0.7860780954360962,0.08101391575473826,0.014860066585242748,6.232200394151732e-05
2,base,"[-1, 1]",1.0,1,7,np_fixed,Vanilla NP,0.3,0.6819307804107666,0.08211984362569638,0.015800433233380318,7.332364475587383e-05
2,base,"[-1, 1]",1.0,1,7,wp,WP,0.225,0.39968180656433105,0.03231174839053589,0.09589669853448868,0.0004353758122306317
2,base,"[-1, 1]",1.0,120,0,np,IS-NP,0.15,0.9541311860084534,0.1881066399354798,0.006008398253470659,2.6955875000567175e-05
2,base,"[-1, 1]",1.0,120,0,np_fan_in,Fan-in NP,0.1,0.9441173076629639,0.1527812075810895,0.006418047472834587,3.0269908165792003e-05
2,base,"[-1, 1]",1.0,120,0,np_fixed,Vanilla NP,0.3,0.9232964515686035,0.1791643839465299,0.00663412269204855,4.4455686293076724e-05
2,base,"[-1, 1]",1.0,120,0,wp,WP,0.225,0.7312628626823425,0.07251843785391733,0.05612557381391525,0.0002572916855569929
2,base,"[-1, 1]",1.0,120,1,np,IS-NP,0.15,0.9754927754402161,0.3012228244682774,0.008817285299301147,4.968898429069668e-05
2,base,"[-1, 1]",1.0,120,1,np_fan_in,Fan-in NP,0.1,0.9846686124801636,0.3175570997525938,0.008793823421001434,3.870615182677284e-05
2,base,"[-1, 1]",1.0,120,1,np_fixed,Vanilla NP,0.3,0.9804590344429016,0.2966877492542456,0.009012514725327492,4.01063371100463e-05
2,base,"[-1, 1]",1.0,120,1,wp,WP,0.225,0.823536217212677,0.10121439918293618,0.07040273398160934,0.0003749060560949147
2,base,"[-1, 1]",1.0,120,2,np,IS-NP,0.15,0.8006766438484192,0.08055821478446887,0.004698427394032478,2.9851165891159326e-05
2,base,"[-1, 1]",1.0,120,2,np_fan_in,Fan-in NP,0.1,0.924462616443634,0.1352025300092919,0.00548210646957159,2.9263592296047136e-05
2,base,"[-1, 1]",1.0,120,2,np_fixed,Vanilla NP,0.3,0.8489882349967957,0.08249550953229724,0.005572305526584387,2.3660850274609402e-05
2,base,"[-1, 1]",1.0,120,2,wp,WP,0.225,0.5016898512840271,0.03871683516966489,0.049980778247117996,0.0002317689941264689
2,base,"[-1, 1]",1.0,120,3,np,IS-NP,0.15,0.7182081341743469,0.06825618385722312,0.006029615178704262,2.604565270303283e-05
2,base,"[-1, 1]",1.0,120,3,np_fan_in,Fan-in NP,0.1,0.7212281823158264,0.05998219689887871,0.006729702465236187,2.4251756258308887e-05
2,base,"[-1, 1]",1.0,120,3,np_fixed,Vanilla NP,0.3,0.6734580993652344,0.06285353214552743,0.006435418501496315,3.313985143904574e-05
2,base,"[-1, 1]",1.0,120,3,wp,WP,0.225,0.3854062259197235,0.022557945594841537,0.05405333265662193,0.00017671557725407183
2,base,"[-1, 1]",1.0,120,4,np,IS-NP,0.15,0.9723464250564575,0.2359391487543083,0.006421970669180155,2.5464367354288697e-05
2,base,"[-1, 1]",1.0,120,4,np_fan_in,Fan-in NP,0.1,0.9728848338127136,0.2128712994667391,0.007039792835712433,2.4450497221550904e-05
2,base,"[-1, 1]",1.0,120,4,np_fixed,Vanilla NP,0.3,0.9649187326431274,0.20429103399510495,0.006414109840989113,3.430289507377893e-05
2,base,"[-1, 1]",1.0,120,4,wp,WP,0.225,0.7832637429237366,0.08830058585808728,0.05972915515303612,0.0003255902847740799
2,base,"[-1, 1]",1.0,120,5,np,IS-NP,0.15,0.7973706722259521,0.09565515010326635,0.006508678663522005,3.37999445036985e-05
2,base,"[-1, 1]",1.0,120,5,np_fan_in,Fan-in NP,0.1,0.790170431137085,0.0744656846227978,0.007264233194291592,2.6512709155213088e-05
2,base,"[-1, 1]",1.0,120,5,np_fixed,Vanilla NP,0.3,0.8367758393287659,0.08358642724245631,0.007026002276688814,2.5567522243363783e-05
2,base,"[-1, 1]",1.0,120,5,wp,WP,0.225,0.40342921018600464,0.03163967595531479,0.06035299971699715,0.00027993813273496926
2,base,"[-1, 1]",1.0,120,6,np,IS-NP,0.15,0.5022105574607849,0.04925112873243052,0.005554880015552044,5.448444062494673e-05
2,base,"[-1, 1]",1.0,120,6,np_fan_in,Fan-in NP,0.1,0.7089136242866516,0.05847335077511768,0.005814995151013136,2.6727257136371918e-05
2,base,"[-1, 1]",1.0,120,6,np_fixed,Vanilla NP,0.3,0.7211193442344666,0.06262052688398398,0.005516032222658396,3.012968591065146e-05
2,base,"[-1, 1]",1.0,120,6,wp,WP,0.225,0.36070147156715393,0.026996109228336233,0.04998889937996864,0.00024632856366224587
2,base,"[-1, 1]",1.0,120,7,np,IS-NP,0.15,0.6643810272216797,0.05173330407700026,0.0064313896000385284,2.3945920474943705e-05
2,base,"[-1, 1]",1.0,120,7,np_fan_in,Fan-in NP,0.1,0.7940598130226135,0.0654520138821681,0.006864757277071476,2.036780642811209e-05
2,base,"[-1, 1]",1.0,120,7,np_fixed,Vanilla NP,0.3,0.5590000748634338,0.045984988868379637,0.006958947982639074,3.933091647922993e-05
2,base,"[-1, 1]",1.0,120,7,wp,WP,0.225,0.3015751540660858,0.01778058864583727,0.060984667390584946,0.00027691805735230446
2,base,"[-1, 1]",1.0,240,0,np,IS-NP,0.15,0.3888055086135864,0.03133653334225528,0.004935947246849537,2.414015580143314e-05
2,base,"[-1, 1]",1.0,240,0,np_fan_in,Fan-in NP,0.1,0.43839940428733826,0.035233750987390525,0.005805669352412224,2.5165883926092647e-05
2,base,"[-1, 1]",1.0,240,0,np_fixed,Vanilla NP,0.3,0.39062654972076416,0.03281229473359417,0.0056959534995257854,3.0197172236512415e-05
2,base,"[-1, 1]",1.0,240,0,wp,WP,0.225,-0.0106738256290555,-0.0005728696778533049,0.04912852868437767,0.00026745640207082033
2,base,"[-1, 1]",1.0,240,1,np,IS-NP,0.15,0.8745084404945374,0.10827296952011238,0.006361792329698801,3.552214548108168e-05
2,base,"[-1, 1]",1.0,240,1,np_fan_in,Fan-in NP,0.1,0.8631120920181274,0.10394078529716352,0.007373555097728968,3.8380298065021634e-05
2,base,"[-1, 1]",1.0,240,1,np_fixed,Vanilla NP,0.3,0.879668116569519,0.09946932424500118,0.007721668109297752,3.572591958800331e-05
2,base,"[-1, 1]",1.0,240,1,wp,WP,0.225,0.6398089528083801,0.059708998188822686,0.06681510806083679,0.00038852987927384675
2,base,"[-1, 1]",1.0,240,2,np,IS-NP,0.15,0.9437263607978821,0.22297698090502915,0.004936934914439917,3.744002606254071e-05
2,base,"[-1, 1]",1.0,240,2,np_fan_in,Fan-in NP,0.1,0.961239218711853,0.24295512745932987,0.0061789946630597115,3.45994922099635e-05
2,base,"[-1, 1]",1.0,240,2,np_fixed,Vanilla NP,0.3,0.9738364219665527,0.21487602326693983,0.005836316384375095,1.7564898371347226e-05
2,base,"[-1, 1]",1.0,240,2,wp,WP,0.225,0.8002691864967346,0.08961856638319053,0.051642805337905884,0.0002390669542364776
2,base,"[-1, 1]",1.0,240,3,np,IS-NP,0.15,0.9696671366691589,0.2340163357973021,0.005316468421369791,2.5233544874936342e-05
2,base,"[-1, 1]",1.0,240,3,np_fan_in,Fan-in NP,0.1,0.9791967272758484,0.2564126497988279,0.00581612903624773,3.391195059521124e-05
2,base,"[-1, 1]",1.0,240,3,np_fixed,Vanilla NP,0.3,0.95965975522995,0.21845478420921913,0.005485989153385162,2.7379323000786826e-05
2,base,"[-1, 1]",1.0,240,3,wp,WP,0.225,0.6746770739555359,0.06496560250525363,0.051664337515830994,0.00029159069526940584
2,base,"[-1, 1]",1.0,240,4,np,IS-NP,0.15,0.877040445804596,0.13567686754589278,0.004710785578936338,3.071478204219602e-05
2,base,"[-1, 1]",1.0,240,4,np_fan_in,Fan-in NP,0.1,0.8664990067481995,0.1057174609064532,0.005774427205324173,3.186767935403623e-05
2,base,"[-1, 1]",1.0,240,4,np_fixed,Vanilla NP,0.3,0.8830510973930359,0.1176859537003717,0.00591706158593297,2.8273407224332914e-05
2,base,"[-1, 1]",1.0,240,4,wp,WP,0.225,0.6793031096458435,0.05746787899787099,0.05009588599205017,0.00021939442376606166
2,base,"[-1, 1]",1.0,240,5,np,IS-NP,0.15,0.9206856489181519,0.16641410981489269,0.005826238077133894,3.522485712892376e-05
2,base,"[-1, 1]",1.0,240,5,np_fan_in,Fan-in NP,0.1,0.9008436799049377,0.13888720597703166,0.007179916370660067,2.7300387955619954e-05
2,base,"[-1, 1]",1.0,240,5,np_fixed,Vanilla NP,0.3,0.9140298366546631,0.1364728986576665,0.006826417986303568,2.6226196496281773e-05
2,base,"[-1, 1]",1.0,240,5,wp,WP,0.225,0.5811094045639038,0.04495728372154796,0.05317872762680054,0.00021323336113709956
2,base,"[-1, 1]",1.0,240,6,np,IS-NP,0.15,0.9361070394515991,0.1677182339296754,0.005026862490922213,2.87962393485941e-05
2,base,"[-1, 1]",1.0,240,6,np_fan_in,Fan-in NP,0.1,0.9522067904472351,0.1939726971235359,0.005884282756596804,2.596017839096021e-05
2,base,"[-1, 1]",1.0,240,6,np_fixed,Vanilla NP,0.3,0.9608354568481445,0.2009382338980989,0.005919056013226509,2.4055643734754995e-05
2,base,"[-1, 1]",1.0,240,6,wp,WP,0.225,0.631085216999054,0.058743731547050024,0.05254514515399933,0.0003068228252232075
2,base,"[-1, 1]",1.0,240,7,np,IS-NP,0.15,0.9426780343055725,0.1971601417744144,0.004963489715009928,2.98742379527539e-05
2,base,"[-1, 1]",1.0,240,7,np_fan_in,Fan-in NP,0.1,0.9576589465141296,0.1999379173774893,0.005934002343565226,2.3475975467590615e-05
2,base,"[-1, 1]",1.0,240,7,np_fixed,Vanilla NP,0.3,0.9571395516395569,0.21554802153259517,0.00580235430970788,2.9130937036825344e-05
2,base,"[-1, 1]",1.0,240,7,wp,WP,0.225,0.6746117472648621,0.060750564198436524,0.05361247435212135,0.0002331783907720819
2,scaled,"[-5, 5]",5.0,1,0,np,IS-NP,0.15,0.5677886605262756,0.03743059694946472,0.009989399462938309,3.3915668609552085e-05
2,scaled,"[-5, 5]",5.0,1,0,np_fan_in,Fan-in NP,0.1,0.20946605503559113,0.012887625870644116,0.10277101397514343,0.00039497308898717165
2,scaled,"[-5, 5]",5.0,1,0,np_fixed,Vanilla NP,0.3,0.06836721301078796,0.0055926218907643484,0.09556066989898682,0.000389035907573998
2,scaled,"[-5, 5]",5.0,1,0,wp,WP,0.225,0.22238893806934357,0.014279951642189795,0.0765310749411583,0.00030658970354124904
2,scaled,"[-5, 5]",5.0,1,1,np,IS-NP,0.15,0.9320803880691528,0.14857800029252152,0.013237152248620987,5.7521483540767804e-05
2,scaled,"[-5, 5]",5.0,1,1,np_fan_in,Fan-in NP,0.1,0.5969976186752319,0.045432211864438916,0.11541508883237839,0.000504920375533402
2,scaled,"[-5, 5]",5.0,1,1,np_fixed,Vanilla NP,0.3,0.6511672735214233,0.05246558546835634,0.11498772352933884,0.0005230043898336589
2,scaled,"[-5, 5]",5.0,1,1,wp,WP,0.225,0.6489757895469666,0.05860940239120585,0.08880215883255005,0.000508050958160311
2,scaled,"[-5, 5]",5.0,1,2,np,IS-NP,0.15,0.4988645315170288,0.03522518103360805,0.009306810796260834,4.029119008919224e-05
2,scaled,"[-5, 5]",5.0,1,2,np_fan_in,Fan-in NP,0.1,0.06402045488357544,0.004690113016598237,0.08479107916355133,0.0003997580788563937
2,scaled,"[-5, 5]",5.0,1,2,np_fixed,Vanilla NP,0.3,0.2533571422100067,0.017087869316795453,0.09168220311403275,0.0005071584600955248
2,scaled,"[-5, 5]",5.0,1,2,wp,WP,0.225,0.20206409692764282,0.012636009946678921,0.0649343878030777,0.000279436499113217
2,scaled,"[-5, 5]",5.0,1,3,np,IS-NP,0.15,0.8361096978187561,0.0620150877989848,0.014428047463297844,3.736381040653214e-05
2,scaled,"[-5, 5]",5.0,1,3,np_fan_in,Fan-in NP,0.1,0.555721640586853,0.04346266024246385,0.12536831200122833,0.0006119049503467977
2,scaled,"[-5, 5]",5.0,1,3,np_fixed,Vanilla NP,0.3,0.3442023992538452,0.02022996983238651,0.11832983046770096,0.00038792105624452233
2,scaled,"[-5, 5]",5.0,1,3,wp,WP,0.225,0.4489589333534241,0.029453244374049822,0.09635084122419357,0.0004452813300304115
2,scaled,"[-5, 5]",5.0,1,4,np,IS-NP,0.15,0.9472236037254333,0.17162485244625714,0.011271749623119831,5.298895121086389e-05
2,scaled,"[-5, 5]",5.0,1,4,np_fan_in,Fan-in NP,0.1,0.6574729681015015,0.05510012500162702,0.10563357174396515,0.000537568936124444
2,scaled,"[-5, 5]",5.0,1,4,np_fixed,Vanilla NP,0.3,0.7069734930992126,0.06361539189141088,0.10340139269828796,0.00045658161980099976
2,scaled,"[-5, 5]",5.0,1,4,wp,WP,0.225,0.7314181923866272,0.06566161634376234,0.07938544452190399,0.0003673293686006218
2,scaled,"[-5, 5]",5.0,1,5,np,IS-NP,0.15,0.44143158197402954,0.03897950032361829,0.012106162495911121,7.657844253117219e-05
2,scaled,"[-5, 5]",5.0,1,5,np_fan_in,Fan-in NP,0.1,0.2721717059612274,0.018531436450090647,0.11814181506633759,0.0005080951959826052
2,scaled,"[-5, 5]",5.0,1,5,np_fixed,Vanilla NP,0.3,0.3065612018108368,0.017688635855544515,0.11916040629148483,0.00039457628736272454
2,scaled,"[-5, 5]",5.0,1,5,wp,WP,0.225,0.2412744164466858,0.016436308615993767,0.08137800544500351,0.0003993547288700938
2,scaled,"[-5, 5]",5.0,1,6,np,IS-NP,0.15,0.7003684043884277,0.0783255577184415,0.00919393915683031,5.286559462547302e-05
2,scaled,"[-5, 5]",5.0,1,6,np_fan_in,Fan-in NP,0.1,0.42472586035728455,0.03247341631334469,0.10193532705307007,0.0004473855660762638
2,scaled,"[-5, 5]",5.0,1,6,np_fixed,Vanilla NP,0.3,0.3063388466835022,0.02207293674837274,0.09799849987030029,0.0003693843900691718
2,scaled,"[-5, 5]",5.0,1,6,wp,WP,0.225,0.42104214429855347,0.02712582543657239,0.06627130508422852,0.00025477114832028747
2,scaled,"[-5, 5]",5.0,1,7,np,IS-NP,0.15,0.8112083673477173,0.10476538728253218,0.01489957608282566,7.784106128383428e-05
2,scaled,"[-5, 5]",5.0,1,7,np_fan_in,Fan-in NP,0.1,0.49635934829711914,0.03808669951201106,0.1589895784854889,0.0006186820100992918
2,scaled,"[-5, 5]",5.0,1,7,np_fixed,Vanilla NP,0.3,0.33463990688323975,0.03205474887442203,0.17144030332565308,0.0006764500285498798
2,scaled,"[-5, 5]",5.0,1,7,wp,WP,0.225,0.4624687731266022,0.03765679519662323,0.09953106939792633,0.0004491402942221612
2,scaled,"[-5, 5]",5.0,120,0,np,IS-NP,0.15,0.9358676671981812,0.18263639171636897,0.005323866847902536,4.143375554122031e-05
2,scaled,"[-5, 5]",5.0,120,0,np_fan_in,Fan-in NP,0.1,0.7772959470748901,0.06425752585249332,0.04450622573494911,0.00014791273861192167
2,scaled,"[-5, 5]",5.0,120,0,np_fixed,Vanilla NP,0.3,0.7818945050239563,0.07596148014739204,0.04689576104283333,0.0001780255843186751
2,scaled,"[-5, 5]",5.0,120,0,wp,WP,0.225,0.6021353602409363,0.05689928706997307,0.05483191832900047,0.00031352968653663993
2,scaled,"[-5, 5]",5.0,120,1,np,IS-NP,0.15,0.9682657718658447,0.2723736180433358,0.0071833315305411816,4.442457793629728e-05
2,scaled,"[-5, 5]",5.0,120,1,np_fan_in,Fan-in NP,0.1,0.8667430877685547,0.10750865780864842,0.05747842788696289,0.0002351586299482733
2,scaled,"[-5, 5]",5.0,120,1,np_fixed,Vanilla NP,0.3,0.8860641121864319,0.10128305093918849,0.05899939313530922,0.0001787411601981148
2,scaled,"[-5, 5]",5.0,120,1,wp,WP,0.225,0.7619163990020752,0.08107523123374752,0.06890114396810532,0.0003658354398794472
2,scaled,"[-5, 5]",5.0,120,2,np,IS-NP,0.15,0.7835084795951843,0.10205557660556223,0.005002656951546669,3.546338120941073e-05
2,scaled,"[-5, 5]",5.0,120,2,np_fan_in,Fan-in NP,0.1,0.4519003927707672,0.036120853253184274,0.04771936312317848,0.0002095117379212752
2,scaled,"[-5, 5]",5.0,120,2,np_fixed,Vanilla NP,0.3,0.5229907631874084,0.04575381137189349,0.04919059947133064,0.00028664301498793066
2,scaled,"[-5, 5]",5.0,120,2,wp,WP,0.225,0.2011217474937439,0.014480692302095121,0.05368359386920929,0.0002931306080427021
2,scaled,"[-5, 5]",5.0,120,3,np,IS-NP,0.15,0.5496753454208374,0.049010586292812755,0.0044670868664979935,2.6279421945218928e-05
2,scaled,"[-5, 5]",5.0,120,3,np_fan_in,Fan-in NP,0.1,0.3169518709182739,0.018308670235273893,0.03815170377492905,0.0001480674691265449
2,scaled,"[-5, 5]",5.0,120,3,np_fixed,Vanilla NP,0.3,0.34317654371261597,0.022793832309253047,0.036361150443553925,0.00014533710782416165
2,scaled,"[-5, 5]",5.0,120,3,wp,WP,0.225,0.3220725357532501,0.0200752515548326,0.04820755496621132,0.0001893507578643039
2,scaled,"[-5, 5]",5.0,120,4,np,IS-NP,0.15,0.7828169465065002,0.089136778671453,0.005676021333783865,2.8472308258642443e-05
2,scaled,"[-5, 5]",5.0,120,4,np_fan_in,Fan-in NP,0.1,0.46405816078186035,0.03378179026127934,0.04511009901762009,0.00020818671328015625
2,scaled,"[-5, 5]",5.0,120,4,np_fixed,Vanilla NP,0.3,0.34143561124801636,0.026614369501476175,0.04294433072209358,0.00022342268493957818
2,scaled,"[-5, 5]",5.0,120,4,wp,WP,0.225,0.42895540595054626,0.033150258452345344,0.05660088732838631,0.0003039648581761867
2,scaled,"[-5, 5]",5.0,120,5,np,IS-NP,0.15,0.7697840332984924,0.09082563397629807,0.005802389234304428,3.77720280084759e-05
2,scaled,"[-5, 5]",5.0,120,5,np_fan_in,Fan-in NP,0.1,0.5044059753417969,0.04075569103406451,0.05415702611207962,0.00029478728538379073
2,scaled,"[-5, 5]",5.0,120,5,np_fixed,Vanilla NP,0.3,0.6543869376182556,0.04799148751923591,0.0507979653775692,0.00016424406203441322
2,scaled,"[-5, 5]",5.0,120,5,wp,WP,0.225,0.32460835576057434,0.023281676076051857,0.05850205197930336,0.0003240662335883826
2,scaled,"[-5, 5]",5.0,120,6,np,IS-NP,0.15,0.4463014304637909,0.06061465762431908,0.005771355237811804,8.111078204819933e-05
2,scaled,"[-5, 5]",5.0,120,6,np_fan_in,Fan-in NP,0.1,0.3953510820865631,0.02942553577813669,0.04055607691407204,0.00019146133854519576
2,scaled,"[-5, 5]",5.0,120,6,np_fixed,Vanilla NP,0.3,0.528167188167572,0.0331023371477689,0.038144249469041824,9.44254788919352e-05
2,scaled,"[-5, 5]",5.0,120,6,wp,WP,0.225,0.21081404387950897,0.015998625991414883,0.0547153614461422,0.00031432165997102857
2,scaled,"[-5, 5]",5.0,120,7,np,IS-NP,0.15,0.33473923802375793,0.030432119910256007,0.005409795790910721,4.256891770637594e-05
2,scaled,"[-5, 5]",5.0,120,7,np_fan_in,Fan-in NP,0.1,0.37152767181396484,0.019114648020574047,0.044332269579172134,0.00013896510063204914
2,scaled,"[-5, 5]",5.0,120,7,np_fixed,Vanilla NP,0.3,0.09854831546545029,0.0023163418324353793,0.04649227485060692,0.00024627827224321663
2,scaled,"[-5, 5]",5.0,120,7,wp,WP,0.225,0.1540054827928543,0.009069368070656007,0.05879055708646774,0.0002798670611809939
2,scaled,"[-5, 5]",5.0,240,0,np,IS-NP,0.15,0.6863730549812317,0.07957949884488093,0.005444026552140713,4.348839865997434e-05
2,scaled,"[-5, 5]",5.0,240,0,np_fan_in,Fan-in NP,0.1,0.5048159956932068,0.030514342325477627,0.040547896176576614,0.00012441410217434168
2,scaled,"[-5, 5]",5.0,240,0,np_fixed,Vanilla NP,0.3,0.49334847927093506,0.038249135058140385,0.040075961500406265,0.00020362238865345716
2,scaled,"[-5, 5]",5.0,240,0,wp,WP,0.225,0.06946834176778793,0.003463398134529901,0.05885118991136551,0.0004078143392689526
2,scaled,"[-5, 5]",5.0,240,1,np,IS-NP,0.15,0.8389397859573364,0.11320869515814896,0.006631406024098396,4.859134423895739e-05
2,scaled,"[-5, 5]",5.0,240,1,np_fan_in,Fan-in NP,0.1,0.5398125648498535,0.045391272771545726,0.04670777544379234,0.00022182465181685984
2,scaled,"[-5, 5]",5.0,240,1,np_fixed,Vanilla NP,0.3,0.6398562788963318,0.04978824443290553,0.0483844019472599,0.00020007940474897623
2,scaled,"[-5, 5]",5.0,240,1,wp,WP,0.225,0.49768033623695374,0.04486646250334161,0.07462544739246368,0.00047741871094331145
2,scaled,"[-5, 5]",5.0,240,2,np,IS-NP,0.15,0.9300698637962341,0.2121004814961149,0.0058308811858296394,4.7045912651810795e-05
2,scaled,"[-5, 5]",5.0,240,2,np_fan_in,Fan-in NP,0.1,0.7728281617164612,0.09045269415267589,0.05364241078495979,0.0002768910489976406
2,scaled,"[-5, 5]",5.0,240,2,np_fixed,Vanilla NP,0.3,0.8163806796073914,0.0812661519717949,0.048251885920763016,0.00013753601524513215
2,scaled,"[-5, 5]",5.0,240,2,wp,WP,0.225,0.7615799307823181,0.08166085341005479,0.0631401538848877,0.0003513137635309249
2,scaled,"[-5, 5]",5.0,240,3,np,IS-NP,0.15,0.9242176413536072,0.1986570666837603,0.005500239785760641,5.4237279982771724e-05
2,scaled,"[-5, 5]",5.0,240,3,np_fan_in,Fan-in NP,0.1,0.798690676689148,0.08271301162676536,0.038014911115169525,0.00016838149167597294
2,scaled,"[-5, 5]",5.0,240,3,np_fixed,Vanilla NP,0.3,0.7267865538597107,0.07252407292956681,0.03655807301402092,0.0001732002419885248
2,scaled,"[-5, 5]",5.0,240,3,wp,WP,0.225,0.6454813480377197,0.061575532741699135,0.06230548396706581,0.0003757909871637821
2,scaled,"[-5, 5]",5.0,240,4,np,IS-NP,0.15,0.880170464515686,0.15673554086242802,0.005290925968438387,4.2961346480296925e-05
2,scaled,"[-5, 5]",5.0,240,4,np_fan_in,Fan-in NP,0.1,0.7064365148544312,0.055662366300718226,0.03939186781644821,0.00012398153194226325
2,scaled,"[-5, 5]",5.0,240,4,np_fixed,Vanilla NP,0.3,0.6467573642730713,0.059980005665662854,0.041530802845954895,0.00020762269559781998
2,scaled,"[-5, 5]",5.0,240,4,wp,WP,0.225,0.5957012176513672,0.05007350748152627,0.059965796768665314,0.0003213564050383866
2,scaled,"[-5, 5]",5.0,240,5,np,IS-NP,0.15,0.8810588717460632,0.1713291214808123,0.00569264218211174,5.832250099047087e-05
2,scaled,"[-5, 5]",5.0,240,5,np_fan_in,Fan-in NP,0.1,0.627451479434967,0.04847705342217523,0.043002016842365265,0.00016535680333618075
2,scaled,"[-5, 5]",5.0,240,5,np_fixed,Vanilla NP,0.3,0.6577281951904297,0.05915680085414957,0.04385456070303917,0.00020122963178437203
2,scaled,"[-5, 5]",5.0,240,5,wp,WP,0.225,0.5811383724212646,0.046287145480103695,0.06336580961942673,0.0002745222591329366
2,scaled,"[-5, 5]",5.0,240,6,np,IS-NP,0.15,0.8972433805465698,0.16332218645208438,0.005876623094081879,5.049624451203272e-05
2,scaled,"[-5, 5]",5.0,240,6,np_fan_in,Fan-in NP,0.1,0.7821417450904846,0.07695662857149728,0.03981665149331093,0.00015714665642008185
2,scaled,"[-5, 5]",5.0,240,6,np_fixed,Vanilla NP,0.3,0.8230237364768982,0.07354825967243718,0.0396449975669384,0.00010052866855403408
2,scaled,"[-5, 5]",5.0,240,6,wp,WP,0.225,0.5944695472717285,0.05733304980991913,0.06505827605724335,0.00042083635344170034
2,scaled,"[-5, 5]",5.0,240,7,np,IS-NP,0.15,0.8927740454673767,0.17324675290922945,0.005274688825011253,4.5793272875016555e-05
2,scaled,"[-5, 5]",5.0,240,7,np_fan_in,Fan-in NP,0.1,0.7758766412734985,0.0771876419870144,0.037488240748643875,0.00013311633665580302
2,scaled,"[-5, 5]",5.0,240,7,np_fixed,Vanilla NP,0.3,0.7625147700309753,0.07912019135595377,0.037956662476062775,0.00017033814219757915
2,scaled,"[-5, 5]",5.0,240,7,wp,WP,0.225,0.664273202419281,0.06195978032410494,0.0624324195086956,0.0002855903876479715
3,base,"[-1, 1]",1.0,1,0,np,IS-NP,0.15,0.9402776956558228,0.15902299003355438,0.009836952202022076,3.927978832507506e-05
3,base,"[-1, 1]",1.0,1,0,np_fan_in,Fan-in NP,0.1,0.9373323917388916,0.1559537985022568,0.010216396301984787,3.938316149287857e-05
3,base,"[-1, 1]",1.0,1,0,np_fixed,Vanilla NP,0.3,0.9234493970870972,0.14311934154150852,0.010344483889639378,3.8679136196151376e-05
3,base,"[-1, 1]",1.0,1,0,wp,WP,0.225,0.7163479328155518,0.06239551559921021,0.07209949940443039,0.00026560600963421166
3,base,"[-1, 1]",1.0,1,1,np,IS-NP,0.15,0.9736822247505188,0.25099194048088974,0.007903683930635452,4.0388382331002504e-05
3,base,"[-1, 1]",1.0,1,1,np_fan_in,Fan-in NP,0.1,0.960521936416626,0.22614340157645832,0.008216137997806072,4.081640872755088e-05
3,base,"[-1, 1]",1.0,1,1,np_fixed,Vanilla NP,0.3,0.9611830711364746,0.22079128073140358,0.008463837206363678,4.00285680370871e-05
3,base,"[-1, 1]",1.0,1,1,wp,WP,0.225,0.8104487657546997,0.08760741297349645,0.06033538281917572,0.0002683108323253691
3,base,"[-1, 1]",1.0,1,2,np,IS-NP,0.15,0.8224639892578125,0.09321095563160876,0.009179653599858284,4.272383011993952e-05
3,base,"[-1, 1]",1.0,1,2,np_fan_in,Fan-in NP,0.1,0.7561038136482239,0.06940311910875607,0.009777429513633251,4.686664033215493e-05
3,base,"[-1, 1]",1.0,1,2,np_fixed,Vanilla NP,0.3,0.7333464026451111,0.08184505350072868,0.008987928740680218,6.04185406700708e-05
3,base,"[-1, 1]",1.0,1,2,wp,WP,0.225,0.5473044514656067,0.04129508293026447,0.06841850280761719,0.000284923444269225
3,base,"[-1, 1]",1.0,1,3,np,IS-NP,0.15,0.08871197700500488,-0.00035494991425366607,0.013339830562472343,5.1135819376213476e-05
3,base,"[-1, 1]",1.0,1,3,np_fan_in,Fan-in NP,0.1,0.1674928516149521,0.002952149034717877,0.01313785370439291,6.315177597571164e-05
3,base,"[-1, 1]",1.0,1,3,np_fixed,Vanilla NP,0.3,0.425004243850708,0.019050717326657227,0.012911236844956875,6.118829332990572e-05
3,base,"[-1, 1]",1.0,1,3,wp,WP,0.225,0.19226741790771484,0.010584734955409658,0.08813624829053879,0.00042851100442931056
3,base,"[-1, 1]",1.0,1,4,np,IS-NP,0.15,0.9153912663459778,0.16857018041676686,0.010843715630471706,7.067551632644609e-05
3,base,"[-1, 1]",1.0,1,4,np_fan_in,Fan-in NP,0.1,0.9418973326683044,0.17088870616607893,0.01150582730770111,6.046433554729447e-05
3,base,"[-1, 1]",1.0,1,4,np_fixed,Vanilla NP,0.3,0.9045539498329163,0.12347960232679421,0.01094396598637104,5.463787601911463e-05
3,base,"[-1, 1]",1.0,1,4,wp,WP,0.225,0.7106183767318726,0.0721472097051598,0.07434597611427307,0.00040897566941566765
3,base,"[-1, 1]",1.0,1,5,np,IS-NP,0.15,0.8070805668830872,0.055528918609100704,0.010318903252482414,3.3786727726692334e-05
3,base,"[-1, 1]",1.0,1,5,np_fan_in,Fan-in NP,0.1,0.8555247783660889,0.07799986636042983,0.011130893602967262,3.404528251849115e-05
3,base,"[-1, 1]",1.0,1,5,np_fixed,Vanilla NP,0.3,0.7281874418258667,0.05447765175971047,0.011440174654126167,5.00447531521786e-05
3,base,"[-1, 1]",1.0,1,5,wp,WP,0.225,0.5579968690872192,0.042169107109900024,0.07919801771640778,0.00036662991624325514
3,base,"[-1, 1]",1.0,1,6,np,IS-NP,0.15,0.9467308521270752,0.17117564497554363,0.008118369616568089,2.938091529358644e-05
3,base,"[-1, 1]",1.0,1,6,np_fan_in,Fan-in NP,0.1,0.9636147618293762,0.17485583854237727,0.009103513322770596,2.817591121129226e-05
3,base,"[-1, 1]",1.0,1,6,np_fixed,Vanilla NP,0.3,0.9453108310699463,0.18571593892411328,0.008684242144227028,4.790626553585753e-05
3,base,"[-1, 1]",1.0,1,6,wp,WP,0.225,0.6560083627700806,0.05988137037978352,0.06473013758659363,0.0003014412068296224
3,base,"[-1, 1]",1.0,1,7,np,IS-NP,0.15,0.9174720048904419,0.15199970092168466,0.007408984936773777,3.9190028473967686e-05
3,base,"[-1, 1]",1.0,1,7,np_fan_in,Fan-in NP,0.1,0.9518006443977356,0.14846910248246178,0.007356806192547083,2.0223505998728797e-05
3,base,"[-1, 1]",1.0,1,7,np_fixed,Vanilla NP,0.3,0.9227732419967651,0.1429564977879636,0.007425248157233,3.285519051132724e-05
3,base,"[-1, 1]",1.0,1,7,wp,WP,0.225,0.7028006911277771,0.06532624681415958,0.05339992046356201,0.0002558870182838291
3,base,"[-1, 1]",1.0,120,0,np,IS-NP,0.15,0.9006770849227905,0.13999902747164014,0.006391824223101139,4.363249536254443e-05
3,base,"[-1, 1]",1.0,120,0,np_fan_in,Fan-in NP,0.1,0.9589653015136719,0.16342399833980986,0.007878175936639309,2.520851012377534e-05
3,base,"[-1, 1]",1.0,120,0,np_fixed,Vanilla NP,0.3,0.9246531128883362,0.14577265822639068,0.006906819995492697,3.344473225297406e-05
3,base,"[-1, 1]",1.0,120,0,wp,WP,0.225,0.5388931632041931,0.037573944199054195,0.0538724847137928,0.00028161914087831974
3,base,"[-1, 1]",1.0,120,1,np,IS-NP,0.15,0.9849665760993958,0.41734558903845026,0.004719257820397615,4.1703402530401945e-05
3,base,"[-1, 1]",1.0,120,1,np_fan_in,Fan-in NP,0.1,0.9861020445823669,0.3849427709057636,0.005873255431652069,3.704570553964004e-05
3,base,"[-1, 1]",1.0,120,1,np_fixed,Vanilla NP,0.3,0.9838771224021912,0.39438729263298833,0.005813062656670809,4.065710527356714e-05
3,base,"[-1, 1]",1.0,120,1,wp,WP,0.225,0.9037280082702637,0.13293434620136396,0.04539981856942177,0.00023072661133483052
3,base,"[-1, 1]",1.0,120,2,np,IS-NP,0.15,0.9820771813392639,0.29236498682100015,0.004719151183962822,1.8711600205278955e-05
3,base,"[-1, 1]",1.0,120,2,np_fan_in,Fan-in NP,0.1,0.9597592949867249,0.22729523231391796,0.005560015328228474,4.869186886935495e-05
3,base,"[-1, 1]",1.0,120,2,np_fixed,Vanilla NP,0.3,0.9732773900032043,0.27327321268967353,0.005626784171909094,2.809357101796195e-05
3,base,"[-1, 1]",1.0,120,2,wp,WP,0.225,0.7483592629432678,0.07442351588130501,0.04550336301326752,0.0002592226373963058
3,base,"[-1, 1]",1.0,120,3,np,IS-NP,0.15,0.9567927122116089,0.15565307478148802,0.006482490338385105,2.1831718186149374e-05
3,base,"[-1, 1]",1.0,120,3,np_fan_in,Fan-in NP,0.1,0.9227399230003357,0.1383976595272543,0.006821041461080313,4.017409446532838e-05
3,base,"[-1, 1]",1.0,120,3,np_fixed,Vanilla NP,0.3,0.9436610341072083,0.14789452526990013,0.006713019218295813,2.88254286715528e-05
3,base,"[-1, 1]",1.0,120,3,wp,WP,0.225,0.6382315158843994,0.04540135993447621,0.056957654654979706,0.0002461794938426465
3,base,"[-1, 1]",1.0,120,4,np,IS-NP,0.15,0.6030685305595398,0.04379017148457933,0.005298582836985588,2.6679808797780424e-05
3,base,"[-1, 1]",1.0,120,4,np_fan_in,Fan-in NP,0.1,0.7900590300559998,0.08432142903717856,0.005957842338830233,4.502912634052336e-05
3,base,"[-1, 1]",1.0,120,4,np_fixed,Vanilla NP,0.3,0.7858192324638367,0.07955271371004831,0.006612284108996391,3.748684321180917e-05
3,base,"[-1, 1]",1.0,120,4,wp,WP,0.225,0.47491583228111267,0.03303261825058144,0.050419095903635025,0.0002188526705140248
3,base,"[-1, 1]",1.0,120,5,np,IS-NP,0.15,0.9836162328720093,0.30464698032786447,0.006164477672427893,3.658452260424383e-05
3,base,"[-1, 1]",1.0,120,5,np_fan_in,Fan-in NP,0.1,0.9769173860549927,0.2983766114911608,0.007048188243061304,4.627213638741523e-05
3,base,"[-1, 1]",1.0,120,5,np_fixed,Vanilla NP,0.3,0.9852020144462585,0.2931998421766669,0.006941391620784998,3.400390414753929e-05
3,base,"[-1, 1]",1.0,120,5,wp,WP,0.225,0.8231063485145569,0.09461296765997153,0.05595151707530022,0.00030301863444037735
3,base,"[-1, 1]",1.0,120,6,np,IS-NP,0.15,0.9225242137908936,0.14804822746809804,0.003894962603226304,2.0119279724895023e-05
3,base,"[-1, 1]",1.0,120,6,np_fan_in,Fan-in NP,0.1,0.8925862908363342,0.10271804294461617,0.0042717671021819115,2.540925743232947e-05
3,base,"[-1, 1]",1.0,120,6,np_fixed,Vanilla NP,0.3,0.9002509117126465,0.1282385838632763,0.004367849323898554,2.175973895646166e-05
3,base,"[-1, 1]",1.0,120,6,wp,WP,0.225,0.34363433718681335,0.0243136351735302,0.03922727331519127,0.0002092695067403838
3,base,"[-1, 1]",1.0,120,7,np,IS-NP,0.15,0.9656252861022949,0.24401204999485343,0.003725545946508646,2.3654769393033348e-05
3,base,"[-1, 1]",1.0,120,7,np_fan_in,Fan-in NP,0.1,0.9665321707725525,0.22507151121032318,0.004823104944080114,2.2214871933101676e-05
3,base,"[-1, 1]",1.0,120,7,np_fixed,Vanilla NP,0.3,0.9639198184013367,0.20993448535058026,0.004951782058924437,2.54763726843521e-05
3,base,"[-1, 1]",1.0,120,7,wp,WP,0.225,0.6084340810775757,0.056869148559580175,0.041862744837999344,0.00027634642901830375
3,base,"[-1, 1]",1.0,240,0,np,IS-NP,0.15,0.9252089262008667,0.15017712236003716,0.005630518309772015,4.3900887249037623e-05
3,base,"[-1, 1]",1.0,240,0,np_fan_in,Fan-in NP,0.1,0.8679538369178772,0.13340343774859018,0.006574022118002176,5.27953561686445e-05
3,base,"[-1, 1]",1.0,240,0,np_fixed,Vanilla NP,0.3,0.9224818348884583,0.1497783998522209,0.00698183523491025,4.3947318772552535e-05
3,base,"[-1, 1]",1.0,240,0,wp,WP,0.225,0.6851769685745239,0.06571005809795073,0.055446822196245193,0.0002922203275375068
3,base,"[-1, 1]",1.0,240,1,np,IS-NP,0.15,0.9480159878730774,0.21481194313576754,0.004154940601438284,2.7156751457368955e-05
3,base,"[-1, 1]",1.0,240,1,np_fan_in,Fan-in NP,0.1,0.9289779663085938,0.16839631680437986,0.005301315803080797,3.755552097572945e-05
3,base,"[-1, 1]",1.0,240,1,np_fixed,Vanilla NP,0.3,0.892146110534668,0.14204102251581693,0.005284284241497517,6.455712718889117e-05
3,base,"[-1, 1]",1.0,240,1,wp,WP,0.225,0.6549250483512878,0.05551930005555429,0.043920259922742844,0.00020511000184342265
3,base,"[-1, 1]",1.0,240,2,np,IS-NP,0.15,0.8127022385597229,0.08399019457817,0.004949589725583792,2.969098750327248e-05
3,base,"[-1, 1]",1.0,240,2,np_fan_in,Fan-in NP,0.1,0.8882884979248047,0.10605880599777416,0.005529448855668306,2.9137099772924557e-05
3,base,"[-1, 1]",1.0,240,2,np_fixed,Vanilla NP,0.3,0.8961946368217468,0.11816901819329359,0.005290386267006397,3.560724144335836e-05
3,base,"[-1, 1]",1.0,240,2,wp,WP,0.225,0.5090677738189697,0.04013579041420599,0.05040653422474861,0.00022583859390579164
3,base,"[-1, 1]",1.0,240,3,np,IS-NP,0.15,0.7750263810157776,0.07558685861295089,0.004965971224009991,2.5897041268763132e-05
3,base,"[-1, 1]",1.0,240,3,np_fan_in,Fan-in NP,0.1,0.7990067601203918,0.09223002036451362,0.005973960272967815,4.936325422022492e-05
3,base,"[-1, 1]",1.0,240,3,np_fixed,Vanilla NP,0.3,0.6806418895721436,0.06695749302646921,0.005964895244687796,2.8844258849858306e-05
3,base,"[-1, 1]",1.0,240,3,wp,WP,0.225,0.3801586925983429,0.02977038898504058,0.05062504857778549,0.00027321858215145767
3,base,"[-1, 1]",1.0,240,4,np,IS-NP,0.15,0.9770207405090332,0.2985349347303175,0.005232678260654211,3.0432538551394828e-05
3,base,"[-1, 1]",1.0,240,4,np_fan_in,Fan-in NP,0.1,0.9724076986312866,0.24870268780408272,0.006703359540551901,2.8567357730935328e-05
3,base,"[-1, 1]",1.0,240,4,np_fixed,Vanilla NP,0.3,0.9842197895050049,0.2966890597143598,0.006480969022959471,4.090222137165256e-05
3,base,"[-1, 1]",1.0,240,4,wp,WP,0.225,0.8897679448127747,0.12041599785831446,0.05142692103981972,0.00025392373208887875
3,base,"[-1, 1]",1.0,240,5,np,IS-NP,0.15,0.8727501034736633,0.11349166264784193,0.0053548188880085945,2.4576955183874816e-05
3,base,"[-1, 1]",1.0,240,5,np_fan_in,Fan-in NP,0.1,0.7095740437507629,0.06827596430763758,0.006359459832310677,4.9122343625640497e-05
3,base,"[-1, 1]",1.0,240,5,np_fixed,Vanilla NP,0.3,0.7489702701568604,0.0649605498338739,0.0061707994900643826,4.119052391615696e-05
3,base,"[-1, 1]",1.0,240,5,wp,WP,0.225,0.2167828381061554,0.020966085434823374,0.05448682978749275,0.0002787872508633882
3,base,"[-1, 1]",1.0,240,6,np,IS-NP,0.15,0.7348009943962097,0.10413666993845254,0.003651977749541402,3.308388477307744e-05
3,base,"[-1, 1]",1.0,240,6,np_fan_in,Fan-in NP,0.1,0.7432021498680115,0.08805148456497894,0.004551541060209274,3.903163815266453e-05
3,base,"[-1, 1]",1.0,240,6,np_fixed,Vanilla NP,0.3,0.8430147767066956,0.10915357438255645,0.004502624738961458,3.641025614342652e-05
3,base,"[-1, 1]",1.0,240,6,wp,WP,0.225,0.562372624874115,0.05024902053058516,0.0378589853644371,0.00026269725640304387
3,base,"[-1, 1]",1.0,240,7,np,IS-NP,0.15,0.7465550899505615,0.04766207470480974,0.0038257839623838663,1.698628875601571e-05
3,base,"[-1, 1]",1.0,240,7,np_fan_in,Fan-in NP,0.1,0.6246930956840515,0.03928535377384226,0.004812858533114195,2.0919036614941433e-05
3,base,"[-1, 1]",1.0,240,7,np_fixed,Vanilla NP,0.3,0.22294576466083527,0.003901162650436163,0.004471822641789913,4.4352735130814835e-05
3,base,"[-1, 1]",1.0,240,7,wp,WP,0.225,-0.19907142221927643,-0.014923587215404648,0.03984569385647774,0.0002786372497212142
3,scaled,"[-5, 5]",5.0,1,0,np,IS-NP,0.15,0.9349387884140015,0.157150105322944,0.010276246815919876,4.2411560571054e-05
3,scaled,"[-5, 5]",5.0,1,0,np_fan_in,Fan-in NP,0.1,0.6207592487335205,0.053581285312854256,0.10358818620443344,0.00045814376790076494
3,scaled,"[-5, 5]",5.0,1,0,np_fixed,Vanilla NP,0.3,0.565382182598114,0.05012359246532772,0.10350249707698822,0.0005133741069585085
3,scaled,"[-5, 5]",5.0,1,0,wp,WP,0.225,0.7134391665458679,0.06167934055289758,0.07370057702064514,0.0002673325943760574
3,scaled,"[-5, 5]",5.0,1,1,np,IS-NP,0.15,0.9732338786125183,0.2593476952572625,0.00806069653481245,4.249469202477485e-05
3,scaled,"[-5, 5]",5.0,1,1,np_fan_in,Fan-in NP,0.1,0.789233922958374,0.08093716898438288,0.08111682534217834,0.0003359836700838059
3,scaled,"[-5, 5]",5.0,1,1,np_fixed,Vanilla NP,0.3,0.7598231434822083,0.07867187852437686,0.08419940620660782,0.00041087614954449236
3,scaled,"[-5, 5]",5.0,1,1,wp,WP,0.225,0.8239226341247559,0.09211379634871264,0.06237156316637993,0.0002741966163739562
3,scaled,"[-5, 5]",5.0,1,2,np,IS-NP,0.15,0.870561957359314,0.11296655905801647,0.009502150118350983,4.477264519664459e-05
3,scaled,"[-5, 5]",5.0,1,2,np_fan_in,Fan-in NP,0.1,0.4298289716243744,0.032224628849113895,0.0912126749753952,0.0004501383809838444
3,scaled,"[-5, 5]",5.0,1,2,np_fixed,Vanilla NP,0.3,0.42640313506126404,0.03505384890959249,0.08582214266061783,0.00048296130262315273
3,scaled,"[-5, 5]",5.0,1,2,wp,WP,0.225,0.6167086958885193,0.049575630799760496,0.07056500017642975,0.00028782556182704866
3,scaled,"[-5, 5]",5.0,1,3,np,IS-NP,0.15,0.5075591206550598,0.03323639099629266,0.013907951302826405,5.662291732733138e-05
3,scaled,"[-5, 5]",5.0,1,3,np_fan_in,Fan-in NP,0.1,0.20431043207645416,0.009970850970391135,0.1321951448917389,0.0005295290611684322
3,scaled,"[-5, 5]",5.0,1,3,np_fixed,Vanilla NP,0.3,0.27867385745048523,0.01602294131104524,0.1304081529378891,0.0005833565373905003
3,scaled,"[-5, 5]",5.0,1,3,wp,WP,0.225,0.32838135957717896,0.02093174869005452,0.09178289026021957,0.000433140667155385
3,scaled,"[-5, 5]",5.0,1,4,np,IS-NP,0.15,0.9188287854194641,0.17266416035345172,0.011032438836991787,7.020907651167363e-05
3,scaled,"[-5, 5]",5.0,1,4,np_fan_in,Fan-in NP,0.1,0.6619645953178406,0.0632872599286202,0.10605458170175552,0.0005539131234399974
3,scaled,"[-5, 5]",5.0,1,4,np_fixed,Vanilla NP,0.3,0.6029271483421326,0.046754330065353615,0.10399537533521652,0.00037816844996996224
3,scaled,"[-5, 5]",5.0,1,4,wp,WP,0.225,0.7032558917999268,0.07141191283250616,0.07607363909482956,0.00042031705379486084
3,scaled,"[-5, 5]",5.0,1,5,np,IS-NP,0.15,0.8464234471321106,0.06990028953199119,0.010684882290661335,3.886465128744021e-05
3,scaled,"[-5, 5]",5.0,1,5,np_fan_in,Fan-in NP,0.1,0.5180215835571289,0.029913181675753246,0.10744155943393707,0.00033579941373318434
3,scaled,"[-5, 5]",5.0,1,5,np_fixed,Vanilla NP,0.3,0.34365975856781006,0.021647504490950573,0.10813254117965698,0.0004858734901063144
3,scaled,"[-5, 5]",5.0,1,5,wp,WP,0.225,0.6124894618988037,0.047628377633615555,0.08189152181148529,0.0003709346929099411
3,scaled,"[-5, 5]",5.0,1,6,np,IS-NP,0.15,0.9457759857177734,0.1721604422275656,0.008590071462094784,3.176964310114272e-05
3,scaled,"[-5, 5]",5.0,1,6,np_fan_in,Fan-in NP,0.1,0.7230284214019775,0.06359988451392079,0.09042114019393921,0.0003273830807302147
3,scaled,"[-5, 5]",5.0,1,6,np_fixed,Vanilla NP,0.3,0.7267315983772278,0.06571804924751631,0.080132395029068,0.0003087382938247174
3,scaled,"[-5, 5]",5.0,1,6,wp,WP,0.225,0.6525224447250366,0.058838465366958796,0.06734999269247055,0.00031461636535823345
3,scaled,"[-5, 5]",5.0,1,7,np,IS-NP,0.15,0.9179762005805969,0.14905790074068742,0.007724277675151825,3.92609836126212e-05
3,scaled,"[-5, 5]",5.0,1,7,np_fan_in,Fan-in NP,0.1,0.6574426293373108,0.0554939054059408,0.07156218588352203,0.0002871875185519457
3,scaled,"[-5, 5]",5.0,1,7,np_fixed,Vanilla NP,0.3,0.6528788805007935,0.0543057846508115,0.07343579083681107,0.0003187977708876133
3,scaled,"[-5, 5]",5.0,1,7,wp,WP,0.225,0.6809042692184448,0.06156165434416228,0.05528885871171951,0.0002682180202100426
3,scaled,"[-5, 5]",5.0,120,0,np,IS-NP,0.15,0.7146704792976379,0.07193477215478197,0.0056456103920936584,3.891159940394573e-05
3,scaled,"[-5, 5]",5.0,120,0,np_fan_in,Fan-in NP,0.1,0.4511130452156067,0.027972091804614744,0.061715394258499146,0.00024474080419167876
3,scaled,"[-5, 5]",5.0,120,0,np_fixed,Vanilla NP,0.3,0.5286579728126526,0.028508478526903976,0.05818236246705055,0.00015468779020011425
3,scaled,"[-5, 5]",5.0,120,0,wp,WP,0.225,0.2118247151374817,0.010554395967483287,0.048205699771642685,0.0002703910577110946
3,scaled,"[-5, 5]",5.0,120,1,np,IS-NP,0.15,0.9722673892974854,0.34324353429256005,0.0044057779014110565,4.225365773891099e-05
3,scaled,"[-5, 5]",5.0,120,1,np_fan_in,Fan-in NP,0.1,0.8511168360710144,0.12053319505115118,0.04293612018227577,0.0002499378751963377
3,scaled,"[-5, 5]",5.0,120,1,np_fixed,Vanilla NP,0.3,0.8742709159851074,0.12398189976762902,0.0427573025226593,0.0002097195974783972
3,scaled,"[-5, 5]",5.0,120,1,wp,WP,0.225,0.8509634733200073,0.10554296389529251,0.042303960770368576,0.00021574393031187356
3,scaled,"[-5, 5]",5.0,120,2,np,IS-NP,0.15,0.922963559627533,0.1471236704121111,0.004221332259476185,1.8450242350809276e-05
3,scaled,"[-5, 5]",5.0,120,2,np_fan_in,Fan-in NP,0.1,0.3926496207714081,0.03233069391820512,0.03909895569086075,0.0002174580586142838
3,scaled,"[-5, 5]",5.0,120,2,np_fixed,Vanilla NP,0.3,0.6067773699760437,0.046513711653968434,0.03962615877389908,0.00013985461555421352
3,scaled,"[-5, 5]",5.0,120,2,wp,WP,0.225,0.3799287974834442,0.027639338628614497,0.043369557708501816,0.0002324566012248397
3,scaled,"[-5, 5]",5.0,120,3,np,IS-NP,0.15,0.8934860825538635,0.10097841224439132,0.005249733105301857,2.6149131372221746e-05
3,scaled,"[-5, 5]",5.0,120,3,np_fan_in,Fan-in NP,0.1,0.5203269124031067,0.03912791431163593,0.0440312996506691,0.0002074103831546381
3,scaled,"[-5, 5]",5.0,120,3,np_fixed,Vanilla NP,0.3,0.5557358264923096,0.0387968752712671,0.041919637471437454,0.0001733617827994749
3,scaled,"[-5, 5]",5.0,120,3,wp,WP,0.225,0.546059787273407,0.03509776645896636,0.05041170492768288,0.00020859838696196675
3,scaled,"[-5, 5]",5.0,120,4,np,IS-NP,0.15,0.7239601612091064,0.07205904959603988,0.004498311318457127,2.707304884097539e-05
3,scaled,"[-5, 5]",5.0,120,4,np_fan_in,Fan-in NP,0.1,0.5221072435379028,0.035745317945838906,0.04383696988224983,0.00016742723528295755
3,scaled,"[-5, 5]",5.0,120,4,np_fixed,Vanilla NP,0.3,0.4233168065547943,0.03027029975564801,0.048486098647117615,0.00020299562311265618
3,scaled,"[-5, 5]",5.0,120,4,wp,WP,0.225,0.5590892434120178,0.04250135873735417,0.04634542390704155,0.00021066317276563495
3,scaled,"[-5, 5]",5.0,120,5,np,IS-NP,0.15,0.9691469669342041,0.24686949354363605,0.0053756143897771835,5.4927324526943266e-05
3,scaled,"[-5, 5]",5.0,120,5,np_fan_in,Fan-in NP,0.1,0.8233075141906738,0.09946115474034135,0.05573002249002457,0.0002688154054339975
3,scaled,"[-5, 5]",5.0,120,5,np_fixed,Vanilla NP,0.3,0.8606989979743958,0.09582568926492362,0.05252501368522644,0.00018751704192254692
3,scaled,"[-5, 5]",5.0,120,5,wp,WP,0.225,0.7265268564224243,0.0700716533290688,0.05156376212835312,0.000319233862683177
3,scaled,"[-5, 5]",5.0,120,6,np,IS-NP,0.15,0.9342651963233948,0.16266515921258057,0.0034602542873471975,2.029145798587706e-05
3,scaled,"[-5, 5]",5.0,120,6,np_fan_in,Fan-in NP,0.1,0.6745650172233582,0.04654709095702856,0.035160768777132034,0.00011582150182221085
3,scaled,"[-5, 5]",5.0,120,6,np_fixed,Vanilla NP,0.3,0.6153132319450378,0.05813110084394187,0.03690004721283913,0.00022432729019783437
3,scaled,"[-5, 5]",5.0,120,6,wp,WP,0.225,0.2908223569393158,0.019519471481423047,0.03613331541419029,0.00024537136778235435
3,scaled,"[-5, 5]",5.0,120,7,np,IS-NP,0.15,0.9565157890319824,0.23509398269525264,0.0034890982788056135,3.651029328466393e-05
3,scaled,"[-5, 5]",5.0,120,7,np_fan_in,Fan-in NP,0.1,0.7828431129455566,0.086709787381551,0.04410256817936897,0.00023707626678515226
3,scaled,"[-5, 5]",5.0,120,7,np_fixed,Vanilla NP,0.3,0.8052715063095093,0.07941972907440989,0.0432208888232708,0.0001643321884330362
3,scaled,"[-5, 5]",5.0,120,7,wp,WP,0.225,0.5784768462181091,0.04987447598487051,0.03818492963910103,0.00029012333834543824
3,scaled,"[-5, 5]",5.0,240,0,np,IS-NP,0.15,0.8034294247627258,0.12971769447710055,0.005025514401495457,5.05252210132312e-05
3,scaled,"[-5, 5]",5.0,240,0,np_fan_in,Fan-in NP,0.1,0.46444210410118103,0.04078315984716028,0.0494014210999012,0.0002971641661133617
3,scaled,"[-5, 5]",5.0,240,0,np_fixed,Vanilla NP,0.3,0.3798373341560364,0.031037525764520523,0.052699871361255646,0.0002186030033044517
3,scaled,"[-5, 5]",5.0,240,0,wp,WP,0.225,0.5418058037757874,0.0495968848154007,0.05233651399612427,0.0003137286112178117
3,scaled,"[-5, 5]",5.0,240,1,np,IS-NP,0.15,0.9554963707923889,0.2187172739514305,0.004380842205137014,2.1636131350533105e-05
3,scaled,"[-5, 5]",5.0,240,1,np_fan_in,Fan-in NP,0.1,0.7567846775054932,0.06409980097960215,0.039820749312639236,0.0001350032543996349
3,scaled,"[-5, 5]",5.0,240,1,np_fixed,Vanilla NP,0.3,0.603554368019104,0.057343083754434095,0.04113060608506203,0.000233921455219388
3,scaled,"[-5, 5]",5.0,240,1,wp,WP,0.225,0.6340810060501099,0.0552725224539851,0.04567388817667961,0.00021721457596868277
3,scaled,"[-5, 5]",5.0,240,2,np,IS-NP,0.15,0.6209766268730164,0.05685241115897952,0.0045720371417701244,3.1034967832965776e-05
3,scaled,"[-5, 5]",5.0,240,2,np_fan_in,Fan-in NP,0.1,0.3432261347770691,0.022240167617019323,0.035666078329086304,0.00015035604883451015
3,scaled,"[-5, 5]",5.0,240,2,np_fixed,Vanilla NP,0.3,0.39197590947151184,0.023132370181944376,0.035555820912122726,0.0001011634522001259
3,scaled,"[-5, 5]",5.0,240,2,wp,WP,0.225,0.34320569038391113,0.022842757285676876,0.04967242479324341,0.0002208051591878757
3,scaled,"[-5, 5]",5.0,240,3,np,IS-NP,0.15,0.7912614345550537,0.08454206129196488,0.004473149310797453,2.061575469269883e-05
3,scaled,"[-5, 5]",5.0,240,3,np_fan_in,Fan-in NP,0.1,0.5420147776603699,0.04058657972636866,0.037298548966646194,0.0001507482083979994
3,scaled,"[-5, 5]",5.0,240,3,np_fixed,Vanilla NP,0.3,0.5133852362632751,0.037119963773284324,0.03658275678753853,0.00013581474195234478
3,scaled,"[-5, 5]",5.0,240,3,wp,WP,0.225,0.3638089895248413,0.028998969531282153,0.04993250593543053,0.0002823529066517949
3,scaled,"[-5, 5]",5.0,240,4,np,IS-NP,0.15,0.9677771925926208,0.2701096150301358,0.004534377716481686,3.0065537430346012e-05
3,scaled,"[-5, 5]",5.0,240,4,np_fan_in,Fan-in NP,0.1,0.8121188282966614,0.08690525178293076,0.045012276619672775,0.0001717638660920784
3,scaled,"[-5, 5]",5.0,240,4,np_fixed,Vanilla NP,0.3,0.8494431972503662,0.1050822214364113,0.04470427334308624,0.00018605764489620924
3,scaled,"[-5, 5]",5.0,240,4,wp,WP,0.225,0.8483440279960632,0.10037958395068927,0.04985029995441437,0.00024800607934594154
3,scaled,"[-5, 5]",5.0,240,5,np,IS-NP,0.15,0.9254775643348694,0.15756870338397372,0.004837362095713615,3.165601447108202e-05
3,scaled,"[-5, 5]",5.0,240,5,np_fan_in,Fan-in NP,0.1,0.6287441849708557,0.05285046519590348,0.045580748468637466,0.00023321456683333963
3,scaled,"[-5, 5]",5.0,240,5,np_fixed,Vanilla NP,0.3,0.6777757406234741,0.05109380885599724,0.04368690028786659,0.00016957071784418076
3,scaled,"[-5, 5]",5.0,240,5,wp,WP,0.225,0.41529029607772827,0.033933389846727856,0.05278371274471283,0.00029464042745530605
3,scaled,"[-5, 5]",5.0,240,6,np,IS-NP,0.15,0.16786961257457733,0.011600726828085802,0.003700134577229619,5.022115510655567e-05
3,scaled,"[-5, 5]",5.0,240,6,np_fan_in,Fan-in NP,0.1,0.26513490080833435,0.01632056915711928,0.037711843848228455,0.00015069841174408793
3,scaled,"[-5, 5]",5.0,240,6,np_fixed,Vanilla NP,0.3,0.3099198341369629,0.01741173157837087,0.035647835582494736,0.00011734179861377925
3,scaled,"[-5, 5]",5.0,240,6,wp,WP,0.225,-0.07184598594903946,-0.006385608570053591,0.038364227861166,0.0002841222449205816
3,scaled,"[-5, 5]",5.0,240,7,np,IS-NP,0.15,0.7729717493057251,0.07465172743153138,0.0036165493074804544,2.6671435989555903e-05
3,scaled,"[-5, 5]",5.0,240,7,np_fan_in,Fan-in NP,0.1,0.46614548563957214,0.026650834306686497,0.03696348890662193,0.00011795615864684805
3,scaled,"[-5, 5]",5.0,240,7,np_fixed,Vanilla NP,0.3,0.4342550039291382,0.024854518952876485,0.03534645587205887,0.00016215357754845172
3,scaled,"[-5, 5]",5.0,240,7,wp,WP,0.225,0.05926913395524025,0.0043895129793781965,0.03874973580241203,0.0002580238215159625
4,base,"[-1, 1]",1.0,1,0,np,IS-NP,0.15,0.8735991716384888,0.11698431473050733,0.009099791757762432,6.05226268817205e-05
4,base,"[-1, 1]",1.0,1,0,np_fan_in,Fan-in NP,0.1,0.8731353282928467,0.0772175021304065,0.008659257553517818,2.5541041395626962e-05
4,base,"[-1, 1]",1.0,1,0,np_fixed,Vanilla NP,0.3,0.805978000164032,0.07281224532877482,0.008180908858776093,3.5341134207556024e-05
4,base,"[-1, 1]",1.0,1,0,wp,WP,0.225,0.4362857937812805,0.02943988896343702,0.06645457446575165,0.00029917177744209766
4,base,"[-1, 1]",1.0,1,1,np,IS-NP,0.15,0.951522946357727,0.2583135153089339,0.010414781048893929,8.868129225447774e-05
4,base,"[-1, 1]",1.0,1,1,np_fan_in,Fan-in NP,0.1,0.9880148768424988,0.28701247478990505,0.009359237737953663,2.2229465685086325e-05
4,base,"[-1, 1]",1.0,1,1,np_fixed,Vanilla NP,0.3,0.9771289825439453,0.28044101319634746,0.010790458880364895,4.772576721734367e-05
4,base,"[-1, 1]",1.0,1,1,wp,WP,0.225,0.8232935070991516,0.09307501885147455,0.0758347362279892,0.00033821590477600694
4,base,"[-1, 1]",1.0,1,2,np,IS-NP,0.15,0.9520159959793091,0.1728721274987644,0.010137591511011124,4.302143133827485e-05
4,base,"[-1, 1]",1.0,1,2,np_fan_in,Fan-in NP,0.1,0.9506762027740479,0.16639648561395007,0.009281393140554428,3.497801662888378e-05
4,base,"[-1, 1]",1.0,1,2,np_fixed,Vanilla NP,0.3,0.9402388334274292,0.1756459733878728,0.009368816390633583,4.2899275285890326e-05
4,base,"[-1, 1]",1.0,1,2,wp,WP,0.225,0.6969011425971985,0.06178068141471916,0.07566652446985245,0.0003366923483554274
4,base,"[-1, 1]",1.0,1,3,np,IS-NP,0.15,0.500114381313324,0.035804606624074725,0.01003230269998312,3.850798020721413e-05
4,base,"[-1, 1]",1.0,1,3,np_fan_in,Fan-in NP,0.1,0.34378480911254883,0.013200770903010077,0.010316613130271435,3.160474807373248e-05
4,base,"[-1, 1]",1.0,1,3,np_fixed,Vanilla NP,0.3,0.28445616364479065,0.018903966564418322,0.00976861547678709,3.494001066428609e-05
4,base,"[-1, 1]",1.0,1,3,wp,WP,0.225,0.17378833889961243,0.011221255324683928,0.07769034802913666,0.00030593082192353904
4,base,"[-1, 1]",1.0,1,4,np,IS-NP,0.15,0.9313267469406128,0.16573669512454217,0.010644865222275257,5.290519766276702e-05
4,base,"[-1, 1]",1.0,1,4,np_fan_in,Fan-in NP,0.1,0.9424912333488464,0.15883298859601686,0.01019537728279829,4.2836181819438934e-05
4,base,"[-1, 1]",1.0,1,4,np_fixed,Vanilla NP,0.3,0.9694195985794067,0.20258195197844392,0.010583225637674332,4.239619738655165e-05
4,base,"[-1, 1]",1.0,1,4,wp,WP,0.225,0.7426919341087341,0.07595190909723896,0.08189468830823898,0.00042632344411686063
4,base,"[-1, 1]",1.0,1,5,np,IS-NP,0.15,0.9700791835784912,0.21607050159364008,0.007741331122815609,3.1004059565020725e-05
4,base,"[-1, 1]",1.0,1,5,np_fan_in,Fan-in NP,0.1,0.9481669068336487,0.19374571563676,0.008051404729485512,6.7472668888513e-05
4,base,"[-1, 1]",1.0,1,5,np_fixed,Vanilla NP,0.3,0.9742441773414612,0.25688847169512885,0.007800439838320017,3.443186142249033e-05
4,base,"[-1, 1]",1.0,1,5,wp,WP,0.225,0.8229019641876221,0.09836644728651057,0.06802242994308472,0.0003066291392315179
4,base,"[-1, 1]",1.0,1,6,np,IS-NP,0.15,0.8844040632247925,0.09013682141473206,0.01144373882561922,4.662062565330416e-05
4,base,"[-1, 1]",1.0,1,6,np_fan_in,Fan-in NP,0.1,0.9149473309516907,0.09320350587962214,0.010146751999855042,3.0130247978377156e-05
4,base,"[-1, 1]",1.0,1,6,np_fixed,Vanilla NP,0.3,0.8269010186195374,0.07221388370138206,0.009159398265182972,4.08496089221444e-05
4,base,"[-1, 1]",1.0,1,6,wp,WP,0.225,0.3297989070415497,0.020581074539465286,0.07793918251991272,0.00042590568773448467
4,base,"[-1, 1]",1.0,1,7,np,IS-NP,0.15,0.394457072019577,0.016982687060029398,0.007943997159600258,3.4885604691226035e-05
4,base,"[-1, 1]",1.0,1,7,np_fan_in,Fan-in NP,0.1,0.3003203868865967,0.010352348548864635,0.00786617398262024,3.7750029150629416e-05
4,base,"[-1, 1]",1.0,1,7,np_fixed,Vanilla NP,0.3,0.41911572217941284,0.01928854706323667,0.0082767428830266,2.505786505935248e-05
4,base,"[-1, 1]",1.0,1,7,wp,WP,0.225,0.25771814584732056,0.0173529318497458,0.0629299208521843,0.0002782480150926858
4,base,"[-1, 1]",1.0,120,0,np,IS-NP,0.15,0.7875142097473145,0.07715965907361048,0.0048464033752679825,2.3910237359814346e-05
4,base,"[-1, 1]",1.0,120,0,np_fan_in,Fan-in NP,0.1,0.7514533400535583,0.059933310073878,0.004998974036425352,2.488601421646308e-05
4,base,"[-1, 1]",1.0,120,0,np_fixed,Vanilla NP,0.3,0.9139497876167297,0.12317758047720417,0.005197066813707352,2.3820894057280384e-05
4,base,"[-1, 1]",1.0,120,0,wp,WP,0.225,0.4799552857875824,0.03597685599185449,0.05115266889333725,0.0002555326500441879
4,base,"[-1, 1]",1.0,120,1,np,IS-NP,0.15,0.9618706703186035,0.24939761201227764,0.005842591170221567,3.7209505535429344e-05
4,base,"[-1, 1]",1.0,120,1,np_fan_in,Fan-in NP,0.1,0.9444220066070557,0.21705884866860287,0.00564318522810936,3.9935330278240144e-05
4,base,"[-1, 1]",1.0,120,1,np_fixed,Vanilla NP,0.3,0.9746266603469849,0.2793479340771834,0.0056301443837583065,3.678829671116546e-05
4,base,"[-1, 1]",1.0,120,1,wp,WP,0.225,0.8193519115447998,0.09550669306554482,0.056750908493995667,0.00026488269213587046
4,base,"[-1, 1]",1.0,120,2,np,IS-NP,0.15,0.8879098296165466,0.1302462287624318,0.005192613694816828,2.3822265575290658e-05
4,base,"[-1, 1]",1.0,120,2,np_fan_in,Fan-in NP,0.1,0.9203697443008423,0.12701783526378374,0.005165201611816883,1.6022409909055568e-05
4,base,"[-1, 1]",1.0,120,2,np_fixed,Vanilla NP,0.3,0.9071164131164551,0.14942339429301985,0.005227076355367899,2.80015156022273e-05
4,base,"[-1, 1]",1.0,120,2,wp,WP,0.225,0.6213352680206299,0.05345114293225682,0.05191962048411369,0.00024491289514116943
4,base,"[-1, 1]",1.0,120,3,np,IS-NP,0.15,0.5596003532409668,0.039603036189388756,0.006769908592104912,2.2681118934997357e-05
4,base,"[-1, 1]",1.0,120,3,np_fan_in,Fan-in NP,0.1,0.5498222708702087,0.04423741290035347,0.006532304920256138,2.4729159122216515e-05
4,base,"[-1, 1]",1.0,120,3,np_fixed,Vanilla NP,0.3,0.47035080194473267,0.047798578587389784,0.006638017483055592,4.139372686040588e-05
4,base,"[-1, 1]",1.0,120,3,wp,WP,0.225,0.011712025851011276,0.001322378616411394,0.0614033006131649,0.00028146052500233054
4,base,"[-1, 1]",1.0,120,4,np,IS-NP,0.15,0.9142225980758667,0.14049679800518788,0.005939272232353687,2.933932228188496e-05
4,base,"[-1, 1]",1.0,120,4,np_fan_in,Fan-in NP,0.1,0.9339746832847595,0.16511184017945196,0.005674293264746666,2.4032897272263654e-05
4,base,"[-1, 1]",1.0,120,4,np_fixed,Vanilla NP,0.3,0.9591909050941467,0.1698556148109977,0.006032352801412344,1.7420361473341472e-05
4,base,"[-1, 1]",1.0,120,4,wp,WP,0.225,0.5461413264274597,0.046681250596399576,0.05848773568868637,0.0003021532902494073
4,base,"[-1, 1]",1.0,120,5,np,IS-NP,0.15,0.939878523349762,0.20298029128898634,0.005151612684130669,4.479007839108817e-05
4,base,"[-1, 1]",1.0,120,5,np_fan_in,Fan-in NP,0.1,0.952450156211853,0.1872511893938281,0.005443548317998648,4.025722955702804e-05
4,base,"[-1, 1]",1.0,120,5,np_fixed,Vanilla NP,0.3,0.9713380336761475,0.20745726746099535,0.005538573022931814,2.21038735617185e-05
4,base,"[-1, 1]",1.0,120,5,wp,WP,0.225,0.7402942776679993,0.07579699253449992,0.05186281353235245,0.00024238011974375695
4,base,"[-1, 1]",1.0,120,6,np,IS-NP,0.15,0.43304410576820374,0.02531130693569139,0.006583621259778738,2.0255483832443133e-05
4,base,"[-1, 1]",1.0,120,6,np_fan_in,Fan-in NP,0.1,0.33421558141708374,0.021306067561363308,0.006999128498136997,2.546838004491292e-05
4,base,"[-1, 1]",1.0,120,6,np_fixed,Vanilla NP,0.3,0.34732192754745483,0.02688254491064678,0.005751991644501686,3.1545361707685515e-05
4,base,"[-1, 1]",1.0,120,6,wp,WP,0.225,0.12715470790863037,0.007326652958242145,0.06360127776861191,0.00025453398120589554
4,base,"[-1, 1]",1.0,120,7,np,IS-NP,0.15,0.7748154401779175,0.07283337966461355,0.0044320919550955296,1.7895454220706597e-05
4,base,"[-1, 1]",1.0,120,7,np_fan_in,Fan-in NP,0.1,0.7576509118080139,0.08933388041332364,0.004841594025492668,2.7181922632735223e-05
4,base,"[-1, 1]",1.0,120,7,np_fixed,Vanilla NP,0.3,-0.149068683385849,0.0037535033688376037,0.004929802846163511,4.646668821806088e-05
4,base,"[-1, 1]",1.0,120,7,wp,WP,0.225,0.0597580224275589,0.0013813414319884033,0.047276563942432404,0.0002411942696198821
4,base,"[-1, 1]",1.0,240,0,np,IS-NP,0.15,0.926870584487915,0.1817268560116645,0.004518213216215372,4.0577328036306426e-05
4,base,"[-1, 1]",1.0,240,0,np_fan_in,Fan-in NP,0.1,0.977538526058197,0.21491747972419642,0.005111238453537226,1.4200953046383802e-05
4,base,"[-1, 1]",1.0,240,0,np_fixed,Vanilla NP,0.3,0.9612175226211548,0.21910232547816122,0.005231357179582119,2.7729947760235518e-05
4,base,"[-1, 1]",1.0,240,0,wp,WP,0.225,0.7373755574226379,0.07557623796935029,0.05129538103938103,0.00024045383906923234
4,base,"[-1, 1]",1.0,240,1,np,IS-NP,0.15,0.9806782603263855,0.3470377865150416,0.0047113122418522835,3.1696396035840735e-05
4,base,"[-1, 1]",1.0,240,1,np_fan_in,Fan-in NP,0.1,0.9923381805419922,0.3630250765321155,0.005441868677735329,1.6494939700351097e-05
4,base,"[-1, 1]",1.0,240,1,np_fixed,Vanilla NP,0.3,0.9829027652740479,0.3218628278807349,0.0054024700075387955,2.8242473490536213e-05
4,base,"[-1, 1]",1.0,240,1,wp,WP,0.225,0.8657460808753967,0.12649538755019119,0.051334526389837265,0.00027632314595393836
4,base,"[-1, 1]",1.0,240,2,np,IS-NP,0.15,0.8281455636024475,0.09026958655401056,0.0053405617363750935,2.8590538931894116e-05
4,base,"[-1, 1]",1.0,240,2,np_fan_in,Fan-in NP,0.1,0.844995379447937,0.08759701260617779,0.005974073428660631,2.552753358031623e-05
4,base,"[-1, 1]",1.0,240,2,np_fixed,Vanilla NP,0.3,0.7613518834114075,0.05150161945202854,0.005437718238681555,3.218813435523771e-05
4,base,"[-1, 1]",1.0,240,2,wp,WP,0.225,0.46666479110717773,0.03535953988515151,0.05283886939287186,0.00028703955467790365
4,base,"[-1, 1]",1.0,240,3,np,IS-NP,0.15,0.8548123240470886,0.0860635503121254,0.006036573089659214,2.2752783479518257e-05
4,base,"[-1, 1]",1.0,240,3,np_fan_in,Fan-in NP,0.1,0.874213695526123,0.09797394280515921,0.006645158398896456,3.16531331918668e-05
4,base,"[-1, 1]",1.0,240,3,np_fixed,Vanilla NP,0.3,0.8618709444999695,0.0890726808582258,0.0071472846902906895,2.8331225621514022e-05
4,base,"[-1, 1]",1.0,240,3,wp,WP,0.225,0.44892606139183044,0.03349318838918407,0.06104902923107147,0.00027681520441547036
4,base,"[-1, 1]",1.0,240,4,np,IS-NP,0.15,0.6094677448272705,0.04495864539057948,0.005672309082001448,3.902303069480695e-05
4,base,"[-1, 1]",1.0,240,4,np_fan_in,Fan-in NP,0.1,0.6043480634689331,0.039129516447913675,0.0054341210052371025,2.110278728650883e-05
4,base,"[-1, 1]",1.0,240,4,np_fixed,Vanilla NP,0.3,0.6917036771774292,0.044879045998095536,0.006260740105062723,2.374381983827334e-05
4,base,"[-1, 1]",1.0,240,4,wp,WP,0.225,0.13515707850456238,0.005649751257654619,0.05189455673098564,0.00030070426873862743
4,base,"[-1, 1]",1.0,240,5,np,IS-NP,0.15,0.41562944650650024,0.03340847407089313,0.004839665722101927,2.6935877031064592e-05
4,base,"[-1, 1]",1.0,240,5,np_fan_in,Fan-in NP,0.1,0.436563104391098,0.03334617257836119,0.00513618066906929,2.3060971216182224e-05
4,base,"[-1, 1]",1.0,240,5,np_fixed,Vanilla NP,0.3,0.6485695838928223,0.04610264222580251,0.005180717911571264,2.2476706362795085e-05
4,base,"[-1, 1]",1.0,240,5,wp,WP,0.225,0.3245828151702881,0.023556333069852067,0.04901256784796715,0.00021683084196411073
4,base,"[-1, 1]",1.0,240,6,np,IS-NP,0.15,0.9630761742591858,0.20927601979249932,0.005809294991195202,2.6517433070694096e-05
4,base,"[-1, 1]",1.0,240,6,np_fan_in,Fan-in NP,0.1,0.9498956203460693,0.19054016033987864,0.006505672819912434,3.052228203159757e-05
4,base,"[-1, 1]",1.0,240,6,np_fixed,Vanilla NP,0.3,0.9321756362915039,0.16743694420341246,0.006424127146601677,4.118670040043071e-05
4,base,"[-1, 1]",1.0,240,6,wp,WP,0.225,0.702473521232605,0.06645536276191706,0.057808827608823776,0.00027433905052021146
4,base,"[-1, 1]",1.0,240,7,np,IS-NP,0.15,0.5103914737701416,0.05363557042680137,0.004816101863980293,3.599033516366035e-05
4,base,"[-1, 1]",1.0,240,7,np_fan_in,Fan-in NP,0.1,0.6153968572616577,0.04592349096686424,0.005453023128211498,1.9040708139073104e-05
4,base,"[-1, 1]",1.0,240,7,np_fixed,Vanilla NP,0.3,0.509273111820221,0.039938574475915326,0.005019844509661198,2.319297163921874e-05
4,base,"[-1, 1]",1.0,240,7,wp,WP,0.225,0.36276283860206604,0.023324569674817514,0.051584985107183456,0.00023826822871342301
4,scaled,"[-5, 5]",5.0,1,0,np,IS-NP,0.15,0.8843911290168762,0.12261644663133969,0.008976825512945652,5.6441142078256235e-05
4,scaled,"[-5, 5]",5.0,1,0,np_fan_in,Fan-in NP,0.1,0.5740682482719421,0.0313409657702626,0.07617480307817459,0.0002022560511250049
4,scaled,"[-5, 5]",5.0,1,0,np_fixed,Vanilla NP,0.3,0.40153658390045166,0.027499477192941414,0.07414654642343521,0.00036016356898471713
4,scaled,"[-5, 5]",5.0,1,0,wp,WP,0.225,0.4777093827724457,0.033295306080011265,0.06652149558067322,0.0002987614425364882
4,scaled,"[-5, 5]",5.0,1,1,np,IS-NP,0.15,0.9576595425605774,0.2641567488472598,0.010290361940860748,8.131218783091754e-05
4,scaled,"[-5, 5]",5.0,1,1,np_fan_in,Fan-in NP,0.1,0.8380414247512817,0.1050016819499433,0.08188528567552567,0.00039168965304270387
4,scaled,"[-5, 5]",5.0,1,1,np_fixed,Vanilla NP,0.3,0.8404465317726135,0.10470003607551917,0.09231140464544296,0.00042503108852542937
4,scaled,"[-5, 5]",5.0,1,1,wp,WP,0.225,0.8227256536483765,0.09407485709574151,0.07537329941987991,0.00035258213756605983
4,scaled,"[-5, 5]",5.0,1,2,np,IS-NP,0.15,0.9459831118583679,0.1686918495683737,0.009836576879024506,4.408132372191176e-05
4,scaled,"[-5, 5]",5.0,1,2,np_fan_in,Fan-in NP,0.1,0.6826834678649902,0.061122661299305034,0.07858096808195114,0.00033130834344774485
4,scaled,"[-5, 5]",5.0,1,2,np_fixed,Vanilla NP,0.3,0.7122036218643188,0.06490003176659229,0.08026190102100372,0.0003122201014775783
4,scaled,"[-5, 5]",5.0,1,2,wp,WP,0.225,0.6846356987953186,0.0603545174068131,0.07487716525793076,0.00033804672420956194
4,scaled,"[-5, 5]",5.0,1,3,np,IS-NP,0.15,0.549365758895874,0.041071768725062914,0.009845567867159843,4.0145019738702103e-05
4,scaled,"[-5, 5]",5.0,1,3,np_fan_in,Fan-in NP,0.1,0.13682380318641663,0.006224349713253711,0.09015541523694992,0.00031174105242826045
4,scaled,"[-5, 5]",5.0,1,3,np_fixed,Vanilla NP,0.3,0.18739615380764008,0.00925095979970744,0.0856320708990097,0.00023999296536203474
4,scaled,"[-5, 5]",5.0,1,3,wp,WP,0.225,0.1619538813829422,0.01068842687200231,0.07767628133296967,0.0003109897079411894
4,scaled,"[-5, 5]",5.0,1,4,np,IS-NP,0.15,0.922200083732605,0.16206217169456066,0.010418945923447609,5.651090759783983e-05
4,scaled,"[-5, 5]",5.0,1,4,np_fan_in,Fan-in NP,0.1,0.5997276902198792,0.05423596079696533,0.09455738216638565,0.00045443009003065526
4,scaled,"[-5, 5]",5.0,1,4,np_fixed,Vanilla NP,0.3,0.7289475202560425,0.06879757068915447,0.10021942853927612,0.0004229510959703475
4,scaled,"[-5, 5]",5.0,1,4,wp,WP,0.225,0.7349153161048889,0.07422685404768951,0.0808941051363945,0.0004185715806670487
4,scaled,"[-5, 5]",5.0,1,5,np,IS-NP,0.15,0.9660307765007019,0.20998313882543396,0.007716447580605745,3.331791594973765e-05
4,scaled,"[-5, 5]",5.0,1,5,np_fan_in,Fan-in NP,0.1,0.6643860340118408,0.06572606242649878,0.07533503323793411,0.00036751781590282917
4,scaled,"[-5, 5]",5.0,1,5,np_fixed,Vanilla NP,0.3,0.7987492084503174,0.08969555241143705,0.07092759758234024,0.0003189256531186402
4,scaled,"[-5, 5]",5.0,1,5,wp,WP,0.225,0.8179330229759216,0.096597232136628,0.06845569610595703,0.00031033888808451593
4,scaled,"[-5, 5]",5.0,1,6,np,IS-NP,0.15,0.8629076480865479,0.08666204981685345,0.01114568393677473,5.069302278570831e-05
4,scaled,"[-5, 5]",5.0,1,6,np_fan_in,Fan-in NP,0.1,0.5724857449531555,0.03524113625268607,0.0833403617143631,0.00026330893160775304
4,scaled,"[-5, 5]",5.0,1,6,np_fixed,Vanilla NP,0.3,0.4660196304321289,0.028238156483954904,0.0756794661283493,0.00027935070102103055
4,scaled,"[-5, 5]",5.0,1,6,wp,WP,0.225,0.2646717429161072,0.01596721318607403,0.07706976681947708,0.0004420969926286489
4,scaled,"[-5, 5]",5.0,1,7,np,IS-NP,0.15,0.4375196397304535,0.024808957805362297,0.007768423296511173,3.755152283702046e-05
4,scaled,"[-5, 5]",5.0,1,7,np_fan_in,Fan-in NP,0.1,0.1749967485666275,0.008065362527001222,0.07120209187269211,0.00028372605447657406
4,scaled,"[-5, 5]",5.0,1,7,np_fixed,Vanilla NP,0.3,0.14265988767147064,0.00810755862427565,0.0797174721956253,0.0002569843200035393
4,scaled,"[-5, 5]",5.0,1,7,wp,WP,0.225,0.22758987545967102,0.01527558975321881,0.062062934041023254,0.00027755595510825515
4,scaled,"[-5, 5]",5.0,120,0,np,IS-NP,0.15,0.6639813780784607,0.05725840032391716,0.005039425101131201,2.716988092288375e-05
4,scaled,"[-5, 5]",5.0,120,0,np_fan_in,Fan-in NP,0.1,0.2244330495595932,0.012128693496924825,0.036602411419153214,0.00014118252147454768
4,scaled,"[-5, 5]",5.0,120,0,np_fixed,Vanilla NP,0.3,0.5828121900558472,0.03609952230344789,0.03630664572119713,0.00011609568173298612
4,scaled,"[-5, 5]",5.0,120,0,wp,WP,0.225,0.40613648295402527,0.032529188896660344,0.05425290763378143,0.00031064177164807916
4,scaled,"[-5, 5]",5.0,120,1,np,IS-NP,0.15,0.9734624624252319,0.2629846962513208,0.005329326260834932,3.258963624830358e-05
4,scaled,"[-5, 5]",5.0,120,1,np_fan_in,Fan-in NP,0.1,0.7786998748779297,0.0894780324258439,0.03758544474840164,0.00019789750513155013
4,scaled,"[-5, 5]",5.0,120,1,np_fixed,Vanilla NP,0.3,0.8742733001708984,0.10942663201106674,0.03815687075257301,0.0001537695643492043
4,scaled,"[-5, 5]",5.0,120,1,wp,WP,0.225,0.841950535774231,0.10513545756208866,0.0586380772292614,0.0003218485217075795
4,scaled,"[-5, 5]",5.0,120,2,np,IS-NP,0.15,0.5792268514633179,0.06003415120358113,0.005004998296499252,3.683365139295347e-05
4,scaled,"[-5, 5]",5.0,120,2,np_fan_in,Fan-in NP,0.1,0.5331574082374573,0.039821523132074314,0.04152064770460129,0.00018341159739065915
4,scaled,"[-5, 5]",5.0,120,2,np_fixed,Vanilla NP,0.3,0.5558529496192932,0.04174934815852491,0.04254986718297005,0.00016738659178372473
4,scaled,"[-5, 5]",5.0,120,2,wp,WP,0.225,0.32586175203323364,0.02599685229761235,0.05316104367375374,0.00026837506447918713
4,scaled,"[-5, 5]",5.0,120,3,np,IS-NP,0.15,0.5482084155082703,0.050572933706249996,0.0065740616992115974,3.5651770303957164e-05
4,scaled,"[-5, 5]",5.0,120,3,np_fan_in,Fan-in NP,0.1,0.44927430152893066,0.03429200256129358,0.05078966170549393,0.00019347928173374385
4,scaled,"[-5, 5]",5.0,120,3,np_fixed,Vanilla NP,0.3,0.367156058549881,0.02765955712845122,0.04719104990363121,0.00017918780213221908
4,scaled,"[-5, 5]",5.0,120,3,wp,WP,0.225,0.04633477330207825,0.0032366684114094823,0.06270331144332886,0.0002961876161862165
4,scaled,"[-5, 5]",5.0,120,4,np,IS-NP,0.15,0.7791783809661865,0.08664906904292972,0.0057737254537642,2.5848396035144106e-05
4,scaled,"[-5, 5]",5.0,120,4,np_fan_in,Fan-in NP,0.1,0.42025452852249146,0.03612031009033671,0.04253733530640602,0.00021566056238953024
4,scaled,"[-5, 5]",5.0,120,4,np_fixed,Vanilla NP,0.3,0.4561886191368103,0.035458654651301914,0.04749656096100807,0.00017111901252064854
4,scaled,"[-5, 5]",5.0,120,4,wp,WP,0.225,0.2684437930583954,0.021207592909316494,0.06110985204577446,0.0003211986622773111
4,scaled,"[-5, 5]",5.0,120,5,np,IS-NP,0.15,0.9068659543991089,0.1545510794938309,0.005274662747979164,4.2302697693230584e-05
4,scaled,"[-5, 5]",5.0,120,5,np_fan_in,Fan-in NP,0.1,0.6576085090637207,0.05839965306392211,0.04108213633298874,0.00020131070050410926
4,scaled,"[-5, 5]",5.0,120,5,np_fixed,Vanilla NP,0.3,0.7277527451515198,0.06204495018852564,0.042461030185222626,0.0001599235401954502
4,scaled,"[-5, 5]",5.0,120,5,wp,WP,0.225,0.6236057281494141,0.052433227714179034,0.055422697216272354,0.00025436075520701706
4,scaled,"[-5, 5]",5.0,120,6,np,IS-NP,0.15,0.7838520407676697,0.0736664620024385,0.005920348688960075,2.4162925910786726e-05
4,scaled,"[-5, 5]",5.0,120,6,np_fan_in,Fan-in NP,0.1,0.4587917923927307,0.026654515800692023,0.049388132989406586,0.00016478283214382827
4,scaled,"[-5, 5]",5.0,120,6,np_fixed,Vanilla NP,0.3,0.5808217525482178,0.04637897871249758,0.043677084147930145,0.00021323210967238992
4,scaled,"[-5, 5]",5.0,120,6,wp,WP,0.225,0.3339175581932068,0.022547584527577175,0.061875101178884506,0.00021572566765826195
4,scaled,"[-5, 5]",5.0,120,7,np,IS-NP,0.15,0.9220027923583984,0.1397623301796557,0.0047584762796759605,2.4768813091213815e-05
4,scaled,"[-5, 5]",5.0,120,7,np_fan_in,Fan-in NP,0.1,0.6586740016937256,0.0653385279152038,0.037311773747205734,0.00020503340056166053
4,scaled,"[-5, 5]",5.0,120,7,np_fixed,Vanilla NP,0.3,0.4692957103252411,0.03955506457568845,0.038986124098300934,0.00021942213061265647
4,scaled,"[-5, 5]",5.0,120,7,wp,WP,0.225,0.15251323580741882,0.007903528719422563,0.05108962953090668,0.00035090825986117125
4,scaled,"[-5, 5]",5.0,240,0,np,IS-NP,0.15,0.8443207144737244,0.14233959681732813,0.004819374531507492,4.7176592488540336e-05
4,scaled,"[-5, 5]",5.0,240,0,np_fan_in,Fan-in NP,0.1,0.8134937882423401,0.07173432390845846,0.035655707120895386,0.00010453037975821644
4,scaled,"[-5, 5]",5.0,240,0,np_fixed,Vanilla NP,0.3,0.7430099844932556,0.07472586567837425,0.03597996383905411,0.00017990637570619583
4,scaled,"[-5, 5]",5.0,240,0,wp,WP,0.225,0.663966715335846,0.06052543536334269,0.05962954834103584,0.0002798183122649789
4,scaled,"[-5, 5]",5.0,240,1,np,IS-NP,0.15,0.9681084156036377,0.2891282354481518,0.005274484865367413,3.520337850204669e-05
4,scaled,"[-5, 5]",5.0,240,1,np_fan_in,Fan-in NP,0.1,0.9248358011245728,0.12360218516356933,0.03891131281852722,0.0001100554145523347
4,scaled,"[-5, 5]",5.0,240,1,np_fixed,Vanilla NP,0.3,0.8875480890274048,0.11208177251482994,0.03870878368616104,0.00013780046720057726
4,scaled,"[-5, 5]",5.0,240,1,wp,WP,0.225,0.8140003681182861,0.11057009372161701,0.05831035226583481,0.0003646680561359972
4,scaled,"[-5, 5]",5.0,240,2,np,IS-NP,0.15,0.7970489859580994,0.09048308977313961,0.005808591842651367,3.753819328267127e-05
4,scaled,"[-5, 5]",5.0,240,2,np_fan_in,Fan-in NP,0.1,0.5172621011734009,0.03510159379414593,0.044867176562547684,0.0001666651660343632
4,scaled,"[-5, 5]",5.0,240,2,np_fixed,Vanilla NP,0.3,0.3945760428905487,0.024529706068782766,0.041435591876506805,0.0002203725161962211
4,scaled,"[-5, 5]",5.0,240,2,wp,WP,0.225,0.36974841356277466,0.02763496515302298,0.058423012495040894,0.00036326266126707196
4,scaled,"[-5, 5]",5.0,240,3,np,IS-NP,0.15,0.6155177354812622,0.05184245687960356,0.006315740756690502,3.3125823392765597e-05
4,scaled,"[-5, 5]",5.0,240,3,np_fan_in,Fan-in NP,0.1,0.20195329189300537,0.011967004448039612,0.04559183120727539,0.00014974703663028777
4,scaled,"[-5, 5]",5.0,240,3,np_fixed,Vanilla NP,0.3,0.42853206396102905,0.029597344420471926,0.05002674460411072,0.00017484367708675563
4,scaled,"[-5, 5]",5.0,240,3,wp,WP,0.225,0.19238758087158203,0.014282292936210675,0.06922905147075653,0.00035219002165831625
4,scaled,"[-5, 5]",5.0,240,4,np,IS-NP,0.15,0.6626219153404236,0.0688429525542233,0.005702160764485598,4.0489041566615924e-05
4,scaled,"[-5, 5]",5.0,240,4,np_fan_in,Fan-in NP,0.1,0.28477463126182556,0.020232290945811353,0.040347870439291,0.00017169294005725533
4,scaled,"[-5, 5]",5.0,240,4,np_fixed,Vanilla NP,0.3,0.5118817090988159,0.03284556219332444,0.04310263693332672,0.00017895792552735656
4,scaled,"[-5, 5]",5.0,240,4,wp,WP,0.225,0.1751297265291214,0.013582509047531251,0.0593244768679142,0.0003620179195422679
4,scaled,"[-5, 5]",5.0,240,5,np,IS-NP,0.15,0.7790547013282776,0.09625101586667976,0.005746656563133001,4.033321965835057e-05
4,scaled,"[-5, 5]",5.0,240,5,np_fan_in,Fan-in NP,0.1,0.5150277614593506,0.04002113564311003,0.03865943104028702,0.00016706665337551385
4,scaled,"[-5, 5]",5.0,240,5,np_fixed,Vanilla NP,0.3,0.6332404017448425,0.048772988338411476,0.03994313254952431,0.00015556822472717613
4,scaled,"[-5, 5]",5.0,240,5,wp,WP,0.225,0.5464280843734741,0.04240622920498633,0.05849627032876015,0.00023049861192703247
4,scaled,"[-5, 5]",5.0,240,6,np,IS-NP,0.15,0.9127112030982971,0.14235830550120834,0.005909761879593134,3.15796205541119e-05
4,scaled,"[-5, 5]",5.0,240,6,np_fan_in,Fan-in NP,0.1,0.6104974746704102,0.05559164168177328,0.04829605296254158,0.00027250268612988293
4,scaled,"[-5, 5]",5.0,240,6,np_fixed,Vanilla NP,0.3,0.5773011445999146,0.04413657958502881,0.04879787936806679,0.000237148255109787
4,scaled,"[-5, 5]",5.0,240,6,wp,WP,0.225,0.5529209971427917,0.044098940860567384,0.062050554901361465,0.0002722835633903742
4,scaled,"[-5, 5]",5.0,240,7,np,IS-NP,0.15,0.6661692261695862,0.07158749269595623,0.0050350395031273365,4.5540517021436244e-05
4,scaled,"[-5, 5]",5.0,240,7,np_fan_in,Fan-in NP,0.1,0.6213582754135132,0.04306183033719814,0.03824857994914055,0.00011651514796540141
4,scaled,"[-5, 5]",5.0,240,7,np_fixed,Vanilla NP,0.3,0.5076477527618408,0.037161446711009676,0.035150568932294846,0.00014375428145285696
4,scaled,"[-5, 5]",5.0,240,7,wp,WP,0.225,0.08771336823701859,0.00589697963744887,0.05751862749457359,0.0003295818460173905
5,base,"[-1, 1]",1.0,1,0,np,IS-NP,0.15,0.49332860112190247,0.03055427130990817,0.013960284180939198,6.702742393827066e-05
5,base,"[-1, 1]",1.0,1,0,np_fan_in,Fan-in NP,0.1,0.4614059627056122,0.023213081627424494,0.01577068492770195,6.352509080898017e-05
5,base,"[-1, 1]",1.0,1,0,np_fixed,Vanilla NP,0.3,0.4048684537410736,0.020350974175380544,0.01575765572488308,4.673255898524076e-05
5,base,"[-1, 1]",1.0,1,0,wp,WP,0.225,0.04211907088756561,0.002678629887911181,0.09665030986070633,0.00043262989493086934
5,base,"[-1, 1]",1.0,1,1,np,IS-NP,0.15,0.9723613262176514,0.23219131755564984,0.014614137820899487,5.381799201131798e-05
5,base,"[-1, 1]",1.0,1,1,np_fan_in,Fan-in NP,0.1,0.9683254957199097,0.24979310378430455,0.015050736255943775,7.625918806297705e-05
5,base,"[-1, 1]",1.0,1,1,np_fixed,Vanilla NP,0.3,0.9704146385192871,0.26480398258912224,0.015566935762763023,0.00010401027975603938
5,base,"[-1, 1]",1.0,1,1,wp,WP,0.225,0.7875933051109314,0.08162534617901353,0.09735433757305145,0.0004295526596251875
5,base,"[-1, 1]",1.0,1,2,np,IS-NP,0.15,0.82060307264328,0.09772342858774816,0.012506761588156223,7.650836050743237e-05
5,base,"[-1, 1]",1.0,1,2,np_fan_in,Fan-in NP,0.1,0.7869396805763245,0.09572953450842761,0.01204396691173315,8.803386299405247e-05
5,base,"[-1, 1]",1.0,1,2,np_fixed,Vanilla NP,0.3,0.9396086931228638,0.15488014415847526,0.011190586723387241,4.415178773342632e-05
5,base,"[-1, 1]",1.0,1,2,wp,WP,0.225,0.5121505260467529,0.03837960039624401,0.0840039774775505,0.0003851517685689032
5,base,"[-1, 1]",1.0,1,3,np,IS-NP,0.15,0.4233590364456177,0.03938420944226285,0.007761585991829634,2.967325235658791e-05
5,base,"[-1, 1]",1.0,1,3,np_fan_in,Fan-in NP,0.1,0.4235185384750366,0.02937933541252278,0.008712198585271835,3.1966428650775924e-05
5,base,"[-1, 1]",1.0,1,3,np_fixed,Vanilla NP,0.3,0.1937098652124405,0.02780787483231203,0.008046765811741352,4.041081774630584e-05
5,base,"[-1, 1]",1.0,1,3,wp,WP,0.225,-0.017557520419359207,-0.00020995411853922026,0.05510253459215164,0.0002172275708289817
5,base,"[-1, 1]",1.0,1,4,np,IS-NP,0.15,0.6660712361335754,0.049831031061512474,0.00914627593010664,2.631035022204742e-05
5,base,"[-1, 1]",1.0,1,4,np_fan_in,Fan-in NP,0.1,0.7067038416862488,0.06685708140818557,0.00918834749609232,3.721937900991179e-05
5,base,"[-1, 1]",1.0,1,4,np_fixed,Vanilla NP,0.3,0.7855448722839355,0.08590629750324297,0.009398914873600006,4.2520314309513196e-05
5,base,"[-1, 1]",1.0,1,4,wp,WP,0.225,0.3574090898036957,0.026410224904854354,0.06678538024425507,0.00024934293469414115
5,base,"[-1, 1]",1.0,1,5,np,IS-NP,0.15,0.9462267756462097,0.17748699635922094,0.009495844133198261,4.492816879064776e-05
5,base,"[-1, 1]",1.0,1,5,np_fan_in,Fan-in NP,0.1,0.946017324924469,0.16652534090341456,0.0095971142873168,4.432480636751279e-05
5,base,"[-1, 1]",1.0,1,5,np_fixed,Vanilla NP,0.3,0.9345887899398804,0.14284407081092165,0.009358042851090431,4.889946285402402e-05
5,base,"[-1, 1]",1.0,1,5,wp,WP,0.225,0.7254809141159058,0.06319509101656422,0.06546230614185333,0.00027126920758746564
5,base,"[-1, 1]",1.0,1,6,np,IS-NP,0.15,0.8684015870094299,0.0982241555191043,0.006968510337173939,3.2589112379355356e-05
5,base,"[-1, 1]",1.0,1,6,np_fan_in,Fan-in NP,0.1,0.8472787737846375,0.08001176281104563,0.007494266610592604,2.5090073904721066e-05
5,base,"[-1, 1]",1.0,1,6,np_fixed,Vanilla NP,0.3,0.6630240678787231,0.051824747606103,0.006560230627655983,3.086187643930316e-05
5,base,"[-1, 1]",1.0,1,6,wp,WP,0.225,0.31025657057762146,0.019996856364499157,0.052320100367069244,0.0002555789251346141
5,base,"[-1, 1]",1.0,1,7,np,IS-NP,0.15,0.8696545958518982,0.09533965535908161,0.01111074909567833,7.514523167628795e-05
5,base,"[-1, 1]",1.0,1,7,np_fan_in,Fan-in NP,0.1,0.7066587209701538,0.05541142726724502,0.01080105360597372,4.830165198654868e-05
5,base,"[-1, 1]",1.0,1,7,np_fixed,Vanilla NP,0.3,0.6290637850761414,0.044610099399384734,0.010762501507997513,4.894255835097283e-05
5,base,"[-1, 1]",1.0,1,7,wp,WP,0.225,0.2753444015979767,0.01517797574318441,0.07599446177482605,0.0003040074079763144
5,base,"[-1, 1]",1.0,120,0,np,IS-NP,0.15,0.5638632774353027,0.04151094881720686,0.010409019887447357,4.0309623727807775e-05
5,base,"[-1, 1]",1.0,120,0,np_fan_in,Fan-in NP,0.1,0.45556095242500305,0.030406267977135335,0.012048219330608845,4.7051842557266355e-05
5,base,"[-1, 1]",1.0,120,0,np_fixed,Vanilla NP,0.3,0.32125893235206604,0.024588000399429197,0.011994724161922932,5.8671521401265636e-05
5,base,"[-1, 1]",1.0,120,0,wp,WP,0.225,0.17049746215343475,0.012887564553481449,0.07786602526903152,0.00038473118911497295
5,base,"[-1, 1]",1.0,120,1,np,IS-NP,0.15,0.974338948726654,0.2612658656095543,0.011974097229540348,5.237668301560916e-05
5,base,"[-1, 1]",1.0,120,1,np_fan_in,Fan-in NP,0.1,0.9797906279563904,0.2606663022597786,0.01185116171836853,3.902607204508968e-05
5,base,"[-1, 1]",1.0,120,1,np_fixed,Vanilla NP,0.3,0.9681802988052368,0.2540091801706391,0.012067022733390331,6.0606627812376246e-05
5,base,"[-1, 1]",1.0,120,1,wp,WP,0.225,0.8669608235359192,0.10424344276998454,0.08034635335206985,0.0002978886477649212
5,base,"[-1, 1]",1.0,120,2,np,IS-NP,0.15,0.9603209495544434,0.17801267030202628,0.010081923566758633,3.472803655313328e-05
5,base,"[-1, 1]",1.0,120,2,np_fan_in,Fan-in NP,0.1,0.9311949014663696,0.14723215270787476,0.0096647460013628,3.88304797525052e-05
5,base,"[-1, 1]",1.0,120,2,np_fixed,Vanilla NP,0.3,0.9479778409004211,0.1372972649583365,0.010346564464271069,2.9969010938657448e-05
5,base,"[-1, 1]",1.0,120,2,wp,WP,0.225,0.6771971583366394,0.061384972938443146,0.0769602358341217,0.00033973981044255197
5,base,"[-1, 1]",1.0,120,3,np,IS-NP,0.15,-0.06333847343921661,-0.006487600144343257,0.007049033418297768,7.662149437237531e-05
5,base,"[-1, 1]",1.0,120,3,np_fan_in,Fan-in NP,0.1,0.30928707122802734,0.010937277072177192,0.00711224926635623,3.156855018460192e-05
5,base,"[-1, 1]",1.0,120,3,np_fixed,Vanilla NP,0.3,0.5604120492935181,0.03158588590619426,0.007367151323705912,2.314923403901048e-05
5,base,"[-1, 1]",1.0,120,3,wp,WP,0.225,0.13847637176513672,0.007092627068050206,0.0517008937895298,0.00026193572557531297
5,base,"[-1, 1]",1.0,120,4,np,IS-NP,0.15,0.8088694214820862,0.08566599072316118,0.00725203100591898,2.5262052076868713e-05
5,base,"[-1, 1]",1.0,120,4,np_fan_in,Fan-in NP,0.1,0.7191296815872192,0.06768090991536155,0.008424348197877407,3.7318583054002374e-05
5,base,"[-1, 1]",1.0,120,4,np_fixed,Vanilla NP,0.3,0.7801757454872131,0.08336057794610194,0.007955261506140232,3.122737689409405e-05
5,base,"[-1, 1]",1.0,120,4,wp,WP,0.225,0.36324524879455566,0.025456844607833772,0.05841217190027237,0.00024185700749512762
5,base,"[-1, 1]",1.0,120,5,np,IS-NP,0.15,0.951153576374054,0.16608495064368375,0.007192738354206085,4.980416997568682e-05
5,base,"[-1, 1]",1.0,120,5,np_fan_in,Fan-in NP,0.1,0.8900014758110046,0.10439858348133081,0.007468557916581631,2.7705236789188348e-05
5,base,"[-1, 1]",1.0,120,5,np_fixed,Vanilla NP,0.3,0.9525209069252014,0.12609763657674194,0.007879803888499737,1.8046097466140054e-05
5,base,"[-1, 1]",1.0,120,5,wp,WP,0.225,0.4971255362033844,0.03480349495221162,0.057147424668073654,0.00026283570332452655
5,base,"[-1, 1]",1.0,120,6,np,IS-NP,0.15,0.8795467615127563,0.10034714447392616,0.005707175470888615,2.2477166567114182e-05
5,base,"[-1, 1]",1.0,120,6,np_fan_in,Fan-in NP,0.1,0.8778522610664368,0.09867223028656251,0.0061132460832595825,2.1360136088333093e-05
5,base,"[-1, 1]",1.0,120,6,np_fixed,Vanilla NP,0.3,0.7588469982147217,0.059619049413443766,0.005821744911372662,3.6235625884728506e-05
5,base,"[-1, 1]",1.0,120,6,wp,WP,0.225,0.5050754547119141,0.036372979995212516,0.045236073434352875,0.00020723951456602663
5,base,"[-1, 1]",1.0,120,7,np,IS-NP,0.15,0.8196069002151489,0.07327930752071551,0.008663196116685867,4.246167009114288e-05
5,base,"[-1, 1]",1.0,120,7,np_fan_in,Fan-in NP,0.1,0.8081842660903931,0.0808701126865344,0.008653397671878338,4.774350963998586e-05
5,base,"[-1, 1]",1.0,120,7,np_fixed,Vanilla NP,0.3,0.8973169922828674,0.07678785245904389,0.00906976219266653,2.4664430384291336e-05
5,base,"[-1, 1]",1.0,120,7,wp,WP,0.225,0.4276117980480194,0.030001518982559598,0.06488489359617233,0.00034301719279028475
5,base,"[-1, 1]",1.0,240,0,np,IS-NP,0.15,0.9233267903327942,0.1637479034576851,0.006055578123778105,3.68317159882281e-05
5,base,"[-1, 1]",1.0,240,0,np_fan_in,Fan-in NP,0.1,0.9474438428878784,0.1653226478184024,0.007328573148697615,2.7962872991338372e-05
5,base,"[-1, 1]",1.0,240,0,np_fixed,Vanilla NP,0.3,0.9342072606086731,0.17518372831643017,0.007332006003707647,4.3976240704068914e-05
5,base,"[-1, 1]",1.0,240,0,wp,WP,0.225,0.6496101021766663,0.06133182810250825,0.06154337152838707,0.00030797248473390937
5,base,"[-1, 1]",1.0,240,1,np,IS-NP,0.15,0.8010271191596985,0.08503219100821298,0.005943926051259041,3.5270968510303646e-05
5,base,"[-1, 1]",1.0,240,1,np_fan_in,Fan-in NP,0.1,0.8224650621414185,0.06956141891593386,0.007481596432626247,2.7372934710001573e-05
5,base,"[-1, 1]",1.0,240,1,np_fixed,Vanilla NP,0.3,0.7249608039855957,0.04202888881385055,0.007059245370328426,2.458753442624584e-05
5,base,"[-1, 1]",1.0,240,1,wp,WP,0.225,0.3212890028953552,0.02285848633716038,0.05550622195005417,0.0002922525745816529
5,base,"[-1, 1]",1.0,240,2,np,IS-NP,0.15,0.22072966396808624,0.013506216588211828,0.004904395435005426,1.7979895346798003e-05
5,base,"[-1, 1]",1.0,240,2,np_fan_in,Fan-in NP,0.1,0.28153783082962036,0.01904738835170671,0.005630843807011843,2.0319437680882402e-05
5,base,"[-1, 1]",1.0,240,2,np_fixed,Vanilla NP,0.3,0.21815788745880127,0.011851708336447093,0.0062126838602125645,2.16712687688414e-05
5,base,"[-1, 1]",1.0,240,2,wp,WP,0.225,0.07423820346593857,0.004779116104570372,0.048643410205841064,0.0001838392054196447
5,base,"[-1, 1]",1.0,240,3,np,IS-NP,0.15,0.6414546966552734,0.05740547943508621,0.00415809964761138,2.290220436407253e-05
5,base,"[-1, 1]",1.0,240,3,np_fan_in,Fan-in NP,0.1,0.5393303036689758,0.03344441912919744,0.00534531706944108,2.3433756723534316e-05
5,base,"[-1, 1]",1.0,240,3,np_fixed,Vanilla NP,0.3,0.515761137008667,0.034275153931230304,0.004867182113230228,2.3567688913317397e-05
5,base,"[-1, 1]",1.0,240,3,wp,WP,0.225,0.4077366888523102,0.035312247278974,0.04811965301632881,0.00026740485918708146
5,base,"[-1, 1]",1.0,240,4,np,IS-NP,0.15,0.7162694931030273,0.06286581334813188,0.004896146710962057,2.0027455320814624e-05
5,base,"[-1, 1]",1.0,240,4,np_fan_in,Fan-in NP,0.1,0.5606088042259216,0.04072791426588083,0.0057839564979076385,2.3544973373645917e-05
5,base,"[-1, 1]",1.0,240,4,np_fixed,Vanilla NP,0.3,0.5736208558082581,0.048214791105904924,0.006211732979863882,3.526941145537421e-05
5,base,"[-1, 1]",1.0,240,4,wp,WP,0.225,0.2624989151954651,0.016825515250335835,0.048289086669683456,0.00018639718473423272
5,base,"[-1, 1]",1.0,240,5,np,IS-NP,0.15,0.8818476796150208,0.09473015262880533,0.0040529160760343075,1.5415545931318775e-05
5,base,"[-1, 1]",1.0,240,5,np_fan_in,Fan-in NP,0.1,0.6378900408744812,0.05078038487311763,0.0047404570505023,2.6043486286653206e-05
5,base,"[-1, 1]",1.0,240,5,np_fixed,Vanilla NP,0.3,0.6702698469161987,0.04827929880751374,0.004847758449614048,2.465985744493082e-05
5,base,"[-1, 1]",1.0,240,5,wp,WP,0.225,0.0512055940926075,0.0035328581882064706,0.04597369581460953,0.00023321164189837873
5,base,"[-1, 1]",1.0,240,6,np,IS-NP,0.15,0.7717705368995667,0.06008309000171721,0.00458516227081418,1.6282197975669987e-05
5,base,"[-1, 1]",1.0,240,6,np_fan_in,Fan-in NP,0.1,0.7666736841201782,0.08072873000764957,0.005743355955928564,4.061471554450691e-05
5,base,"[-1, 1]",1.0,240,6,np_fixed,Vanilla NP,0.3,0.790128767490387,0.055031423024289934,0.0055916025303304195,1.815390533010941e-05
5,base,"[-1, 1]",1.0,240,6,wp,WP,0.225,0.5228545665740967,0.03774104396785939,0.04979974031448364,0.0002625365159474313
5,base,"[-1, 1]",1.0,240,7,np,IS-NP,0.15,0.6837337613105774,0.06656899207130967,0.004739522468298674,3.159349944326095e-05
5,base,"[-1, 1]",1.0,240,7,np_fan_in,Fan-in NP,0.1,0.19289085268974304,0.011098582854659374,0.005451576318591833,2.9817625545547344e-05
5,base,"[-1, 1]",1.0,240,7,np_fixed,Vanilla NP,0.3,0.6274901628494263,0.0484526417680172,0.0056470041163265705,2.3344879082287662e-05
5,base,"[-1, 1]",1.0,240,7,wp,WP,0.225,0.15621550381183624,0.010317376779615492,0.05247677490115166,0.0002829663280863315
5,scaled,"[-5, 5]",5.0,1,0,np,IS-NP,0.15,0.49928203225135803,0.035468136307948345,0.01434527151286602,7.705996540607885e-05
5,scaled,"[-5, 5]",5.0,1,0,np_fan_in,Fan-in NP,0.1,0.31423765420913696,0.023113579146229312,0.15234991908073425,0.0008782027871347964
5,scaled,"[-5, 5]",5.0,1,0,np_fixed,Vanilla NP,0.3,0.1600399762392044,0.008459250971827714,0.15387386083602905,0.0006605818052776158
5,scaled,"[-5, 5]",5.0,1,0,wp,WP,0.225,0.10701827704906464,0.0067866203644750085,0.09865231066942215,0.00045072496868669987
5,scaled,"[-5, 5]",5.0,1,1,np,IS-NP,0.15,0.9725859761238098,0.23257845585467293,0.014890679158270359,5.511048948392272e-05
5,scaled,"[-5, 5]",5.0,1,1,np_fan_in,Fan-in NP,0.1,0.7978786826133728,0.08679305662129384,0.15077297389507294,0.0006628084229305387
5,scaled,"[-5, 5]",5.0,1,1,np_fixed,Vanilla NP,0.3,0.731154203414917,0.08722973802456788,0.15880130231380463,0.0010809680679813027
5,scaled,"[-5, 5]",5.0,1,1,wp,WP,0.225,0.7910810112953186,0.08250054513858535,0.0995006188750267,0.0004378924786578864
5,scaled,"[-5, 5]",5.0,1,2,np,IS-NP,0.15,0.834409236907959,0.09952426758827641,0.012929785065352917,7.542686216766015e-05
5,scaled,"[-5, 5]",5.0,1,2,np_fan_in,Fan-in NP,0.1,0.415800541639328,0.0358956467119242,0.10635063052177429,0.0005729503463953733
5,scaled,"[-5, 5]",5.0,1,2,np_fixed,Vanilla NP,0.3,0.6423529982566833,0.05578651944591305,0.09968497604131699,0.000444646313553676
5,scaled,"[-5, 5]",5.0,1,2,wp,WP,0.225,0.5257818698883057,0.03946972864638383,0.0857991874217987,0.0003935291606467217
5,scaled,"[-5, 5]",5.0,1,3,np,IS-NP,0.15,0.3459567129611969,0.028676318138362453,0.007875478826463223,3.388373806956224e-05
5,scaled,"[-5, 5]",5.0,1,3,np_fan_in,Fan-in NP,0.1,0.039101168513298035,0.005086628785162853,0.08345736563205719,0.00032884866232052445
5,scaled,"[-5, 5]",5.0,1,3,np_fixed,Vanilla NP,0.3,0.21962974965572357,0.01560325472637487,0.08224806934595108,0.00034254122874699533
5,scaled,"[-5, 5]",5.0,1,3,wp,WP,0.225,0.09949655830860138,0.0038981279203047356,0.0561952069401741,0.00022365705808624625
5,scaled,"[-5, 5]",5.0,1,4,np,IS-NP,0.15,0.6595750451087952,0.0524438744711612,0.009307284839451313,3.045787707378622e-05
5,scaled,"[-5, 5]",5.0,1,4,np_fan_in,Fan-in NP,0.1,0.39765581488609314,0.028915933061944087,0.08530743420124054,0.0003337371745146811
5,scaled,"[-5, 5]",5.0,1,4,np_fixed,Vanilla NP,0.3,0.3581807315349579,0.02941103248449508,0.08965500444173813,0.00035992934135720134
5,scaled,"[-5, 5]",5.0,1,4,wp,WP,0.225,0.34001752734184265,0.025005671485026446,0.06866757571697235,0.0002661497564986348
5,scaled,"[-5, 5]",5.0,1,5,np,IS-NP,0.15,0.9514831304550171,0.17653359089163131,0.009866662323474884,4.162797995377332e-05
5,scaled,"[-5, 5]",5.0,1,5,np_fan_in,Fan-in NP,0.1,0.746877908706665,0.06094512601897198,0.0888134017586708,0.00032304806518368423
5,scaled,"[-5, 5]",5.0,1,5,np_fixed,Vanilla NP,0.3,0.6631397008895874,0.0483384962861237,0.09013457596302032,0.0003364413569215685
5,scaled,"[-5, 5]",5.0,1,5,wp,WP,0.225,0.7228631377220154,0.06303064314344435,0.06711224466562271,0.0002797821653075516
5,scaled,"[-5, 5]",5.0,1,6,np,IS-NP,0.15,0.8804880976676941,0.10473483928847903,0.007139574736356735,3.268104774178937e-05
5,scaled,"[-5, 5]",5.0,1,6,np_fan_in,Fan-in NP,0.1,0.4570893347263336,0.03207998292382399,0.06702455878257751,0.0002699213509913534
5,scaled,"[-5, 5]",5.0,1,6,np_fixed,Vanilla NP,0.3,0.3519738018512726,0.02347827081248397,0.061599068343639374,0.00021469296189025044
5,scaled,"[-5, 5]",5.0,1,6,wp,WP,0.225,0.3050895035266876,0.019774450516949097,0.053344618529081345,0.0002596250269562006
5,scaled,"[-5, 5]",5.0,1,7,np,IS-NP,0.15,0.848321795463562,0.0947372456168523,0.01146534364670515,8.129182242555544e-05
5,scaled,"[-5, 5]",5.0,1,7,np_fan_in,Fan-in NP,0.1,0.39010441303253174,0.020764542328349005,0.10012339800596237,0.0003610500425565988
5,scaled,"[-5, 5]",5.0,1,7,np_fixed,Vanilla NP,0.3,0.250247985124588,0.014564048080076948,0.10061020404100418,0.00036036784877069294
5,scaled,"[-5, 5]",5.0,1,7,wp,WP,0.225,0.3281075656414032,0.019445546794183127,0.07802651822566986,0.00031154477619566023
5,scaled,"[-5, 5]",5.0,120,0,np,IS-NP,0.15,0.8267605304718018,0.10204939144799331,0.005750301294028759,3.405356255825609e-05
5,scaled,"[-5, 5]",5.0,120,0,np_fan_in,Fan-in NP,0.1,0.5165899991989136,0.03193828062042788,0.055312540382146835,0.00018013911903835833
5,scaled,"[-5, 5]",5.0,120,0,np_fixed,Vanilla NP,0.3,0.22864392399787903,0.014146686319145374,0.05872241035103798,0.0002951725327875465
5,scaled,"[-5, 5]",5.0,120,0,wp,WP,0.225,0.3216089606285095,0.02275735588112487,0.059651345014572144,0.0002813623286783695
5,scaled,"[-5, 5]",5.0,120,1,np,IS-NP,0.15,0.6004812121391296,0.06697995339151627,0.005653162021189928,4.061232539243065e-05
5,scaled,"[-5, 5]",5.0,120,1,np_fan_in,Fan-in NP,0.1,0.30910158157348633,0.022523393974794696,0.04839232936501503,0.00018443239969201386
5,scaled,"[-5, 5]",5.0,120,1,np_fixed,Vanilla NP,0.3,0.23215827345848083,0.02209492989932187,0.052435871213674545,0.000293643563054502
5,scaled,"[-5, 5]",5.0,120,1,wp,WP,0.225,0.14665217697620392,0.011069433678312635,0.05246466025710106,0.00028095374000258744
5,scaled,"[-5, 5]",5.0,120,2,np,IS-NP,0.15,0.6908288598060608,0.07146690151130315,0.004725611303001642,2.6217241611448117e-05
5,scaled,"[-5, 5]",5.0,120,2,np_fan_in,Fan-in NP,0.1,0.28915902972221375,0.021665876894833975,0.03689974173903465,0.0001514715258963406
5,scaled,"[-5, 5]",5.0,120,2,np_fixed,Vanilla NP,0.3,0.2903408706188202,0.018973716712207534,0.03991415724158287,0.00012895445979665965
5,scaled,"[-5, 5]",5.0,120,2,wp,WP,0.225,0.30844828486442566,0.026982984379477177,0.053294837474823,0.00028040536562912166
5,scaled,"[-5, 5]",5.0,120,3,np,IS-NP,0.15,0.2964909076690674,0.037407636767602524,0.003893929533660412,4.488285048864782e-05
5,scaled,"[-5, 5]",5.0,120,3,np_fan_in,Fan-in NP,0.1,0.11517259478569031,0.00781616886536843,0.033701080828905106,0.0001461832143831998
5,scaled,"[-5, 5]",5.0,120,3,np_fixed,Vanilla NP,0.3,0.5236833691596985,0.0376345791281589,0.03545249253511429,0.0001184346983791329
5,scaled,"[-5, 5]",5.0,120,3,wp,WP,0.225,0.25425606966018677,0.01986789464205382,0.045641813427209854,0.00024092959938570857
5,scaled,"[-5, 5]",5.0,120,4,np,IS-NP,0.15,0.7270126938819885,0.07724493726176054,0.00510253943502903,2.84924990410218e-05
5,scaled,"[-5, 5]",5.0,120,4,np_fan_in,Fan-in NP,0.1,0.49945342540740967,0.032584070988256525,0.043353013694286346,0.00014189598732627928
5,scaled,"[-5, 5]",5.0,120,4,np_fixed,Vanilla NP,0.3,0.20836371183395386,0.014530895719265876,0.04177958145737648,0.00018386816373094916
5,scaled,"[-5, 5]",5.0,120,4,wp,WP,0.225,0.28728505969047546,0.01660508088231533,0.05231907591223717,0.00021084339823573828
5,scaled,"[-5, 5]",5.0,120,5,np,IS-NP,0.15,0.8405438661575317,0.10032848055222227,0.004455410875380039,5.2935552957933396e-05
5,scaled,"[-5, 5]",5.0,120,5,np_fan_in,Fan-in NP,0.1,0.6347217559814453,0.048954952035501265,0.039800647646188736,0.0001684471353655681
5,scaled,"[-5, 5]",5.0,120,5,np_fixed,Vanilla NP,0.3,0.6114708185195923,0.050217655773546234,0.03853074833750725,0.0001586373255122453
5,scaled,"[-5, 5]",5.0,120,5,wp,WP,0.225,0.5438930988311768,0.041832742024659336,0.04655290022492409,0.00024110965023282915
5,scaled,"[-5, 5]",5.0,120,6,np,IS-NP,0.15,0.6429464221000671,0.07879961846586715,0.004266516305506229,3.713869591592811e-05
5,scaled,"[-5, 5]",5.0,120,6,np_fan_in,Fan-in NP,0.1,0.4377690553665161,0.03436184420485612,0.03922232240438461,0.0001865985250333324
5,scaled,"[-5, 5]",5.0,120,6,np_fixed,Vanilla NP,0.3,0.2908948063850403,0.022237501421477644,0.03847039118409157,0.00018562827608548105
5,scaled,"[-5, 5]",5.0,120,6,wp,WP,0.225,0.2886457145214081,0.02120267110227966,0.04343325272202492,0.00022091476421337575
5,scaled,"[-5, 5]",5.0,120,7,np,IS-NP,0.15,0.8982367515563965,0.11290559295363588,0.004819530062377453,1.9418814190430567e-05
5,scaled,"[-5, 5]",5.0,120,7,np_fan_in,Fan-in NP,0.1,0.5479222536087036,0.0411844022613271,0.03733076527714729,0.00013700571435038
5,scaled,"[-5, 5]",5.0,120,7,np_fixed,Vanilla NP,0.3,0.591431736946106,0.04746853169463065,0.03947928920388222,0.00018041585281025618
5,scaled,"[-5, 5]",5.0,120,7,wp,WP,0.225,0.5632540583610535,0.049684355339256095,0.04784895107150078,0.00027771631721407175
5,scaled,"[-5, 5]",5.0,240,0,np,IS-NP,0.15,0.7684797048568726,0.09114806051851095,0.005976008716970682,4.923797678202391e-05
5,scaled,"[-5, 5]",5.0,240,0,np_fan_in,Fan-in NP,0.1,0.49528273940086365,0.037183680510922086,0.04875566437840462,0.00023779297771397978
5,scaled,"[-5, 5]",5.0,240,0,np_fixed,Vanilla NP,0.3,0.4303991198539734,0.03168907060147224,0.049247968941926956,0.000280891137663275
5,scaled,"[-5, 5]",5.0,240,0,wp,WP,0.225,0.29793214797973633,0.02056406896711754,0.06877055764198303,0.00035180783015675843
5,scaled,"[-5, 5]",5.0,240,1,np,IS-NP,0.15,0.7643279433250427,0.09614025182575764,0.005617824383080006,4.357811121735722e-05
5,scaled,"[-5, 5]",5.0,240,1,np_fan_in,Fan-in NP,0.1,0.6042582392692566,0.03857597521831243,0.046624600887298584,0.00015367206651717424
5,scaled,"[-5, 5]",5.0,240,1,np_fixed,Vanilla NP,0.3,0.4446752071380615,0.03133382731405921,0.04603685811161995,0.00021194822329562157
5,scaled,"[-5, 5]",5.0,240,1,wp,WP,0.225,0.10683171451091766,0.008909637220979979,0.06162445992231369,0.00040233967592939734
5,scaled,"[-5, 5]",5.0,240,2,np,IS-NP,0.15,0.5110140442848206,0.040726265151655144,0.005052532069385052,2.8474372811615467e-05
5,scaled,"[-5, 5]",5.0,240,2,np_fan_in,Fan-in NP,0.1,0.2578803300857544,0.023079947060371826,0.03517666831612587,0.00018801380065269768
5,scaled,"[-5, 5]",5.0,240,2,np_fixed,Vanilla NP,0.3,0.4357602596282959,0.026273113338417413,0.037995677441358566,0.0001595564972376451
5,scaled,"[-5, 5]",5.0,240,2,wp,WP,0.225,0.0730489119887352,0.004072231803062701,0.055370230227708817,0.00027851868071593344
5,scaled,"[-5, 5]",5.0,240,3,np,IS-NP,0.15,0.531455397605896,0.05599319004353068,0.004224738106131554,3.944039053749293e-05
5,scaled,"[-5, 5]",5.0,240,3,np_fan_in,Fan-in NP,0.1,0.3429194986820221,0.0203263358861174,0.03307124227285385,0.0001274103851756081
5,scaled,"[-5, 5]",5.0,240,3,np_fixed,Vanilla NP,0.3,0.23403045535087585,0.015103673598393168,0.03153734654188156,0.00013484814553521574
5,scaled,"[-5, 5]",5.0,240,3,wp,WP,0.225,0.11890096217393875,0.012297040003856334,0.05470622330904007,0.0003359582624398172
5,scaled,"[-5, 5]",5.0,240,4,np,IS-NP,0.15,0.7380170822143555,0.07952892370061211,0.0049833389930427074,2.840757224475965e-05
5,scaled,"[-5, 5]",5.0,240,4,np_fan_in,Fan-in NP,0.1,0.3774721026420593,0.020330185034739164,0.036410827189683914,0.00013567027053795755
5,scaled,"[-5, 5]",5.0,240,4,np_fixed,Vanilla NP,0.3,0.4487532079219818,0.030905407647878747,0.03957955539226532,0.00013248839240986854
5,scaled,"[-5, 5]",5.0,240,4,wp,WP,0.225,0.24192684888839722,0.01704677444031404,0.05613713338971138,0.0003015696711372584
5,scaled,"[-5, 5]",5.0,240,5,np,IS-NP,0.15,0.8228626251220703,0.112205380404824,0.004432771820574999,3.2124778954312205e-05
5,scaled,"[-5, 5]",5.0,240,5,np_fan_in,Fan-in NP,0.1,0.415495365858078,0.031086501128447706,0.033950164914131165,0.00015880484716035426
5,scaled,"[-5, 5]",5.0,240,5,np_fixed,Vanilla NP,0.3,0.47603902220726013,0.03372367800751211,0.035544317215681076,0.00014090744662098587
5,scaled,"[-5, 5]",5.0,240,5,wp,WP,0.225,0.15026260912418365,0.010870455687836511,0.054047562181949615,0.00032584782456979156
5,scaled,"[-5, 5]",5.0,240,6,np,IS-NP,0.15,0.5703939199447632,0.05584587385625734,0.004653177689760923,3.772284253500402e-05
5,scaled,"[-5, 5]",5.0,240,6,np_fan_in,Fan-in NP,0.1,0.4751070737838745,0.03416441214394581,0.03884120285511017,0.00018975728016812354
5,scaled,"[-5, 5]",5.0,240,6,np_fixed,Vanilla NP,0.3,0.44956594705581665,0.02661937223995968,0.03807288780808449,0.00015491631347686052
5,scaled,"[-5, 5]",5.0,240,6,wp,WP,0.225,0.2714819312095642,0.017882759538770186,0.05624673515558243,0.00033080755383707583
5,scaled,"[-5, 5]",5.0,240,7,np,IS-NP,0.15,0.5624384880065918,0.0724142977209946,0.004834302701056004,5.136866093380377e-05
5,scaled,"[-5, 5]",5.0,240,7,np_fan_in,Fan-in NP,0.1,0.32711029052734375,0.022249618410387483,0.03576204925775528,0.00016874402354005724
5,scaled,"[-5, 5]",5.0,240,7,np_fixed,Vanilla NP,0.3,0.4592811167240143,0.03284063406511753,0.037338025867938995,0.0001489915157435462
5,scaled,"[-5, 5]",5.0,240,7,wp,WP,0.225,0.201267808675766,0.014463015133636266,0.059939123690128326,0.0004323647590354085
6,base,"[-1, 1]",1.0,1,0,np,IS-NP,0.15,0.6589274406433105,0.05619967675399191,0.012459932826459408,9.741847316036001e-05
6,base,"[-1, 1]",1.0,1,0,np_fan_in,Fan-in NP,0.1,0.7269611954689026,0.05420717981717379,0.011433838866651058,7.195475336629897e-05
6,base,"[-1, 1]",1.0,1,0,np_fixed,Vanilla NP,0.3,0.9212779998779297,0.08757517693641906,0.011438209563493729,2.384616163908504e-05
6,base,"[-1, 1]",1.0,1,0,wp,WP,0.225,0.41593506932258606,0.027199637929637296,0.09104905277490616,0.00042262658826075494
6,base,"[-1, 1]",1.0,1,1,np,IS-NP,0.15,0.9418747425079346,0.13634336999384686,0.02013012208044529,9.663745731813833e-05
6,base,"[-1, 1]",1.0,1,1,np_fan_in,Fan-in NP,0.1,0.9702678322792053,0.20805570751448008,0.01675441674888134,5.699590838048607e-05
6,base,"[-1, 1]",1.0,1,1,np_fixed,Vanilla NP,0.3,0.9714453220367432,0.19610749425191898,0.018108714371919632,5.168067218619399e-05
6,base,"[-1, 1]",1.0,1,1,wp,WP,0.225,0.7628086805343628,0.07009502550621012,0.11983803659677505,0.0005213091499172151
6,base,"[-1, 1]",1.0,1,2,np,IS-NP,0.15,0.6018981337547302,0.05503228163743188,0.014155177399516106,9.254977339878678e-05
6,base,"[-1, 1]",1.0,1,2,np_fan_in,Fan-in NP,0.1,0.7946731448173523,0.0704050400495665,0.014036120846867561,4.218755930196494e-05
6,base,"[-1, 1]",1.0,1,2,np_fixed,Vanilla NP,0.3,0.8486652374267578,0.07979400871069325,0.014109179377555847,4.912400618195534e-05
6,base,"[-1, 1]",1.0,1,2,wp,WP,0.225,0.41368579864501953,0.025461028586505563,0.10955639183521271,0.00040660504600964487
6,base,"[-1, 1]",1.0,1,3,np,IS-NP,0.15,0.9763703346252441,0.28240966389421374,0.013386417180299759,6.516355642816052e-05
6,base,"[-1, 1]",1.0,1,3,np_fan_in,Fan-in NP,0.1,0.9855530858039856,0.26572849875471244,0.012927780859172344,3.418701817281544e-05
6,base,"[-1, 1]",1.0,1,3,np_fixed,Vanilla NP,0.3,0.9606419801712036,0.2367330258193154,0.012209396809339523,0.00010560380178503692
6,base,"[-1, 1]",1.0,1,3,wp,WP,0.225,0.8509035706520081,0.10894327924518923,0.09750288724899292,0.0004792695108335465
6,base,"[-1, 1]",1.0,1,4,np,IS-NP,0.15,0.13372381031513214,0.01309523509457904,0.017661074176430702,8.050491305766627e-05
6,base,"[-1, 1]",1.0,1,4,np_fan_in,Fan-in NP,0.1,0.14926265180110931,0.013477961122528843,0.015460834838449955,8.683509076945484e-05
6,base,"[-1, 1]",1.0,1,4,np_fixed,Vanilla NP,0.3,-0.04460614174604416,0.001391429668001365,0.01490870863199234,0.00010011106496676803
6,base,"[-1, 1]",1.0,1,4,wp,WP,0.225,0.13398446142673492,0.009007063593526255,0.10872729867696762,0.000553651771042496
6,base,"[-1, 1]",1.0,1,5,np,IS-NP,0.15,0.943101704120636,0.18165893750798812,0.00825527310371399,4.0474391425959766e-05
6,base,"[-1, 1]",1.0,1,5,np_fan_in,Fan-in NP,0.1,0.9721143245697021,0.19319064347170448,0.007420526817440987,2.00273407244822e-05
6,base,"[-1, 1]",1.0,1,5,np_fixed,Vanilla NP,0.3,0.9621976613998413,0.17959128442695751,0.007775347214192152,2.7586407668422908e-05
6,base,"[-1, 1]",1.0,1,5,wp,WP,0.225,0.7712416052818298,0.07473206298285125,0.06548658013343811,0.0002452435437589884
6,base,"[-1, 1]",1.0,1,6,np,IS-NP,0.15,0.9602033495903015,0.18196905902974927,0.009193144738674164,3.91911635233555e-05
6,base,"[-1, 1]",1.0,1,6,np_fan_in,Fan-in NP,0.1,0.9753852486610413,0.21994550390324244,0.008600136265158653,2.6122794224647805e-05
6,base,"[-1, 1]",1.0,1,6,np_fixed,Vanilla NP,0.3,0.9587122797966003,0.2060079672606662,0.009458105079829693,4.7814566642045975e-05
6,base,"[-1, 1]",1.0,1,6,wp,WP,0.225,0.7589027881622314,0.07706166302765875,0.07253795117139816,0.00037482433253899217
6,base,"[-1, 1]",1.0,1,7,np,IS-NP,0.15,0.41964295506477356,0.03411874335497487,0.01834292709827423,7.828370144125074e-05
6,base,"[-1, 1]",1.0,1,7,np_fan_in,Fan-in NP,0.1,0.7010970115661621,0.041873353045715093,0.015924733132123947,3.559129618224688e-05
6,base,"[-1, 1]",1.0,1,7,np_fixed,Vanilla NP,0.3,0.45617642998695374,0.03884946139041858,0.016811298206448555,6.341355037875473e-05
6,base,"[-1, 1]",1.0,1,7,wp,WP,0.225,0.34535717964172363,0.0236858495901591,0.11054818332195282,0.0004963988903909922
6,base,"[-1, 1]",1.0,120,0,np,IS-NP,0.15,0.9709901213645935,0.23224695487909816,0.005906693171709776,7.282196020241827e-05
6,base,"[-1, 1]",1.0,120,0,np_fan_in,Fan-in NP,0.1,0.9855823516845703,0.2889075097530925,0.006909877527505159,2.3148579202825204e-05
6,base,"[-1, 1]",1.0,120,0,np_fixed,Vanilla NP,0.3,0.9627118110656738,0.27189347273330594,0.006285930518060923,5.351968138711527e-05
6,base,"[-1, 1]",1.0,120,0,wp,WP,0.225,0.77367103099823,0.08376339642660847,0.0612201951444149,0.0003314028726890683
6,base,"[-1, 1]",1.0,120,1,np,IS-NP,0.15,0.9649756550788879,0.20517319712719959,0.006728178821504116,2.7775406124419533e-05
6,base,"[-1, 1]",1.0,120,1,np_fan_in,Fan-in NP,0.1,0.9628734588623047,0.2064446321754076,0.007353609893471003,2.9673075914615765e-05
6,base,"[-1, 1]",1.0,120,1,np_fixed,Vanilla NP,0.3,0.9336711764335632,0.1806316361806239,0.0072329542599618435,5.2045052143512294e-05
6,base,"[-1, 1]",1.0,120,1,wp,WP,0.225,0.7683977484703064,0.07343094608219568,0.06620264053344727,0.0002670366957318038
6,base,"[-1, 1]",1.0,120,2,np,IS-NP,0.15,0.9308261275291443,0.14682052259280073,0.006033063400536776,2.5219522285624407e-05
6,base,"[-1, 1]",1.0,120,2,np_fan_in,Fan-in NP,0.1,0.9134761691093445,0.13157723768720947,0.006501762196421623,2.5658035156084225e-05
6,base,"[-1, 1]",1.0,120,2,np_fixed,Vanilla NP,0.3,0.8827225565910339,0.13772120987123343,0.0066475654020905495,4.285264731151983e-05
6,base,"[-1, 1]",1.0,120,2,wp,WP,0.225,0.46025174856185913,0.03501772994168277,0.05862987041473389,0.00030956504633650184
6,base,"[-1, 1]",1.0,120,3,np,IS-NP,0.15,0.9207994341850281,0.18941929962020368,0.003865025704726577,2.8140178983449005e-05
6,base,"[-1, 1]",1.0,120,3,np_fan_in,Fan-in NP,0.1,0.9220381379127502,0.16602141029046227,0.004966525360941887,2.7707357730832882e-05
6,base,"[-1, 1]",1.0,120,3,np_fixed,Vanilla NP,0.3,0.9387369751930237,0.18121958089177498,0.004804194439202547,2.515995038265828e-05
6,base,"[-1, 1]",1.0,120,3,wp,WP,0.225,0.6968430280685425,0.06838399153590823,0.05024369806051254,0.0002808122371789068
6,base,"[-1, 1]",1.0,120,4,np,IS-NP,0.15,0.7989594340324402,0.06433576728256109,0.008828189224004745,3.164539884892292e-05
6,base,"[-1, 1]",1.0,120,4,np_fan_in,Fan-in NP,0.1,0.7164661884307861,0.06342980219051242,0.008476807735860348,4.0717179217608646e-05
6,base,"[-1, 1]",1.0,120,4,np_fixed,Vanilla NP,0.3,0.7311810255050659,0.05971387440998418,0.007978016510605812,3.829261913779192e-05
6,base,"[-1, 1]",1.0,120,4,wp,WP,0.225,0.20986279845237732,0.016185909322484805,0.07166669517755508,0.00041820830665528774
6,base,"[-1, 1]",1.0,120,5,np,IS-NP,0.15,0.5885031819343567,0.04837747698935952,0.0057370346039533615,3.4652824979275465e-05
6,base,"[-1, 1]",1.0,120,5,np_fan_in,Fan-in NP,0.1,0.6062828302383423,0.04230401564418571,0.006358864717185497,2.8805685360566713e-05
6,base,"[-1, 1]",1.0,120,5,np_fixed,Vanilla NP,0.3,0.7151567339897156,0.05071015698110083,0.006144876591861248,1.7203245079144835e-05
6,base,"[-1, 1]",1.0,120,5,wp,WP,0.225,0.4094853699207306,0.025878007994712484,0.05428706854581833,0.000226534903049469
6,base,"[-1, 1]",1.0,120,6,np,IS-NP,0.15,0.9303007125854492,0.16241278209684726,0.00467475363984704,2.9232967790449038e-05
6,base,"[-1, 1]",1.0,120,6,np_fan_in,Fan-in NP,0.1,0.9088432192802429,0.1303057487491363,0.0056187123991549015,3.879200085066259e-05
6,base,"[-1, 1]",1.0,120,6,np_fixed,Vanilla NP,0.3,0.9298275709152222,0.18103617658862275,0.0054114642553031445,3.364321310073137e-05
6,base,"[-1, 1]",1.0,120,6,wp,WP,0.225,0.6634142398834229,0.060928065301777676,0.05146994814276695,0.0002426307910354808
6,base,"[-1, 1]",1.0,120,7,np,IS-NP,0.15,0.23671841621398926,0.006597427854042811,0.0058452170342206955,2.255244180560112e-05
6,base,"[-1, 1]",1.0,120,7,np_fan_in,Fan-in NP,0.1,0.6093081831932068,0.03795330485033143,0.00657443143427372,2.2699066903442144e-05
6,base,"[-1, 1]",1.0,120,7,np_fixed,Vanilla NP,0.3,0.46966248750686646,0.01931298672449581,0.006373814307153225,2.2071866624173708e-05
6,base,"[-1, 1]",1.0,120,7,wp,WP,0.225,0.01648346707224846,-0.0014311096714664019,0.05549776926636696,0.0002819873916450888
6,base,"[-1, 1]",1.0,240,0,np,IS-NP,0.15,0.9761430621147156,0.30987538072913595,0.005726963747292757,3.259862933191471e-05
6,base,"[-1, 1]",1.0,240,0,np_fan_in,Fan-in NP,0.1,0.9756157994270325,0.26287195615974873,0.005899662151932716,3.7756759411422536e-05
6,base,"[-1, 1]",1.0,240,0,np_fixed,Vanilla NP,0.3,0.9762990474700928,0.31883739491555996,0.006462243851274252,5.26293006259948e-05
6,base,"[-1, 1]",1.0,240,0,wp,WP,0.225,0.7726592421531677,0.07891850033241402,0.055158987641334534,0.0002802237868309021
6,base,"[-1, 1]",1.0,240,1,np,IS-NP,0.15,0.9668821692466736,0.19824001789141524,0.007214791141450405,2.4618060706416145e-05
6,base,"[-1, 1]",1.0,240,1,np_fan_in,Fan-in NP,0.1,0.963071882724762,0.20203179707944705,0.007314241491258144,3.122817724943161e-05
6,base,"[-1, 1]",1.0,240,1,np_fixed,Vanilla NP,0.3,0.950620174407959,0.21404615490076442,0.00767866987735033,4.7705212637083605e-05
6,base,"[-1, 1]",1.0,240,1,wp,WP,0.225,0.7892826199531555,0.08019661670041386,0.06556077301502228,0.00029180353158153594
6,base,"[-1, 1]",1.0,240,2,np,IS-NP,0.15,0.9553622007369995,0.192379740162869,0.005322437267750502,2.1535042833420448e-05
6,base,"[-1, 1]",1.0,240,2,np_fan_in,Fan-in NP,0.1,0.9267444610595703,0.15786581928405213,0.006447352468967438,3.243159153498709e-05
6,base,"[-1, 1]",1.0,240,2,np_fixed,Vanilla NP,0.3,0.9555829763412476,0.17809029912532423,0.006754959002137184,2.338864214834757e-05
6,base,"[-1, 1]",1.0,240,2,wp,WP,0.225,0.6464550495147705,0.055763002172056986,0.0623617023229599,0.00026742543559521437
6,base,"[-1, 1]",1.0,240,3,np,IS-NP,0.15,0.8714545369148254,0.12131378152019655,0.00396014703437686,2.0773872165591456e-05
6,base,"[-1, 1]",1.0,240,3,np_fan_in,Fan-in NP,0.1,0.8878382444381714,0.11116455660497498,0.004916396923363209,1.851122397056315e-05
6,base,"[-1, 1]",1.0,240,3,np_fixed,Vanilla NP,0.3,0.8914915919303894,0.11393068412471621,0.005033849738538265,2.3488844817620702e-05
6,base,"[-1, 1]",1.0,240,3,wp,WP,0.225,0.5968850255012512,0.0482936877158257,0.04700182378292084,0.00023420403886120766
6,base,"[-1, 1]",1.0,240,4,np,IS-NP,0.15,0.7722861766815186,0.07866556182949959,0.007785491179674864,5.005010825698264e-05
6,base,"[-1, 1]",1.0,240,4,np_fan_in,Fan-in NP,0.1,0.8529002070426941,0.08647520110741122,0.007803754415363073,3.104427378275432e-05
6,base,"[-1, 1]",1.0,240,4,np_fixed,Vanilla NP,0.3,0.8337118625640869,0.09316758280377448,0.007872362621128559,3.51196649717167e-05
6,base,"[-1, 1]",1.0,240,4,wp,WP,0.225,0.29505807161331177,0.021325046277221798,0.07008646428585052,0.000360357720637694
6,base,"[-1, 1]",1.0,240,5,np,IS-NP,0.15,0.7286521792411804,0.05961422327090986,0.006268869154155254,2.8113667212892324e-05
6,base,"[-1, 1]",1.0,240,5,np_fan_in,Fan-in NP,0.1,0.6937602758407593,0.061603247214225124,0.006661418359726667,3.130934419459663e-05
6,base,"[-1, 1]",1.0,240,5,np_fixed,Vanilla NP,0.3,0.4541289806365967,0.034147009875687216,0.006618569605052471,4.281606015865691e-05
6,base,"[-1, 1]",1.0,240,5,wp,WP,0.225,0.46690160036087036,0.03217074952120432,0.05447927489876747,0.0002453884808346629
6,base,"[-1, 1]",1.0,240,6,np,IS-NP,0.15,0.9563238024711609,0.1959888356204222,0.00514237442985177,2.2235652068047784e-05
6,base,"[-1, 1]",1.0,240,6,np_fan_in,Fan-in NP,0.1,0.9657818675041199,0.19835468644960202,0.005688835401087999,2.0948928067809902e-05
6,base,"[-1, 1]",1.0,240,6,np_fixed,Vanilla NP,0.3,0.9521386027336121,0.1881920217492734,0.005907800048589706,2.5298275431850925e-05
6,base,"[-1, 1]",1.0,240,6,wp,WP,0.225,0.7885951995849609,0.08535434766584633,0.05073713883757591,0.00028880720492452383
6,base,"[-1, 1]",1.0,240,7,np,IS-NP,0.15,0.48267459869384766,0.02320903691191537,0.005623140372335911,2.208968362538144e-05
6,base,"[-1, 1]",1.0,240,7,np_fan_in,Fan-in NP,0.1,0.5679041743278503,0.03491949241094214,0.006162089295685291,2.014621531998273e-05
6,base,"[-1, 1]",1.0,240,7,np_fixed,Vanilla NP,0.3,0.4959922730922699,0.02597244161540099,0.006228212732821703,2.7479087293613702e-05
6,base,"[-1, 1]",1.0,240,7,wp,WP,0.225,0.057721979916095734,0.003544634394347668,0.05828326940536499,0.00034000194864347577
6,scaled,"[-5, 5]",5.0,1,0,np,IS-NP,0.15,0.7220600247383118,0.06308224747608619,0.012563329190015793,8.585109753767028e-05
6,scaled,"[-5, 5]",5.0,1,0,np_fan_in,Fan-in NP,0.1,0.35607585310935974,0.02018558138224762,0.10211113840341568,0.00044157911906950176
6,scaled,"[-5, 5]",5.0,1,0,np_fixed,Vanilla NP,0.3,0.5600916743278503,0.030871881899656728,0.10556474328041077,0.0003049665247090161
6,scaled,"[-5, 5]",5.0,1,0,wp,WP,0.225,0.42599499225616455,0.028297362977658242,0.09110697358846664,0.0004192894557490945
6,scaled,"[-5, 5]",5.0,1,1,np,IS-NP,0.15,0.9346055388450623,0.14012388009529483,0.019985981285572052,0.00010873955761780962
6,scaled,"[-5, 5]",5.0,1,1,np_fan_in,Fan-in NP,0.1,0.8010069727897644,0.07219698316184804,0.15756426751613617,0.0005186126218177378
6,scaled,"[-5, 5]",5.0,1,1,np_fixed,Vanilla NP,0.3,0.7437030673027039,0.06964141380485671,0.1643548160791397,0.0007026915554888546
6,scaled,"[-5, 5]",5.0,1,1,wp,WP,0.225,0.7602859735488892,0.07016646040065097,0.12038804590702057,0.0005296244053170085
6,scaled,"[-5, 5]",5.0,1,2,np,IS-NP,0.15,0.6574621796607971,0.06384152397028325,0.01421081181615591,9.049519576365128e-05
6,scaled,"[-5, 5]",5.0,1,2,np_fan_in,Fan-in NP,0.1,0.37881699204444885,0.029144447085127468,0.13182708621025085,0.0006440633442252874
6,scaled,"[-5, 5]",5.0,1,2,np_fixed,Vanilla NP,0.3,0.397121787071228,0.029216001234696403,0.1330574005842209,0.0006041557062417269
6,scaled,"[-5, 5]",5.0,1,2,wp,WP,0.225,0.36949679255485535,0.022728133239676634,0.10982459783554077,0.00041462283115834
6,scaled,"[-5, 5]",5.0,1,3,np,IS-NP,0.15,0.9745805859565735,0.282953007001682,0.013307579793035984,6.901162851136178e-05
6,scaled,"[-5, 5]",5.0,1,3,np_fan_in,Fan-in NP,0.1,0.8540908098220825,0.09244758185413957,0.12432092428207397,0.0004147239087615162
6,scaled,"[-5, 5]",5.0,1,3,np_fixed,Vanilla NP,0.3,0.7879533171653748,0.08420589779937776,0.11258071660995483,0.0005301020573824644
6,scaled,"[-5, 5]",5.0,1,3,wp,WP,0.225,0.850341796875,0.10796699108032044,0.0981200709939003,0.00047810396063141525
6,scaled,"[-5, 5]",5.0,1,4,np,IS-NP,0.15,0.4249991178512573,0.029577754390569075,0.017723578959703445,7.126661512302235e-05
6,scaled,"[-5, 5]",5.0,1,4,np_fan_in,Fan-in NP,0.1,0.2396273910999298,0.015735308125598143,0.13372091948986053,0.0005932541098445654
6,scaled,"[-5, 5]",5.0,1,4,np_fixed,Vanilla NP,0.3,-0.09683893620967865,-0.005209610355571688,0.12936371564865112,0.0007623155834153295
6,scaled,"[-5, 5]",5.0,1,4,wp,WP,0.225,0.20516113936901093,0.013183743236489439,0.10972988605499268,0.0005646618665196002
6,scaled,"[-5, 5]",5.0,1,5,np,IS-NP,0.15,0.9431806206703186,0.17977911159347665,0.00816862192004919,4.022418215754442e-05
6,scaled,"[-5, 5]",5.0,1,5,np_fan_in,Fan-in NP,0.1,0.7262356877326965,0.06821771320302711,0.06896313279867172,0.0002949776826426387
6,scaled,"[-5, 5]",5.0,1,5,np_fixed,Vanilla NP,0.3,0.6825547814369202,0.06294180157322747,0.07055777311325073,0.00032928332802839577
6,scaled,"[-5, 5]",5.0,1,5,wp,WP,0.225,0.7682836651802063,0.07327527744006754,0.06614803522825241,0.0002437418297631666
6,scaled,"[-5, 5]",5.0,1,6,np,IS-NP,0.15,0.9582912921905518,0.18417221777053783,0.009227000176906586,4.358327714726329e-05
6,scaled,"[-5, 5]",5.0,1,6,np_fan_in,Fan-in NP,0.1,0.7910009622573853,0.07596076194846925,0.08586782217025757,0.00032621590071357787
6,scaled,"[-5, 5]",5.0,1,6,np_fixed,Vanilla NP,0.3,0.8275955319404602,0.07564646303377837,0.09011635929346085,0.0002676096628420055
6,scaled,"[-5, 5]",5.0,1,6,wp,WP,0.225,0.7631205320358276,0.07808461579843425,0.07362810522317886,0.0003803662839345634
6,scaled,"[-5, 5]",5.0,1,7,np,IS-NP,0.15,0.5101262331008911,0.04121304407211331,0.018202777951955795,7.590159657411277e-05
6,scaled,"[-5, 5]",5.0,1,7,np_fan_in,Fan-in NP,0.1,0.3130943179130554,0.019829763230950447,0.14746443927288055,0.000388502812711522
6,scaled,"[-5, 5]",5.0,1,7,np_fixed,Vanilla NP,0.3,0.29981011152267456,0.02731618362571074,0.15812987089157104,0.0008474983624182642
6,scaled,"[-5, 5]",5.0,1,7,wp,WP,0.225,0.3061387836933136,0.02114256564309471,0.1114959865808487,0.0005093998042866588
6,scaled,"[-5, 5]",5.0,120,0,np,IS-NP,0.15,0.9388200640678406,0.18585277119176075,0.006036805454641581,9.711101301945746e-05
6,scaled,"[-5, 5]",5.0,120,0,np_fan_in,Fan-in NP,0.1,0.8810189962387085,0.11269860936590703,0.046240467578172684,0.0001837486488511786
6,scaled,"[-5, 5]",5.0,120,0,np_fixed,Vanilla NP,0.3,0.8496860861778259,0.1098326800786405,0.04527203366160393,0.00019433512352406979
6,scaled,"[-5, 5]",5.0,120,0,wp,WP,0.225,0.6953296065330505,0.06891452983551669,0.06784660369157791,0.00038967476575635374
6,scaled,"[-5, 5]",5.0,120,1,np,IS-NP,0.15,0.9520777463912964,0.19021189698396485,0.007011799607425928,3.266268322477117e-05
6,scaled,"[-5, 5]",5.0,120,1,np_fan_in,Fan-in NP,0.1,0.7584086656570435,0.0773969812488455,0.05572738125920296,0.0002487510209903121
6,scaled,"[-5, 5]",5.0,120,1,np_fixed,Vanilla NP,0.3,0.6748932600021362,0.07376193607500076,0.051787037402391434,0.00033131579402834177
6,scaled,"[-5, 5]",5.0,120,1,wp,WP,0.225,0.7164669632911682,0.06941999807907753,0.0750722661614418,0.000349268811987713
6,scaled,"[-5, 5]",5.0,120,2,np,IS-NP,0.15,0.916353166103363,0.15162176420926698,0.006512810010462999,3.723573900060728e-05
6,scaled,"[-5, 5]",5.0,120,2,np_fan_in,Fan-in NP,0.1,0.7379494309425354,0.060627690001577625,0.04724930226802826,0.00013505389506462961
6,scaled,"[-5, 5]",5.0,120,2,np_fixed,Vanilla NP,0.3,0.695624589920044,0.06002826943962039,0.04612340033054352,0.00019609706941992044
6,scaled,"[-5, 5]",5.0,120,2,wp,WP,0.225,0.4942069351673126,0.04098913163003696,0.06705977022647858,0.0003550344263203442
6,scaled,"[-5, 5]",5.0,120,3,np,IS-NP,0.15,0.8159360289573669,0.13998482093641845,0.003980296663939953,4.235140295349993e-05
6,scaled,"[-5, 5]",5.0,120,3,np_fan_in,Fan-in NP,0.1,0.43512460589408875,0.03264940304658618,0.0349913127720356,0.00015786796575412154
6,scaled,"[-5, 5]",5.0,120,3,np_fixed,Vanilla NP,0.3,0.5316959023475647,0.036868723255201984,0.0346391499042511,0.00015339194214902818
6,scaled,"[-5, 5]",5.0,120,3,wp,WP,0.225,0.49158963561058044,0.043755564838769107,0.05650060623884201,0.0003731349133886397
6,scaled,"[-5, 5]",5.0,120,4,np,IS-NP,0.15,0.7524462938308716,0.06807669020927279,0.008731580339372158,3.932983963750303e-05
6,scaled,"[-5, 5]",5.0,120,4,np_fan_in,Fan-in NP,0.1,0.3182530105113983,0.02147291340947959,0.060656771063804626,0.0002516522363293916
6,scaled,"[-5, 5]",5.0,120,4,np_fixed,Vanilla NP,0.3,0.35947784781455994,0.02235420505179112,0.05863223597407341,0.00022419278684537858
6,scaled,"[-5, 5]",5.0,120,4,wp,WP,0.225,0.15969738364219666,0.012143362689918528,0.07839041948318481,0.00046483470941893756
6,scaled,"[-5, 5]",5.0,120,5,np,IS-NP,0.15,0.64058917760849,0.06712800730941429,0.00610555661842227,4.733713285531849e-05
6,scaled,"[-5, 5]",5.0,120,5,np_fan_in,Fan-in NP,0.1,0.35173270106315613,0.022443466130152957,0.0558067187666893,0.00024311128072440624
6,scaled,"[-5, 5]",5.0,120,5,np_fixed,Vanilla NP,0.3,0.4719271957874298,0.027949724131030963,0.05561012402176857,0.00019334722310304642
6,scaled,"[-5, 5]",5.0,120,5,wp,WP,0.225,0.33546769618988037,0.022069492569426075,0.057730138301849365,0.00024569506058469415
6,scaled,"[-5, 5]",5.0,120,6,np,IS-NP,0.15,0.9322490096092224,0.18101353030942846,0.005343542899936438,3.4888958907686174e-05
6,scaled,"[-5, 5]",5.0,120,6,np_fan_in,Fan-in NP,0.1,0.7261303067207336,0.06048245692897278,0.0449654646217823,0.00017214093531947583
6,scaled,"[-5, 5]",5.0,120,6,np_fixed,Vanilla NP,0.3,0.7620327472686768,0.07507671606605679,0.0443248488008976,0.00019205284479539841
6,scaled,"[-5, 5]",5.0,120,6,wp,WP,0.225,0.6893396973609924,0.06795113706539269,0.060245729982852936,0.0003137181047350168
6,scaled,"[-5, 5]",5.0,120,7,np,IS-NP,0.15,0.5085801482200623,0.042137140388060365,0.006129836663603783,3.647454286692664e-05
6,scaled,"[-5, 5]",5.0,120,7,np_fan_in,Fan-in NP,0.1,0.3948116898536682,0.02485970455406156,0.04661838337779045,0.00013967436098027974
6,scaled,"[-5, 5]",5.0,120,7,np_fixed,Vanilla NP,0.3,0.4118289649486542,0.03265126737217846,0.04694170504808426,0.0002248858945677057
6,scaled,"[-5, 5]",5.0,120,7,wp,WP,0.225,0.09653987735509872,0.006589773637824692,0.06300421804189682,0.00038005958776921034
6,scaled,"[-5, 5]",5.0,240,0,np,IS-NP,0.15,0.9450122117996216,0.2480565956211649,0.006707014981657267,5.6465207308065146e-05
6,scaled,"[-5, 5]",5.0,240,0,np_fan_in,Fan-in NP,0.1,0.842917263507843,0.09856487991649678,0.038884926587343216,0.00015338006778620183
6,scaled,"[-5, 5]",5.0,240,0,np_fixed,Vanilla NP,0.3,0.8673931956291199,0.11989856612538764,0.04099166765809059,0.00020527337619569153
6,scaled,"[-5, 5]",5.0,240,0,wp,WP,0.225,0.5793495178222656,0.05210941278880152,0.07313289493322372,0.0004491466679610312
6,scaled,"[-5, 5]",5.0,240,1,np,IS-NP,0.15,0.9026105403900146,0.1702558747860773,0.007653501816093922,5.955685628578067e-05
6,scaled,"[-5, 5]",5.0,240,1,np_fan_in,Fan-in NP,0.1,0.7454895377159119,0.07801155078025962,0.04558952897787094,0.0002391511807218194
6,scaled,"[-5, 5]",5.0,240,1,np_fixed,Vanilla NP,0.3,0.7955313324928284,0.0896180010092697,0.046695221215486526,0.00021374931384343654
6,scaled,"[-5, 5]",5.0,240,1,wp,WP,0.225,0.6504092812538147,0.05933773401387346,0.08255915343761444,0.000387959968065843
6,scaled,"[-5, 5]",5.0,240,2,np,IS-NP,0.15,0.8448436856269836,0.13739820256790455,0.006698027718812227,5.6219130783574656e-05
6,scaled,"[-5, 5]",5.0,240,2,np_fan_in,Fan-in NP,0.1,0.5816215872764587,0.0459636345745821,0.04435017332434654,0.00018672952137421817
6,scaled,"[-5, 5]",5.0,240,2,np_fixed,Vanilla NP,0.3,0.7095717787742615,0.0522791613088278,0.046950772404670715,0.00013689282059203833
6,scaled,"[-5, 5]",5.0,240,2,wp,WP,0.225,0.3849281370639801,0.03383363902248675,0.08387840539216995,0.00046699491213075817
6,scaled,"[-5, 5]",5.0,240,3,np,IS-NP,0.15,0.3642449676990509,0.04634917885208172,0.005148299038410187,7.871314301155508e-05
6,scaled,"[-5, 5]",5.0,240,3,np_fan_in,Fan-in NP,0.1,0.37504643201828003,0.0242672547227509,0.0340401791036129,0.0001069128411472775
6,scaled,"[-5, 5]",5.0,240,3,np_fixed,Vanilla NP,0.3,0.38176509737968445,0.02847935782726078,0.03320954740047455,0.00015070110384840518
6,scaled,"[-5, 5]",5.0,240,3,wp,WP,0.225,0.06477431952953339,0.004790598682120617,0.06687650084495544,0.0004996230127289891
6,scaled,"[-5, 5]",5.0,240,4,np,IS-NP,0.15,0.5318211317062378,0.05601886715982497,0.008601292036473751,7.761149026919156e-05
6,scaled,"[-5, 5]",5.0,240,4,np_fan_in,Fan-in NP,0.1,0.40701866149902344,0.02781884180394627,0.05594838410615921,0.00017804381786845624
6,scaled,"[-5, 5]",5.0,240,4,np_fixed,Vanilla NP,0.3,0.3554171323776245,0.025321648914541584,0.053361281752586365,0.0002099105913657695
6,scaled,"[-5, 5]",5.0,240,4,wp,WP,0.225,0.26391860842704773,0.023065341413530404,0.08725173026323318,0.0004981894744560122
6,scaled,"[-5, 5]",5.0,240,5,np,IS-NP,0.15,0.706996500492096,0.08271430848969127,0.0076280864886939526,5.5303771659964696e-05
6,scaled,"[-5, 5]",5.0,240,5,np_fan_in,Fan-in NP,0.1,0.5951930284500122,0.05163307482404586,0.05989471450448036,0.0003007722843904048
6,scaled,"[-5, 5]",5.0,240,5,np_fixed,Vanilla NP,0.3,0.47902604937553406,0.028621195188316052,0.05696588754653931,0.00021478207781910896
6,scaled,"[-5, 5]",5.0,240,5,wp,WP,0.225,0.33319196105003357,0.026185917222452795,0.07265826314687729,0.00038875776226632297
6,scaled,"[-5, 5]",5.0,240,6,np,IS-NP,0.15,0.9122573137283325,0.17221521843879753,0.005875369533896446,3.9308626583078876e-05
6,scaled,"[-5, 5]",5.0,240,6,np_fan_in,Fan-in NP,0.1,0.7545714974403381,0.07343626798198481,0.03985605016350746,0.00016983387467917055
6,scaled,"[-5, 5]",5.0,240,6,np_fixed,Vanilla NP,0.3,0.7321718335151672,0.07031060405618822,0.03938054293394089,0.00017025569104589522
6,scaled,"[-5, 5]",5.0,240,6,wp,WP,0.225,0.6284332871437073,0.06221880479497486,0.06414397060871124,0.00042081307037733495
6,scaled,"[-5, 5]",5.0,240,7,np,IS-NP,0.15,0.5213605761528015,0.05434085541855893,0.005785868037492037,5.621077070827596e-05
6,scaled,"[-5, 5]",5.0,240,7,np_fan_in,Fan-in NP,0.1,0.35946449637413025,0.026284546113250446,0.036720748990774155,0.0001536842464702204
6,scaled,"[-5, 5]",5.0,240,7,np_fixed,Vanilla NP,0.3,0.3970189094543457,0.024931710530411995,0.03816213831305504,0.00014082001871429384
6,scaled,"[-5, 5]",5.0,240,7,wp,WP,0.225,0.0020224773325026035,0.0006986280105290159,0.07471413910388947,0.0005115813110023737
7,base,"[-1, 1]",1.0,1,0,np,IS-NP,0.15,0.9857437610626221,0.33107599392048237,0.006087475921958685,3.041409763682168e-05
7,base,"[-1, 1]",1.0,1,0,np_fan_in,Fan-in NP,0.1,0.9870570302009583,0.37030320616371076,0.006706692278385162,3.7164347304496914e-05
7,base,"[-1, 1]",1.0,1,0,np_fixed,Vanilla NP,0.3,0.9896976351737976,0.34086949660365157,0.006453018169850111,2.041990592260845e-05
7,base,"[-1, 1]",1.0,1,0,wp,WP,0.225,0.8933382034301758,0.13203101484420282,0.05017257109284401,0.0002378011995460838
7,base,"[-1, 1]",1.0,1,1,np,IS-NP,0.15,0.9637351632118225,0.20088485444042212,0.008668191730976105,3.443884997977875e-05
7,base,"[-1, 1]",1.0,1,1,np_fan_in,Fan-in NP,0.1,0.9657796025276184,0.21695516249894997,0.008472248911857605,4.30256113759242e-05
7,base,"[-1, 1]",1.0,1,1,np_fixed,Vanilla NP,0.3,0.9587949514389038,0.18581560263919528,0.008511194959282875,3.056892455788329e-05
7,base,"[-1, 1]",1.0,1,1,wp,WP,0.225,0.7826383113861084,0.07906374142391238,0.06587563455104828,0.00027308857534080744
7,base,"[-1, 1]",1.0,1,2,np,IS-NP,0.15,0.5011670589447021,0.030780114391624615,0.0144410515204072,6.072046744520776e-05
7,base,"[-1, 1]",1.0,1,2,np_fan_in,Fan-in NP,0.1,0.5702134966850281,0.055253474426232664,0.014884456060826778,9.391728235641494e-05
7,base,"[-1, 1]",1.0,1,2,np_fixed,Vanilla NP,0.3,0.6305870413780212,0.061563321265081565,0.015108817256987095,8.880365203367546e-05
7,base,"[-1, 1]",1.0,1,2,wp,WP,0.225,0.4617438018321991,0.031434130702594605,0.09044517576694489,0.0003877228300552815
7,base,"[-1, 1]",1.0,1,3,np,IS-NP,0.15,0.9163999557495117,0.1232265213271603,0.01474789809435606,6.045840564183891e-05
7,base,"[-1, 1]",1.0,1,3,np_fan_in,Fan-in NP,0.1,0.7899108529090881,0.08612125782334866,0.01444366853684187,8.768128463998437e-05
7,base,"[-1, 1]",1.0,1,3,np_fixed,Vanilla NP,0.3,0.869476854801178,0.09830126311862841,0.014364661648869514,5.560950739891268e-05
7,base,"[-1, 1]",1.0,1,3,wp,WP,0.225,0.5871814489364624,0.04190146710221446,0.09554964303970337,0.0003846917534247041
7,base,"[-1, 1]",1.0,1,4,np,IS-NP,0.15,0.7188975214958191,0.06872118990722811,0.01314447820186615,6.760290125384927e-05
7,base,"[-1, 1]",1.0,1,4,np_fan_in,Fan-in NP,0.1,0.724881649017334,0.07030561735882657,0.013071957044303417,6.398650293704122e-05
7,base,"[-1, 1]",1.0,1,4,np_fixed,Vanilla NP,0.3,0.7268036007881165,0.06433869139388358,0.013494209386408329,6.498018774436787e-05
7,base,"[-1, 1]",1.0,1,4,wp,WP,0.225,0.3488496243953705,0.025111418057592042,0.08728215843439102,0.00042217547888867557
7,base,"[-1, 1]",1.0,1,5,np,IS-NP,0.15,0.03689785301685333,0.0051039406471924545,0.009613385424017906,4.1489074646960944e-05
7,base,"[-1, 1]",1.0,1,5,np_fan_in,Fan-in NP,0.1,0.5355761051177979,0.05143950209615771,0.009901531971991062,9.534484706819057e-05
7,base,"[-1, 1]",1.0,1,5,np_fixed,Vanilla NP,0.3,0.40016624331474304,0.01890364501341537,0.01052310224622488,2.809041143336799e-05
7,base,"[-1, 1]",1.0,1,5,wp,WP,0.225,0.034312039613723755,0.0022979232475942506,0.06537258625030518,0.00031396286794915795
7,base,"[-1, 1]",1.0,1,6,np,IS-NP,0.15,0.4263783395290375,0.03797076289192773,0.010847535915672779,3.701401510625146e-05
7,base,"[-1, 1]",1.0,1,6,np_fan_in,Fan-in NP,0.1,0.5427160263061523,0.03939493999011271,0.010709255933761597,4.8737405450083315e-05
7,base,"[-1, 1]",1.0,1,6,np_fixed,Vanilla NP,0.3,0.4535433053970337,0.034534267106694945,0.010377105325460434,5.874159614904784e-05
7,base,"[-1, 1]",1.0,1,6,wp,WP,0.225,0.27052387595176697,0.017379489025461225,0.07354172319173813,0.0003645554534159601
7,base,"[-1, 1]",1.0,1,7,np,IS-NP,0.15,0.9084770679473877,0.10958925229667026,0.009329574182629585,3.7783767766086385e-05
7,base,"[-1, 1]",1.0,1,7,np_fan_in,Fan-in NP,0.1,0.9281899333000183,0.13762466027546907,0.010109690949320793,4.718761192634702e-05
7,base,"[-1, 1]",1.0,1,7,np_fixed,Vanilla NP,0.3,0.9672313332557678,0.14382585068621362,0.009932355023920536,2.8888540327898227e-05
7,base,"[-1, 1]",1.0,1,7,wp,WP,0.225,0.5899142622947693,0.044330152055287425,0.06348979473114014,0.0003030973603017628
7,base,"[-1, 1]",1.0,120,0,np,IS-NP,0.15,0.8922065496444702,0.1347260207684788,0.003757873782888055,1.995591082959436e-05
7,base,"[-1, 1]",1.0,120,0,np_fan_in,Fan-in NP,0.1,0.9005494117736816,0.11531914795632474,0.004595970269292593,1.7916787328431383e-05
7,base,"[-1, 1]",1.0,120,0,np_fixed,Vanilla NP,0.3,0.8820875883102417,0.097995128722323,0.004329968709498644,1.58858165377751e-05
7,base,"[-1, 1]",1.0,120,0,wp,WP,0.225,0.5040459632873535,0.04204278080966712,0.043647401034832,0.0002138672862201929
7,base,"[-1, 1]",1.0,120,1,np,IS-NP,0.15,0.6108455657958984,0.04383889810342225,0.0054702479392290115,2.250040961371269e-05
7,base,"[-1, 1]",1.0,120,1,np_fan_in,Fan-in NP,0.1,0.36383163928985596,0.02823638690806547,0.006007345858961344,2.5314928279840387e-05
7,base,"[-1, 1]",1.0,120,1,np_fixed,Vanilla NP,0.3,0.23937854170799255,0.022983852992911124,0.006185418460518122,3.3291355066467077e-05
7,base,"[-1, 1]",1.0,120,1,wp,WP,0.225,0.14438965916633606,0.009348519627504477,0.054267656058073044,0.00024617163580842316
7,base,"[-1, 1]",1.0,120,2,np,IS-NP,0.15,0.7835167050361633,0.07578413799492409,0.007323316764086485,4.1062328818952665e-05
7,base,"[-1, 1]",1.0,120,2,np_fan_in,Fan-in NP,0.1,0.7521141171455383,0.04831573187451189,0.008598935790359974,3.287203435320407e-05
7,base,"[-1, 1]",1.0,120,2,np_fixed,Vanilla NP,0.3,0.8012932538986206,0.07617932064567867,0.008315948769450188,3.165346788591705e-05
7,base,"[-1, 1]",1.0,120,2,wp,WP,0.225,0.0867219939827919,0.0038790060197546458,0.0628136694431305,0.0002862789551727474
7,base,"[-1, 1]",1.0,120,3,np,IS-NP,0.15,0.8656188249588013,0.08912245596196347,0.006473148707300425,3.4715005313046277e-05
7,base,"[-1, 1]",1.0,120,3,np_fan_in,Fan-in NP,0.1,0.8619913458824158,0.10028627037827391,0.007874324917793274,3.8354202843038365e-05
7,base,"[-1, 1]",1.0,120,3,np_fixed,Vanilla NP,0.3,0.915283739566803,0.11158348963557121,0.007551200687885284,2.5972720322897658e-05
7,base,"[-1, 1]",1.0,120,3,wp,WP,0.225,0.345684677362442,0.023279193666773303,0.06045534089207649,0.0003131417615804821
7,base,"[-1, 1]",1.0,120,4,np,IS-NP,0.15,0.9015983939170837,0.1575795820817196,0.005523728672415018,3.352349085616879e-05
7,base,"[-1, 1]",1.0,120,4,np_fan_in,Fan-in NP,0.1,0.9202389121055603,0.1294690497937457,0.006525109522044659,2.4426253730780445e-05
7,base,"[-1, 1]",1.0,120,4,np_fixed,Vanilla NP,0.3,0.9047256708145142,0.1283124592390474,0.006273419130593538,2.9032566089881584e-05
7,base,"[-1, 1]",1.0,120,4,wp,WP,0.225,0.5232016444206238,0.04575175018144364,0.052741680294275284,0.0002456095244269818
7,base,"[-1, 1]",1.0,120,5,np,IS-NP,0.15,0.9770075082778931,0.21141914773810033,0.004655666183680296,1.2788313142664265e-05
7,base,"[-1, 1]",1.0,120,5,np_fan_in,Fan-in NP,0.1,0.9571661353111267,0.16334723028873366,0.005109766963869333,2.2956386601435952e-05
7,base,"[-1, 1]",1.0,120,5,np_fixed,Vanilla NP,0.3,0.9483186602592468,0.16341580153481725,0.005366778466850519,2.48769956670003e-05
7,base,"[-1, 1]",1.0,120,5,wp,WP,0.225,0.7547564506530762,0.0742828122912518,0.05027403309941292,0.00022204792185220867
7,base,"[-1, 1]",1.0,120,6,np,IS-NP,0.15,0.8593279123306274,0.1220676364255875,0.005262799561023712,3.238844146835618e-05
7,base,"[-1, 1]",1.0,120,6,np_fan_in,Fan-in NP,0.1,0.8767366409301758,0.10163451058009135,0.0064444225281476974,2.3197806513053365e-05
7,base,"[-1, 1]",1.0,120,6,np_fixed,Vanilla NP,0.3,0.859416663646698,0.10543784751159062,0.0061847008764743805,2.9815142625011504e-05
7,base,"[-1, 1]",1.0,120,6,wp,WP,0.225,0.3695782423019409,0.024790370208817573,0.0524895042181015,0.00022836615971755236
7,base,"[-1, 1]",1.0,120,7,np,IS-NP,0.15,0.9843472838401794,0.3255767346359789,0.0060807797126472,2.6739622626337223e-05
7,base,"[-1, 1]",1.0,120,7,np_fan_in,Fan-in NP,0.1,0.9800457954406738,0.2994028424989665,0.007838884368538857,3.787024979828857e-05
7,base,"[-1, 1]",1.0,120,7,np_fixed,Vanilla NP,0.3,0.9880432486534119,0.31228428960542565,0.006963067222386599,2.294795740453992e-05
7,base,"[-1, 1]",1.0,120,7,wp,WP,0.225,0.839379608631134,0.11165603339565375,0.05605657398700714,0.0003057776775676757
7,base,"[-1, 1]",1.0,240,0,np,IS-NP,0.15,0.9482486248016357,0.21788836550064541,0.00440917257219553,2.9467249987646937e-05
7,base,"[-1, 1]",1.0,240,0,np_fan_in,Fan-in NP,0.1,0.9347876906394958,0.16592507446475793,0.0050332373939454556,2.5053770514205098e-05
7,base,"[-1, 1]",1.0,240,0,np_fixed,Vanilla NP,0.3,0.9621757864952087,0.21010763979478117,0.004936134908348322,2.3941134713822976e-05
7,base,"[-1, 1]",1.0,240,0,wp,WP,0.225,0.6591207981109619,0.06229893620838993,0.046519678086042404,0.00024783427943475544
7,base,"[-1, 1]",1.0,240,1,np,IS-NP,0.15,0.8444492816925049,0.09507578524644486,0.005782978143543005,2.8615495466510765e-05
7,base,"[-1, 1]",1.0,240,1,np_fan_in,Fan-in NP,0.1,0.8710005283355713,0.09463259993960188,0.006698485463857651,2.9436105251079425e-05
7,base,"[-1, 1]",1.0,240,1,np_fixed,Vanilla NP,0.3,0.8598851561546326,0.10194819181633648,0.006825034972280264,3.018119423359167e-05
7,base,"[-1, 1]",1.0,240,1,wp,WP,0.225,0.3779357671737671,0.02791485152411042,0.0565214678645134,0.00028195997583679855
7,base,"[-1, 1]",1.0,240,2,np,IS-NP,0.15,0.44922783970832825,0.03612581892036057,0.007745632901787758,5.034654896007851e-05
7,base,"[-1, 1]",1.0,240,2,np_fan_in,Fan-in NP,0.1,0.41491323709487915,0.029697293651406654,0.009858483448624611,5.555771349463612e-05
7,base,"[-1, 1]",1.0,240,2,np_fixed,Vanilla NP,0.3,0.22244678437709808,0.009224069965966919,0.008812913671135902,4.4410353439161554e-05
7,base,"[-1, 1]",1.0,240,2,wp,WP,0.225,0.21051329374313354,0.01336910889358478,0.0669655129313469,0.00030449742916971445
7,base,"[-1, 1]",1.0,240,3,np,IS-NP,0.15,0.5506057739257812,0.03793058012840144,0.0055745854042470455,2.5760142307262868e-05
7,base,"[-1, 1]",1.0,240,3,np_fan_in,Fan-in NP,0.1,0.4089319407939911,0.0340637141563396,0.0060842884704470634,4.022940993309021e-05
7,base,"[-1, 1]",1.0,240,3,np_fixed,Vanilla NP,0.3,0.602723240852356,0.04244351328040163,0.006488119717687368,2.4144739654730074e-05
7,base,"[-1, 1]",1.0,240,3,wp,WP,0.225,0.08720605075359344,0.005896973118312113,0.0553627610206604,0.00028694322099909186
7,base,"[-1, 1]",1.0,240,4,np,IS-NP,0.15,0.614017903804779,0.07627068309496583,0.0047112442553043365,2.9710432499996386e-05
7,base,"[-1, 1]",1.0,240,4,np_fan_in,Fan-in NP,0.1,0.5424401760101318,0.04648488566454034,0.005821125581860542,3.108823511865921e-05
7,base,"[-1, 1]",1.0,240,4,np_fixed,Vanilla NP,0.3,0.7771022915840149,0.08008846589533884,0.005916866008192301,2.768788908724673e-05
7,base,"[-1, 1]",1.0,240,4,wp,WP,0.225,0.31584444642066956,0.023267044668318703,0.05297263711690903,0.000246804382186383
7,base,"[-1, 1]",1.0,240,5,np,IS-NP,0.15,0.8528664112091064,0.10880786509199727,0.004448442719876766,2.472080450388603e-05
7,base,"[-1, 1]",1.0,240,5,np_fan_in,Fan-in NP,0.1,0.7866623401641846,0.07141453619406093,0.005761111155152321,2.800961556204129e-05
7,base,"[-1, 1]",1.0,240,5,np_fixed,Vanilla NP,0.3,0.9152187705039978,0.11458243274634393,0.005286915693432093,2.119243254128378e-05
7,base,"[-1, 1]",1.0,240,5,wp,WP,0.225,0.3350488841533661,0.027018617656237136,0.04687843471765518,0.0002567475021351129
7,base,"[-1, 1]",1.0,240,6,np,IS-NP,0.15,0.4625932574272156,0.03687246639165096,0.005490290466696024,2.8176702471682802e-05
7,base,"[-1, 1]",1.0,240,6,np_fan_in,Fan-in NP,0.1,0.43789607286453247,0.03325506438486627,0.006079759914427996,2.75350030278787e-05
7,base,"[-1, 1]",1.0,240,6,np_fixed,Vanilla NP,0.3,0.5563833713531494,0.04102306577454631,0.006030835211277008,2.7678861442836933e-05
7,base,"[-1, 1]",1.0,240,6,wp,WP,0.225,0.1827334314584732,0.01075985645596423,0.05359065905213356,0.0002533328952267766
7,base,"[-1, 1]",1.0,240,7,np,IS-NP,0.15,0.9568376541137695,0.22854193714986953,0.005814783275127411,4.010455450043082e-05
7,base,"[-1, 1]",1.0,240,7,np_fan_in,Fan-in NP,0.1,0.9504788517951965,0.17939039276728483,0.0070476653054356575,3.1908875826047733e-05
7,base,"[-1, 1]",1.0,240,7,np_fixed,Vanilla NP,0.3,0.96235591173172,0.19037878304079642,0.007279195822775364,2.807197415677365e-05
7,base,"[-1, 1]",1.0,240,7,wp,WP,0.225,0.6592515707015991,0.057258396948964216,0.05606566742062569,0.00027094947290606797
7,scaled,"[-5, 5]",5.0,1,0,np,IS-NP,0.15,0.9850496053695679,0.3335399013594724,0.006190654821693897,3.286003993707709e-05
7,scaled,"[-5, 5]",5.0,1,0,np_fan_in,Fan-in NP,0.1,0.8882285356521606,0.1362870775706445,0.06226164102554321,0.0003224885440431535
7,scaled,"[-5, 5]",5.0,1,0,np_fixed,Vanilla NP,0.3,0.9041333794593811,0.12557125497648183,0.059210795909166336,0.0002114709059242159
7,scaled,"[-5, 5]",5.0,1,0,wp,WP,0.225,0.8887895941734314,0.1301782854211827,0.051700789481401443,0.0002515749365556985
7,scaled,"[-5, 5]",5.0,1,1,np,IS-NP,0.15,0.9627969264984131,0.20169442894645423,0.00863200705498457,3.5497821954777464e-05
7,scaled,"[-5, 5]",5.0,1,1,np_fan_in,Fan-in NP,0.1,0.7841468453407288,0.07756317796593067,0.07895810902118683,0.0003116649459116161
7,scaled,"[-5, 5]",5.0,1,1,np_fixed,Vanilla NP,0.3,0.6949049234390259,0.06617106855783277,0.08092240244150162,0.0003739219973795116
7,scaled,"[-5, 5]",5.0,1,1,wp,WP,0.225,0.7775052785873413,0.07858849040858332,0.0663713589310646,0.0002795642940327525
7,scaled,"[-5, 5]",5.0,1,2,np,IS-NP,0.15,0.5756441950798035,0.03740531018314262,0.014382293447852135,6.236268382053822e-05
7,scaled,"[-5, 5]",5.0,1,2,np_fan_in,Fan-in NP,0.1,0.19873060286045074,0.01546413669057074,0.14193587005138397,0.0007520575309172273
7,scaled,"[-5, 5]",5.0,1,2,np_fixed,Vanilla NP,0.3,0.28981813788414,0.020700157244937144,0.14414432644844055,0.0006352261989377439
7,scaled,"[-5, 5]",5.0,1,2,wp,WP,0.225,0.4755520522594452,0.032451914058765394,0.09143322706222534,0.0003921958850696683
7,scaled,"[-5, 5]",5.0,1,3,np,IS-NP,0.15,0.9064615368843079,0.12155194978913642,0.014843218959867954,6.231149018276483e-05
7,scaled,"[-5, 5]",5.0,1,3,np_fan_in,Fan-in NP,0.1,0.4540193974971771,0.03373569283843002,0.13512079417705536,0.0006605743546970189
7,scaled,"[-5, 5]",5.0,1,3,np_fixed,Vanilla NP,0.3,0.5755359530448914,0.0368968314952023,0.13377146422863007,0.000393991096643731
7,scaled,"[-5, 5]",5.0,1,3,wp,WP,0.225,0.5810518860816956,0.04173988561184767,0.09662142395973206,0.0003966426302213222
7,scaled,"[-5, 5]",5.0,1,4,np,IS-NP,0.15,0.7120409607887268,0.07022320586256683,0.013041486032307148,7.15817732270807e-05
7,scaled,"[-5, 5]",5.0,1,4,np_fan_in,Fan-in NP,0.1,0.410269558429718,0.029492859621192715,0.12650611996650696,0.0005184424226172268
7,scaled,"[-5, 5]",5.0,1,4,np_fixed,Vanilla NP,0.3,0.3882092237472534,0.028399097213256633,0.12791626155376434,0.0005990102072246373
7,scaled,"[-5, 5]",5.0,1,4,wp,WP,0.225,0.35378068685531616,0.025411010834397986,0.08824047446250916,0.00042309475247748196
7,scaled,"[-5, 5]",5.0,1,5,np,IS-NP,0.15,0.1968614012002945,0.01532903977301127,0.009480309672653675,4.550565790850669e-05
7,scaled,"[-5, 5]",5.0,1,5,np_fan_in,Fan-in NP,0.1,0.2410391867160797,0.020325295593890284,0.09686625003814697,0.0005287963431328535
7,scaled,"[-5, 5]",5.0,1,5,np_fixed,Vanilla NP,0.3,0.19295363128185272,0.010955135303811403,0.10481113195419312,0.0003185223031323403
7,scaled,"[-5, 5]",5.0,1,5,wp,WP,0.225,0.136192187666893,0.010379349144447285,0.06617094576358795,0.00032254273537546396
7,scaled,"[-5, 5]",5.0,1,6,np,IS-NP,0.15,0.5601246356964111,0.04758185440150555,0.011028091423213482,4.225039447192103e-05
7,scaled,"[-5, 5]",5.0,1,6,np_fan_in,Fan-in NP,0.1,0.23237739503383636,0.015353046508971601,0.10774214565753937,0.00041877644252963364
7,scaled,"[-5, 5]",5.0,1,6,np_fixed,Vanilla NP,0.3,0.26973244547843933,0.020072432551629996,0.10367980599403381,0.0005177001585252583
7,scaled,"[-5, 5]",5.0,1,6,wp,WP,0.225,0.25829067826271057,0.017463212022024284,0.07521694898605347,0.0003789964539464563
7,scaled,"[-5, 5]",5.0,1,7,np,IS-NP,0.15,0.9188836812973022,0.1215876079678613,0.009526151232421398,4.0092694689519703e-05
7,scaled,"[-5, 5]",5.0,1,7,np_fan_in,Fan-in NP,0.1,0.6052388548851013,0.04847155589037963,0.1060895323753357,0.0005128217162564397
7,scaled,"[-5, 5]",5.0,1,7,np_fixed,Vanilla NP,0.3,0.6975805163383484,0.051247246544395844,0.10313603281974792,0.00035286578349769115
7,scaled,"[-5, 5]",5.0,1,7,wp,WP,0.225,0.613242506980896,0.04844945810206506,0.06527791172266006,0.00032185803866013885
7,scaled,"[-5, 5]",5.0,120,0,np,IS-NP,0.15,0.798184871673584,0.11242968854688419,0.004263478796929121,3.281033059465699e-05
7,scaled,"[-5, 5]",5.0,120,0,np_fan_in,Fan-in NP,0.1,0.5242771506309509,0.0386316814749686,0.03966568782925606,0.00017889328591991216
7,scaled,"[-5, 5]",5.0,120,0,np_fixed,Vanilla NP,0.3,0.4764772355556488,0.0331959826615711,0.038079313933849335,0.00015687193081248552
7,scaled,"[-5, 5]",5.0,120,0,wp,WP,0.225,0.47987112402915955,0.03944654457154684,0.04813626408576965,0.00025060499319806695
7,scaled,"[-5, 5]",5.0,120,1,np,IS-NP,0.15,0.6677955389022827,0.05468323062911319,0.005721311084926128,2.6311945475754328e-05
7,scaled,"[-5, 5]",5.0,120,1,np_fan_in,Fan-in NP,0.1,0.3620665669441223,0.02105740632129406,0.053285449743270874,0.00018987469957210124
7,scaled,"[-5, 5]",5.0,120,1,np_fixed,Vanilla NP,0.3,0.4032609760761261,0.02982184279959862,0.05409463867545128,0.0002579140127636492
7,scaled,"[-5, 5]",5.0,120,1,wp,WP,0.225,0.11612530052661896,0.007310973195186913,0.05987020954489708,0.00031366501934826374
7,scaled,"[-5, 5]",5.0,120,2,np,IS-NP,0.15,0.8495582342147827,0.106044083066566,0.008140288293361664,4.924732638755813e-05
7,scaled,"[-5, 5]",5.0,120,2,np_fan_in,Fan-in NP,0.1,0.6046479940414429,0.03581214138442495,0.08872874826192856,0.00029340459150262177
7,scaled,"[-5, 5]",5.0,120,2,np_fixed,Vanilla NP,0.3,0.6313691139221191,0.046973875941815395,0.09011037647724152,0.00038141716504469514
7,scaled,"[-5, 5]",5.0,120,2,wp,WP,0.225,0.25973087549209595,0.014241218232079215,0.06986991316080093,0.0003446307382546365
7,scaled,"[-5, 5]",5.0,120,3,np,IS-NP,0.15,0.8376367688179016,0.09398663240426686,0.006199810188263655,4.238614928908646e-05
7,scaled,"[-5, 5]",5.0,120,3,np_fan_in,Fan-in NP,0.1,0.6347408890724182,0.043920352121980005,0.05675948038697243,0.0001979271328309551
7,scaled,"[-5, 5]",5.0,120,3,np_fixed,Vanilla NP,0.3,0.6450974941253662,0.047883435413071614,0.05137011036276817,0.0002182458119932562
7,scaled,"[-5, 5]",5.0,120,3,wp,WP,0.225,0.3622887432575226,0.023982934358173225,0.06253048777580261,0.00033399599487893283
7,scaled,"[-5, 5]",5.0,120,4,np,IS-NP,0.15,0.8934946656227112,0.1773940240003867,0.005450607743114233,4.720349897979759e-05
7,scaled,"[-5, 5]",5.0,120,4,np_fan_in,Fan-in NP,0.1,0.7309482097625732,0.06144923488852025,0.044899966567754745,0.00014143293083179742
7,scaled,"[-5, 5]",5.0,120,4,np_fixed,Vanilla NP,0.3,0.6802602410316467,0.0601238574636227,0.04218677803874016,0.0001902919029816985
7,scaled,"[-5, 5]",5.0,120,4,wp,WP,0.225,0.5435727834701538,0.047328111330474106,0.05508819967508316,0.00026874395553022623
7,scaled,"[-5, 5]",5.0,120,5,np,IS-NP,0.15,0.9619141817092896,0.19467100415501287,0.005213272757828236,2.078259058180265e-05
7,scaled,"[-5, 5]",5.0,120,5,np_fan_in,Fan-in NP,0.1,0.7086080312728882,0.059002499797406925,0.04238039627671242,0.00016072660218924284
7,scaled,"[-5, 5]",5.0,120,5,np_fixed,Vanilla NP,0.3,0.6883160471916199,0.056726073182744585,0.04580295458436012,0.0001934769534273073
7,scaled,"[-5, 5]",5.0,120,5,wp,WP,0.225,0.7170310020446777,0.06598892113612843,0.055163633078336716,0.00025102580548264086
7,scaled,"[-5, 5]",5.0,120,6,np,IS-NP,0.15,0.8442085981369019,0.11297399461054738,0.0056950971484184265,3.392632061149925e-05
7,scaled,"[-5, 5]",5.0,120,6,np_fan_in,Fan-in NP,0.1,0.54566490650177,0.04215148145328082,0.0523841567337513,0.0002500385162420571
7,scaled,"[-5, 5]",5.0,120,6,np_fixed,Vanilla NP,0.3,0.46271342039108276,0.03862425588643722,0.050989314913749695,0.00028997694607824087
7,scaled,"[-5, 5]",5.0,120,6,wp,WP,0.225,0.3111336827278137,0.019053121864089917,0.05678749829530716,0.000276601524092257
7,scaled,"[-5, 5]",5.0,120,7,np,IS-NP,0.15,0.9691885709762573,0.27693959359506454,0.006848370190709829,4.4950927986064926e-05
7,scaled,"[-5, 5]",5.0,120,7,np_fan_in,Fan-in NP,0.1,0.7954578995704651,0.09064692906510269,0.07476817071437836,0.0003738367813639343
7,scaled,"[-5, 5]",5.0,120,7,np_fixed,Vanilla NP,0.3,0.854283332824707,0.09515931733440083,0.07092146575450897,0.00025882202317006886
7,scaled,"[-5, 5]",5.0,120,7,wp,WP,0.225,0.7806770205497742,0.09151644525894274,0.06164610758423805,0.0003517348668538034
7,scaled,"[-5, 5]",5.0,240,0,np,IS-NP,0.15,0.8909946084022522,0.1949773800683033,0.004990219604223967,5.463699562824331e-05
7,scaled,"[-5, 5]",5.0,240,0,np_fan_in,Fan-in NP,0.1,0.7390098571777344,0.06159455132243844,0.0374828465282917,0.00010962042870232835
7,scaled,"[-5, 5]",5.0,240,0,np_fixed,Vanilla NP,0.3,0.692130446434021,0.07099857304856413,0.03558313101530075,0.00018032036314252764
7,scaled,"[-5, 5]",5.0,240,0,wp,WP,0.225,0.6229655146598816,0.06373011778996443,0.0575142428278923,0.0003747589362319559
7,scaled,"[-5, 5]",5.0,240,1,np,IS-NP,0.15,0.8458371758460999,0.11750465035050486,0.006418507546186447,4.5684195356443524e-05
7,scaled,"[-5, 5]",5.0,240,1,np_fan_in,Fan-in NP,0.1,0.5682912468910217,0.04599621567637466,0.05222184956073761,0.0002512343053240329
7,scaled,"[-5, 5]",5.0,240,1,np_fixed,Vanilla NP,0.3,0.6010858416557312,0.044708034387925484,0.05500645935535431,0.00018708985589910299
7,scaled,"[-5, 5]",5.0,240,1,wp,WP,0.225,0.3749960660934448,0.02940022814461069,0.06895019114017487,0.00039271183777600527
7,scaled,"[-5, 5]",5.0,240,2,np,IS-NP,0.15,0.608149528503418,0.07053722120642002,0.007811051793396473,6.863429734949023e-05
7,scaled,"[-5, 5]",5.0,240,2,np_fan_in,Fan-in NP,0.1,0.26254546642303467,0.019667475766982533,0.0858837217092514,0.00047473458107560873
7,scaled,"[-5, 5]",5.0,240,2,np_fixed,Vanilla NP,0.3,-0.032140038907527924,-0.0014650141577779625,0.0766502246260643,0.0004121264792047441
7,scaled,"[-5, 5]",5.0,240,2,wp,WP,0.225,0.35207247734069824,0.028607340775003345,0.07469693571329117,0.0003751885087694973
7,scaled,"[-5, 5]",5.0,240,3,np,IS-NP,0.15,0.6937631964683533,0.08221145151280022,0.0063411942683160305,4.575810817186721e-05
7,scaled,"[-5, 5]",5.0,240,3,np_fan_in,Fan-in NP,0.1,0.43403246998786926,0.03533264665729803,0.044258683919906616,0.00023580349807161838
7,scaled,"[-5, 5]",5.0,240,3,np_fixed,Vanilla NP,0.3,0.5572414994239807,0.03688470307921913,0.04628314450383186,0.00012820101983379573
7,scaled,"[-5, 5]",5.0,240,3,wp,WP,0.225,0.3383261561393738,0.025978868653813453,0.06864585727453232,0.0003595548332668841
7,scaled,"[-5, 5]",5.0,240,4,np,IS-NP,0.15,0.6782259941101074,0.10091500629235574,0.005621249787509441,5.7747893151827157e-05
7,scaled,"[-5, 5]",5.0,240,4,np_fan_in,Fan-in NP,0.1,0.3788955509662628,0.030083862185225976,0.04225591570138931,0.00022664308198727667
7,scaled,"[-5, 5]",5.0,240,4,np_fixed,Vanilla NP,0.3,0.43271708488464355,0.026242399636733655,0.044318053871393204,0.00019564332615118474
7,scaled,"[-5, 5]",5.0,240,4,wp,WP,0.225,0.44854357838630676,0.0350693069480864,0.06931456178426743,0.00038887106347829103
7,scaled,"[-5, 5]",5.0,240,5,np,IS-NP,0.15,0.8023892045021057,0.10926352356715749,0.004793552681803703,3.766135705518536e-05
7,scaled,"[-5, 5]",5.0,240,5,np_fan_in,Fan-in NP,0.1,0.4896126985549927,0.03339734712111143,0.037708304822444916,0.00017124981968663633
7,scaled,"[-5, 5]",5.0,240,5,np_fixed,Vanilla NP,0.3,0.6793058514595032,0.054415687216896914,0.03669857233762741,0.00014243079931475222
7,scaled,"[-5, 5]",5.0,240,5,wp,WP,0.225,0.3733910322189331,0.028519502430572174,0.05673563480377197,0.00031379752908833325
7,scaled,"[-5, 5]",5.0,240,6,np,IS-NP,0.15,0.6548306941986084,0.06588395835642587,0.006509875413030386,4.1243845771532506e-05
7,scaled,"[-5, 5]",5.0,240,6,np_fan_in,Fan-in NP,0.1,0.3485009968280792,0.019923494641140373,0.04806298762559891,0.0002024735586019233
7,scaled,"[-5, 5]",5.0,240,6,np_fixed,Vanilla NP,0.3,0.471346378326416,0.028178393174069546,0.048210352659225464,0.0001676158863119781
7,scaled,"[-5, 5]",5.0,240,6,wp,WP,0.225,0.2502926290035248,0.017738400216815838,0.06597931683063507,0.0003582098288461566
7,scaled,"[-5, 5]",5.0,240,7,np,IS-NP,0.15,0.9313467144966125,0.22499208190711215,0.0061388323083519936,6.665116234216839e-05
7,scaled,"[-5, 5]",5.0,240,7,np_fan_in,Fan-in NP,0.1,0.7689153552055359,0.0686659247163334,0.04972110688686371,0.00017527455929666758
7,scaled,"[-5, 5]",5.0,240,7,np_fixed,Vanilla NP,0.3,0.819188117980957,0.07393754128570436,0.054259829223155975,0.000164028286235407
7,scaled,"[-5, 5]",5.0,240,7,wp,WP,0.225,0.5999991297721863,0.055363187848827995,0.0676351934671402,0.0003737230144906789
8,base,"[-1, 1]",1.0,1,0,np,IS-NP,0.15,0.9006974101066589,0.1337114508583909,0.012751639820635319,6.678926001768559e-05
8,base,"[-1, 1]",1.0,1,0,np_fan_in,Fan-in NP,0.1,0.9384020566940308,0.1358090785050687,0.012244322337210178,3.708265285240486e-05
8,base,"[-1, 1]",1.0,1,0,np_fixed,Vanilla NP,0.3,0.9229938387870789,0.13187045237100392,0.01278666965663433,4.178266317467205e-05
8,base,"[-1, 1]",1.0,1,0,wp,WP,0.225,0.5351788997650146,0.03695230204715093,0.08269768208265305,0.0003603257064241916
8,base,"[-1, 1]",1.0,1,1,np,IS-NP,0.15,0.9856861233711243,0.3294465181689399,0.007344870828092098,3.093389022978954e-05
8,base,"[-1, 1]",1.0,1,1,np_fan_in,Fan-in NP,0.1,0.9812299013137817,0.2987746783868033,0.00833741296082735,3.462402673903853e-05
8,base,"[-1, 1]",1.0,1,1,np_fixed,Vanilla NP,0.3,0.9746826887130737,0.2872594541249176,0.008464640937745571,4.659339538193308e-05
8,base,"[-1, 1]",1.0,1,1,wp,WP,0.225,0.898251473903656,0.1279785276517335,0.06264935433864594,0.00025917813763953745
8,base,"[-1, 1]",1.0,1,2,np,IS-NP,0.15,0.9738926291465759,0.2486204594063262,0.0177012849599123,7.455187733285129e-05
8,base,"[-1, 1]",1.0,1,2,np_fan_in,Fan-in NP,0.1,0.9751906991004944,0.23462490055438442,0.017291173338890076,6.186436803545803e-05
8,base,"[-1, 1]",1.0,1,2,np_fixed,Vanilla NP,0.3,0.9812580943107605,0.22672340086719486,0.017520513385534286,4.723984966403805e-05
8,base,"[-1, 1]",1.0,1,2,wp,WP,0.225,0.8120021820068359,0.08809205255189832,0.11205689609050751,0.0005284578073769808
8,base,"[-1, 1]",1.0,1,3,np,IS-NP,0.15,0.8340078592300415,0.07831659831378299,0.009186116978526115,3.0499246349791065e-05
8,base,"[-1, 1]",1.0,1,3,np_fan_in,Fan-in NP,0.1,0.9020522236824036,0.11970638731921403,0.0095362002030015,5.492577838595025e-05
8,base,"[-1, 1]",1.0,1,3,np_fixed,Vanilla NP,0.3,0.7357610464096069,0.07347291320541748,0.009051786735653877,5.043521014158614e-05
8,base,"[-1, 1]",1.0,1,3,wp,WP,0.225,0.5439189672470093,0.04375889855364221,0.06961650401353836,0.00032441416988149285
8,base,"[-1, 1]",1.0,1,4,np,IS-NP,0.15,0.930300235748291,0.16364385297250314,0.008765527047216892,4.555829946184531e-05
8,base,"[-1, 1]",1.0,1,4,np_fan_in,Fan-in NP,0.1,0.930206298828125,0.15732235990532598,0.009428651072084904,4.5926593884360045e-05
8,base,"[-1, 1]",1.0,1,4,np_fixed,Vanilla NP,0.3,0.9455004930496216,0.18383478964436412,0.008929683826863766,4.01757970394101e-05
8,base,"[-1, 1]",1.0,1,4,wp,WP,0.225,0.7595534324645996,0.07439495575054025,0.06620731204748154,0.0002662581391632557
8,base,"[-1, 1]",1.0,1,5,np,IS-NP,0.15,0.859946608543396,0.10467725743252837,0.01111803948879242,6.771689368179068e-05
8,base,"[-1, 1]",1.0,1,5,np_fan_in,Fan-in NP,0.1,0.9189262986183167,0.14414634226171377,0.01171142142266035,5.173764657229185e-05
8,base,"[-1, 1]",1.0,1,5,np_fixed,Vanilla NP,0.3,0.8876572251319885,0.13339744839443787,0.01060823816806078,6.335989019135013e-05
8,base,"[-1, 1]",1.0,1,5,wp,WP,0.225,0.6731526851654053,0.06032221800317832,0.08184369653463364,0.00039275333983823657
8,base,"[-1, 1]",1.0,1,6,np,IS-NP,0.15,0.6124297976493835,0.03329193221385746,0.0092539731413126,4.123374310438521e-05
8,base,"[-1, 1]",1.0,1,6,np_fan_in,Fan-in NP,0.1,0.8142361044883728,0.06358863048371859,0.008860747329890728,3.285513594164513e-05
8,base,"[-1, 1]",1.0,1,6,np_fixed,Vanilla NP,0.3,0.6931192278862,0.044526105201415096,0.009042776189744473,3.475554694887251e-05
8,base,"[-1, 1]",1.0,1,6,wp,WP,0.225,0.2824360430240631,0.014044077628932427,0.06342088431119919,0.000267029827227816
8,base,"[-1, 1]",1.0,1,7,np,IS-NP,0.15,0.9480758905410767,0.1970902334258426,0.013766760006546974,8.017513755476102e-05
8,base,"[-1, 1]",1.0,1,7,np_fan_in,Fan-in NP,0.1,0.927558183670044,0.17269549918904278,0.01341755036264658,7.628606545040384e-05
8,base,"[-1, 1]",1.0,1,7,np_fixed,Vanilla NP,0.3,0.9631779193878174,0.1885236333492988,0.013284209184348583,4.2921230487991124e-05
8,base,"[-1, 1]",1.0,1,7,wp,WP,0.225,0.7516729831695557,0.07286834103148673,0.09346440434455872,0.0004080778453499079
8,base,"[-1, 1]",1.0,120,0,np,IS-NP,0.15,0.9738086462020874,0.2642855374157079,0.004672515671700239,3.018953066202812e-05
8,base,"[-1, 1]",1.0,120,0,np_fan_in,Fan-in NP,0.1,0.9592102766036987,0.21030617057889078,0.005938924849033356,2.755661444098223e-05
8,base,"[-1, 1]",1.0,120,0,np_fixed,Vanilla NP,0.3,0.9740963578224182,0.26734695001699343,0.005701336078345776,5.5061373132048175e-05
8,base,"[-1, 1]",1.0,120,0,wp,WP,0.225,0.7835919857025146,0.0782524450851876,0.0537266843020916,0.0002448194718454033
8,base,"[-1, 1]",1.0,120,1,np,IS-NP,0.15,0.7539331316947937,0.07646752409539961,0.004335752222687006,2.048136229859665e-05
8,base,"[-1, 1]",1.0,120,1,np_fan_in,Fan-in NP,0.1,0.6857361793518066,0.06632501865969971,0.004931674804538488,2.7979776859865524e-05
8,base,"[-1, 1]",1.0,120,1,np_fixed,Vanilla NP,0.3,0.6465358734130859,0.05114836164666485,0.005089819896966219,2.3851289370213635e-05
8,base,"[-1, 1]",1.0,120,1,wp,WP,0.225,0.43478116393089294,0.027363697751328193,0.04833297058939934,0.00022100711066741496
8,base,"[-1, 1]",1.0,120,2,np,IS-NP,0.15,0.9900495409965515,0.384171755273322,0.005398814100772142,2.894905446737539e-05
8,base,"[-1, 1]",1.0,120,2,np_fan_in,Fan-in NP,0.1,0.9879637360572815,0.3767208594304975,0.006757785100489855,2.936131386377383e-05
8,base,"[-1, 1]",1.0,120,2,np_fixed,Vanilla NP,0.3,0.9916222095489502,0.3714889597380534,0.006723267957568169,2.0456785932765342e-05
8,base,"[-1, 1]",1.0,120,2,wp,WP,0.225,0.8736502528190613,0.12221988183349215,0.05448445305228233,0.00029716422432102263
8,base,"[-1, 1]",1.0,120,3,np,IS-NP,0.15,0.9697479009628296,0.186667750220901,0.005790274124592543,2.414159826003015e-05
8,base,"[-1, 1]",1.0,120,3,np_fan_in,Fan-in NP,0.1,0.9546821117401123,0.1877816870973523,0.006601447705179453,3.391220161574893e-05
8,base,"[-1, 1]",1.0,120,3,np_fixed,Vanilla NP,0.3,0.9335266351699829,0.17336306479555788,0.006909440271556377,4.309146970626898e-05
8,base,"[-1, 1]",1.0,120,3,wp,WP,0.225,0.7424271702766418,0.06664410265172288,0.05610600858926773,0.00023594548110850155
8,base,"[-1, 1]",1.0,120,4,np,IS-NP,0.15,0.9031794667243958,0.09908601505255016,0.005966628435999155,2.6570425688987598e-05
8,base,"[-1, 1]",1.0,120,4,np_fan_in,Fan-in NP,0.1,0.8691038489341736,0.11156772545073182,0.0071631912142038345,3.6265788367018104e-05
8,base,"[-1, 1]",1.0,120,4,np_fixed,Vanilla NP,0.3,0.7943273782730103,0.0811207072903926,0.006963467691093683,5.170147414901294e-05
8,base,"[-1, 1]",1.0,120,4,wp,WP,0.225,0.5236164927482605,0.03951310982083669,0.06029532104730606,0.00030104961479082704
8,base,"[-1, 1]",1.0,120,5,np,IS-NP,0.15,0.4886602759361267,0.03480160550631505,0.006076771765947342,2.8406129786162637e-05
8,base,"[-1, 1]",1.0,120,5,np_fan_in,Fan-in NP,0.1,0.3154582381248474,0.018565878995286767,0.006612587720155716,3.1882103940006346e-05
8,base,"[-1, 1]",1.0,120,5,np_fixed,Vanilla NP,0.3,0.42638900876045227,0.023915277545287,0.007207147777080536,3.5526427382137626e-05
8,base,"[-1, 1]",1.0,120,5,wp,WP,0.225,0.3249037563800812,0.02147563640479954,0.06017640605568886,0.00024436559760943055
8,base,"[-1, 1]",1.0,120,6,np,IS-NP,0.15,0.8751262426376343,0.11426495757089773,0.005367249250411987,2.737755494308658e-05
8,base,"[-1, 1]",1.0,120,6,np_fan_in,Fan-in NP,0.1,0.8204655051231384,0.10338484970585947,0.006305041257292032,3.597160684876144e-05
8,base,"[-1, 1]",1.0,120,6,np_fixed,Vanilla NP,0.3,0.8294423818588257,0.1177580228371274,0.006046032067388296,4.87741272081621e-05
8,base,"[-1, 1]",1.0,120,6,wp,WP,0.225,0.5738705992698669,0.04448470464534087,0.05270612984895706,0.0002179196017095819
8,base,"[-1, 1]",1.0,120,7,np,IS-NP,0.15,0.7429057955741882,0.07945765648813298,0.004966301843523979,3.0854764190735295e-05
8,base,"[-1, 1]",1.0,120,7,np_fan_in,Fan-in NP,0.1,0.6906419992446899,0.05989217728880855,0.0059078834019601345,2.7781836251961067e-05
8,base,"[-1, 1]",1.0,120,7,np_fixed,Vanilla NP,0.3,0.48007717728614807,0.01881350354475823,0.006154362577944994,2.9373208235483617e-05
8,base,"[-1, 1]",1.0,120,7,wp,WP,0.225,0.2713032066822052,0.018533275286305675,0.05523248016834259,0.0002650630194693804
8,base,"[-1, 1]",1.0,240,0,np,IS-NP,0.15,0.9597545862197876,0.2616866190258103,0.005111401434987783,3.656485569081269e-05
8,base,"[-1, 1]",1.0,240,0,np_fan_in,Fan-in NP,0.1,0.9746146202087402,0.27817065330649104,0.005513947922736406,2.879902058339212e-05
8,base,"[-1, 1]",1.0,240,0,np_fixed,Vanilla NP,0.3,0.975996732711792,0.2725924961656953,0.005820692516863346,2.968856097140815e-05
8,base,"[-1, 1]",1.0,240,0,wp,WP,0.225,0.8659327626228333,0.11348626644175966,0.05155244097113609,0.00025941466446965933
8,base,"[-1, 1]",1.0,240,1,np,IS-NP,0.15,0.5591593980789185,0.05692807977999716,0.004095425829291344,3.156909588142298e-05
8,base,"[-1, 1]",1.0,240,1,np_fan_in,Fan-in NP,0.1,0.6724584698677063,0.04915314353102076,0.005057502072304487,1.6255235095741227e-05
8,base,"[-1, 1]",1.0,240,1,np_fixed,Vanilla NP,0.3,0.49052464962005615,0.0337156008901123,0.00558794941753149,2.2712538338964805e-05
8,base,"[-1, 1]",1.0,240,1,wp,WP,0.225,0.05853435397148132,0.005300039583138035,0.04455867409706116,0.00021838834800291806
8,base,"[-1, 1]",1.0,240,2,np,IS-NP,0.15,0.9853882789611816,0.34919470110035034,0.005341775715351105,3.139642285532318e-05
8,base,"[-1, 1]",1.0,240,2,np_fan_in,Fan-in NP,0.1,0.9873383045196533,0.3245026378387896,0.006358202546834946,2.8911823392263614e-05
8,base,"[-1, 1]",1.0,240,2,np_fixed,Vanilla NP,0.3,0.9868439435958862,0.32805293103835237,0.006125728599727154,2.761742507573217e-05
8,base,"[-1, 1]",1.0,240,2,wp,WP,0.225,0.848105251789093,0.10808418134256499,0.051116447895765305,0.00028298760298639536
8,base,"[-1, 1]",1.0,240,3,np,IS-NP,0.15,0.9572616815567017,0.23974542778353983,0.005737228784710169,3.701401510625146e-05
8,base,"[-1, 1]",1.0,240,3,np_fan_in,Fan-in NP,0.1,0.9781473278999329,0.24254188029002155,0.006787960883229971,2.9139822800061665e-05
8,base,"[-1, 1]",1.0,240,3,np_fixed,Vanilla NP,0.3,0.9792851805686951,0.2460552530979233,0.007165629882365465,3.3947493648156524e-05
8,base,"[-1, 1]",1.0,240,3,wp,WP,0.225,0.8318459391593933,0.0950331081248199,0.06159580871462822,0.00028556736651808023
8,base,"[-1, 1]",1.0,240,4,np,IS-NP,0.15,0.6232749223709106,0.049209989617520475,0.0065745944157242775,4.5777134801028296e-05
8,base,"[-1, 1]",1.0,240,4,np_fan_in,Fan-in NP,0.1,0.7821967005729675,0.0636934352980461,0.0068673803471028805,2.789223799481988e-05
8,base,"[-1, 1]",1.0,240,4,np_fixed,Vanilla NP,0.3,0.8062583804130554,0.07879666183822943,0.007130445446819067,2.8948932595085353e-05
8,base,"[-1, 1]",1.0,240,4,wp,WP,0.225,0.14795520901679993,0.009187924760590249,0.0608038492500782,0.000290052528725937
8,base,"[-1, 1]",1.0,240,5,np,IS-NP,0.15,0.8860989212989807,0.10882378591389473,0.005726971663534641,2.1835941879544407e-05
8,base,"[-1, 1]",1.0,240,5,np_fan_in,Fan-in NP,0.1,0.8361061811447144,0.08667874966922681,0.006591747514903545,2.883627348637674e-05
8,base,"[-1, 1]",1.0,240,5,np_fixed,Vanilla NP,0.3,0.8996305465698242,0.12087070373405974,0.006776139140129089,3.283114347141236e-05
8,base,"[-1, 1]",1.0,240,5,wp,WP,0.225,0.6574735641479492,0.04898697408498265,0.05778174474835396,0.00025258667301386595
8,base,"[-1, 1]",1.0,240,6,np,IS-NP,0.15,0.9078065752983093,0.13515649175169528,0.005424821749329567,2.510084414097946e-05
8,base,"[-1, 1]",1.0,240,6,np_fan_in,Fan-in NP,0.1,0.9321961402893066,0.15733464755079088,0.006428011227399111,3.544872743077576e-05
8,base,"[-1, 1]",1.0,240,6,np_fixed,Vanilla NP,0.3,0.9077637791633606,0.1462952132390986,0.006484630052000284,4.137994255870581e-05
8,base,"[-1, 1]",1.0,240,6,wp,WP,0.225,0.6410956382751465,0.054856776077212996,0.05305104702711105,0.00024866205058060586
8,base,"[-1, 1]",1.0,240,7,np,IS-NP,0.15,0.41908639669418335,0.04140706072406222,0.0053875683806836605,3.629659113357775e-05
8,base,"[-1, 1]",1.0,240,7,np_fan_in,Fan-in NP,0.1,0.5321170687675476,0.040626683700894735,0.0060346792452037334,2.287092138431035e-05
8,base,"[-1, 1]",1.0,240,7,np_fixed,Vanilla NP,0.3,0.45301514863967896,0.040575349430340184,0.0060074180364608765,4.800479291588999e-05
8,base,"[-1, 1]",1.0,240,7,wp,WP,0.225,0.11724647879600525,0.008211636998650344,0.05467797443270683,0.0002972590737044811
8,scaled,"[-5, 5]",5.0,1,0,np,IS-NP,0.15,0.9073199033737183,0.13629789154753477,0.012516981922090054,6.312278856057674e-05
8,scaled,"[-5, 5]",5.0,1,0,np_fan_in,Fan-in NP,0.1,0.6774527430534363,0.05061955185841119,0.11178343743085861,0.0003665457188617438
8,scaled,"[-5, 5]",5.0,1,0,np_fixed,Vanilla NP,0.3,0.5272101759910583,0.04811926566362672,0.11900603026151657,0.000627374742180109
8,scaled,"[-5, 5]",5.0,1,0,wp,WP,0.225,0.5420259237289429,0.037323423581256066,0.0823950320482254,0.00035810982808470726
8,scaled,"[-5, 5]",5.0,1,1,np,IS-NP,0.15,0.9896247386932373,0.32883965435903517,0.007304352708160877,2.2162321329233237e-05
8,scaled,"[-5, 5]",5.0,1,1,np_fan_in,Fan-in NP,0.1,0.8242645859718323,0.10184553557022204,0.08042694628238678,0.00040693185292184353
8,scaled,"[-5, 5]",5.0,1,1,np_fixed,Vanilla NP,0.3,0.8082462549209595,0.1008566265363091,0.08511056005954742,0.0004471199063118547
8,scaled,"[-5, 5]",5.0,1,1,wp,WP,0.225,0.896202802658081,0.12776819143000467,0.06268730014562607,0.00026454016915522516
8,scaled,"[-5, 5]",5.0,1,2,np,IS-NP,0.15,0.9737783670425415,0.25052204286621416,0.017133014276623726,7.358050788752735e-05
8,scaled,"[-5, 5]",5.0,1,2,np_fan_in,Fan-in NP,0.1,0.7829285264015198,0.07820938842681548,0.17775961756706238,0.0007463768124580383
8,scaled,"[-5, 5]",5.0,1,2,np_fixed,Vanilla NP,0.3,0.8201148509979248,0.07599969108171839,0.18041524291038513,0.0005604048492386937
8,scaled,"[-5, 5]",5.0,1,2,wp,WP,0.225,0.8090518116950989,0.08777628665981561,0.11052447557449341,0.0005311415297910571
8,scaled,"[-5, 5]",5.0,1,3,np,IS-NP,0.15,0.8088164925575256,0.07574572502089723,0.008986043743789196,3.531530455802567e-05
8,scaled,"[-5, 5]",5.0,1,3,np_fan_in,Fan-in NP,0.1,0.5782862901687622,0.04452826277168545,0.08582201600074768,0.00041412885184399784
8,scaled,"[-5, 5]",5.0,1,3,np_fixed,Vanilla NP,0.3,0.39592456817626953,0.0255135123632499,0.08388402312994003,0.00029445820837281644
8,scaled,"[-5, 5]",5.0,1,3,wp,WP,0.225,0.5291926860809326,0.042245872708069024,0.06872116774320602,0.00031878790468908846
8,scaled,"[-5, 5]",5.0,1,4,np,IS-NP,0.15,0.9320096969604492,0.16086546556228618,0.00858607329428196,4.391981565277092e-05
8,scaled,"[-5, 5]",5.0,1,4,np_fan_in,Fan-in NP,0.1,0.5573170781135559,0.05130604107156008,0.09425514936447144,0.0005363061791285872
8,scaled,"[-5, 5]",5.0,1,4,np_fixed,Vanilla NP,0.3,0.6232584714889526,0.05973866702179294,0.08940713107585907,0.0005124062299728394
8,scaled,"[-5, 5]",5.0,1,4,wp,WP,0.225,0.7580475211143494,0.07346907002017057,0.0662510097026825,0.00026410529972054064
8,scaled,"[-5, 5]",5.0,1,5,np,IS-NP,0.15,0.8767520189285278,0.11000061381637352,0.010767286643385887,6.412353104678914e-05
8,scaled,"[-5, 5]",5.0,1,5,np_fan_in,Fan-in NP,0.1,0.6460863947868347,0.0513360017460703,0.10525821894407272,0.0004096748016308993
8,scaled,"[-5, 5]",5.0,1,5,np_fixed,Vanilla NP,0.3,0.5516228079795837,0.049110866095452364,0.09805942326784134,0.000568600429687649
8,scaled,"[-5, 5]",5.0,1,5,wp,WP,0.225,0.6794983148574829,0.06158279059024305,0.08114676922559738,0.00039210854447446764
8,scaled,"[-5, 5]",5.0,1,6,np,IS-NP,0.15,0.689631462097168,0.046995697551756165,0.009117147885262966,4.185724537819624e-05
8,scaled,"[-5, 5]",5.0,1,6,np_fan_in,Fan-in NP,0.1,0.4731843173503876,0.026643837640585845,0.08186641335487366,0.00025568302953615785
8,scaled,"[-5, 5]",5.0,1,6,np_fixed,Vanilla NP,0.3,0.36333250999450684,0.018441145556304644,0.07930414378643036,0.0002492323983460665
8,scaled,"[-5, 5]",5.0,1,6,wp,WP,0.225,0.3066316545009613,0.016102153448446187,0.06316069513559341,0.0002682663907762617
8,scaled,"[-5, 5]",5.0,1,7,np,IS-NP,0.15,0.9456843733787537,0.19937252663172936,0.013538303785026073,8.36416584206745e-05
8,scaled,"[-5, 5]",5.0,1,7,np_fan_in,Fan-in NP,0.1,0.6842423677444458,0.0642896904212042,0.11850456893444061,0.0005645168712362647
8,scaled,"[-5, 5]",5.0,1,7,np_fixed,Vanilla NP,0.3,0.7142651081085205,0.06787411811358955,0.12014799565076828,0.0005323027144186199
8,scaled,"[-5, 5]",5.0,1,7,wp,WP,0.225,0.7512046098709106,0.0736617505135655,0.09242666512727737,0.0004112145979888737
8,scaled,"[-5, 5]",5.0,120,0,np,IS-NP,0.15,0.9486973881721497,0.23231751690424668,0.004731925204396248,4.66797428089194e-05
8,scaled,"[-5, 5]",5.0,120,0,np_fan_in,Fan-in NP,0.1,0.7179406881332397,0.07556357248540735,0.04049215465784073,0.00020224212494213134
8,scaled,"[-5, 5]",5.0,120,0,np_fixed,Vanilla NP,0.3,0.8295599818229675,0.09304373024691207,0.039913974702358246,0.0001763529726304114
8,scaled,"[-5, 5]",5.0,120,0,wp,WP,0.225,0.7489416599273682,0.07098782141135113,0.055635686963796616,0.0002630151866469532
8,scaled,"[-5, 5]",5.0,120,1,np,IS-NP,0.15,0.8202475905418396,0.10471412680732707,0.004251037258654833,2.454647074046079e-05
8,scaled,"[-5, 5]",5.0,120,1,np_fan_in,Fan-in NP,0.1,0.45317304134368896,0.037979691008210165,0.03262599557638168,0.00019854870333801955
8,scaled,"[-5, 5]",5.0,120,1,np_fixed,Vanilla NP,0.3,0.4387072026729584,0.03067374880871891,0.033727020025253296,0.00016222285921685398
8,scaled,"[-5, 5]",5.0,120,1,wp,WP,0.225,0.517957866191864,0.0383884703842341,0.04891044273972511,0.00025185401318594813
8,scaled,"[-5, 5]",5.0,120,2,np,IS-NP,0.15,0.982956051826477,0.363469225752245,0.005623324308544397,4.014836667920463e-05
8,scaled,"[-5, 5]",5.0,120,2,np_fan_in,Fan-in NP,0.1,0.9229341149330139,0.14343102384591475,0.055428653955459595,0.00020519286044873297
8,scaled,"[-5, 5]",5.0,120,2,np_fixed,Vanilla NP,0.3,0.921680212020874,0.1412370898227285,0.05570606514811516,0.00020005383703392
8,scaled,"[-5, 5]",5.0,120,2,wp,WP,0.225,0.8479425311088562,0.11476482410119691,0.05888333544135094,0.0003370150807313621
8,scaled,"[-5, 5]",5.0,120,3,np,IS-NP,0.15,0.9568572640419006,0.19374885524290827,0.005979376845061779,3.543476850609295e-05
8,scaled,"[-5, 5]",5.0,120,3,np_fan_in,Fan-in NP,0.1,0.7118687033653259,0.06405079982068855,0.0556768923997879,0.0002297036407981068
8,scaled,"[-5, 5]",5.0,120,3,np_fixed,Vanilla NP,0.3,0.6980494260787964,0.06173111325479112,0.05715261772274971,0.00026719193556346
8,scaled,"[-5, 5]",5.0,120,3,wp,WP,0.225,0.7200081944465637,0.06689670191432621,0.05772743374109268,0.00027435418451204896
8,scaled,"[-5, 5]",5.0,120,4,np,IS-NP,0.15,0.8895980715751648,0.1028654271523313,0.0060880230739712715,2.951026544906199e-05
8,scaled,"[-5, 5]",5.0,120,4,np_fan_in,Fan-in NP,0.1,0.6196332573890686,0.04241178096829875,0.05699950456619263,0.00017120038683060557
8,scaled,"[-5, 5]",5.0,120,4,np_fixed,Vanilla NP,0.3,0.5244234800338745,0.034888105966092556,0.054070062935352325,0.00022768470807932317
8,scaled,"[-5, 5]",5.0,120,4,wp,WP,0.225,0.49843400716781616,0.03854136575343243,0.06142124533653259,0.00029557495145127177
8,scaled,"[-5, 5]",5.0,120,5,np,IS-NP,0.15,0.5657969117164612,0.04595445473872436,0.006185613572597504,4.0145554521586746e-05
8,scaled,"[-5, 5]",5.0,120,5,np_fan_in,Fan-in NP,0.1,0.4480726718902588,0.031202110289571768,0.04880206659436226,0.00017895788187161088
8,scaled,"[-5, 5]",5.0,120,5,np_fixed,Vanilla NP,0.3,0.33245208859443665,0.022092911639386634,0.053551070392131805,0.000194293272215873
8,scaled,"[-5, 5]",5.0,120,5,wp,WP,0.225,0.28470703959465027,0.019896921121835477,0.06276171654462814,0.00025525118689984083
8,scaled,"[-5, 5]",5.0,120,6,np,IS-NP,0.15,0.8718411326408386,0.13182071486565594,0.005422322079539299,3.2010535505833104e-05
8,scaled,"[-5, 5]",5.0,120,6,np_fan_in,Fan-in NP,0.1,0.5695400834083557,0.05168613325549813,0.05263238400220871,0.00027774181216955185
8,scaled,"[-5, 5]",5.0,120,6,np_fixed,Vanilla NP,0.3,0.628905177116394,0.05606400982615014,0.048996102064847946,0.00023201490694191307
8,scaled,"[-5, 5]",5.0,120,6,wp,WP,0.225,0.5836459994316101,0.04656727580356043,0.05349195748567581,0.00022283990983851254
8,scaled,"[-5, 5]",5.0,120,7,np,IS-NP,0.15,0.6311236023902893,0.07405034086041269,0.005130568984895945,4.4306176278041676e-05
8,scaled,"[-5, 5]",5.0,120,7,np_fan_in,Fan-in NP,0.1,0.16267873346805573,0.011759789636031807,0.044771432876586914,0.00024316391500178725
8,scaled,"[-5, 5]",5.0,120,7,np_fixed,Vanilla NP,0.3,0.33796510100364685,0.02205901992759512,0.04445401951670647,0.00017688784282654524
8,scaled,"[-5, 5]",5.0,120,7,wp,WP,0.225,0.3742893934249878,0.02794787809907575,0.058870334178209305,0.000277784070931375
8,scaled,"[-5, 5]",5.0,240,0,np,IS-NP,0.15,0.9504114389419556,0.2715727408940438,0.005824387073516846,5.646741556120105e-05
8,scaled,"[-5, 5]",5.0,240,0,np_fan_in,Fan-in NP,0.1,0.8721182942390442,0.11861992067230555,0.038474276661872864,0.00017238962755072862
8,scaled,"[-5, 5]",5.0,240,0,np_fixed,Vanilla NP,0.3,0.8712128400802612,0.1224494660263493,0.03885597735643387,0.00018950508092530072
8,scaled,"[-5, 5]",5.0,240,0,wp,WP,0.225,0.8428714275360107,0.10971523431168559,0.0672854334115982,0.00038993131602182984
8,scaled,"[-5, 5]",5.0,240,1,np,IS-NP,0.15,0.4844242334365845,0.05568520183830212,0.0047492776066064835,5.692214472219348e-05
8,scaled,"[-5, 5]",5.0,240,1,np_fan_in,Fan-in NP,0.1,0.5330440402030945,0.03466733640088933,0.03433288261294365,0.00011789111158577725
8,scaled,"[-5, 5]",5.0,240,1,np_fixed,Vanilla NP,0.3,0.5347980260848999,0.03640277349477401,0.03668280690908432,0.00014462578110396862
8,scaled,"[-5, 5]",5.0,240,1,wp,WP,0.225,0.16250374913215637,0.011749167633145893,0.061123017221689224,0.00041037218761630356
8,scaled,"[-5, 5]",5.0,240,2,np,IS-NP,0.15,0.9251126646995544,0.23367985006188974,0.005779900588095188,6.290519377216697e-05
8,scaled,"[-5, 5]",5.0,240,2,np_fan_in,Fan-in NP,0.1,0.8210970163345337,0.09773687198176048,0.03945452719926834,0.00017958351236302406
8,scaled,"[-5, 5]",5.0,240,2,np_fixed,Vanilla NP,0.3,0.8203144669532776,0.10026939627908481,0.03756940737366676,0.000200771726667881
8,scaled,"[-5, 5]",5.0,240,2,wp,WP,0.225,0.7067828178405762,0.0645464566211255,0.06668373197317123,0.0003411901998333633
8,scaled,"[-5, 5]",5.0,240,3,np,IS-NP,0.15,0.9221121668815613,0.20662047305231682,0.006626434158533812,5.976029206067324e-05
8,scaled,"[-5, 5]",5.0,240,3,np_fan_in,Fan-in NP,0.1,0.824288547039032,0.08850511610216927,0.05234353989362717,0.00021633354481309652
8,scaled,"[-5, 5]",5.0,240,3,np_fixed,Vanilla NP,0.3,0.8458321690559387,0.09292272322927601,0.053868986666202545,0.00021300367370713502
8,scaled,"[-5, 5]",5.0,240,3,wp,WP,0.225,0.7803542613983154,0.0826778924158134,0.07802539318799973,0.0003926509234588593
8,scaled,"[-5, 5]",5.0,240,4,np,IS-NP,0.15,0.6545771360397339,0.07235651060915795,0.006696778349578381,4.616000660462305e-05
8,scaled,"[-5, 5]",5.0,240,4,np_fan_in,Fan-in NP,0.1,0.4396636188030243,0.02614936221307289,0.04091585800051689,0.00014432281022891402
8,scaled,"[-5, 5]",5.0,240,4,np_fixed,Vanilla NP,0.3,0.29279646277427673,0.020462081909621097,0.043012652546167374,0.0001784483902156353
8,scaled,"[-5, 5]",5.0,240,4,wp,WP,0.225,0.23960070312023163,0.017671287034560616,0.07553452998399734,0.0003353334031999111
8,scaled,"[-5, 5]",5.0,240,5,np,IS-NP,0.15,0.8172281980514526,0.10831538248882376,0.006992518436163664,4.770534360432066e-05
8,scaled,"[-5, 5]",5.0,240,5,np_fan_in,Fan-in NP,0.1,0.5544397234916687,0.035528320766055305,0.05091497674584389,0.00019569435971789062
8,scaled,"[-5, 5]",5.0,240,5,np_fixed,Vanilla NP,0.3,0.6199765801429749,0.05229741858687097,0.05186467617750168,0.00024286421830765903
8,scaled,"[-5, 5]",5.0,240,5,wp,WP,0.225,0.5611780881881714,0.04250475550155291,0.07965899258852005,0.0003919459704775363
8,scaled,"[-5, 5]",5.0,240,6,np,IS-NP,0.15,0.8903912901878357,0.1697657339682337,0.0060072108171880245,5.2090283134020865e-05
8,scaled,"[-5, 5]",5.0,240,6,np_fan_in,Fan-in NP,0.1,0.7420486807823181,0.07380475771979794,0.04299221932888031,0.00018555065616965294
8,scaled,"[-5, 5]",5.0,240,6,np_fixed,Vanilla NP,0.3,0.7141788601875305,0.07818998699343259,0.04281412810087204,0.00024708613636903465
8,scaled,"[-5, 5]",5.0,240,6,wp,WP,0.225,0.6277325749397278,0.056393089665774214,0.06898181140422821,0.00038010530988685787
8,scaled,"[-5, 5]",5.0,240,7,np,IS-NP,0.15,0.79717618227005,0.12382474304619488,0.0062588355503976345,5.3734365792479366e-05
8,scaled,"[-5, 5]",5.0,240,7,np_fan_in,Fan-in NP,0.1,0.5952422618865967,0.056296528820409246,0.039686452597379684,0.00022294477093964815
8,scaled,"[-5, 5]",5.0,240,7,np_fixed,Vanilla NP,0.3,0.5949763655662537,0.04800545449373506,0.03978874906897545,0.00020235984993632883
8,scaled,"[-5, 5]",5.0,240,7,wp,WP,0.225,0.3722473382949829,0.027821406368821043,0.07400979101657867,0.0004393543058540672
9,base,"[-1, 1]",1.0,1,0,np,IS-NP,0.15,0.7085117697715759,0.041821891225602786,0.00734027149155736,2.8313308575889096e-05
9,base,"[-1, 1]",1.0,1,0,np_fan_in,Fan-in NP,0.1,0.7818005681037903,0.0480940885754535,0.007899219170212746,2.741007847362198e-05
9,base,"[-1, 1]",1.0,1,0,np_fixed,Vanilla NP,0.3,0.8047163486480713,0.059683524402741266,0.007582769263535738,2.4059823772404343e-05
9,base,"[-1, 1]",1.0,1,0,wp,WP,0.225,0.3267366886138916,0.02150238273167512,0.06175030767917633,0.00027308057178743184
9,base,"[-1, 1]",1.0,1,1,np,IS-NP,0.15,0.9470334649085999,0.1856753088955884,0.00833857897669077,4.408592576510273e-05
9,base,"[-1, 1]",1.0,1,1,np_fan_in,Fan-in NP,0.1,0.9645146727561951,0.20949180988245644,0.00821986049413681,3.247811764595099e-05
9,base,"[-1, 1]",1.0,1,1,np_fixed,Vanilla NP,0.3,0.9720386862754822,0.2004169460994793,0.008097326382994652,2.358761958021205e-05
9,base,"[-1, 1]",1.0,1,1,wp,WP,0.225,0.7889153361320496,0.08586556775068553,0.0636342316865921,0.0003233090974390507
9,base,"[-1, 1]",1.0,1,2,np,IS-NP,0.15,0.9673824906349182,0.16909237118719223,0.015780797228217125,4.24835343437735e-05
9,base,"[-1, 1]",1.0,1,2,np_fan_in,Fan-in NP,0.1,0.9558953046798706,0.18924654646931838,0.013968209736049175,6.135330477263778e-05
9,base,"[-1, 1]",1.0,1,2,np_fixed,Vanilla NP,0.3,0.946151077747345,0.16370604063558858,0.01341955829411745,6.711784226354212e-05
9,base,"[-1, 1]",1.0,1,2,wp,WP,0.225,0.7622290849685669,0.07294306076910288,0.0939660593867302,0.0004298497224226594
9,base,"[-1, 1]",1.0,1,3,np,IS-NP,0.15,0.9811185002326965,0.2768071735209863,0.008207472041249275,3.157561150146648e-05
9,base,"[-1, 1]",1.0,1,3,np_fan_in,Fan-in NP,0.1,0.9754048585891724,0.2680064167417489,0.008015887811779976,3.512511830194853e-05
9,base,"[-1, 1]",1.0,1,3,np_fixed,Vanilla NP,0.3,0.9619815349578857,0.24445109090108114,0.008224744349718094,5.067995152785443e-05
9,base,"[-1, 1]",1.0,1,3,wp,WP,0.225,0.8274275064468384,0.10110837864413043,0.06597498804330826,0.00033533567329868674
9,base,"[-1, 1]",1.0,1,4,np,IS-NP,0.15,0.9619607329368591,0.17132008980794733,0.008770951069891453,2.9903618269599974e-05
9,base,"[-1, 1]",1.0,1,4,np_fan_in,Fan-in NP,0.1,0.9199081063270569,0.13731011412334435,0.00837698020040989,4.419580363901332e-05
9,base,"[-1, 1]",1.0,1,4,np_fixed,Vanilla NP,0.3,0.9364549517631531,0.15289917197757555,0.008486204780638218,3.554473732947372e-05
9,base,"[-1, 1]",1.0,1,4,wp,WP,0.225,0.7131815552711487,0.06561810669639574,0.0584586076438427,0.0002465572324581444
9,base,"[-1, 1]",1.0,1,5,np,IS-NP,0.15,0.9708224534988403,0.23316727151322994,0.009683279320597649,3.8015972677385435e-05
9,base,"[-1, 1]",1.0,1,5,np_fan_in,Fan-in NP,0.1,0.9804086685180664,0.23639101918621844,0.009356467053294182,2.4802722691674717e-05
9,base,"[-1, 1]",1.0,1,5,np_fixed,Vanilla NP,0.3,0.9790369272232056,0.23594044638836445,0.009848067536950111,3.6957972042728215e-05
9,base,"[-1, 1]",1.0,1,5,wp,WP,0.225,0.7876768112182617,0.08527778857339095,0.07500360161066055,0.0003497329889796674
9,base,"[-1, 1]",1.0,1,6,np,IS-NP,0.15,0.9210438132286072,0.12023529355283244,0.009780550375580788,3.6059202102478594e-05
9,base,"[-1, 1]",1.0,1,6,np_fan_in,Fan-in NP,0.1,0.9045781493186951,0.13095343173724056,0.009366829879581928,4.320490552345291e-05
9,base,"[-1, 1]",1.0,1,6,np_fixed,Vanilla NP,0.3,0.9274526834487915,0.12970209240017236,0.009597987867891788,3.298658339190297e-05
9,base,"[-1, 1]",1.0,1,6,wp,WP,0.225,0.7271547317504883,0.0631616111111119,0.07087916135787964,0.0002966712636407465
9,base,"[-1, 1]",1.0,1,7,np,IS-NP,0.15,0.8814721703529358,0.0963455132345795,0.008966485969722271,3.4946235246025026e-05
9,base,"[-1, 1]",1.0,1,7,np_fan_in,Fan-in NP,0.1,0.898479163646698,0.12596090492637207,0.009024161845445633,4.083017120137811e-05
9,base,"[-1, 1]",1.0,1,7,np_fixed,Vanilla NP,0.3,0.8696050643920898,0.08957143565251803,0.008690571412444115,3.762956475839019e-05
9,base,"[-1, 1]",1.0,1,7,wp,WP,0.225,0.6494957208633423,0.05128633633382075,0.06949365139007568,0.0003000811848323792
9,base,"[-1, 1]",1.0,120,0,np,IS-NP,0.15,0.7877750992774963,0.09174614622897934,0.007134752813726664,4.958340650773607e-05
9,base,"[-1, 1]",1.0,120,0,np_fan_in,Fan-in NP,0.1,0.8880205750465393,0.10314112131000759,0.007341623306274414,3.1444345950149e-05
9,base,"[-1, 1]",1.0,120,0,np_fixed,Vanilla NP,0.3,0.8258556127548218,0.05659628995660266,0.0075166369788348675,2.4944662072812207e-05
9,base,"[-1, 1]",1.0,120,0,wp,WP,0.225,0.4825553596019745,0.03071207152055043,0.060703910887241364,0.00029241805896162987
9,base,"[-1, 1]",1.0,120,1,np,IS-NP,0.15,0.926267147064209,0.15465234164172822,0.00802340917289257,4.15368122048676e-05
9,base,"[-1, 1]",1.0,120,1,np_fan_in,Fan-in NP,0.1,0.9029021263122559,0.14335923051912686,0.007800021208822727,5.398420034907758e-05
9,base,"[-1, 1]",1.0,120,1,np_fixed,Vanilla NP,0.3,0.9543485641479492,0.16514980070933233,0.008357703685760498,2.704400321817957e-05
9,base,"[-1, 1]",1.0,120,1,wp,WP,0.225,0.7529744505882263,0.06757177524838577,0.06472806632518768,0.00025675169308669865
9,base,"[-1, 1]",1.0,120,2,np,IS-NP,0.15,0.9651787877082825,0.17816241944941189,0.013635882176458836,4.109095243620686e-05
9,base,"[-1, 1]",1.0,120,2,np_fan_in,Fan-in NP,0.1,0.9459875822067261,0.16084878342365602,0.012607593089342117,5.1507537136785686e-05
9,base,"[-1, 1]",1.0,120,2,np_fixed,Vanilla NP,0.3,0.9291247129440308,0.1573381744189343,0.012348107993602753,6.458891584770754e-05
9,base,"[-1, 1]",1.0,120,2,wp,WP,0.225,0.7274125218391418,0.06691783343461187,0.09056079387664795,0.0004256853717379272
9,base,"[-1, 1]",1.0,120,3,np,IS-NP,0.15,0.971709132194519,0.24286352948917436,0.008157121017575264,3.3897882531164214e-05
9,base,"[-1, 1]",1.0,120,3,np_fan_in,Fan-in NP,0.1,0.9563440680503845,0.23103930537472478,0.007927474565804005,4.484024248085916e-05
9,base,"[-1, 1]",1.0,120,3,np_fixed,Vanilla NP,0.3,0.9768492579460144,0.23899887207456535,0.007911843247711658,2.636211138451472e-05
9,base,"[-1, 1]",1.0,120,3,wp,WP,0.225,0.8236459493637085,0.08272201622069891,0.060779813677072525,0.00020320287148933858
9,base,"[-1, 1]",1.0,120,4,np,IS-NP,0.15,0.9422635436058044,0.1413093398247535,0.007620521821081638,2.360337930440437e-05
9,base,"[-1, 1]",1.0,120,4,np_fan_in,Fan-in NP,0.1,0.9323713183403015,0.13064015916218827,0.007319946773350239,2.134606256731786e-05
9,base,"[-1, 1]",1.0,120,4,np_fixed,Vanilla NP,0.3,0.9000800251960754,0.12705064916372066,0.007850712165236473,3.4837095881812274e-05
9,base,"[-1, 1]",1.0,120,4,wp,WP,0.225,0.6023149490356445,0.044809723342526316,0.05870809778571129,0.00022272906790021807
9,base,"[-1, 1]",1.0,120,5,np,IS-NP,0.15,0.9223521947860718,0.1689357188200423,0.009259574115276337,5.802551095257513e-05
9,base,"[-1, 1]",1.0,120,5,np_fan_in,Fan-in NP,0.1,0.961304783821106,0.20221583980310243,0.008506006561219692,3.1992320145945996e-05
9,base,"[-1, 1]",1.0,120,5,np_fixed,Vanilla NP,0.3,0.9665889739990234,0.1829554855726504,0.008792263455688953,2.5634295525378548e-05
9,base,"[-1, 1]",1.0,120,5,wp,WP,0.225,0.7215166091918945,0.06987926212023013,0.07387611269950867,0.0003309454186819494
9,base,"[-1, 1]",1.0,120,6,np,IS-NP,0.15,0.9246796369552612,0.12099687359538318,0.009646140038967133,3.50245572917629e-05
9,base,"[-1, 1]",1.0,120,6,np_fan_in,Fan-in NP,0.1,0.867838978767395,0.11335704815210193,0.00894245970994234,4.6836685214657336e-05
9,base,"[-1, 1]",1.0,120,6,np_fixed,Vanilla NP,0.3,0.914122462272644,0.10645648896170315,0.00938042439520359,2.607253372843843e-05
9,base,"[-1, 1]",1.0,120,6,wp,WP,0.225,0.6770595908164978,0.055632584330063156,0.06963881105184555,0.0003203979867976159
9,base,"[-1, 1]",1.0,120,7,np,IS-NP,0.15,0.7428609728813171,0.06329654202175637,0.009210104122757912,4.637741221813485e-05
9,base,"[-1, 1]",1.0,120,7,np_fan_in,Fan-in NP,0.1,0.9008107781410217,0.09543140001017794,0.008699238300323486,2.9387567337835208e-05
9,base,"[-1, 1]",1.0,120,7,np_fixed,Vanilla NP,0.3,0.5357139706611633,0.040509709165780804,0.00823707040399313,6.66943597025238e-05
9,base,"[-1, 1]",1.0,120,7,wp,WP,0.225,0.345468670129776,0.022046903109003323,0.06701284646987915,0.0002689298416953534
9,base,"[-1, 1]",1.0,240,0,np,IS-NP,0.15,0.813876748085022,0.0924155661642241,0.005754057317972183,4.8597994464216754e-05
9,base,"[-1, 1]",1.0,240,0,np_fan_in,Fan-in NP,0.1,0.8617026209831238,0.11120324738743269,0.006754445377737284,6.250291335163638e-05
9,base,"[-1, 1]",1.0,240,0,np_fixed,Vanilla NP,0.3,0.8471904397010803,0.09853146132615317,0.006102122366428375,4.716763578471728e-05
9,base,"[-1, 1]",1.0,240,0,wp,WP,0.225,0.4808061122894287,0.035109846455573766,0.05620798096060753,0.00027296022744849324
9,base,"[-1, 1]",1.0,240,1,np,IS-NP,0.15,0.44692859053611755,0.039273689621283366,0.004953156691044569,3.3904885640367866e-05
9,base,"[-1, 1]",1.0,240,1,np_fan_in,Fan-in NP,0.1,0.3050130307674408,0.029017148190177977,0.005321570672094822,3.290577660663985e-05
9,base,"[-1, 1]",1.0,240,1,np_fixed,Vanilla NP,0.3,0.5386671423912048,0.039665108462213536,0.005520764272660017,1.9027267626370303e-05
9,base,"[-1, 1]",1.0,240,1,wp,WP,0.225,0.06053373962640762,0.0028358274772472213,0.054774802178144455,0.0002321615320397541
9,base,"[-1, 1]",1.0,240,2,np,IS-NP,0.15,0.7128058075904846,0.060630872116113704,0.005331497639417648,2.1367417502915487e-05
9,base,"[-1, 1]",1.0,240,2,np_fan_in,Fan-in NP,0.1,0.26168328523635864,0.021406279627262846,0.005724291317164898,3.781699706451036e-05
9,base,"[-1, 1]",1.0,240,2,np_fixed,Vanilla NP,0.3,0.4762268364429474,0.03747406783610738,0.0057720704935491085,3.515699427225627e-05
9,base,"[-1, 1]",1.0,240,2,wp,WP,0.225,0.001973307691514492,0.0028120479312747195,0.05742163211107254,0.00032709119841456413
9,base,"[-1, 1]",1.0,240,3,np,IS-NP,0.15,0.4612013101577759,0.05265866525878664,0.004384060390293598,4.34713983850088e-05
9,base,"[-1, 1]",1.0,240,3,np_fan_in,Fan-in NP,0.1,-0.07237125188112259,0.0017897359912846392,0.005177369806915522,6.573856808245182e-05
9,base,"[-1, 1]",1.0,240,3,np_fixed,Vanilla NP,0.3,0.7751924991607666,0.07044387663518137,0.005002571269869804,1.9412391338846646e-05
9,base,"[-1, 1]",1.0,240,3,wp,WP,0.225,-0.05903787910938263,-0.0025069347499387124,0.04911722615361214,0.00027839388349093497
9,base,"[-1, 1]",1.0,240,4,np,IS-NP,0.15,0.8938661813735962,0.13729796989549262,0.004255397245287895,2.687222331587691e-05
9,base,"[-1, 1]",1.0,240,4,np_fan_in,Fan-in NP,0.1,0.9473351240158081,0.17193406590571006,0.004695345181971788,4.985762279829942e-05
9,base,"[-1, 1]",1.0,240,4,np_fixed,Vanilla NP,0.3,0.9074876308441162,0.13720656489701166,0.004847442731261253,2.334445707674604e-05
9,base,"[-1, 1]",1.0,240,4,wp,WP,0.225,0.5541502833366394,0.04977424411105555,0.04844333231449127,0.0002455995709169656
9,base,"[-1, 1]",1.0,240,5,np,IS-NP,0.15,0.28633424639701843,0.019334496174027056,0.007570821326225996,3.758709135581739e-05
9,base,"[-1, 1]",1.0,240,5,np_fan_in,Fan-in NP,0.1,0.3680535852909088,0.013084871628601983,0.007508520968258381,2.1633166397805326e-05
9,base,"[-1, 1]",1.0,240,5,np_fixed,Vanilla NP,0.3,0.40959134697914124,0.021239809519587045,0.007783146109431982,2.7328991563990712e-05
9,base,"[-1, 1]",1.0,240,5,wp,WP,0.225,-0.01810275949537754,-0.0033597802023602225,0.06616605073213577,0.00032365566585212946
9,base,"[-1, 1]",1.0,240,6,np,IS-NP,0.15,0.1928470879793167,0.010403685643783927,0.005096879322081804,3.3320451620966196e-05
9,base,"[-1, 1]",1.0,240,6,np_fan_in,Fan-in NP,0.1,-0.011184034869074821,0.013419694593176245,0.005479845218360424,2.9566426746896468e-05
9,base,"[-1, 1]",1.0,240,6,np_fixed,Vanilla NP,0.3,0.27102789282798767,0.015282307290787382,0.005128391087055206,2.7935988327953964e-05
9,base,"[-1, 1]",1.0,240,6,wp,WP,0.225,-0.0467887818813324,-0.005599940268196709,0.05079026520252228,0.0002714719739742577
9,base,"[-1, 1]",1.0,240,7,np,IS-NP,0.15,0.18245108425617218,0.014081247174181044,0.004224466625601053,3.4357286494923756e-05
9,base,"[-1, 1]",1.0,240,7,np_fan_in,Fan-in NP,0.1,0.38718220591545105,0.028759884949734745,0.005067277699708939,3.386808020877652e-05
9,base,"[-1, 1]",1.0,240,7,np_fixed,Vanilla NP,0.3,0.43411985039711,0.038701059238276984,0.005275503266602755,4.1341452742926776e-05
9,base,"[-1, 1]",1.0,240,7,wp,WP,0.225,0.2358376532793045,0.015893095557051613,0.052371032536029816,0.0002581025182735175
9,scaled,"[-5, 5]",5.0,1,0,np,IS-NP,0.15,0.7456009387969971,0.04996163882606197,0.007587030064314604,3.058830407098867e-05
9,scaled,"[-5, 5]",5.0,1,0,np_fan_in,Fan-in NP,0.1,0.41375860571861267,0.020765740733622806,0.079630047082901,0.00030806122231297195
9,scaled,"[-5, 5]",5.0,1,0,np_fixed,Vanilla NP,0.3,0.4201834797859192,0.023586473415116417,0.07409507036209106,0.000270754040684551
9,scaled,"[-5, 5]",5.0,1,0,wp,WP,0.225,0.34347373247146606,0.023088739728943136,0.06331237405538559,0.00027976432465948164
9,scaled,"[-5, 5]",5.0,1,1,np,IS-NP,0.15,0.9505077600479126,0.18917941036779667,0.008598735556006432,4.483348675421439e-05
9,scaled,"[-5, 5]",5.0,1,1,np_fan_in,Fan-in NP,0.1,0.7364341020584106,0.0732460525793916,0.08306020498275757,0.00038918122299946845
9,scaled,"[-5, 5]",5.0,1,1,np_fixed,Vanilla NP,0.3,0.7699164152145386,0.06833618799573742,0.08181367814540863,0.00028934431611560285
9,scaled,"[-5, 5]",5.0,1,1,wp,WP,0.225,0.7908976078033447,0.08630111574020702,0.0655224546790123,0.0003295625210739672
9,scaled,"[-5, 5]",5.0,1,2,np,IS-NP,0.15,0.9671174883842468,0.17456588978481402,0.016413770616054535,4.764835102832876e-05
9,scaled,"[-5, 5]",5.0,1,2,np_fan_in,Fan-in NP,0.1,0.6984249949455261,0.07079896449722582,0.13157831132411957,0.0007659494294784963
9,scaled,"[-5, 5]",5.0,1,2,np_fixed,Vanilla NP,0.3,0.689521074295044,0.05956307384500784,0.12840862572193146,0.0006530620157718658
9,scaled,"[-5, 5]",5.0,1,2,wp,WP,0.225,0.7702181935310364,0.07449380533265261,0.09748190641403198,0.00044459811761043966
9,scaled,"[-5, 5]",5.0,1,3,np,IS-NP,0.15,0.9821566939353943,0.27305552542723793,0.008673235774040222,3.128073876723647e-05
9,scaled,"[-5, 5]",5.0,1,3,np_fan_in,Fan-in NP,0.1,0.8163304328918457,0.09381846754574023,0.07669828087091446,0.0003477955760899931
9,scaled,"[-5, 5]",5.0,1,3,np_fixed,Vanilla NP,0.3,0.7741116285324097,0.08444303582703773,0.0788518413901329,0.0003766837471630424
9,scaled,"[-5, 5]",5.0,1,3,wp,WP,0.225,0.8229758143424988,0.09950937246734005,0.06812245398759842,0.00034499308094382286
9,scaled,"[-5, 5]",5.0,1,4,np,IS-NP,0.15,0.9609736800193787,0.17379021493252367,0.009002157486975193,3.188900154782459e-05
9,scaled,"[-5, 5]",5.0,1,4,np_fan_in,Fan-in NP,0.1,0.5772997736930847,0.0439898987646302,0.09264790266752243,0.0003561628982424736
9,scaled,"[-5, 5]",5.0,1,4,np_fixed,Vanilla NP,0.3,0.6691415309906006,0.05168245042938603,0.09100314229726791,0.00032655204995535314
9,scaled,"[-5, 5]",5.0,1,4,wp,WP,0.225,0.7195999026298523,0.06602459511365548,0.060455843806266785,0.00024934951215982437
9,scaled,"[-5, 5]",5.0,1,5,np,IS-NP,0.15,0.9723732471466064,0.2324942807860983,0.010090790688991547,3.6950528738088906e-05
9,scaled,"[-5, 5]",5.0,1,5,np_fan_in,Fan-in NP,0.1,0.8102993369102478,0.08611421837316205,0.08665566891431808,0.000339146499754861
9,scaled,"[-5, 5]",5.0,1,5,np_fixed,Vanilla NP,0.3,0.8445491194725037,0.0869594913327243,0.08929329365491867,0.00030226746457628906
9,scaled,"[-5, 5]",5.0,1,5,wp,WP,0.225,0.7889513373374939,0.08570122802557308,0.07729627192020416,0.0003588828258216381
9,scaled,"[-5, 5]",5.0,1,6,np,IS-NP,0.15,0.9249681830406189,0.12184095435028817,0.010099758394062519,3.586949242162518e-05
9,scaled,"[-5, 5]",5.0,1,6,np_fan_in,Fan-in NP,0.1,0.5209865570068359,0.04289225560508688,0.09117943793535233,0.0004602634289767593
9,scaled,"[-5, 5]",5.0,1,6,np_fixed,Vanilla NP,0.3,0.5964432954788208,0.04535327833582414,0.09660179913043976,0.00034479747409932315
9,scaled,"[-5, 5]",5.0,1,6,wp,WP,0.225,0.7213683128356934,0.062479223582098106,0.07258587330579758,0.0003027902275789529
9,scaled,"[-5, 5]",5.0,1,7,np,IS-NP,0.15,0.8793440461158752,0.09873392502971304,0.009272429160773754,3.957522494602017e-05
9,scaled,"[-5, 5]",5.0,1,7,np_fan_in,Fan-in NP,0.1,0.5175827145576477,0.04212457841191129,0.08775851875543594,0.0004768258659169078
9,scaled,"[-5, 5]",5.0,1,7,np_fixed,Vanilla NP,0.3,0.45193174481391907,0.031042232765563917,0.08373992890119553,0.00038006738759577274
9,scaled,"[-5, 5]",5.0,1,7,wp,WP,0.225,0.6430565118789673,0.050588305833904695,0.07169932126998901,0.00030880566919222474
9,scaled,"[-5, 5]",5.0,120,0,np,IS-NP,0.15,0.6932805180549622,0.08318588520633056,0.005222913809120655,6.932346877874807e-05
9,scaled,"[-5, 5]",5.0,120,0,np_fan_in,Fan-in NP,0.1,0.4576842784881592,0.043381443591351855,0.04573056474328041,0.0002471215557307005
9,scaled,"[-5, 5]",5.0,120,0,np_fixed,Vanilla NP,0.3,0.5882171988487244,0.0564887133645243,0.04404551535844803,0.00017782959912437946
9,scaled,"[-5, 5]",5.0,120,0,wp,WP,0.225,0.1777397245168686,0.015933723016253985,0.05669195204973221,0.00035113166086375713
9,scaled,"[-5, 5]",5.0,120,1,np,IS-NP,0.15,0.9214978814125061,0.17082980107831341,0.005324036348611116,3.3212512789759785e-05
9,scaled,"[-5, 5]",5.0,120,1,np_fan_in,Fan-in NP,0.1,0.5188632011413574,0.052048960858701324,0.042357511818408966,0.00029918650398030877
9,scaled,"[-5, 5]",5.0,120,1,np_fixed,Vanilla NP,0.3,0.6500972509384155,0.0640496401081388,0.04466116800904274,0.0002393776667304337
9,scaled,"[-5, 5]",5.0,120,1,wp,WP,0.225,0.7221210598945618,0.06798717402962211,0.0576910674571991,0.00026378946495242417
9,scaled,"[-5, 5]",5.0,120,2,np,IS-NP,0.15,0.9456583857536316,0.1979106889402222,0.005590386688709259,3.2070714951260015e-05
9,scaled,"[-5, 5]",5.0,120,2,np_fan_in,Fan-in NP,0.1,0.8304303884506226,0.07838913737881133,0.044496338814496994,0.00012360014079604298
9,scaled,"[-5, 5]",5.0,120,2,np_fixed,Vanilla NP,0.3,0.6142004132270813,0.05766706329559383,0.04340602457523346,0.0002428732259431854
9,scaled,"[-5, 5]",5.0,120,2,wp,WP,0.225,0.6947430372238159,0.062499174287586355,0.057005446404218674,0.00025140942307189107
9,scaled,"[-5, 5]",5.0,120,3,np,IS-NP,0.15,0.9736221432685852,0.3008930041338317,0.004193786531686783,2.5698942408780567e-05
9,scaled,"[-5, 5]",5.0,120,3,np_fan_in,Fan-in NP,0.1,0.825719952583313,0.09445008451293688,0.03832618147134781,0.00015302462270483375
9,scaled,"[-5, 5]",5.0,120,3,np_fixed,Vanilla NP,0.3,0.8507553339004517,0.11034388836869766,0.040266253054142,0.00017189733625855297
9,scaled,"[-5, 5]",5.0,120,3,wp,WP,0.225,0.8113861083984375,0.08044543537786618,0.04655418545007706,0.00017730907711666077
9,scaled,"[-5, 5]",5.0,120,4,np,IS-NP,0.15,0.8554303646087646,0.12007982638970134,0.004230763763189316,2.8897035008412786e-05
9,scaled,"[-5, 5]",5.0,120,4,np_fan_in,Fan-in NP,0.1,0.4920567274093628,0.04231051095509126,0.0384838730096817,0.000208453435334377
9,scaled,"[-5, 5]",5.0,120,4,np_fixed,Vanilla NP,0.3,0.5381633043289185,0.04388969430632036,0.040514469146728516,0.00018303342221770436
9,scaled,"[-5, 5]",5.0,120,4,wp,WP,0.225,0.33578962087631226,0.02241355242585996,0.04698633775115013,0.00023258560395333916
9,scaled,"[-5, 5]",5.0,120,5,np,IS-NP,0.15,0.9109923839569092,0.16085415582638235,0.006778225768357515,3.731542528839782e-05
9,scaled,"[-5, 5]",5.0,120,5,np_fan_in,Fan-in NP,0.1,0.5262948274612427,0.05768692225586468,0.06576064974069595,0.00040800339775159955
9,scaled,"[-5, 5]",5.0,120,5,np_fixed,Vanilla NP,0.3,0.5454267859458923,0.052222404640633616,0.06588951498270035,0.0003008447529282421
9,scaled,"[-5, 5]",5.0,120,5,wp,WP,0.225,0.5634828805923462,0.05140124427174063,0.06654751300811768,0.00033663795329630375
9,scaled,"[-5, 5]",5.0,120,6,np,IS-NP,0.15,0.9650843739509583,0.21101535313840333,0.005002653691917658,2.4705468604224734e-05
9,scaled,"[-5, 5]",5.0,120,6,np_fan_in,Fan-in NP,0.1,0.7839610576629639,0.09313651715856394,0.037713006138801575,0.00019778926798608154
9,scaled,"[-5, 5]",5.0,120,6,np_fixed,Vanilla NP,0.3,0.8015205264091492,0.08377008569817311,0.039927493780851364,0.00013836399011779577
9,scaled,"[-5, 5]",5.0,120,6,wp,WP,0.225,0.7096850275993347,0.06622889791057483,0.052090536803007126,0.0002670195826794952
9,scaled,"[-5, 5]",5.0,120,7,np,IS-NP,0.15,0.8738608360290527,0.15631656880893086,0.0043967850506305695,3.569222099031322e-05
9,scaled,"[-5, 5]",5.0,120,7,np_fan_in,Fan-in NP,0.1,0.6732733249664307,0.06106780397531111,0.03437309339642525,0.0001427804381819442
9,scaled,"[-5, 5]",5.0,120,7,np_fixed,Vanilla NP,0.3,0.5575081706047058,0.04051427914722202,0.034316688776016235,0.00013511981524061412
9,scaled,"[-5, 5]",5.0,120,7,wp,WP,0.225,0.5120981335639954,0.04060605343984207,0.04813556373119354,0.00023482026881538332
9,scaled,"[-5, 5]",5.0,240,0,np,IS-NP,0.15,0.37168118357658386,0.04947841625107685,0.005715277977287769,8.365856774616987e-05
9,scaled,"[-5, 5]",5.0,240,0,np_fan_in,Fan-in NP,0.1,0.1417803168296814,0.007249214363643356,0.04827684164047241,0.00023541960399597883
9,scaled,"[-5, 5]",5.0,240,0,np_fixed,Vanilla NP,0.3,0.23034437000751495,0.012779123929794878,0.04512052610516548,0.0001623218267923221
9,scaled,"[-5, 5]",5.0,240,0,wp,WP,0.225,0.16217944025993347,0.01256781208794564,0.06052561104297638,0.0003696551139000803
9,scaled,"[-5, 5]",5.0,240,1,np,IS-NP,0.15,0.6343396306037903,0.07468966305532376,0.00538950739428401,4.293717574910261e-05
9,scaled,"[-5, 5]",5.0,240,1,np_fan_in,Fan-in NP,0.1,0.2792705297470093,0.019536698050433187,0.041460417211055756,0.00017387911793775856
9,scaled,"[-5, 5]",5.0,240,1,np_fixed,Vanilla NP,0.3,0.28295356035232544,0.020169622825778787,0.04344676434993744,0.00014251397806219757
9,scaled,"[-5, 5]",5.0,240,1,wp,WP,0.225,0.25779351592063904,0.015748414289676778,0.06022277846932411,0.0002577293780632317
9,scaled,"[-5, 5]",5.0,240,2,np,IS-NP,0.15,0.754336953163147,0.0754701267753262,0.0058372062630951405,2.8496395316324197e-05
9,scaled,"[-5, 5]",5.0,240,2,np_fan_in,Fan-in NP,0.1,0.30552035570144653,0.019440368165063168,0.043669868260622025,0.00016686746675986797
9,scaled,"[-5, 5]",5.0,240,2,np_fixed,Vanilla NP,0.3,0.33212941884994507,0.021198516055058767,0.04375685378909111,0.00017855450278148055
9,scaled,"[-5, 5]",5.0,240,2,wp,WP,0.225,0.12074382603168488,0.0101242360685319,0.06599132716655731,0.00040608341805636883
9,scaled,"[-5, 5]",5.0,240,3,np,IS-NP,0.15,0.6750242710113525,0.08180459820450778,0.00442149443551898,5.334308298188262e-05
9,scaled,"[-5, 5]",5.0,240,3,np_fan_in,Fan-in NP,0.1,0.3110455572605133,0.019601188074617918,0.038287870585918427,0.00016029593825805932
9,scaled,"[-5, 5]",5.0,240,3,np_fixed,Vanilla NP,0.3,0.6341460943222046,0.04828143492244029,0.03603556752204895,0.00011889989400515333
9,scaled,"[-5, 5]",5.0,240,3,wp,WP,0.225,0.13130109012126923,0.00849957635073224,0.052223145961761475,0.00028115243185311556
9,scaled,"[-5, 5]",5.0,240,4,np,IS-NP,0.15,0.6546403765678406,0.07989587087710485,0.004607973620295525,4.086810440639965e-05
9,scaled,"[-5, 5]",5.0,240,4,np_fan_in,Fan-in NP,0.1,0.5188593864440918,0.04071921913418919,0.03795315697789192,0.00018283525423612446
9,scaled,"[-5, 5]",5.0,240,4,np_fixed,Vanilla NP,0.3,0.38450223207473755,0.030811977607784986,0.038371723145246506,0.00017384221428073943
9,scaled,"[-5, 5]",5.0,240,4,wp,WP,0.225,0.2297661155462265,0.01848178545448415,0.054168276488780975,0.00032189616467803717
9,scaled,"[-5, 5]",5.0,240,5,np,IS-NP,0.15,0.5732934474945068,0.0538818443025472,0.007562275975942612,4.36022637586575e-05
9,scaled,"[-5, 5]",5.0,240,5,np_fan_in,Fan-in NP,0.1,0.2454555183649063,0.015751402973061584,0.06335435062646866,0.00021091125381644815
9,scaled,"[-5, 5]",5.0,240,5,np_fixed,Vanilla NP,0.3,0.494099497795105,0.027681344150187213,0.06940994411706924,0.00021198061585891992
9,scaled,"[-5, 5]",5.0,240,5,wp,WP,0.225,0.07108709216117859,0.00384893748335647,0.06994858384132385,0.00038676842814311385
9,scaled,"[-5, 5]",5.0,240,6,np,IS-NP,0.15,0.6847271919250488,0.061002307754097276,0.004996567498892546,2.6552950657787733e-05
9,scaled,"[-5, 5]",5.0,240,6,np_fan_in,Fan-in NP,0.1,0.3114568889141083,0.02744464840628401,0.037566177546978,0.0001796337601263076
9,scaled,"[-5, 5]",5.0,240,6,np_fixed,Vanilla NP,0.3,0.3126971125602722,0.02333269282147133,0.03586447983980179,0.0001692460209596902
9,scaled,"[-5, 5]",5.0,240,6,wp,WP,0.225,0.1540185660123825,0.009457168434043222,0.05603080242872238,0.00031130434945225716
9,scaled,"[-5, 5]",5.0,240,7,np,IS-NP,0.15,0.30642780661582947,0.02766682774781657,0.004271663725376129,4.3616368202492595e-05
9,scaled,"[-5, 5]",5.0,240,7,np_fan_in,Fan-in NP,0.1,0.18088969588279724,0.012623772507254216,0.03682556375861168,0.00016289410996250808
9,scaled,"[-5, 5]",5.0,240,7,np_fixed,Vanilla NP,0.3,0.2428504079580307,0.016190756252520564,0.035919200628995895,0.00014674829435534775
9,scaled,"[-5, 5]",5.0,240,7,wp,WP,0.225,0.23040032386779785,0.015422942737131962,0.057257767766714096,0.0002873231132980436
