seed,method,method_label,epoch,train_loss,test_loss,train_score,test_score
0,bp,BP,1,0.022418371841311454,0.021429112404584883,0.90275,0.9151
0,bp,BP,2,0.015778108477592468,0.015031394806504249,0.933,0.9408
0,bp,BP,3,0.01323840171098709,0.012591644537448883,0.94575,0.9516
0,bp,BP,4,0.011585698284208775,0.011171685662865638,0.954,0.9577
0,bp,BP,5,0.01031303709000349,0.009975673234462738,0.95975,0.9627
0,bp,BP,6,0.00945259341597557,0.009316271388530731,0.9625,0.965
0,bp,BP,7,0.008639546662569046,0.008575865723192692,0.9675,0.9672
0,bp,BP,8,0.008026963517069817,0.008075706939399243,0.9695,0.9686
0,bp,BP,9,0.007475396223366261,0.007637528850883245,0.96975,0.971
0,bp,BP,10,0.007119901258498431,0.0073284544251859185,0.9725,0.9727
0,bp,BP,11,0.006755457516759634,0.007096386007964611,0.976,0.9738
0,bp,BP,12,0.006379737429320812,0.0068225757800042626,0.97775,0.9741
0,bp,BP,13,0.006078782930970192,0.006550329745560884,0.9805,0.9751
0,bp,BP,14,0.005817463587969541,0.006391385463625192,0.98175,0.9754
0,bp,BP,15,0.005559952147305012,0.006181874865293503,0.981,0.975
0,bp,BP,16,0.0053720294833183285,0.006048664467036724,0.98325,0.9762
0,bp,BP,17,0.005128491323441267,0.005852914821356535,0.98475,0.9772
0,bp,BP,18,0.004934815622866154,0.0057096540376544,0.98525,0.9776
0,bp,BP,19,0.004757272034883499,0.0056199144795537,0.9855,0.9779
0,bp,BP,20,0.004646857887506485,0.00560002958253026,0.98575,0.9779
0,bp,BP,21,0.004459542766213417,0.005472644574940204,0.98775,0.9777
0,bp,BP,22,0.0043069376721978185,0.005346753577888012,0.98775,0.9788
0,bp,BP,23,0.004192846588790417,0.005271389397978782,0.9875,0.9791
0,bp,BP,24,0.004037461750209331,0.005210261958837509,0.988,0.9789
0,bp,BP,25,0.0038772728368639945,0.005087697818875313,0.98925,0.9793
0,bp,BP,26,0.0037655142210423946,0.005021389067918062,0.9895,0.9799
0,bp,BP,27,0.0037910620197653773,0.004995886754989624,0.99,0.9804
0,bp,BP,28,0.003618365131318569,0.004933703158050776,0.991,0.9808
0,bp,BP,29,0.0034709093943238256,0.00486163886114955,0.9915,0.9809
0,bp,BP,30,0.0034662317633628844,0.004846577429026365,0.9915,0.9812
0,bp,BP,31,0.0032859506253153084,0.004745653905719518,0.99175,0.9815
0,bp,BP,32,0.0032125625777989627,0.004748691980540752,0.9925,0.9807
0,bp,BP,33,0.0031621022298932077,0.004726068001240492,0.9925,0.9817
0,bp,BP,34,0.003081597814336419,0.004680426999181509,0.993,0.9815
0,bp,BP,35,0.0029852575343102218,0.004580124367028475,0.99325,0.9821
0,bp,BP,36,0.0029151430148631335,0.004582769684493542,0.9935,0.9817
0,bp,BP,37,0.002832015750929713,0.004559067320078611,0.9935,0.9819
0,bp,BP,38,0.0027990922313183546,0.004559307686984539,0.9945,0.9825
0,bp,BP,39,0.0027207104805856944,0.00458016420379281,0.99475,0.982
0,bp,BP,40,0.0027216326221823693,0.004547714488953352,0.994,0.9821
0,bp,BP,41,0.002619327574968338,0.00448407482355833,0.995,0.9821
0,bp,BP,42,0.0025672676507383584,0.0044946123354136945,0.99525,0.9825
0,bp,BP,43,0.002483774794265628,0.00445094613134861,0.99575,0.9833
0,bp,BP,44,0.0025186420995742084,0.0044470500953495504,0.99475,0.9824
0,bp,BP,45,0.0024282205514609815,0.0044534144513309,0.996,0.9836
0,bp,BP,46,0.002360021961852908,0.004329588629305363,0.996,0.9832
0,bp,BP,47,0.0023211204279214143,0.004345179925113916,0.996,0.9833
0,bp,BP,48,0.002223312711343169,0.00428348646312952,0.99625,0.9832
0,bp,BP,49,0.0023000298254191877,0.0044010664492845535,0.9965,0.9838
0,bp,BP,50,0.002224413884803653,0.004315291889756918,0.996,0.9836
0,bp,BP,51,0.0021110711712390186,0.00422870543077588,0.99675,0.9835
0,bp,BP,52,0.0021472611092031003,0.00431110210120678,0.996,0.9835
0,bp,BP,53,0.002051210664212704,0.0042310453176498414,0.99675,0.9834
0,bp,BP,54,0.002068274486809969,0.004267181691527367,0.997,0.9833
0,bp,BP,55,0.0020757597517222165,0.004265343379229307,0.99675,0.9838
0,bp,BP,56,0.0020147618018090726,0.004221270001679659,0.99675,0.9839
0,bp,BP,57,0.0019407220408320428,0.004185921940207482,0.99725,0.9832
0,bp,BP,58,0.0019439618643373251,0.004243024255335331,0.997,0.9835
0,bp,BP,59,0.001883998698554933,0.0041911611504852776,0.997,0.9834
0,bp,BP,60,0.0019380309879779816,0.004211081900447607,0.997,0.9842
0,bp,BP,61,0.0019316580556333065,0.004241512304544449,0.99775,0.9833
0,bp,BP,62,0.0017964585609734059,0.004140241707116366,0.997,0.9837
0,bp,BP,63,0.001821060948073864,0.00418123984709382,0.99725,0.984
0,bp,BP,64,0.0018150488464161753,0.004233342465758324,0.99775,0.9842
0,bp,BP,65,0.0017105023162439466,0.004075242540240288,0.99775,0.9842
0,bp,BP,66,0.0016763478443026542,0.004106927658617496,0.9975,0.9839
0,bp,BP,67,0.0017212886549532415,0.004143792024254799,0.998,0.9839
0,bp,BP,68,0.0016581414872780442,0.004147334369271994,0.99825,0.9839
0,bp,BP,69,0.001649021577090025,0.004119605880975723,0.99825,0.9842
0,bp,BP,70,0.0016367156440392136,0.004104943455010652,0.99825,0.9835
0,bp,BP,71,0.0016050945045426488,0.004100854416936636,0.998,0.9842
0,bp,BP,72,0.0016221121102571487,0.004130952974408865,0.998,0.9838
0,bp,BP,73,0.0015585563555359841,0.004086518090218306,0.998,0.984
0,bp,BP,74,0.0015548915201798082,0.004086705536395311,0.99825,0.9842
0,bp,BP,75,0.0015147732999175787,0.004029056333750486,0.99825,0.984
0,bp,BP,76,0.001477944296784699,0.004053951794654131,0.99825,0.9841
0,bp,BP,77,0.001498471942730248,0.004073037990182638,0.999,0.984
0,bp,BP,78,0.0014771697018295526,0.004082951705902815,0.9985,0.9834
0,bp,BP,79,0.00144437425583601,0.004039889159798622,0.9985,0.9843
0,bp,BP,80,0.0014037865586578847,0.004052538648247719,0.99875,0.9839
0,bp,BP,81,0.0014115792457014323,0.0040690222457051275,0.999,0.9843
0,bp,BP,82,0.0014136448707431555,0.004071492591500282,0.999,0.9845
0,bp,BP,83,0.0013433226561173797,0.004016232939809561,0.9985,0.9843
0,bp,BP,84,0.0013384346440434456,0.004073888367414474,0.999,0.9842
0,bp,BP,85,0.0013178627593442797,0.004015980942547321,0.999,0.9838
0,bp,BP,86,0.0013623901586979628,0.0040835156686604025,0.99875,0.9842
0,bp,BP,87,0.001349366464652121,0.004081050227582455,0.99875,0.9844
0,bp,BP,88,0.001330947174690664,0.0040482856385409835,0.9985,0.9845
0,bp,BP,89,0.001270061363466084,0.004035682761669159,0.999,0.9842
0,bp,BP,90,0.0012531095435842873,0.004020232045650482,0.9995,0.9844
0,bp,BP,91,0.0012384028006345033,0.004012592913210392,0.999,0.9843
0,bp,BP,92,0.0013147970652207732,0.00408176329433918,0.999,0.9845
0,bp,BP,93,0.0012483972068876028,0.004039012378454209,0.999,0.9841
0,bp,BP,94,0.0012239009644836188,0.004016521263122559,0.99925,0.9841
0,bp,BP,95,0.0012078944323584437,0.004045204507559538,0.99925,0.9844
0,bp,BP,96,0.0011949861524626613,0.004011931034922599,0.999,0.9844
0,bp,BP,97,0.0011549555948004127,0.004014370531588793,0.99925,0.9838
0,bp,BP,98,0.0011749943969771267,0.004033779903501272,0.99925,0.9843
0,bp,BP,99,0.0011958667756989598,0.004067619203776121,0.99925,0.9844
0,bp,BP,100,0.0011529145669192077,0.004045976106822491,0.99925,0.9841
0,bp,BP,101,0.00109957090113312,0.004013171231746673,0.999,0.9844
0,bp,BP,102,0.0010860910462215543,0.00401613295301795,0.9995,0.9839
0,bp,BP,103,0.0010908292196691036,0.0040522682048380375,0.9995,0.984
0,bp,BP,104,0.0010663151722401381,0.0039819339968264105,0.9995,0.9842
0,bp,BP,105,0.001049839397892356,0.0039999109782278535,0.99975,0.984
0,bp,BP,106,0.001121251007542014,0.004043903762102127,0.999,0.9848
0,bp,BP,107,0.0010379356667399406,0.004017403508722782,0.99975,0.9842
0,bp,BP,108,0.0011143647599965334,0.004092856916040182,0.9995,0.9845
0,bp,BP,109,0.0010730193303897977,0.004081387308984995,0.9995,0.9847
0,bp,BP,110,0.0010077779544517397,0.0039935431189835075,0.99975,0.9847
0,bp,BP,111,0.001015108491294086,0.004043027643859386,0.99975,0.9846
0,bp,BP,112,0.0010435660649091006,0.00404448109716177,0.99975,0.9847
0,bp,BP,113,0.0010058864075690509,0.004039264994859695,0.9995,0.9846
0,bp,BP,114,0.0009921913351863623,0.003985686933249235,0.99975,0.9843
0,bp,BP,115,0.0009817623430863024,0.004055057402700186,0.99975,0.9851
0,bp,BP,116,0.0010001219273544847,0.004044521084427833,1.0,0.9849
0,bp,BP,117,0.0009759037885814906,0.004024155260622502,0.99975,0.9842
0,bp,BP,118,0.000950078243855387,0.004003147625178099,0.99975,0.9847
0,bp,BP,119,0.0009593048905953765,0.004035744284838438,0.9995,0.9846
0,bp,BP,120,0.0009150646692141891,0.00405567244142294,0.99975,0.9851
0,bp,BP,121,0.0009471108191646635,0.0040387944102287295,0.99975,0.9851
0,bp,BP,122,0.0009318935996852815,0.004040978766977787,0.9995,0.9845
0,bp,BP,123,0.0008925623428076506,0.004051678877323866,0.99975,0.9846
0,bp,BP,124,0.0009050523173063993,0.0040367753006517884,1.0,0.9848
0,bp,BP,125,0.0008853714666329324,0.003987378447502851,0.9995,0.9847
0,bp,BP,126,0.0008439548313617706,0.0039860886409878735,1.0,0.9846
0,bp,BP,127,0.0008907663119025528,0.004029288727790117,0.9995,0.9846
0,bp,BP,128,0.0008490893617272377,0.003999166326969862,0.99975,0.9848
0,bp,BP,129,0.0008446731655858457,0.003980243827402591,1.0,0.985
0,bp,BP,130,0.0008323916611261665,0.004013848459720612,0.99975,0.9843
0,bp,BP,131,0.0008047142741270364,0.004020419542491436,0.99975,0.9851
0,bp,BP,132,0.0008301262757740914,0.003995516067743302,0.99975,0.9847
0,bp,BP,133,0.0007851015101186931,0.0040145665802061555,0.99975,0.9851
0,bp,BP,134,0.0007894964907318354,0.003989266467094421,1.0,0.9851
0,bp,BP,135,0.0007804477722384035,0.004021889719367028,1.0,0.9849
0,bp,BP,136,0.0008209886550903321,0.004038252850621938,1.0,0.9848
0,bp,BP,137,0.0007671753386966885,0.004003278738260269,1.0,0.985
0,bp,BP,138,0.0007822306109592319,0.004038474041223526,1.0,0.9853
0,bp,BP,139,0.0007768116882070899,0.004038038779050112,1.0,0.9847
0,bp,BP,140,0.0007342990809120238,0.0040093256376683714,0.99975,0.9852
0,bp,BP,141,0.000740500460844487,0.004002727410942316,1.0,0.985
0,bp,BP,142,0.0008170218495652079,0.004115537927299738,1.0,0.9846
0,bp,BP,143,0.0007422660356387497,0.004020394755899906,1.0,0.9846
0,bp,BP,144,0.0007396861528977752,0.004053408001363277,1.0,0.9844
0,bp,BP,145,0.0007085228892974555,0.004017255306988954,1.0,0.9851
0,bp,BP,146,0.0006986629068851471,0.0040103218853473665,1.0,0.9847
0,bp,BP,147,0.0007017695531249046,0.004034148672223091,1.0,0.9856
0,bp,BP,148,0.0006986301676370204,0.004027993853390217,1.0,0.985
0,bp,BP,149,0.0006892541209235787,0.004026796571910381,1.0,0.9854
0,bp,BP,150,0.0007379893185570836,0.004050283445417881,1.0,0.9849
0,bp,BP,151,0.0006736017349176108,0.004006556203216314,1.0,0.985
0,bp,BP,152,0.0006805924754589796,0.004044279377907515,1.0,0.9847
0,bp,BP,153,0.0006730973296798766,0.004060503204166889,1.0,0.9847
0,bp,BP,154,0.0006997520877048373,0.004037460704892874,1.0,0.985
0,bp,BP,155,0.0006838987111113966,0.004061708988249302,1.0,0.9852
0,bp,BP,156,0.0007018086053431034,0.0040771132223308085,1.0,0.9847
0,bp,BP,157,0.0006620048740878701,0.004020888509601354,1.0,0.9852
0,bp,BP,158,0.0006785260210745036,0.004063324459642172,1.0,0.985
0,bp,BP,159,0.0006307521970011294,0.004050082099437713,1.0,0.9849
0,bp,BP,160,0.0006451611630618572,0.004009474473446607,1.0,0.9851
0,bp,BP,161,0.000617530501447618,0.004010441840440035,1.0,0.985
0,bp,BP,162,0.0006175067038275302,0.004009697663038969,1.0,0.9852
0,bp,BP,163,0.0006295296209864319,0.004046861194074154,1.0,0.9853
0,bp,BP,164,0.0006163539788685739,0.0040386156350374226,1.0,0.9854
0,bp,BP,165,0.0006220200178213418,0.004031855883449316,1.0,0.9855
0,bp,BP,166,0.0006117492895573377,0.0040548977546393875,1.0,0.9847
0,bp,BP,167,0.0006066565890796482,0.004018419521301985,1.0,0.9853
0,bp,BP,168,0.0005754152061417699,0.004011546786129474,1.0,0.9857
0,bp,BP,169,0.0006390364915132522,0.0041325364530086514,1.0,0.9853
0,bp,BP,170,0.0005985596245154739,0.004024238177388907,1.0,0.9852
0,bp,BP,171,0.0006218507708981633,0.004103568407893181,1.0,0.9848
0,bp,BP,172,0.0005722152697853744,0.004013784616440534,1.0,0.9849
0,bp,BP,173,0.0006531784161925316,0.004125319019705057,1.0,0.9858
0,bp,BP,174,0.0005559824756346643,0.004041662269085646,1.0,0.9853
0,bp,BP,175,0.0005618534642271698,0.004025617029517889,1.0,0.9854
0,bp,BP,176,0.0005944683006964624,0.004063705814629793,1.0,0.9846
0,bp,BP,177,0.0005618595900014042,0.004027389134466648,1.0,0.985
0,bp,BP,178,0.0005689619076438248,0.004045013399422169,1.0,0.9855
0,bp,BP,179,0.0005594241917133331,0.004041994889825582,1.0,0.9848
0,bp,BP,180,0.0005370140359736979,0.00404514347538352,1.0,0.9852
0,bp,BP,181,0.0005426651407033205,0.004043692214041948,1.0,0.9853
0,bp,BP,182,0.0005520526603795588,0.004074019001424313,1.0,0.9851
0,bp,BP,183,0.0005337493526749313,0.004056317748129368,1.0,0.985
0,bp,BP,184,0.000540669773472473,0.004059556820988655,1.0,0.985
0,bp,BP,185,0.0005625214246101677,0.004099939599633217,1.0,0.9852
0,bp,BP,186,0.0005575249136891216,0.004068639525026083,1.0,0.9847
0,bp,BP,187,0.0005857373918406665,0.004139809584617615,1.0,0.9849
0,bp,BP,188,0.0005182205971796066,0.004051960100233555,1.0,0.985
0,bp,BP,189,0.0005028918518219143,0.004026089542359113,1.0,0.9852
0,bp,BP,190,0.0005347674903459847,0.004088967628031969,1.0,0.9847
0,bp,BP,191,0.0005157809755764901,0.004043396687507629,1.0,0.9847
0,bp,BP,192,0.0005221493286080659,0.004040098463743925,1.0,0.9849
0,bp,BP,193,0.0005243591645266861,0.004097462020814418,1.0,0.9849
0,bp,BP,194,0.0005522996122017503,0.004115035127103329,1.0,0.9848
0,bp,BP,195,0.0004912444693036378,0.0040520627535879615,1.0,0.9851
0,bp,BP,196,0.0004919595601968467,0.004057378308475018,1.0,0.985
0,bp,BP,197,0.0005050656241364777,0.004047399576753378,1.0,0.9849
0,bp,BP,198,0.0004964509808924049,0.004073366843909025,1.0,0.985
0,bp,BP,199,0.0005125771765597165,0.004087017070502043,1.0,0.9848
0,bp,BP,200,0.0005048522911965847,0.004067790209501982,1.0,0.985
0,bp,BP,201,0.0005190308860037476,0.004094585384428501,1.0,0.9848
0,bp,BP,202,0.0005234582850243896,0.0041051666617393495,1.0,0.9848
0,bp,BP,203,0.00047040217206813397,0.004073724861443043,1.0,0.9846
0,bp,BP,204,0.0004741832814179361,0.004040355119109154,1.0,0.9847
0,bp,BP,205,0.00047481206664815544,0.0040538516961038116,1.0,0.9849
0,bp,BP,206,0.00045551201817579565,0.004069005657732487,1.0,0.9849
0,bp,BP,207,0.0004701834048610181,0.00407473504692316,1.0,0.9842
0,bp,BP,208,0.00047490695118904114,0.004067135602235794,1.0,0.9853
0,bp,BP,209,0.0004446319767739624,0.004059047131240368,1.0,0.9851
0,bp,BP,210,0.00044692725385539234,0.00405678026303649,1.0,0.9846
0,bp,BP,211,0.0004461725156288594,0.004073017203807831,1.0,0.9841
0,bp,BP,212,0.0004537920453585684,0.00407690399736166,1.0,0.9848
0,bp,BP,213,0.0004450236838310957,0.004075324949622154,1.0,0.9851
0,bp,BP,214,0.0004460320873185992,0.004073182618618012,1.0,0.9845
0,bp,BP,215,0.0004406562172807753,0.004077387588471175,1.0,0.9847
0,bp,BP,216,0.0004661906671244651,0.004088040060549974,1.0,0.9846
0,bp,BP,217,0.0005071345861069858,0.004200697494298219,1.0,0.9844
0,bp,BP,218,0.00043503800430335103,0.004071243218332529,1.0,0.9849
0,bp,BP,219,0.0004253457381855696,0.004083701940625906,1.0,0.9844
0,bp,BP,220,0.000421799790346995,0.004066792647540569,1.0,0.9846
0,bp,BP,221,0.00043413597252219915,0.00406222532466054,1.0,0.9844
0,bp,BP,222,0.00043770500412210824,0.004071031169593334,1.0,0.9847
0,bp,BP,223,0.00045159891643561424,0.004104932627826929,1.0,0.9845
0,bp,BP,224,0.0004258116537239403,0.004100272075086832,1.0,0.9848
0,bp,BP,225,0.00041845100233331325,0.00408342552408576,1.0,0.9849
0,bp,BP,226,0.0004361660920549184,0.004108556416630745,1.0,0.9842
0,bp,BP,227,0.0004064605920575559,0.004076402027904987,1.0,0.9846
0,bp,BP,228,0.0004053142825141549,0.00406887318789959,1.0,0.9847
0,bp,BP,229,0.00039360100054182113,0.004077569798380137,1.0,0.9845
0,bp,BP,230,0.0004079064317047596,0.004065884582698345,1.0,0.9844
0,bp,BP,231,0.00042195414006710054,0.004096814311295748,1.0,0.984
0,bp,BP,232,0.0004109561855439097,0.004101138389855623,1.0,0.9845
0,bp,BP,233,0.00039099141769111155,0.004080366857349873,1.0,0.9844
0,bp,BP,234,0.0004094490078277886,0.004078391614556313,1.0,0.9842
0,bp,BP,235,0.0004118213092442602,0.004114123568683863,1.0,0.984
0,bp,BP,236,0.00039430982014164326,0.004087433546036482,1.0,0.9848
0,bp,BP,237,0.00045961421984247865,0.004135816882550716,1.0,0.9844
0,bp,BP,238,0.00042696443013846873,0.004126585101336241,1.0,0.9844
0,bp,BP,239,0.0003828280377201736,0.00407792080193758,1.0,0.985
0,bp,BP,240,0.0003741095745936036,0.004078879028558731,1.0,0.9847
0,bp,BP,241,0.0004063775597605854,0.004118447282165289,1.0,0.9844
0,bp,BP,242,0.0003995820530690253,0.004108555307239294,1.0,0.9845
0,bp,BP,243,0.00042695736419409513,0.0041406665839254855,1.0,0.9843
0,bp,BP,244,0.00037911543156951663,0.004078037288784981,1.0,0.9844
0,bp,BP,245,0.00038863026117905977,0.004122039497643709,1.0,0.9844
0,bp,BP,246,0.00037992541468702255,0.004098729392141104,1.0,0.9842
0,bp,BP,247,0.00039341506734490395,0.0041193015925586225,1.0,0.9842
0,bp,BP,248,0.00036741309869103134,0.004086469569057226,1.0,0.9844
0,bp,BP,249,0.00037143069715239106,0.004119234026223421,1.0,0.9844
0,bp,BP,250,0.0005003093027044087,0.004202230013906956,1.0,0.9844
0,bp,BP,251,0.0003772268996108323,0.004137370166182518,1.0,0.9846
0,bp,BP,252,0.00039570537209510803,0.00415363028049469,1.0,0.984
0,bp,BP,253,0.00036530631850473585,0.0040792355604469775,1.0,0.9842
0,bp,BP,254,0.00037175865028984847,0.004129533509165049,1.0,0.9843
0,bp,BP,255,0.0003478908673860133,0.004088222111016512,1.0,0.9844
0,bp,BP,256,0.00037874872935935854,0.0041399835884571076,1.0,0.9841
0,bp,BP,257,0.00035105453222058716,0.004097335534542799,1.0,0.9847
0,bp,BP,258,0.0003474347195588052,0.004091493564099074,1.0,0.9845
0,bp,BP,259,0.00038383871223777533,0.004117130350321531,1.0,0.9843
0,bp,BP,260,0.00038998638349585236,0.004130502000451088,1.0,0.9841
0,bp,BP,261,0.00042191925318911674,0.004155293698608876,1.0,0.9841
0,bp,BP,262,0.0004178876930382103,0.0041769410796463485,1.0,0.9836
0,bp,BP,263,0.00035622083372436464,0.004096391935646534,1.0,0.9844
0,bp,BP,264,0.00034759541391395034,0.0041133220143616195,1.0,0.9839
0,bp,BP,265,0.0003358248535078019,0.004100999596714974,1.0,0.9845
0,bp,BP,266,0.00033664943906478584,0.004106000052392483,1.0,0.9842
0,bp,BP,267,0.0003434543986804783,0.004120809832960367,1.0,0.9841
0,bp,BP,268,0.000362560837296769,0.004139080215245485,1.0,0.9841
0,bp,BP,269,0.00034196685114875437,0.00411408788189292,1.0,0.9839
0,bp,BP,270,0.0003368107236456126,0.004114529506862164,1.0,0.9843
0,bp,BP,271,0.00032181035564281046,0.004103353624790907,1.0,0.9842
0,bp,BP,272,0.00035079887462779877,0.004112630873918533,1.0,0.9842
0,bp,BP,273,0.0003619109478313476,0.00415520377010107,1.0,0.9839
0,bp,BP,274,0.00036071092751808467,0.0041564464189112185,1.0,0.984
0,bp,BP,275,0.0003485511653125286,0.00412932014465332,1.0,0.9842
0,bp,BP,276,0.0003447828688658774,0.004116751080006361,1.0,0.9843
0,bp,BP,277,0.0003372629017103463,0.00412041147723794,1.0,0.9837
0,bp,BP,278,0.0003395734685473144,0.004118121429532767,1.0,0.9842
0,bp,BP,279,0.00032956177135929466,0.004123414336144924,1.0,0.9842
0,bp,BP,280,0.000353202696191147,0.004147357252985239,1.0,0.9843
0,bp,BP,281,0.0003337694895453751,0.004125590490549803,1.0,0.9838
0,bp,BP,282,0.00042050606710836294,0.00421529523357749,1.0,0.984
0,bp,BP,283,0.0003166369639802724,0.0041245777226984505,1.0,0.9839
0,bp,BP,284,0.0003320415187627077,0.004123692992329598,1.0,0.9842
0,bp,BP,285,0.00030863508745096626,0.004124066487699747,1.0,0.9842
0,bp,BP,286,0.0003171596694737673,0.004120901611447334,1.0,0.9839
0,bp,BP,287,0.00031851110327988866,0.0041067801244556905,1.0,0.9842
0,bp,BP,288,0.0003194551763590425,0.004131326301395893,1.0,0.9838
0,bp,BP,289,0.0003163935129996389,0.004140735191106797,1.0,0.9839
0,bp,BP,290,0.00032908031111583116,0.004135828196257353,1.0,0.9842
0,bp,BP,291,0.0003207670373376459,0.004146683478355407,1.0,0.9835
0,bp,BP,292,0.00030325689853634685,0.004126321372389793,1.0,0.984
0,bp,BP,293,0.0003263541131746024,0.00413873443827033,1.0,0.9841
0,bp,BP,294,0.00030850782222114503,0.004127713309973478,1.0,0.9837
0,bp,BP,295,0.00031598131882492453,0.004140390697866678,1.0,0.9842
0,bp,BP,296,0.00029744739562738686,0.00412549386844039,1.0,0.9842
0,bp,BP,297,0.0003326431433670223,0.004138001152127981,1.0,0.9843
0,bp,BP,298,0.0003073246101848781,0.004140160618722439,1.0,0.9841
0,bp,BP,299,0.0003003850483801216,0.004139161092787981,1.0,0.9838
0,bp,BP,300,0.0003296499876305461,0.004156185258179903,1.0,0.9842
0,bp,BP,301,0.00029956013616174457,0.004144787216931582,1.0,0.9842
0,bp,BP,302,0.00029749925737269223,0.004137583936750889,1.0,0.9839
0,bp,BP,303,0.0003492115968838334,0.004176759681850672,1.0,0.9837
0,bp,BP,304,0.0002877639983780682,0.004125537697970867,1.0,0.9839
0,bp,BP,305,0.0002937965178862214,0.004134966859966517,1.0,0.9841
0,bp,BP,306,0.0003010828902479261,0.004160108599066735,1.0,0.9839
0,bp,BP,307,0.00030882884957827625,0.004171101368963718,1.0,0.9839
0,bp,BP,308,0.0002931657687295228,0.004143311484158039,1.0,0.9839
0,bp,BP,309,0.000286470357212238,0.004136132261157036,1.0,0.9841
0,bp,BP,310,0.0002903856502380222,0.0041584246285259726,1.0,0.9843
0,bp,BP,311,0.00029315581324044614,0.004149183356761932,1.0,0.9838
0,bp,BP,312,0.0002859506924869493,0.004150594938546419,1.0,0.9838
0,bp,BP,313,0.00028877432725857944,0.0041644663952291015,1.0,0.9839
0,bp,BP,314,0.00030407260125502945,0.004173713110387325,1.0,0.9838
0,bp,BP,315,0.0002856863401830196,0.004135773272812366,1.0,0.9842
0,bp,BP,316,0.00027821846469305454,0.004145855697244406,1.0,0.9839
0,bp,BP,317,0.0002747956245439127,0.004163481365144253,1.0,0.984
0,bp,BP,318,0.000296199633856304,0.004183332878351212,1.0,0.9837
0,bp,BP,319,0.00028157771902624515,0.004153932701796293,1.0,0.9841
0,bp,BP,320,0.0003027279364177957,0.004187335329502821,1.0,0.9837
0,bp,BP,321,0.00028502666379790756,0.004160082825273276,1.0,0.984
0,bp,BP,322,0.00028021796979010107,0.004155375542491674,1.0,0.9836
0,bp,BP,323,0.00027655994473025204,0.004154543044418097,1.0,0.9841
0,bp,BP,324,0.0002791649302234873,0.004181138923019171,1.0,0.9834
0,bp,BP,325,0.0002651416509179398,0.0041436802200973035,1.0,0.9838
0,bp,BP,326,0.0002851329065160826,0.004175820322334767,1.0,0.9839
0,bp,BP,327,0.00026100217609200624,0.004145659079402685,1.0,0.9839
0,bp,BP,328,0.000291271758149378,0.004172201258689165,1.0,0.984
0,bp,BP,329,0.00026763188547920434,0.004158336736261844,1.0,0.9839
0,bp,BP,330,0.0002677480129059404,0.00416301444247365,1.0,0.9838
0,bp,BP,331,0.0002740117257926613,0.00415797737762332,1.0,0.9838
0,bp,BP,332,0.0002565112980082631,0.004168062692135572,1.0,0.9838
0,bp,BP,333,0.00025818926258943975,0.0041574870072305205,1.0,0.984
0,bp,BP,334,0.00026118312403559685,0.004190872669965029,1.0,0.9837
0,bp,BP,335,0.0002475871235365048,0.004157084168493748,1.0,0.9836
0,bp,BP,336,0.00026644134230446073,0.0041868187442421914,1.0,0.9833
0,bp,BP,337,0.0002553280268330127,0.004206632795929909,1.0,0.9837
0,bp,BP,338,0.0002468014426995069,0.004175038872659206,1.0,0.9837
0,bp,BP,339,0.0002423168782843277,0.004147575939446688,1.0,0.9838
0,bp,BP,340,0.00024945781589485707,0.004193231101334095,1.0,0.9834
0,bp,BP,341,0.0002644715623464435,0.004221033147722483,1.0,0.9838
0,bp,BP,342,0.00022917301673442124,0.004167957390099764,1.0,0.9839
0,bp,BP,343,0.00024719112075399606,0.004190167254209519,1.0,0.9837
0,bp,BP,344,0.0002267797423992306,0.00415355387032032,1.0,0.9834
0,bp,BP,345,0.00022724132891744375,0.004171535684168339,1.0,0.9836
0,bp,BP,346,0.0002533142960164696,0.004208677085489034,1.0,0.9839
0,bp,BP,347,0.00022986767592374235,0.004190366852283477,1.0,0.9835
0,bp,BP,348,0.00022875719075091184,0.00416372991502285,1.0,0.9835
0,bp,BP,349,0.00023486121650785207,0.004180706049501896,1.0,0.9832
0,bp,BP,350,0.00028073349012993276,0.004225122380256653,1.0,0.9832
0,bp,BP,351,0.0002295088095124811,0.004175316998362541,1.0,0.9836
0,bp,BP,352,0.00022241984959691762,0.004179853997379542,1.0,0.9837
0,bp,BP,353,0.00024540138873271644,0.0042030246958136555,1.0,0.9833
0,bp,BP,354,0.00023979795875493437,0.004190357988327741,1.0,0.9836
0,bp,BP,355,0.00023081772669684142,0.004211317180097103,1.0,0.983
0,bp,BP,356,0.00023645716614555568,0.004191291304677725,1.0,0.9831
0,bp,BP,357,0.00021673414285760373,0.004177415872365236,1.0,0.9835
0,bp,BP,358,0.00021580897271633148,0.004166845078766346,1.0,0.9835
0,bp,BP,359,0.00023420472792349756,0.004186985956132412,1.0,0.9835
0,bp,BP,360,0.00022562747972551734,0.0041830373547971245,1.0,0.9836
0,bp,BP,361,0.00022846371377818287,0.004186702191084623,1.0,0.9832
0,bp,BP,362,0.0002377263456583023,0.00421398104801774,1.0,0.9835
0,bp,BP,363,0.00021981986658647657,0.004180691741406918,1.0,0.9831
0,bp,BP,364,0.00021346326172351837,0.004164381667226553,1.0,0.9834
0,bp,BP,365,0.0002125453857006505,0.0042011993139982225,1.0,0.9836
0,bp,BP,366,0.00021124019147828222,0.004199488730728626,1.0,0.9833
0,bp,BP,367,0.00023577396990731358,0.0042119424678385255,1.0,0.9834
0,bp,BP,368,0.0002306492878124118,0.00420739518404007,1.0,0.9833
0,bp,BP,369,0.00023953336745034904,0.004199601423740387,1.0,0.9836
0,bp,BP,370,0.0002123877031262964,0.004185948879271746,1.0,0.9832
0,bp,BP,371,0.00022809936222620308,0.004213454407453537,1.0,0.9831
0,bp,BP,372,0.00021855179511476308,0.004205189426243305,1.0,0.9832
0,bp,BP,373,0.00021503774507436902,0.004188912818580866,1.0,0.9831
0,bp,BP,374,0.0002037375986110419,0.004190206773579121,1.0,0.9832
0,bp,BP,375,0.00021808255603536963,0.004199337150901556,1.0,0.9833
0,bp,BP,376,0.00033097491622902455,0.004315464604645968,1.0,0.9833
0,bp,BP,377,0.00022737458429764957,0.004222799069434405,1.0,0.9831
0,bp,BP,378,0.00021564142126590012,0.00421533303335309,1.0,0.9833
0,bp,BP,379,0.00021617175452411176,0.004197067061066627,1.0,0.983
0,bp,BP,380,0.0002236693148734048,0.004212443811446428,1.0,0.983
0,bp,BP,381,0.00020870032242964953,0.004217836628854275,1.0,0.9837
0,bp,BP,382,0.00021683902281802148,0.004213411051779985,1.0,0.983
0,bp,BP,383,0.00025569291017018257,0.004255471327155829,1.0,0.9834
0,bp,BP,384,0.00020671792118810117,0.004224486543238163,1.0,0.9832
0,bp,BP,385,0.00021129161259159446,0.004204685498028994,1.0,0.9832
0,bp,BP,386,0.00022285047825425862,0.004230182259529829,1.0,0.9831
0,bp,BP,387,0.00020553978241514415,0.004221275679022074,1.0,0.9829
0,bp,BP,388,0.00022367347683757544,0.0042119799122214314,1.0,0.983
0,bp,BP,389,0.0002341219411464408,0.004230429378896952,1.0,0.9835
0,bp,BP,390,0.0002331353013869375,0.0042538384601473805,1.0,0.9832
0,bp,BP,391,0.00020314046705607324,0.004221921338140965,1.0,0.9831
0,bp,BP,392,0.00020103743218351155,0.004210095898807048,1.0,0.9834
0,bp,BP,393,0.0001946455198340118,0.004208570867031813,1.0,0.983
0,bp,BP,394,0.00025241038808599114,0.004257798950374127,1.0,0.9829
0,bp,BP,395,0.00020390691317152232,0.004219407608360052,1.0,0.9831
0,bp,BP,396,0.00019992520718369633,0.0042178474374115465,1.0,0.9829
0,bp,BP,397,0.00019872566289268434,0.004224141572415829,1.0,0.9829
0,bp,BP,398,0.00020095825055614112,0.004215751227736473,1.0,0.9833
0,bp,BP,399,0.0002144280179636553,0.004216525818407536,1.0,0.9834
0,bp,BP,400,0.0002186682001920417,0.004247316597402096,1.0,0.9826
0,np,IS NP,1,0.08054148650169372,0.08041745707988739,0.5065,0.5025
0,np,IS NP,2,0.0672429701089859,0.06698556808233261,0.605,0.6148
0,np,IS NP,3,0.05933497658371925,0.05905061320662498,0.64275,0.6421
0,np,IS NP,4,0.053974355161190035,0.05353607733249664,0.72175,0.7252
0,np,IS NP,5,0.04892407861351967,0.048478375029563904,0.774,0.7771
0,np,IS NP,6,0.04628696793317795,0.04580487415194511,0.7945,0.7954
0,np,IS NP,7,0.04273014959692955,0.04203033156991005,0.762,0.7736
0,np,IS NP,8,0.04147204819321632,0.040870713186264035,0.74925,0.7606
0,np,IS NP,9,0.040316407591104504,0.03950064055919647,0.79925,0.8063
0,np,IS NP,10,0.03731795346736908,0.036577637541294096,0.818,0.8206
0,np,IS NP,11,0.035364299267530444,0.03448586869239807,0.8345,0.8427
0,np,IS NP,12,0.033907408863306045,0.03302770144939422,0.83425,0.8454
0,np,IS NP,13,0.03307421791553497,0.032212620264291766,0.83775,0.8465
0,np,IS NP,14,0.03004594299197197,0.029263836443424226,0.8575,0.868
0,np,IS NP,15,0.028708434298634528,0.02814013514816761,0.8685,0.8797
0,np,IS NP,16,0.02751722487807274,0.026963715577125548,0.875,0.8888
0,np,IS NP,17,0.026494087383151056,0.02570061851143837,0.882,0.8918
0,np,IS NP,18,0.025362926363945007,0.02450395284295082,0.88375,0.8958
0,np,IS NP,19,0.025160516768693925,0.02418071120083332,0.88275,0.896
0,np,IS NP,20,0.025461006954312325,0.024660333719849586,0.8855,0.8921
0,np,IS NP,21,0.023614218339324,0.02260876683294773,0.89025,0.9011
0,np,IS NP,22,0.02407825557887554,0.02303992731273174,0.893,0.8999
0,np,IS NP,23,0.02309119464457035,0.022053421610593794,0.89075,0.9027
0,np,IS NP,24,0.022778812408447265,0.021825136810541153,0.8885,0.8995
0,np,IS NP,25,0.022664186611771584,0.021800726449489594,0.8965,0.9072
0,np,IS NP,26,0.021918648391962052,0.020830340611934662,0.89925,0.909
0,np,IS NP,27,0.02169419015944004,0.02068056483566761,0.89925,0.9095
0,np,IS NP,28,0.021193987429141997,0.020229790678620338,0.90225,0.914
0,np,IS NP,29,0.02216631606221199,0.021017349845170976,0.89575,0.9069
0,np,IS NP,30,0.02139185605943203,0.02040080232322216,0.90225,0.9119
0,np,IS NP,31,0.02109199260175228,0.020199845838546754,0.9,0.9092
0,np,IS NP,32,0.02084575667977333,0.019902224922180176,0.90375,0.9132
0,np,IS NP,33,0.02081282077729702,0.019913690039515496,0.9035,0.9112
0,np,IS NP,34,0.021844070285558702,0.020687426203489304,0.90275,0.91
0,np,IS NP,35,0.02128570945560932,0.020205250996351242,0.9015,0.9152
0,np,IS NP,36,0.020273287072777747,0.019378907802700997,0.90775,0.914
0,np,IS NP,37,0.01980230078101158,0.0188438801497221,0.9115,0.918
0,np,IS NP,38,0.01992783583700657,0.018946161141991616,0.9065,0.9153
0,np,IS NP,39,0.02038782040774822,0.019302459049224854,0.9055,0.9191
0,np,IS NP,40,0.01957543109357357,0.018526536655426026,0.909,0.9221
0,np,IS NP,41,0.019591439813375473,0.018642588883638383,0.904,0.9185
0,np,IS NP,42,0.019899758264422418,0.018998048651218416,0.906,0.9188
0,np,IS NP,43,0.01949009555578232,0.018345645892620086,0.9075,0.9199
0,np,IS NP,44,0.019688805684447287,0.018686287847161292,0.9055,0.9194
0,np,IS NP,45,0.019263727009296416,0.018166921347379683,0.9095,0.9203
0,np,IS NP,46,0.019296341359615325,0.018268582502007486,0.9095,0.9192
0,np,IS NP,47,0.01875282672047615,0.017993692377209665,0.91,0.92
0,np,IS NP,48,0.019026201725006103,0.018085683777928352,0.9115,0.9206
0,np,IS NP,49,0.018368099421262742,0.017432813170552255,0.9155,0.924
0,np,IS NP,50,0.017928118258714675,0.016953549534082412,0.917,0.9254
0,np,IS NP,51,0.017535986661911012,0.016690377926826476,0.918,0.9269
0,np,IS NP,52,0.01779708406329155,0.01698960184454918,0.917,0.9222
0,np,IS NP,53,0.01725359869003296,0.016399263748526575,0.91425,0.9277
0,np,IS NP,54,0.0173702459782362,0.01660873866379261,0.9215,0.9258
0,np,IS NP,55,0.017680817306041718,0.016756511238217354,0.91975,0.9274
0,np,IS NP,56,0.017471740350127222,0.01659054590165615,0.91575,0.923
0,np,IS NP,57,0.01744113527238369,0.01630482911169529,0.91675,0.9284
0,np,IS NP,58,0.017612928569316864,0.016591431680321695,0.9185,0.9278
0,np,IS NP,59,0.017996183931827545,0.017149111476540566,0.92225,0.9252
0,np,IS NP,60,0.0175249904692173,0.016800230199098588,0.921,0.9253
0,np,IS NP,61,0.01700511398911476,0.01621499914228916,0.91975,0.9279
0,np,IS NP,62,0.01727103242278099,0.016403430572152138,0.9235,0.9313
0,np,IS NP,63,0.01705227868258953,0.016295910176634787,0.92225,0.9303
0,np,IS NP,64,0.017184832692146303,0.016239072704315186,0.9215,0.9293
0,np,IS NP,65,0.016885375320911406,0.015988476037979125,0.91775,0.9309
0,np,IS NP,66,0.016724380895495414,0.01570918438732624,0.9225,0.9315
0,np,IS NP,67,0.016670697122812272,0.01549076751023531,0.918,0.9313
0,np,IS NP,68,0.01578457860648632,0.014966308265924454,0.92225,0.93
0,np,IS NP,69,0.016308192387223242,0.015344078212976456,0.92025,0.932
0,np,IS NP,70,0.015884026005864145,0.015081170563399792,0.92125,0.9333
0,np,IS NP,71,0.016032628923654556,0.015299362517893314,0.921,0.933
0,np,IS NP,72,0.015937872543931007,0.015242032766342162,0.92625,0.9333
0,np,IS NP,73,0.01592207309603691,0.01512737447321415,0.928,0.9354
0,np,IS NP,74,0.015940615832805635,0.01526577408015728,0.9265,0.936
0,np,IS NP,75,0.01557688619196415,0.014787614461779595,0.92675,0.9351
0,np,IS NP,76,0.015642649918794632,0.01499343336224556,0.92775,0.9344
0,np,IS NP,77,0.015623136907815933,0.014855776931345464,0.9285,0.9343
0,np,IS NP,78,0.015569869145751,0.014849123150110244,0.92575,0.9352
0,np,IS NP,79,0.016031717851758002,0.01525325773358345,0.927,0.934
0,np,IS NP,80,0.01538543763756752,0.014794560313224793,0.9285,0.9363
0,np,IS NP,81,0.015489123299717904,0.01491487086415291,0.93025,0.9364
0,np,IS NP,82,0.01566153819859028,0.014966613972187043,0.92875,0.9336
0,np,IS NP,83,0.015409675866365432,0.014690566138923168,0.92775,0.9345
0,np,IS NP,84,0.016215504556894304,0.015312008814513684,0.927,0.9367
0,np,IS NP,85,0.015133568078279496,0.014351999090611935,0.9285,0.9355
0,np,IS NP,86,0.014645920909941197,0.013866008214652538,0.92425,0.9383
0,np,IS NP,87,0.015130705535411834,0.014543996697664261,0.92575,0.9339
0,np,IS NP,88,0.015570002421736718,0.014841927514970302,0.925,0.9305
0,np,IS NP,89,0.01520627847313881,0.014391862662136554,0.92775,0.9365
0,np,IS NP,90,0.015449594929814339,0.014868211221694946,0.92775,0.9387
0,np,IS NP,91,0.015381094709038734,0.01470515665858984,0.93125,0.9385
0,np,IS NP,92,0.014638142898678779,0.01402978984117508,0.9305,0.9414
0,np,IS NP,93,0.01457687246054411,0.014080283285677434,0.93125,0.9394
0,np,IS NP,94,0.014775715053081513,0.014177555051445962,0.93025,0.9396
0,np,IS NP,95,0.014664018750190735,0.014130393996834755,0.9325,0.9398
0,np,IS NP,96,0.014697026722133159,0.014092574043571948,0.92975,0.9371
0,np,IS NP,97,0.014971458293497563,0.014276419800519944,0.93225,0.9375
0,np,IS NP,98,0.014606207437813282,0.013890730156004429,0.93175,0.9397
0,np,IS NP,99,0.014724953226745129,0.01407626207768917,0.93225,0.9393
0,np,IS NP,100,0.014937646090984344,0.014280369657278061,0.93175,0.9422
0,np,IS NP,101,0.015151848331093789,0.014400506757199765,0.9305,0.939
0,np,IS NP,102,0.01451462146639824,0.013741419683396816,0.93425,0.9418
0,np,IS NP,103,0.015069777853786945,0.014423134338855743,0.92975,0.9374
0,np,IS NP,104,0.014530029393732548,0.014034183652698994,0.93025,0.9375
0,np,IS NP,105,0.013972633488476277,0.013400112788379192,0.9355,0.9422
0,np,IS NP,106,0.013618129499256611,0.01327146623879671,0.937,0.9411
0,np,IS NP,107,0.013879656858742238,0.013356163658201695,0.9375,0.9425
0,np,IS NP,108,0.013870815068483353,0.013454475170373917,0.93725,0.943
0,np,IS NP,109,0.014076950259506702,0.013595847404003143,0.93375,0.9413
0,np,IS NP,110,0.014120367266237735,0.01355493264645338,0.9365,0.9414
0,np,IS NP,111,0.013907896600663662,0.01353494453728199,0.93525,0.9422
0,np,IS NP,112,0.014131572775542736,0.013597512647509575,0.936,0.9398
0,np,IS NP,113,0.014464775554835796,0.013827988968789577,0.93275,0.9408
0,np,IS NP,114,0.014150082893669605,0.013526227225363254,0.9335,0.9418
0,np,IS NP,115,0.014509752854704856,0.013899588726460934,0.9325,0.9399
0,np,IS NP,116,0.014074924781918526,0.013439991335570813,0.93225,0.9421
0,np,IS NP,117,0.013787115283310414,0.013209305529296398,0.935,0.9442
0,np,IS NP,118,0.013879637710750103,0.013251196429133414,0.934,0.9433
0,np,IS NP,119,0.01375014590471983,0.01311166739910841,0.93525,0.945
0,np,IS NP,120,0.014529659554362298,0.01402738037854433,0.93075,0.9401
0,np,IS NP,121,0.013480471983551979,0.012883070595562459,0.93625,0.9441
0,np,IS NP,122,0.013643596962094306,0.013269374404847621,0.93625,0.944
0,np,IS NP,123,0.013492481186985969,0.012951160721480847,0.934,0.9447
0,np,IS NP,124,0.013587477758526803,0.013053274250030517,0.9355,0.9452
0,np,IS NP,125,0.013620666995644569,0.013185621176660061,0.93575,0.9456
0,np,IS NP,126,0.013459831081330776,0.013032895079255103,0.93775,0.945
0,np,IS NP,127,0.013917255781590938,0.01330260339230299,0.9385,0.9425
0,np,IS NP,128,0.013528810948133468,0.012891324727237224,0.94025,0.9443
0,np,IS NP,129,0.013229683727025985,0.012695682424306869,0.94075,0.9456
0,np,IS NP,130,0.013077479608356953,0.012637415471673012,0.9405,0.9453
0,np,IS NP,131,0.013384756848216058,0.012931004047393798,0.94025,0.9475
0,np,IS NP,132,0.013050705060362816,0.01264299078732729,0.9395,0.9454
0,np,IS NP,133,0.012899011738598348,0.012503080177307129,0.9415,0.9472
0,np,IS NP,134,0.013045651547610759,0.012562999394536018,0.94125,0.9479
0,np,IS NP,135,0.012947063460946083,0.012323146653175354,0.94,0.9456
0,np,IS NP,136,0.013390579029917717,0.012802786634862423,0.941,0.9459
0,np,IS NP,137,0.013251350224018098,0.01256000962406397,0.9415,0.9452
0,np,IS NP,138,0.013056197687983512,0.012460518845915794,0.93875,0.9478
0,np,IS NP,139,0.013108503118157387,0.01243428066521883,0.94,0.947
0,np,IS NP,140,0.012757501430809498,0.012078386132419109,0.941,0.9468
0,np,IS NP,141,0.013049442425370216,0.012468203604221344,0.941,0.9469
0,np,IS NP,142,0.013318701036274434,0.012603079675137997,0.93475,0.9463
0,np,IS NP,143,0.012990584142506123,0.012448107060790062,0.941,0.9472
0,np,IS NP,144,0.012930011123418808,0.012356647384166718,0.9395,0.9441
0,np,IS NP,145,0.012834539867937565,0.012303669729828834,0.9435,0.947
0,np,IS NP,146,0.013037949472665787,0.012451473100483418,0.94125,0.947
0,np,IS NP,147,0.013297335863113404,0.012654216085374355,0.9385,0.9456
0,np,IS NP,148,0.01257739395648241,0.012062249314785004,0.94675,0.9459
0,np,IS NP,149,0.012514880776405335,0.012015936481952667,0.94575,0.9469
0,np,IS NP,150,0.012822718903422356,0.012291919204592704,0.9445,0.948
0,np,IS NP,151,0.01297901549935341,0.01241839248687029,0.94125,0.9463
0,np,IS NP,152,0.01281591223925352,0.012161815212666988,0.94075,0.9463
0,np,IS NP,153,0.01293443939834833,0.012273883885145187,0.93925,0.9488
0,np,IS NP,154,0.012868263624608517,0.012134852260351181,0.938,0.9473
0,np,IS NP,155,0.012597715139389037,0.012109904718399048,0.9415,0.9477
0,np,IS NP,156,0.012514036275446415,0.012143060900270938,0.94325,0.9475
0,np,IS NP,157,0.012342598348855972,0.012051769524812699,0.9425,0.9468
0,np,IS NP,158,0.012804665237665176,0.012273517200350761,0.942,0.9494
0,np,IS NP,159,0.012352346062660217,0.011831141600012779,0.9435,0.9507
0,np,IS NP,160,0.01201589173078537,0.011500470432639121,0.94425,0.9509
0,np,IS NP,161,0.012196327343583106,0.01179878249168396,0.94475,0.9498
0,np,IS NP,162,0.012513614259660244,0.01207812869399786,0.94375,0.9505
0,np,IS NP,163,0.012208046935498715,0.011820907329022884,0.9435,0.9489
0,np,IS NP,164,0.012829608775675298,0.012255010007321834,0.9435,0.9482
0,np,IS NP,165,0.012884956799447537,0.012205036826431752,0.94425,0.9468
0,np,IS NP,166,0.01271833449602127,0.012117852814495563,0.9375,0.9476
0,np,IS NP,167,0.012592515379190445,0.011885531340539456,0.94,0.9489
0,np,IS NP,168,0.012936302788555622,0.012097770839929581,0.94125,0.9494
0,np,IS NP,169,0.012285869047045707,0.011788200248777867,0.94225,0.9519
0,np,IS NP,170,0.012469196110963822,0.011900764107704163,0.94375,0.9514
0,np,IS NP,171,0.01275999940931797,0.012074922262132168,0.9425,0.9492
0,np,IS NP,172,0.012495056346058846,0.011774059121310711,0.94675,0.9514
0,np,IS NP,173,0.012886917799711227,0.012295763209462166,0.945,0.9495
0,np,IS NP,174,0.012555522613227368,0.011931234252452851,0.94375,0.9494
0,np,IS NP,175,0.012581286832690238,0.012005877789855004,0.94425,0.9506
0,np,IS NP,176,0.012572406075894833,0.012056485025584698,0.946,0.9501
0,np,IS NP,177,0.012440115831792355,0.011988603828847408,0.9445,0.9497
0,np,IS NP,178,0.012363848850131035,0.011877700018882751,0.94575,0.951
0,np,IS NP,179,0.012086023420095444,0.011530015447735787,0.9475,0.9515
0,np,IS NP,180,0.012346783369779587,0.011639436696469784,0.9445,0.9509
0,np,IS NP,181,0.012399165727198123,0.011676739703118801,0.94875,0.9527
0,np,IS NP,182,0.01185688079148531,0.011047573348879814,0.949,0.9547
0,np,IS NP,183,0.011681924968957902,0.011007719925045968,0.95125,0.9556
0,np,IS NP,184,0.011780677139759064,0.011119098946452141,0.94825,0.9527
0,np,IS NP,185,0.011737024880945683,0.011263443166017533,0.947,0.9528
0,np,IS NP,186,0.012192797333002091,0.011535508862137795,0.9505,0.9544
0,np,IS NP,187,0.011826099008321761,0.011058535617589951,0.94775,0.9544
0,np,IS NP,188,0.011723144084215164,0.01108464788943529,0.94575,0.953
0,np,IS NP,189,0.012295726798474788,0.011714000883698464,0.949,0.9536
0,np,IS NP,190,0.011912263751029968,0.011268473708629607,0.9475,0.9544
0,np,IS NP,191,0.01210423033684492,0.011687346693873406,0.94725,0.9543
0,np,IS NP,192,0.011597622223198413,0.011365551944077014,0.946,0.953
0,np,IS NP,193,0.011507565572857857,0.011062371748685837,0.947,0.9525
0,np,IS NP,194,0.011690134190022945,0.011313452714681625,0.94725,0.9534
0,np,IS NP,195,0.01196244017034769,0.011670861187577248,0.945,0.9509
0,np,IS NP,196,0.012172239221632481,0.01187007261812687,0.94725,0.9509
0,np,IS NP,197,0.011974534600973129,0.011689855960011482,0.94625,0.9515
0,np,IS NP,198,0.011930177979171275,0.011361914810538292,0.9445,0.9524
0,np,IS NP,199,0.011805719263851643,0.01132477919012308,0.949,0.9549
0,np,IS NP,200,0.011505285300314427,0.01108489069789648,0.94625,0.9537
0,np,IS NP,201,0.011653636150062084,0.011198741295933724,0.94625,0.9525
0,np,IS NP,202,0.011555329352617263,0.011191330908238888,0.94825,0.9523
0,np,IS NP,203,0.011466652818024158,0.01103622744679451,0.94625,0.9506
0,np,IS NP,204,0.011801987409591675,0.011408919891715049,0.9465,0.9508
0,np,IS NP,205,0.011534989237785339,0.011146710808575154,0.9485,0.9534
0,np,IS NP,206,0.01179956990480423,0.01138892707824707,0.9475,0.9533
0,np,IS NP,207,0.011280583143234253,0.010893968768417835,0.9475,0.9552
0,np,IS NP,208,0.011315933763980865,0.010925972346961499,0.94825,0.9569
0,np,IS NP,209,0.011492011055350304,0.011072054283320905,0.94675,0.9555
0,np,IS NP,210,0.011273454278707504,0.010856810373067856,0.94725,0.9545
0,np,IS NP,211,0.011234495438635349,0.010918973471224308,0.9495,0.9533
0,np,IS NP,212,0.011457169264554977,0.011186711686849595,0.951,0.956
0,np,IS NP,213,0.011668035395443439,0.011416968268156052,0.95,0.955
0,np,IS NP,214,0.011660054184496402,0.011318269823491574,0.9485,0.9534
0,np,IS NP,215,0.01150162173062563,0.011210772716999055,0.948,0.9531
0,np,IS NP,216,0.011429164007306099,0.011067603048682213,0.948,0.9535
0,np,IS NP,217,0.011552232541143894,0.011320425988733769,0.9485,0.9539
0,np,IS NP,218,0.011594400092959404,0.011206845873594284,0.94575,0.9539
0,np,IS NP,219,0.01142538482695818,0.011163698613643646,0.94875,0.9524
0,np,IS NP,220,0.011366966933012009,0.011122898621857166,0.947,0.9525
0,np,IS NP,221,0.011449056290090085,0.01103769714832306,0.94625,0.9533
0,np,IS NP,222,0.011357556462287904,0.011033265967667103,0.9445,0.9526
0,np,IS NP,223,0.011087608844041825,0.010937513069808483,0.94875,0.9532
0,np,IS NP,224,0.011302807249128818,0.01105528047978878,0.94775,0.9525
0,np,IS NP,225,0.01104045345634222,0.010706546545028686,0.95,0.9553
0,np,IS NP,226,0.01109464903920889,0.010860769471526146,0.95175,0.9548
0,np,IS NP,227,0.011072001926600933,0.010747531259059907,0.9495,0.9551
0,np,IS NP,228,0.011060129769146443,0.010697909247875214,0.9525,0.9571
0,np,IS NP,229,0.010938138887286186,0.010643073529005051,0.953,0.9558
0,np,IS NP,230,0.011806673839688302,0.011548665754497051,0.94675,0.9553
0,np,IS NP,231,0.010864744924008846,0.010675937607884408,0.95125,0.9546
0,np,IS NP,232,0.010841238401830197,0.010645241460204125,0.949,0.954
0,np,IS NP,233,0.010947856165468693,0.01073391991406679,0.95,0.9556
0,np,IS NP,234,0.010891279488801956,0.01058621699810028,0.9525,0.9541
0,np,IS NP,235,0.011343210473656655,0.011122274827957154,0.95025,0.9544
0,np,IS NP,236,0.010741383038461208,0.01060769674628973,0.9515,0.9555
0,np,IS NP,237,0.011184729501605034,0.010996339851617814,0.94975,0.9533
0,np,IS NP,238,0.011217155896127224,0.010943780854344368,0.95025,0.955
0,np,IS NP,239,0.01099607978016138,0.010963044905662536,0.949,0.9541
0,np,IS NP,240,0.011044217869639397,0.010944895194470882,0.95025,0.9563
0,np,IS NP,241,0.01075016374886036,0.010534355832636356,0.9505,0.956
0,np,IS NP,242,0.011102750025689601,0.0109013965934515,0.94925,0.9567
0,np,IS NP,243,0.010971175476908684,0.010882413190603256,0.9495,0.9545
0,np,IS NP,244,0.010975761495530605,0.01073007960766554,0.94575,0.9531
0,np,IS NP,245,0.01193471896648407,0.011921293210983277,0.952,0.9537
0,np,IS NP,246,0.010865206077694893,0.010580283391475678,0.953,0.9567
0,np,IS NP,247,0.0115680565610528,0.011233534368872642,0.94825,0.9548
0,np,IS NP,248,0.011107717454433442,0.01072771947234869,0.95,0.9554
0,np,IS NP,249,0.011271848775446415,0.010968425241112708,0.95,0.9566
0,np,IS NP,250,0.01152351151406765,0.01099749839156866,0.952,0.9561
0,np,IS NP,251,0.01137300956994295,0.01084259755462408,0.9505,0.9547
0,np,IS NP,252,0.0112763127759099,0.010607045908272267,0.9505,0.9578
0,np,IS NP,253,0.010789626069366932,0.010241612996160984,0.95075,0.9584
0,np,IS NP,254,0.01068608470261097,0.010285053086280823,0.95275,0.9575
0,np,IS NP,255,0.010958213612437248,0.010388259200751782,0.94975,0.9585
0,np,IS NP,256,0.010941338837146758,0.010456508235633374,0.95175,0.9578
0,np,IS NP,257,0.011133097976446151,0.01059080461114645,0.94825,0.9553
0,np,IS NP,258,0.010811898849904538,0.010340750637650489,0.951,0.9566
0,np,IS NP,259,0.011127516224980354,0.010522027653455734,0.95275,0.9587
0,np,IS NP,260,0.010708960928022862,0.01017311006784439,0.9545,0.9589
0,np,IS NP,261,0.010834025010466576,0.010287578949332236,0.9515,0.9575
0,np,IS NP,262,0.011023942708969116,0.010642481344938278,0.95225,0.9574
0,np,IS NP,263,0.010638555720448493,0.010275660403072834,0.95175,0.9578
0,np,IS NP,264,0.010791848711669445,0.010386217567324638,0.9495,0.9568
0,np,IS NP,265,0.010775585733354092,0.010421298664808273,0.94925,0.9568
0,np,IS NP,266,0.01102036938816309,0.010691009949147701,0.9515,0.9548
0,np,IS NP,267,0.01101438769698143,0.010639550559222699,0.95025,0.9553
0,np,IS NP,268,0.010648194678127765,0.010336824406683445,0.954,0.9585
0,np,IS NP,269,0.010756507642567158,0.01058119540065527,0.95125,0.9564
0,np,IS NP,270,0.010394468754529953,0.010235969458520412,0.9535,0.9558
0,np,IS NP,271,0.010553138963878154,0.010393826550245285,0.95325,0.9568
0,np,IS NP,272,0.01058171111345291,0.010510896061360835,0.956,0.9562
0,np,IS NP,273,0.010718312494456768,0.010533310197293758,0.95525,0.9569
0,np,IS NP,274,0.010722756400704385,0.010451145422458648,0.95125,0.9565
0,np,IS NP,275,0.010583423666656017,0.010353766350448131,0.94925,0.9546
0,np,IS NP,276,0.010736530281603335,0.010564511786401273,0.95125,0.9553
0,np,IS NP,277,0.010328258030116558,0.010222406147420406,0.94975,0.9549
0,np,IS NP,278,0.010750057347118855,0.010463436609506606,0.95025,0.9577
0,np,IS NP,279,0.010878084622323514,0.010529966416954995,0.95225,0.957
0,np,IS NP,280,0.010778488427400588,0.01049010305404663,0.95025,0.9581
0,np,IS NP,281,0.010879533730447293,0.010457944676280022,0.951,0.9585
0,np,IS NP,282,0.010717864118516445,0.010412168560922147,0.9505,0.9572
0,np,IS NP,283,0.011030933536589146,0.010786582663655281,0.951,0.956
0,np,IS NP,284,0.010790521577000618,0.010631599593162537,0.95225,0.9562
0,np,IS NP,285,0.010453704595565796,0.010398954439163208,0.954,0.9582
0,np,IS NP,286,0.01037766770273447,0.010026976011693478,0.954,0.9582
0,np,IS NP,287,0.010766199678182603,0.010414979495108128,0.9525,0.9576
0,np,IS NP,288,0.010973248690366744,0.010613241337239742,0.95,0.9549
0,np,IS NP,289,0.010626307852566243,0.010339184194803237,0.95275,0.9571
0,np,IS NP,290,0.010907132685184479,0.010651481935381889,0.9525,0.957
0,np,IS NP,291,0.010680426865816117,0.010250277458131313,0.95,0.957
0,np,IS NP,292,0.010711208291351795,0.010210063491761684,0.94875,0.9581
0,np,IS NP,293,0.010512997165322304,0.01007279873341322,0.9525,0.9589
0,np,IS NP,294,0.010586643867194653,0.010221332433819771,0.952,0.9589
0,np,IS NP,295,0.011193233370780944,0.010439348751306534,0.952,0.9588
0,np,IS NP,296,0.01067344043403864,0.010153434318304061,0.953,0.9582
0,np,IS NP,297,0.010788895852863788,0.010186817812919616,0.957,0.9602
0,np,IS NP,298,0.010843354545533658,0.010432968956232072,0.95325,0.9578
0,np,IS NP,299,0.010595744773745537,0.01008785770982504,0.95675,0.9604
0,np,IS NP,300,0.010422646172344684,0.00982239245325327,0.95575,0.9618
0,np,IS NP,301,0.010872941575944423,0.01033883151859045,0.95425,0.9573
0,np,IS NP,302,0.01058851644396782,0.01017847325205803,0.95375,0.9593
0,np,IS NP,303,0.010325283117592335,0.010087877449393273,0.95325,0.9587
0,np,IS NP,304,0.010384487755596637,0.010168426209688186,0.95425,0.9573
0,np,IS NP,305,0.010311060413718223,0.010010525895655155,0.95575,0.9582
0,np,IS NP,306,0.010257391817867756,0.010123433224856853,0.95575,0.9572
0,np,IS NP,307,0.010397323742508888,0.010236051847040652,0.954,0.9588
0,np,IS NP,308,0.010369916796684265,0.010108535967767238,0.95525,0.9575
0,np,IS NP,309,0.010432748325169086,0.010110210606455804,0.95325,0.9574
0,np,IS NP,310,0.010386979177594185,0.00995578107535839,0.9555,0.9585
0,np,IS NP,311,0.010711517237126827,0.010250669737160207,0.95425,0.9597
0,np,IS NP,312,0.010459020122885705,0.009989476868510247,0.95275,0.9595
0,np,IS NP,313,0.010475260205566883,0.010025942562520504,0.9545,0.9573
0,np,IS NP,314,0.011040281631052494,0.010765924921631814,0.954,0.9579
0,np,IS NP,315,0.010650232180953026,0.010287640923261643,0.952,0.9566
0,np,IS NP,316,0.010413063324987887,0.009862165609002113,0.956,0.9586
0,np,IS NP,317,0.01071751682460308,0.01017873386144638,0.955,0.9575
0,np,IS NP,318,0.01073368713259697,0.010232484404742719,0.95525,0.9572
0,np,IS NP,319,0.011025754548609257,0.010439816762506961,0.9535,0.959
0,np,IS NP,320,0.01081498323380947,0.010187330512702465,0.95325,0.9576
0,np,IS NP,321,0.010512264668941498,0.009956675760447979,0.95725,0.9583
0,np,IS NP,322,0.010365911528468132,0.010008189314603805,0.95725,0.9591
0,np,IS NP,323,0.010348015107214451,0.010058974634110927,0.95525,0.9589
0,np,IS NP,324,0.010370175138115882,0.0098782001927495,0.95525,0.9608
0,np,IS NP,325,0.010456938676536083,0.010002658161520957,0.95525,0.9587
0,np,IS NP,326,0.010227116659283638,0.009850759473443032,0.9575,0.9578
0,np,IS NP,327,0.010047898411750793,0.009750640642642975,0.95925,0.9588
0,np,IS NP,328,0.01025117839127779,0.00987993407547474,0.95975,0.9612
0,np,IS NP,329,0.010325006254017353,0.009828848308324813,0.95775,0.9598
0,np,IS NP,330,0.010315104126930237,0.009806269077956677,0.9575,0.9597
0,np,IS NP,331,0.010202334851026534,0.009754906877875329,0.9565,0.9598
0,np,IS NP,332,0.010280119724571705,0.009797005647420884,0.95625,0.9594
0,np,IS NP,333,0.010190579563379288,0.009723270106315613,0.958,0.9599
0,np,IS NP,334,0.010231071822345257,0.009815418788790702,0.956,0.9589
0,np,IS NP,335,0.010174477905035019,0.009930043044686317,0.9585,0.9594
0,np,IS NP,336,0.010208713993430138,0.009880744521319866,0.95825,0.9608
0,np,IS NP,337,0.01059418945759535,0.01007453285008669,0.95425,0.9598
0,np,IS NP,338,0.01057646568864584,0.010164041675627232,0.95275,0.9578
0,np,IS NP,339,0.010224407009780407,0.0096833419829607,0.956,0.9585
0,np,IS NP,340,0.01036326278746128,0.010042426528036594,0.9545,0.9567
0,np,IS NP,341,0.010621057331562041,0.010163567441701889,0.95675,0.9565
0,np,IS NP,342,0.010680002398788928,0.010267474153637886,0.95425,0.9576
0,np,IS NP,343,0.010412208795547485,0.009961520238220691,0.9515,0.9569
0,np,IS NP,344,0.010179940596222877,0.010002243603765965,0.9545,0.9555
0,np,IS NP,345,0.010305071882903576,0.010180756023526192,0.955,0.9556
0,np,IS NP,346,0.010169661648571492,0.010011917857825755,0.95375,0.9564
0,np,IS NP,347,0.010043865956366062,0.009749227572977543,0.95725,0.9577
0,np,IS NP,348,0.010034777231514453,0.009760483105480671,0.95725,0.9592
0,np,IS NP,349,0.010062858000397683,0.009669614697992802,0.95625,0.9593
0,np,IS NP,350,0.009947325177490711,0.009672080963850022,0.95625,0.9585
0,np,IS NP,351,0.010015162117779254,0.00971629482805729,0.95575,0.9569
0,np,IS NP,352,0.009991240903735162,0.009694927825033665,0.95575,0.9586
0,np,IS NP,353,0.009781485818326474,0.009581415016949178,0.9565,0.9587
0,np,IS NP,354,0.00974545881152153,0.009723172578215599,0.95775,0.9573
0,np,IS NP,355,0.009801931954920292,0.009727912487089634,0.95625,0.9578
0,np,IS NP,356,0.00992471108585596,0.009761743974685669,0.9555,0.9575
0,np,IS NP,357,0.009941461607813834,0.00978199864923954,0.9585,0.9586
0,np,IS NP,358,0.009927595548331737,0.00960116993188858,0.957,0.9594
0,np,IS NP,359,0.010215083010494709,0.009982738369703294,0.956,0.9579
0,np,IS NP,360,0.00971771477162838,0.0095537334471941,0.9575,0.959
0,np,IS NP,361,0.01029842957854271,0.010205332438647748,0.955,0.9562
0,np,IS NP,362,0.00984380104392767,0.009682124982774258,0.95525,0.959
0,np,IS NP,363,0.009730255506932736,0.00973354690372944,0.95725,0.9587
0,np,IS NP,364,0.009728831179440022,0.00978565315157175,0.957,0.957
0,np,IS NP,365,0.009709614753723145,0.009679046230018138,0.95675,0.9591
0,np,IS NP,366,0.009942045725882054,0.009831300611793995,0.9565,0.9601
0,np,IS NP,367,0.009706192150712013,0.009481730088591576,0.957,0.9595
0,np,IS NP,368,0.010071319431066513,0.009990425962209701,0.9585,0.9577
0,np,IS NP,369,0.010199488796293735,0.010105670031905174,0.95875,0.958
0,np,IS NP,370,0.010074948839843273,0.009898735734820367,0.9565,0.9586
0,np,IS NP,371,0.010048791393637657,0.009826355570554734,0.9565,0.9578
0,np,IS NP,372,0.010084678895771504,0.009799010498821736,0.95775,0.9587
0,np,IS NP,373,0.010318157188594341,0.010123873886466026,0.955,0.9554
0,np,IS NP,374,0.010282275788486004,0.010040733458101749,0.9545,0.957
0,np,IS NP,375,0.009999591700732708,0.009631832413375377,0.95475,0.9584
0,np,IS NP,376,0.010483983784914016,0.010148459051549435,0.95475,0.9573
0,np,IS NP,377,0.010352336086332799,0.010078084975481034,0.954,0.9577
0,np,IS NP,378,0.010331924043595791,0.01022037573903799,0.95525,0.9583
0,np,IS NP,379,0.010205568097531795,0.010097371554374695,0.95675,0.9589
0,np,IS NP,380,0.0100523816421628,0.009851412983238697,0.9565,0.9596
0,np,IS NP,381,0.010365385718643665,0.010071720878779888,0.955,0.9582
0,np,IS NP,382,0.010084431640803814,0.009710940797626973,0.954,0.9581
0,np,IS NP,383,0.009910229928791522,0.009553356538712978,0.95725,0.96
0,np,IS NP,384,0.010118109375238419,0.009672904331982136,0.9545,0.9601
0,np,IS NP,385,0.010074861615896226,0.009618654318153858,0.95575,0.9606
0,np,IS NP,386,0.01001166382431984,0.009762424424290657,0.956,0.9601
0,np,IS NP,387,0.009869229294359684,0.009581133233010769,0.95575,0.9613
0,np,IS NP,388,0.010045294687151908,0.009811928811669349,0.9585,0.961
0,np,IS NP,389,0.009717001222074032,0.009602178162336349,0.958,0.9611
0,np,IS NP,390,0.00996839340776205,0.00982244535535574,0.9595,0.9605
0,np,IS NP,391,0.010080346159636974,0.009995834644138814,0.956,0.9603
0,np,IS NP,392,0.009933184087276458,0.009769322137534618,0.95875,0.9606
0,np,IS NP,393,0.00983503995090723,0.009702886089682578,0.958,0.9605
0,np,IS NP,394,0.00977271344512701,0.009737614637613296,0.96,0.9601
0,np,IS NP,395,0.00997059216350317,0.009799511072039604,0.95875,0.9598
0,np,IS NP,396,0.009748885452747345,0.009718217703700066,0.9585,0.9598
0,np,IS NP,397,0.00979692742228508,0.009888879489898682,0.95875,0.9596
0,np,IS NP,398,0.009866033129394054,0.009965769270062447,0.95875,0.9603
0,np,IS NP,399,0.009931475318968297,0.00990452279895544,0.958,0.9585
0,np,IS NP,400,0.00983339188247919,0.009716695842146874,0.95775,0.9589
0,np_fixed,Vanilla NP,1,0.09107752686738968,0.09096832331418991,0.18325,0.1741
0,np_fixed,Vanilla NP,2,0.08750209426879883,0.0873799275636673,0.28475,0.2956
0,np_fixed,Vanilla NP,3,0.0848732875585556,0.08471965889930726,0.404,0.4099
0,np_fixed,Vanilla NP,4,0.0826083169579506,0.08241011909246444,0.4895,0.4878
0,np_fixed,Vanilla NP,5,0.08032157868146897,0.0801183073759079,0.54975,0.5469
0,np_fixed,Vanilla NP,6,0.07777748221158981,0.0775507355093956,0.6015,0.5948
0,np_fixed,Vanilla NP,7,0.07520378005504608,0.07490959267616272,0.61475,0.6147
0,np_fixed,Vanilla NP,8,0.07283802753686905,0.07250293958187103,0.61975,0.6228
0,np_fixed,Vanilla NP,9,0.07038511818647385,0.0700059251666069,0.65475,0.6597
0,np_fixed,Vanilla NP,10,0.06743685847520828,0.06701642855405808,0.681,0.6881
0,np_fixed,Vanilla NP,11,0.06500809210538865,0.06453511658906937,0.70725,0.7158
0,np_fixed,Vanilla NP,12,0.06260495120286942,0.06211457989215851,0.70675,0.7187
0,np_fixed,Vanilla NP,13,0.06066472789645195,0.060220692813396454,0.697,0.7058
0,np_fixed,Vanilla NP,14,0.058445948958396915,0.058009217566251756,0.72825,0.7342
0,np_fixed,Vanilla NP,15,0.05706112641096115,0.05669788224697113,0.7515,0.7598
0,np_fixed,Vanilla NP,16,0.05529946568608284,0.05487499530315399,0.7395,0.7518
0,np_fixed,Vanilla NP,17,0.053966319680213926,0.0535651789188385,0.74975,0.7618
0,np_fixed,Vanilla NP,18,0.05317399901151657,0.05280861101150513,0.7585,0.7643
0,np_fixed,Vanilla NP,19,0.0517424830198288,0.051328897094726565,0.754,0.7691
0,np_fixed,Vanilla NP,20,0.05029475218057632,0.04986970795989037,0.76275,0.774
0,np_fixed,Vanilla NP,21,0.049730740278959275,0.04930706206560135,0.76875,0.784
0,np_fixed,Vanilla NP,22,0.049065259248018266,0.04857009313702583,0.77675,0.7946
0,np_fixed,Vanilla NP,23,0.04840876770019531,0.04794642596840858,0.77775,0.7956
0,np_fixed,Vanilla NP,24,0.047692919701337814,0.047204849362373354,0.77425,0.793
0,np_fixed,Vanilla NP,25,0.04697651958465576,0.046392119091749194,0.79725,0.8103
0,np_fixed,Vanilla NP,26,0.046317743599414825,0.04571801539063454,0.789,0.8058
0,np_fixed,Vanilla NP,27,0.04590252336859703,0.04529569863677025,0.78925,0.804
0,np_fixed,Vanilla NP,28,0.04523688414692879,0.04455760685205459,0.80375,0.8158
0,np_fixed,Vanilla NP,29,0.0453306634426117,0.04490501278042793,0.7835,0.7969
0,np_fixed,Vanilla NP,30,0.044941418319940564,0.044412432134151456,0.79975,0.8104
0,np_fixed,Vanilla NP,31,0.04477722468972206,0.04426849780678749,0.8095,0.8182
0,np_fixed,Vanilla NP,32,0.04432626387476921,0.04366143293976784,0.81625,0.8302
0,np_fixed,Vanilla NP,33,0.043831484884023664,0.04326813924908638,0.8195,0.8295
0,np_fixed,Vanilla NP,34,0.04336139446496964,0.04266363933086395,0.81175,0.8299
0,np_fixed,Vanilla NP,35,0.04305993077158928,0.04234200142621994,0.81025,0.8252
0,np_fixed,Vanilla NP,36,0.04291046327352524,0.04231875683069229,0.8065,0.8197
0,np_fixed,Vanilla NP,37,0.04186845999956131,0.04124309560656548,0.8205,0.8325
0,np_fixed,Vanilla NP,38,0.04175568786263466,0.04109425141215325,0.81775,0.8336
0,np_fixed,Vanilla NP,39,0.0414668493270874,0.04072308238148689,0.8075,0.8276
0,np_fixed,Vanilla NP,40,0.04098324391245842,0.04022973431944847,0.82075,0.8359
0,np_fixed,Vanilla NP,41,0.040200920969247815,0.03948079556822777,0.83325,0.8434
0,np_fixed,Vanilla NP,42,0.040326196253299716,0.03949664108157158,0.81925,0.8352
0,np_fixed,Vanilla NP,43,0.03987995913624764,0.039123921811580656,0.82325,0.8418
0,np_fixed,Vanilla NP,44,0.0399134239256382,0.039120952451229096,0.83025,0.8472
0,np_fixed,Vanilla NP,45,0.039336819022893904,0.03846387689113617,0.83725,0.8515
0,np_fixed,Vanilla NP,46,0.03926164078712464,0.03841931303739548,0.84225,0.8581
0,np_fixed,Vanilla NP,47,0.039103056758642195,0.03814923410415649,0.84075,0.857
0,np_fixed,Vanilla NP,48,0.038486304581165316,0.037699653857946394,0.83975,0.8532
0,np_fixed,Vanilla NP,49,0.03805468836426735,0.0371694463133812,0.838,0.8525
0,np_fixed,Vanilla NP,50,0.03808820566534996,0.03718116673231125,0.84375,0.8599
0,np_fixed,Vanilla NP,51,0.037920402079820635,0.037055506616830824,0.84825,0.8617
0,np_fixed,Vanilla NP,52,0.0377240532040596,0.03684596165418625,0.8385,0.8577
0,np_fixed,Vanilla NP,53,0.037386287748813626,0.03657150354981423,0.851,0.867
0,np_fixed,Vanilla NP,54,0.03762869229912758,0.03671231216192245,0.8415,0.8609
0,np_fixed,Vanilla NP,55,0.03671587920188904,0.035850881874561306,0.8545,0.8725
0,np_fixed,Vanilla NP,56,0.03663439860939979,0.035872377622127534,0.855,0.868
0,np_fixed,Vanilla NP,57,0.03658884674310684,0.03576869086027146,0.85475,0.8714
0,np_fixed,Vanilla NP,58,0.03665290734171867,0.03551022308468819,0.85275,0.869
0,np_fixed,Vanilla NP,59,0.036816606193780896,0.03595177182555199,0.84525,0.8623
0,np_fixed,Vanilla NP,60,0.03682932195067406,0.03579703897237778,0.84825,0.8671
0,np_fixed,Vanilla NP,61,0.036537304013967514,0.03541564785242081,0.84725,0.8696
0,np_fixed,Vanilla NP,62,0.035304918467998506,0.03436852748394013,0.865,0.8771
0,np_fixed,Vanilla NP,63,0.03608091881871223,0.03507506657242775,0.85825,0.8747
0,np_fixed,Vanilla NP,64,0.03507274335622788,0.03421117586493492,0.86075,0.8701
0,np_fixed,Vanilla NP,65,0.03519765540957451,0.03425720149874687,0.863,0.8726
0,np_fixed,Vanilla NP,66,0.034653468906879425,0.0337721451818943,0.862,0.8748
0,np_fixed,Vanilla NP,67,0.03477072992920876,0.03385436835289001,0.859,0.8764
0,np_fixed,Vanilla NP,68,0.03492052713036537,0.034038749414682386,0.85225,0.8665
0,np_fixed,Vanilla NP,69,0.03452603271603584,0.033593116456270215,0.8515,0.8681
0,np_fixed,Vanilla NP,70,0.034373262733221055,0.03346994296312332,0.86475,0.8788
0,np_fixed,Vanilla NP,71,0.03437777572870254,0.03358024411201477,0.86275,0.8741
0,np_fixed,Vanilla NP,72,0.03431886893510819,0.03346541125178337,0.85725,0.8707
0,np_fixed,Vanilla NP,73,0.03455629861354828,0.03359357804656029,0.8585,0.8735
0,np_fixed,Vanilla NP,74,0.03352970418334007,0.032625882506370545,0.85525,0.8746
0,np_fixed,Vanilla NP,75,0.03356300774216652,0.03280962708592415,0.86825,0.8807
0,np_fixed,Vanilla NP,76,0.03315508797764778,0.03218340843319893,0.868,0.8828
0,np_fixed,Vanilla NP,77,0.03231493815779686,0.031368656876683235,0.86725,0.8865
0,np_fixed,Vanilla NP,78,0.03195688876509666,0.03115575680732727,0.86925,0.8832
0,np_fixed,Vanilla NP,79,0.03252343073487282,0.031576493084430696,0.86825,0.884
0,np_fixed,Vanilla NP,80,0.032045666694641116,0.03117857423722744,0.873,0.8883
0,np_fixed,Vanilla NP,81,0.03188429567217827,0.031189915516972543,0.87,0.8852
0,np_fixed,Vanilla NP,82,0.032462695330381396,0.03171679567694664,0.8675,0.8779
0,np_fixed,Vanilla NP,83,0.03218033766746521,0.031290521034598354,0.865,0.883
0,np_fixed,Vanilla NP,84,0.032382713437080386,0.031512709069252014,0.873,0.8886
0,np_fixed,Vanilla NP,85,0.03177740409970284,0.030750329384207725,0.875,0.8863
0,np_fixed,Vanilla NP,86,0.03130191144347191,0.030457184654474258,0.8755,0.8865
0,np_fixed,Vanilla NP,87,0.03129372781515122,0.030411937838792803,0.87475,0.8874
0,np_fixed,Vanilla NP,88,0.030946944802999497,0.030042099699378013,0.87025,0.8867
0,np_fixed,Vanilla NP,89,0.031133609652519226,0.03029352948665619,0.87175,0.886
0,np_fixed,Vanilla NP,90,0.03117726945877075,0.03019902397096157,0.87075,0.8857
0,np_fixed,Vanilla NP,91,0.030929858982563018,0.03013363925218582,0.88,0.8901
0,np_fixed,Vanilla NP,92,0.031076212733983994,0.030005476838350295,0.868,0.8874
0,np_fixed,Vanilla NP,93,0.030387122973799707,0.02953589054644108,0.87775,0.8901
0,np_fixed,Vanilla NP,94,0.030999262779951096,0.030405881962180137,0.87575,0.8893
0,np_fixed,Vanilla NP,95,0.0302452479749918,0.029571862056851386,0.88375,0.8945
0,np_fixed,Vanilla NP,96,0.029676818013191223,0.028764092114567756,0.8755,0.8929
0,np_fixed,Vanilla NP,97,0.03039070811867714,0.02949528063237667,0.88,0.8896
0,np_fixed,Vanilla NP,98,0.029662419959902764,0.028635195332765578,0.878,0.8913
0,np_fixed,Vanilla NP,99,0.02883618316054344,0.027869003000855447,0.882,0.895
0,np_fixed,Vanilla NP,100,0.030170214131474495,0.029674063801765443,0.87875,0.8885
0,np_fixed,Vanilla NP,101,0.029597155392169953,0.02882797012925148,0.88,0.8929
0,np_fixed,Vanilla NP,102,0.03012531916797161,0.029287086936831474,0.87875,0.8943
0,np_fixed,Vanilla NP,103,0.03025524328649044,0.029237345713376998,0.8705,0.8856
0,np_fixed,Vanilla NP,104,0.029396020963788034,0.02870845200419426,0.8845,0.8946
0,np_fixed,Vanilla NP,105,0.028973813861608504,0.02812230493724346,0.87575,0.8918
0,np_fixed,Vanilla NP,106,0.028466654136776924,0.0276463247269392,0.88225,0.8935
0,np_fixed,Vanilla NP,107,0.028812508299946783,0.02795457697212696,0.88025,0.8968
0,np_fixed,Vanilla NP,108,0.028797788694500923,0.02791958291232586,0.87625,0.8915
0,np_fixed,Vanilla NP,109,0.02839091286063194,0.02733083003461361,0.87875,0.8946
0,np_fixed,Vanilla NP,110,0.028207920625805856,0.027309925138950347,0.88775,0.8993
0,np_fixed,Vanilla NP,111,0.02805959652364254,0.027050544759631156,0.88475,0.9021
0,np_fixed,Vanilla NP,112,0.02794641886651516,0.02693497779965401,0.88175,0.8938
0,np_fixed,Vanilla NP,113,0.0292214512526989,0.028176827827095987,0.87825,0.8956
0,np_fixed,Vanilla NP,114,0.02830526827275753,0.027447277742624284,0.884,0.8988
0,np_fixed,Vanilla NP,115,0.02857795540988445,0.02742659979760647,0.87825,0.8944
0,np_fixed,Vanilla NP,116,0.028216848582029344,0.02728784647285938,0.88525,0.8969
0,np_fixed,Vanilla NP,117,0.028528588861227035,0.02768797512948513,0.88425,0.895
0,np_fixed,Vanilla NP,118,0.027631011620163917,0.02680625660121441,0.88825,0.9002
0,np_fixed,Vanilla NP,119,0.027278892487287522,0.02626536617577076,0.88825,0.9002
0,np_fixed,Vanilla NP,120,0.028147384718060494,0.027300675410032272,0.88225,0.8966
0,np_fixed,Vanilla NP,121,0.02770165142416954,0.026695553877949713,0.8875,0.8991
0,np_fixed,Vanilla NP,122,0.027846658676862715,0.02682507309615612,0.8795,0.8946
0,np_fixed,Vanilla NP,123,0.027258143946528434,0.02645592876672745,0.88225,0.8971
0,np_fixed,Vanilla NP,124,0.027280596494674684,0.026326386696100237,0.88325,0.9007
0,np_fixed,Vanilla NP,125,0.027924668595194817,0.02705297951102257,0.8855,0.9013
0,np_fixed,Vanilla NP,126,0.028072139978408815,0.027458821988105776,0.881,0.8931
0,np_fixed,Vanilla NP,127,0.027369230598211287,0.026492957809567452,0.88175,0.8956
0,np_fixed,Vanilla NP,128,0.02749931088089943,0.02658626915216446,0.88325,0.8984
0,np_fixed,Vanilla NP,129,0.026946864351630212,0.02589197778403759,0.8815,0.9002
0,np_fixed,Vanilla NP,130,0.027512926399707795,0.02657285276055336,0.8825,0.8974
0,np_fixed,Vanilla NP,131,0.026922104120254517,0.025933373662829398,0.88,0.8975
0,np_fixed,Vanilla NP,132,0.027283169075846672,0.026516758811473848,0.88375,0.8982
0,np_fixed,Vanilla NP,133,0.026505408242344857,0.02559197381734848,0.8885,0.9031
0,np_fixed,Vanilla NP,134,0.026521275267004967,0.025620226621627808,0.88675,0.9019
0,np_fixed,Vanilla NP,135,0.027037417963147164,0.026248617267608642,0.88975,0.9027
0,np_fixed,Vanilla NP,136,0.026839249715209006,0.026138163790106774,0.88925,0.9023
0,np_fixed,Vanilla NP,137,0.026627239018678667,0.025827991497516634,0.8905,0.9039
0,np_fixed,Vanilla NP,138,0.02567965358495712,0.02476228570640087,0.89075,0.9031
0,np_fixed,Vanilla NP,139,0.02605556172132492,0.02519331334531307,0.8925,0.9064
0,np_fixed,Vanilla NP,140,0.025490121558308602,0.024473958668112753,0.8915,0.9046
0,np_fixed,Vanilla NP,141,0.02526902575790882,0.024400014194846154,0.88775,0.9024
0,np_fixed,Vanilla NP,142,0.02684992001950741,0.026008432427048683,0.886,0.8978
0,np_fixed,Vanilla NP,143,0.02608529880642891,0.02502289347052574,0.89025,0.9054
0,np_fixed,Vanilla NP,144,0.025904491186141968,0.024883834302425384,0.89325,0.9057
0,np_fixed,Vanilla NP,145,0.02595171718299389,0.02485058425962925,0.89275,0.9046
0,np_fixed,Vanilla NP,146,0.02576172399520874,0.024784333661198615,0.8875,0.9028
0,np_fixed,Vanilla NP,147,0.025707295417785644,0.024518777173757552,0.88675,0.9046
0,np_fixed,Vanilla NP,148,0.02514551496505737,0.024120705154538156,0.8975,0.9088
0,np_fixed,Vanilla NP,149,0.025832064315676688,0.024974804425239562,0.8955,0.9066
0,np_fixed,Vanilla NP,150,0.02493968389928341,0.02398577673137188,0.89525,0.9079
0,np_fixed,Vanilla NP,151,0.024554049015045164,0.02342825035452843,0.89525,0.909
0,np_fixed,Vanilla NP,152,0.024925923839211463,0.02385673207938671,0.89175,0.9078
0,np_fixed,Vanilla NP,153,0.024858751952648164,0.02391165502667427,0.8945,0.905
0,np_fixed,Vanilla NP,154,0.02426583343744278,0.023138423016667367,0.891,0.9097
0,np_fixed,Vanilla NP,155,0.0245451989620924,0.023510584023594856,0.89225,0.9089
0,np_fixed,Vanilla NP,156,0.024756164953112603,0.023894148245453835,0.89375,0.9082
0,np_fixed,Vanilla NP,157,0.025287496820092202,0.024005401581525802,0.8885,0.9068
0,np_fixed,Vanilla NP,158,0.024887947022914886,0.02392791730761528,0.891,0.907
0,np_fixed,Vanilla NP,159,0.024698007002472877,0.02368061245381832,0.8915,0.9067
0,np_fixed,Vanilla NP,160,0.024558559238910677,0.02362330536544323,0.8895,0.9068
0,np_fixed,Vanilla NP,161,0.024647707134485244,0.023749040988087652,0.89025,0.9041
0,np_fixed,Vanilla NP,162,0.024683105275034905,0.023543565061688424,0.89375,0.9073
0,np_fixed,Vanilla NP,163,0.023557733237743378,0.02251642110645771,0.8935,0.9097
0,np_fixed,Vanilla NP,164,0.02538716445863247,0.024573538064956664,0.89475,0.9068
0,np_fixed,Vanilla NP,165,0.023891897454857827,0.022827179312705993,0.894,0.9105
0,np_fixed,Vanilla NP,166,0.024839836865663528,0.023825291728973387,0.893,0.9085
0,np_fixed,Vanilla NP,167,0.02402540749311447,0.022934546914696693,0.89575,0.9125
0,np_fixed,Vanilla NP,168,0.024751839444041253,0.02371317413151264,0.897,0.9101
0,np_fixed,Vanilla NP,169,0.024243459805846215,0.023313190099596977,0.89025,0.906
0,np_fixed,Vanilla NP,170,0.02432184399664402,0.023368525061011315,0.89775,0.9121
0,np_fixed,Vanilla NP,171,0.024097717225551606,0.023168571466207506,0.894,0.9094
0,np_fixed,Vanilla NP,172,0.0235795369297266,0.02264674138724804,0.89775,0.9105
0,np_fixed,Vanilla NP,173,0.023508863732218742,0.02266244998574257,0.89725,0.9089
0,np_fixed,Vanilla NP,174,0.023677462965250015,0.022708087593317033,0.89925,0.9102
0,np_fixed,Vanilla NP,175,0.02462644937634468,0.023601463612914084,0.88775,0.9024
0,np_fixed,Vanilla NP,176,0.024345915630459784,0.02339478381574154,0.893,0.9052
0,np_fixed,Vanilla NP,177,0.023709567442536356,0.02300505605340004,0.8985,0.9084
0,np_fixed,Vanilla NP,178,0.024389908209443093,0.02363774257004261,0.8925,0.9077
0,np_fixed,Vanilla NP,179,0.02400863754749298,0.023197473081946373,0.8975,0.9065
0,np_fixed,Vanilla NP,180,0.023960538864135742,0.023043917620182038,0.901,0.9098
0,np_fixed,Vanilla NP,181,0.024384338796138764,0.023688470232486724,0.8995,0.9078
0,np_fixed,Vanilla NP,182,0.024196451216936112,0.023268433168530465,0.8995,0.9067
0,np_fixed,Vanilla NP,183,0.023520122110843658,0.022603177428245545,0.89925,0.9088
0,np_fixed,Vanilla NP,184,0.022869798809289934,0.02181711914241314,0.89725,0.9096
0,np_fixed,Vanilla NP,185,0.024117965057492256,0.023398023715615272,0.89475,0.9036
0,np_fixed,Vanilla NP,186,0.02422215835750103,0.023178140524029733,0.8995,0.9088
0,np_fixed,Vanilla NP,187,0.02351351012289524,0.022649400913715364,0.895,0.9103
0,np_fixed,Vanilla NP,188,0.023563647270202638,0.022574687245488168,0.89525,0.9067
0,np_fixed,Vanilla NP,189,0.023968692407011986,0.023070862871408464,0.90025,0.9113
0,np_fixed,Vanilla NP,190,0.023243541896343232,0.022426041823625564,0.8965,0.9113
0,np_fixed,Vanilla NP,191,0.02337649567425251,0.022397960555553435,0.896,0.9081
0,np_fixed,Vanilla NP,192,0.022548515558242797,0.02172181689143181,0.90425,0.9133
0,np_fixed,Vanilla NP,193,0.023153298825025558,0.022094751000404356,0.90025,0.9117
0,np_fixed,Vanilla NP,194,0.023182463124394415,0.02229718001484871,0.89825,0.9092
0,np_fixed,Vanilla NP,195,0.022895419478416442,0.021943343141674995,0.899,0.912
0,np_fixed,Vanilla NP,196,0.0235226374566555,0.02265860965549946,0.896,0.907
0,np_fixed,Vanilla NP,197,0.023774581000208853,0.02286263382732868,0.899,0.9118
0,np_fixed,Vanilla NP,198,0.024129024147987364,0.023101647558808325,0.9005,0.912
0,np_fixed,Vanilla NP,199,0.023029963985085486,0.021849644508957863,0.90025,0.9131
0,np_fixed,Vanilla NP,200,0.023716098576784132,0.022700911688804625,0.89775,0.9101
0,np_fixed,Vanilla NP,201,0.02319817055761814,0.022309693548083306,0.89625,0.9102
0,np_fixed,Vanilla NP,202,0.023500458285212515,0.022350322514772415,0.89525,0.9111
0,np_fixed,Vanilla NP,203,0.022980178996920585,0.021782985457777976,0.8985,0.912
0,np_fixed,Vanilla NP,204,0.023664820849895477,0.022717662036418916,0.89825,0.9086
0,np_fixed,Vanilla NP,205,0.02209590308368206,0.021196196308732033,0.905,0.9135
0,np_fixed,Vanilla NP,206,0.023194956868886948,0.022229570072889327,0.901,0.9128
0,np_fixed,Vanilla NP,207,0.024355901315808295,0.023349407184123993,0.8965,0.9095
0,np_fixed,Vanilla NP,208,0.023704537957906724,0.02278102369904518,0.9,0.9125
0,np_fixed,Vanilla NP,209,0.026926828652620315,0.026046564584970473,0.89125,0.906
0,np_fixed,Vanilla NP,210,0.02348674403131008,0.022636850908398627,0.89875,0.9088
0,np_fixed,Vanilla NP,211,0.021988728418946266,0.02097208128273487,0.8965,0.9112
0,np_fixed,Vanilla NP,212,0.023906154438853265,0.022956240886449812,0.8965,0.9115
0,np_fixed,Vanilla NP,213,0.022459170788526536,0.021349639844894408,0.8975,0.909
0,np_fixed,Vanilla NP,214,0.023892647072672843,0.022787449327111246,0.89225,0.9021
0,np_fixed,Vanilla NP,215,0.022320670425891875,0.021104621538519858,0.89725,0.9114
0,np_fixed,Vanilla NP,216,0.0214379623234272,0.020246030324697493,0.901,0.9146
0,np_fixed,Vanilla NP,217,0.02244188843667507,0.02154670605659485,0.9015,0.9123
0,np_fixed,Vanilla NP,218,0.022491548702120782,0.021622163677215575,0.901,0.9107
0,np_fixed,Vanilla NP,219,0.022961454063653946,0.022035523524880408,0.90375,0.9159
0,np_fixed,Vanilla NP,220,0.023103670254349708,0.022276799497008323,0.901,0.9085
0,np_fixed,Vanilla NP,221,0.022213707193732262,0.02125358613729477,0.902,0.9152
0,np_fixed,Vanilla NP,222,0.021856643110513687,0.020990407568216324,0.9015,0.9142
0,np_fixed,Vanilla NP,223,0.021738434463739395,0.020892464300990104,0.90525,0.9154
0,np_fixed,Vanilla NP,224,0.021373931527137756,0.020221284887194633,0.9,0.9151
0,np_fixed,Vanilla NP,225,0.022697152197360994,0.021734015318751337,0.90425,0.9158
0,np_fixed,Vanilla NP,226,0.02249493207037449,0.021631899866461753,0.905,0.9158
0,np_fixed,Vanilla NP,227,0.021349499359726905,0.02041432494521141,0.90625,0.9152
0,np_fixed,Vanilla NP,228,0.022115226805210112,0.02121318282485008,0.89975,0.9125
0,np_fixed,Vanilla NP,229,0.022470820739865303,0.02157847363948822,0.902,0.9155
0,np_fixed,Vanilla NP,230,0.022464875265955926,0.021822730392217635,0.905,0.915
0,np_fixed,Vanilla NP,231,0.021906005427241325,0.020869614166021348,0.90225,0.9162
0,np_fixed,Vanilla NP,232,0.021813916578888894,0.02089257541000843,0.903,0.9118
0,np_fixed,Vanilla NP,233,0.021633494570851328,0.020643240651488304,0.9055,0.9156
0,np_fixed,Vanilla NP,234,0.024236818954348566,0.023194145995378494,0.90875,0.9183
0,np_fixed,Vanilla NP,235,0.021031861156225205,0.020057256150245666,0.90525,0.9154
0,np_fixed,Vanilla NP,236,0.021210015535354614,0.020434960466623308,0.9055,0.9151
0,np_fixed,Vanilla NP,237,0.02179814623296261,0.020802999597787857,0.90225,0.9133
0,np_fixed,Vanilla NP,238,0.02195483024418354,0.020959229630231856,0.9065,0.9151
0,np_fixed,Vanilla NP,239,0.02244396834075451,0.021483179011940957,0.8995,0.9136
0,np_fixed,Vanilla NP,240,0.02241354037821293,0.02156904706954956,0.90775,0.9184
0,np_fixed,Vanilla NP,241,0.022654383331537246,0.021583497428894042,0.90275,0.9166
0,np_fixed,Vanilla NP,242,0.02200349985063076,0.020994143763184547,0.9045,0.9147
0,np_fixed,Vanilla NP,243,0.022733347281813622,0.021748171123862268,0.90675,0.9174
0,np_fixed,Vanilla NP,244,0.02099496924877167,0.02004034585952759,0.90725,0.9187
0,np_fixed,Vanilla NP,245,0.021625046133995057,0.020749985599517823,0.907,0.9172
0,np_fixed,Vanilla NP,246,0.02116588458418846,0.020271850016713142,0.912,0.9175
0,np_fixed,Vanilla NP,247,0.020990691855549814,0.01988807769417763,0.907,0.916
0,np_fixed,Vanilla NP,248,0.021161277040839196,0.020072591948509216,0.9065,0.9181
0,np_fixed,Vanilla NP,249,0.022051744356751442,0.021138677555322647,0.90625,0.9184
0,np_fixed,Vanilla NP,250,0.021339877724647523,0.020370781058073044,0.90825,0.9202
0,np_fixed,Vanilla NP,251,0.021855023384094237,0.020750868770480158,0.90775,0.9174
0,np_fixed,Vanilla NP,252,0.02290441410243511,0.022030066391825677,0.89925,0.909
0,np_fixed,Vanilla NP,253,0.021209495961666106,0.0200997297167778,0.907,0.9211
0,np_fixed,Vanilla NP,254,0.02207137031853199,0.021255090123414994,0.90925,0.9202
0,np_fixed,Vanilla NP,255,0.02170549438893795,0.020560055366158486,0.906,0.9203
0,np_fixed,Vanilla NP,256,0.023053255259990694,0.02204895178973675,0.906,0.9197
0,np_fixed,Vanilla NP,257,0.022504560708999633,0.02157590815126896,0.908,0.9196
0,np_fixed,Vanilla NP,258,0.022054786428809165,0.021065881165862083,0.9055,0.9192
0,np_fixed,Vanilla NP,259,0.02104231883585453,0.019961223113536836,0.9055,0.9216
0,np_fixed,Vanilla NP,260,0.02107204221189022,0.020135698401927946,0.906,0.918
0,np_fixed,Vanilla NP,261,0.020496479213237762,0.019595947399735452,0.911,0.9197
0,np_fixed,Vanilla NP,262,0.021276468768715858,0.020286409711837768,0.90425,0.9175
0,np_fixed,Vanilla NP,263,0.020747632071375848,0.019807647886872292,0.912,0.9205
0,np_fixed,Vanilla NP,264,0.021000753059983255,0.020018359249830246,0.90925,0.9202
0,np_fixed,Vanilla NP,265,0.021518610179424285,0.020562492695450782,0.9085,0.9205
0,np_fixed,Vanilla NP,266,0.021281880646944046,0.020298243126273156,0.90775,0.9176
0,np_fixed,Vanilla NP,267,0.020546443790197374,0.019571199229359626,0.91125,0.922
0,np_fixed,Vanilla NP,268,0.021690184772014617,0.02063812332749367,0.911,0.9189
0,np_fixed,Vanilla NP,269,0.02093336308002472,0.019890107011795045,0.91025,0.9213
0,np_fixed,Vanilla NP,270,0.02156068901717663,0.02059258781671524,0.90775,0.9172
0,np_fixed,Vanilla NP,271,0.020959500938653945,0.02005315646827221,0.9105,0.9192
0,np_fixed,Vanilla NP,272,0.020322882205247878,0.019584260651469232,0.91,0.9189
0,np_fixed,Vanilla NP,273,0.021102478429675102,0.020037389585375785,0.909,0.9192
0,np_fixed,Vanilla NP,274,0.02100372976064682,0.02003366763293743,0.90675,0.9215
0,np_fixed,Vanilla NP,275,0.02063779626786709,0.019702185374498367,0.909,0.9184
0,np_fixed,Vanilla NP,276,0.020532801494002342,0.019557394498586653,0.90975,0.9165
0,np_fixed,Vanilla NP,277,0.019772950828075408,0.018770297464728355,0.91175,0.9229
0,np_fixed,Vanilla NP,278,0.02097047087550163,0.020216511231660843,0.9115,0.919
0,np_fixed,Vanilla NP,279,0.020382896319031715,0.019405246651172638,0.90925,0.9195
0,np_fixed,Vanilla NP,280,0.021204597905278205,0.020162764009833335,0.908,0.9201
0,np_fixed,Vanilla NP,281,0.021076480835676193,0.020055174630880357,0.911,0.9251
0,np_fixed,Vanilla NP,282,0.02063588446378708,0.019574815633893013,0.907,0.9223
0,np_fixed,Vanilla NP,283,0.020136068895459176,0.019191222429275512,0.9095,0.922
0,np_fixed,Vanilla NP,284,0.021338226050138475,0.020543433448672294,0.91,0.918
0,np_fixed,Vanilla NP,285,0.020343913808465005,0.019391636520624162,0.90875,0.9214
0,np_fixed,Vanilla NP,286,0.020776326075196267,0.01989311037361622,0.9085,0.9202
0,np_fixed,Vanilla NP,287,0.020476381108164788,0.01971751164793968,0.91175,0.9192
0,np_fixed,Vanilla NP,288,0.02038657906651497,0.019386298668384552,0.909,0.9213
0,np_fixed,Vanilla NP,289,0.020186109483242034,0.01919164273738861,0.90675,0.9203
0,np_fixed,Vanilla NP,290,0.02088850265741348,0.019920702189207076,0.91,0.9211
0,np_fixed,Vanilla NP,291,0.019434277430176734,0.01848050988614559,0.9095,0.924
0,np_fixed,Vanilla NP,292,0.02096303515136242,0.020061409783363342,0.9105,0.9188
0,np_fixed,Vanilla NP,293,0.02165083160996437,0.020755322194099427,0.9055,0.9157
0,np_fixed,Vanilla NP,294,0.02194362045824528,0.021098325872421265,0.90875,0.9175
0,np_fixed,Vanilla NP,295,0.02027872411906719,0.01907728196978569,0.90875,0.9199
0,np_fixed,Vanilla NP,296,0.021153535112738608,0.02040481796860695,0.9105,0.9165
0,np_fixed,Vanilla NP,297,0.019788408920168876,0.01880728489458561,0.908,0.9212
0,np_fixed,Vanilla NP,298,0.02095664383471012,0.0199217892318964,0.91075,0.9204
0,np_fixed,Vanilla NP,299,0.0203373354524374,0.01938400649726391,0.90725,0.9161
0,np_fixed,Vanilla NP,300,0.020066095367074013,0.018999072918295862,0.909,0.9217
0,np_fixed,Vanilla NP,301,0.020704717323184012,0.019682484829425813,0.91,0.9234
0,np_fixed,Vanilla NP,302,0.020206383556127548,0.019173605850338934,0.91,0.9205
0,np_fixed,Vanilla NP,303,0.02359987449645996,0.02289362377822399,0.908,0.9201
0,np_fixed,Vanilla NP,304,0.022464526295661928,0.021345857614278794,0.90675,0.9209
0,np_fixed,Vanilla NP,305,0.020491970911622047,0.019388349264860154,0.90725,0.9209
0,np_fixed,Vanilla NP,306,0.021106183364987374,0.02011291261315346,0.90825,0.9199
0,np_fixed,Vanilla NP,307,0.01985245157778263,0.0187384918063879,0.90975,0.921
0,np_fixed,Vanilla NP,308,0.02072998383641243,0.01956712855696678,0.907,0.9182
0,np_fixed,Vanilla NP,309,0.020205813109874727,0.019087374705076217,0.9085,0.917
0,np_fixed,Vanilla NP,310,0.021042473554611207,0.01994377191066742,0.909,0.9221
0,np_fixed,Vanilla NP,311,0.02126108591258526,0.020366892465949058,0.90475,0.9183
0,np_fixed,Vanilla NP,312,0.020560023590922356,0.019371767449378966,0.90975,0.9227
0,np_fixed,Vanilla NP,313,0.02158900015056133,0.020434734529256822,0.90275,0.9201
0,np_fixed,Vanilla NP,314,0.020824617609381677,0.019622318211197854,0.9035,0.9208
0,np_fixed,Vanilla NP,315,0.0203053278028965,0.019272052186727524,0.906,0.9197
0,np_fixed,Vanilla NP,316,0.019960336849093437,0.018955568066239357,0.914,0.9212
0,np_fixed,Vanilla NP,317,0.02036961479485035,0.0193080962985754,0.9115,0.92
0,np_fixed,Vanilla NP,318,0.021776645630598068,0.02074448457956314,0.908,0.9217
0,np_fixed,Vanilla NP,319,0.020361296370625497,0.019252479085326193,0.908,0.9214
0,np_fixed,Vanilla NP,320,0.02016789597272873,0.019021694180369378,0.907,0.9177
0,np_fixed,Vanilla NP,321,0.02151893736422062,0.020575234991312027,0.9045,0.918
0,np_fixed,Vanilla NP,322,0.019502879112958907,0.018452222448587418,0.913,0.9242
0,np_fixed,Vanilla NP,323,0.021133929803967475,0.02010266495049,0.9115,0.9221
0,np_fixed,Vanilla NP,324,0.019488940089941023,0.018370819622278215,0.9135,0.9248
0,np_fixed,Vanilla NP,325,0.019093336418271066,0.01801744549870491,0.91375,0.9226
0,np_fixed,Vanilla NP,326,0.019452850356698036,0.01854710649549961,0.91175,0.9243
0,np_fixed,Vanilla NP,327,0.0204888234436512,0.01945072922706604,0.91475,0.9266
0,np_fixed,Vanilla NP,328,0.020069440066814423,0.01905786946117878,0.91425,0.9243
0,np_fixed,Vanilla NP,329,0.020872665867209435,0.019942051222920417,0.911,0.9242
0,np_fixed,Vanilla NP,330,0.02047596774995327,0.019586733916401863,0.9125,0.9254
0,np_fixed,Vanilla NP,331,0.019788071393966676,0.018883229121565818,0.9105,0.9212
0,np_fixed,Vanilla NP,332,0.01965818816423416,0.018615815922617913,0.91425,0.9264
0,np_fixed,Vanilla NP,333,0.018815433025360106,0.01771240403354168,0.9145,0.9264
0,np_fixed,Vanilla NP,334,0.019020409569144248,0.017829489296674727,0.914,0.928
0,np_fixed,Vanilla NP,335,0.01937860459089279,0.01845691717863083,0.9155,0.9242
0,np_fixed,Vanilla NP,336,0.020364337161183358,0.01940758543610573,0.91525,0.9237
0,np_fixed,Vanilla NP,337,0.019639945179224013,0.018598503217101096,0.91425,0.9246
0,np_fixed,Vanilla NP,338,0.020160054177045823,0.019190964487195015,0.91125,0.9239
0,np_fixed,Vanilla NP,339,0.020119444072246553,0.019185584914684296,0.913,0.9253
0,np_fixed,Vanilla NP,340,0.019483857348561288,0.01848263534605503,0.90925,0.9205
0,np_fixed,Vanilla NP,341,0.019469812199473382,0.018347527840733527,0.90775,0.9216
0,np_fixed,Vanilla NP,342,0.019442174553871153,0.018335695445537568,0.91125,0.9262
0,np_fixed,Vanilla NP,343,0.018961730912327765,0.017848096725344657,0.91375,0.9244
0,np_fixed,Vanilla NP,344,0.019025457829236984,0.017939490285515784,0.9155,0.9254
0,np_fixed,Vanilla NP,345,0.01950992740690708,0.018361323073506356,0.91125,0.9234
0,np_fixed,Vanilla NP,346,0.01919699829816818,0.018071673467755317,0.916,0.9265
0,np_fixed,Vanilla NP,347,0.019334391087293627,0.0180738377481699,0.91375,0.9285
0,np_fixed,Vanilla NP,348,0.019200646013021468,0.01815027050077915,0.91225,0.9239
0,np_fixed,Vanilla NP,349,0.019600352391600608,0.01846062174141407,0.91325,0.9272
0,np_fixed,Vanilla NP,350,0.01950681944191456,0.018580668112635614,0.91625,0.9291
0,np_fixed,Vanilla NP,351,0.019362237006425857,0.018357461762428282,0.91375,0.924
0,np_fixed,Vanilla NP,352,0.019013576596975328,0.01807986686527729,0.91375,0.9228
0,np_fixed,Vanilla NP,353,0.01943909303843975,0.018594267868995668,0.91425,0.9225
0,np_fixed,Vanilla NP,354,0.021043033331632613,0.020230763727426528,0.91175,0.9202
0,np_fixed,Vanilla NP,355,0.02051002648472786,0.019619368016719818,0.91075,0.9232
0,np_fixed,Vanilla NP,356,0.019940063416957855,0.019009743520617486,0.912,0.9247
0,np_fixed,Vanilla NP,357,0.019826976791024208,0.018947816973924638,0.91675,0.9281
0,np_fixed,Vanilla NP,358,0.019084625840187074,0.018082266679406166,0.9125,0.9224
0,np_fixed,Vanilla NP,359,0.01952659012377262,0.018625542375445364,0.917,0.9272
0,np_fixed,Vanilla NP,360,0.020037589073181154,0.01902132468223572,0.91375,0.9274
0,np_fixed,Vanilla NP,361,0.01862684020400047,0.017744210171699522,0.91675,0.9257
0,np_fixed,Vanilla NP,362,0.0188050784021616,0.017996537059545518,0.91675,0.9248
0,np_fixed,Vanilla NP,363,0.018605356335639953,0.01759829575121403,0.9095,0.9229
0,np_fixed,Vanilla NP,364,0.020474671468138694,0.019509945118427276,0.90925,0.9254
0,np_fixed,Vanilla NP,365,0.01855163885653019,0.01773330661356449,0.908,0.9234
0,np_fixed,Vanilla NP,366,0.01891856028139591,0.01799774651825428,0.91525,0.9264
0,np_fixed,Vanilla NP,367,0.018688887655735016,0.01776395950317383,0.91275,0.9247
0,np_fixed,Vanilla NP,368,0.019865740686655045,0.019025725790858268,0.90975,0.922
0,np_fixed,Vanilla NP,369,0.019176045343279838,0.018371959918737413,0.9125,0.9237
0,np_fixed,Vanilla NP,370,0.02015186820924282,0.019376197490096093,0.9145,0.9267
0,np_fixed,Vanilla NP,371,0.019409225687384606,0.018560145062208176,0.91625,0.9258
0,np_fixed,Vanilla NP,372,0.018995543822646142,0.018068794280290602,0.91575,0.9271
0,np_fixed,Vanilla NP,373,0.01988506093621254,0.019025865444540976,0.9115,0.9218
0,np_fixed,Vanilla NP,374,0.019531782686710356,0.018604553586244583,0.911,0.9237
0,np_fixed,Vanilla NP,375,0.018277950584888458,0.01718420620262623,0.91475,0.9265
0,np_fixed,Vanilla NP,376,0.018823747262358664,0.01788980960547924,0.914,0.9236
0,np_fixed,Vanilla NP,377,0.019764385744929315,0.01883549306690693,0.91375,0.9223
0,np_fixed,Vanilla NP,378,0.019335839211940764,0.01856981710791588,0.913,0.924
0,np_fixed,Vanilla NP,379,0.018793925166130068,0.017799876722693442,0.9205,0.929
0,np_fixed,Vanilla NP,380,0.018380849525332452,0.01746409233212471,0.9165,0.9246
0,np_fixed,Vanilla NP,381,0.01829705783724785,0.01741941312253475,0.91125,0.9285
0,np_fixed,Vanilla NP,382,0.018862454116344452,0.01801973876953125,0.91275,0.9246
0,np_fixed,Vanilla NP,383,0.018123034954071044,0.017156245470047,0.91475,0.9248
0,np_fixed,Vanilla NP,384,0.018888453617691994,0.017964529114961623,0.91825,0.9287
0,np_fixed,Vanilla NP,385,0.01862026257812977,0.01765420731008053,0.91475,0.9283
0,np_fixed,Vanilla NP,386,0.01826233060657978,0.01738362157046795,0.913,0.9244
0,np_fixed,Vanilla NP,387,0.018217718198895453,0.01728273711204529,0.9135,0.9282
0,np_fixed,Vanilla NP,388,0.018256033793091774,0.01738073537349701,0.91675,0.9299
0,np_fixed,Vanilla NP,389,0.018467883020639418,0.017570387127995492,0.919,0.9288
0,np_fixed,Vanilla NP,390,0.0178206003010273,0.016902069729566573,0.91825,0.9268
0,np_fixed,Vanilla NP,391,0.018523597076535225,0.01761071882247925,0.9195,0.9279
0,np_fixed,Vanilla NP,392,0.017942608892917634,0.01686137956380844,0.922,0.9299
0,np_fixed,Vanilla NP,393,0.018587323173880576,0.017421263501048088,0.91325,0.9296
0,np_fixed,Vanilla NP,394,0.01873746420443058,0.01773740239441395,0.91325,0.9243
0,np_fixed,Vanilla NP,395,0.01859581758081913,0.017577655106782913,0.91575,0.9265
0,np_fixed,Vanilla NP,396,0.01842000637948513,0.017399911373853685,0.91125,0.9263
0,np_fixed,Vanilla NP,397,0.018014788165688515,0.017029874843358994,0.91425,0.9258
0,np_fixed,Vanilla NP,398,0.018153125077486038,0.017091264578700065,0.91375,0.9296
0,np_fixed,Vanilla NP,399,0.01889125341176987,0.017652989304065704,0.9135,0.9286
0,np_fixed,Vanilla NP,400,0.018964485347270965,0.01798288562297821,0.9145,0.9271
0,np_fan_in,Fan-in NP,1,0.08831886225938797,0.08820176014900208,0.2665,0.2648
0,np_fan_in,Fan-in NP,2,0.08465481865406037,0.08447407624721527,0.4195,0.4156
0,np_fan_in,Fan-in NP,3,0.08037471330165863,0.08012187937498093,0.531,0.5301
0,np_fan_in,Fan-in NP,4,0.07621148300170899,0.07585237083435059,0.59325,0.5988
0,np_fan_in,Fan-in NP,5,0.07173272609710693,0.07135889765024185,0.6165,0.62
0,np_fan_in,Fan-in NP,6,0.0673886708021164,0.06699875024557114,0.6535,0.6669
0,np_fan_in,Fan-in NP,7,0.06292651402950288,0.06245879490375519,0.69125,0.6938
0,np_fan_in,Fan-in NP,8,0.05996161890029907,0.05956293622851372,0.70025,0.707
0,np_fan_in,Fan-in NP,9,0.057415688067674636,0.05702627679109573,0.72875,0.7328
0,np_fan_in,Fan-in NP,10,0.05472676485776901,0.0543575393140316,0.743,0.7525
0,np_fan_in,Fan-in NP,11,0.05260855892300606,0.052144806432724,0.764,0.7768
0,np_fan_in,Fan-in NP,12,0.05108170381188393,0.050593471139669416,0.7835,0.7871
0,np_fan_in,Fan-in NP,13,0.049276835322380065,0.04877203850746155,0.75425,0.7692
0,np_fan_in,Fan-in NP,14,0.04739077499508858,0.04692575288414955,0.78325,0.7901
0,np_fan_in,Fan-in NP,15,0.046946270167827604,0.0465524365067482,0.7995,0.8083
0,np_fan_in,Fan-in NP,16,0.046077091336250306,0.045557015764713285,0.793,0.8038
0,np_fan_in,Fan-in NP,17,0.04454838141798973,0.04388669037818909,0.7965,0.8065
0,np_fan_in,Fan-in NP,18,0.04434767079353333,0.043788419890403746,0.79975,0.8106
0,np_fan_in,Fan-in NP,19,0.04337421855330467,0.042661570209264754,0.801,0.815
0,np_fan_in,Fan-in NP,20,0.041975613057613374,0.041174894362688064,0.80575,0.8204
0,np_fan_in,Fan-in NP,21,0.042400716364383695,0.041701784902811054,0.818,0.8313
0,np_fan_in,Fan-in NP,22,0.0414588123857975,0.0406373142182827,0.8375,0.8453
0,np_fan_in,Fan-in NP,23,0.04106993737816811,0.04034706342220307,0.8255,0.84
0,np_fan_in,Fan-in NP,24,0.03997594076395035,0.039087513548135756,0.8065,0.8222
0,np_fan_in,Fan-in NP,25,0.03951312336325646,0.0386466450214386,0.8385,0.8517
0,np_fan_in,Fan-in NP,26,0.03877943530678749,0.0378460517168045,0.8415,0.8497
0,np_fan_in,Fan-in NP,27,0.038113470464944836,0.03715283194184303,0.82575,0.8381
0,np_fan_in,Fan-in NP,28,0.037445345133543015,0.03661727201938629,0.84225,0.851
0,np_fan_in,Fan-in NP,29,0.03813759618997574,0.037374129450321196,0.83775,0.8457
0,np_fan_in,Fan-in NP,30,0.03736545094847679,0.03664601874947548,0.8465,0.8538
0,np_fan_in,Fan-in NP,31,0.03721586972475052,0.036382690012454984,0.8475,0.8589
0,np_fan_in,Fan-in NP,32,0.036437270939350126,0.03556740607023239,0.85425,0.8669
0,np_fan_in,Fan-in NP,33,0.036058278888463975,0.03538027680516243,0.85425,0.8673
0,np_fan_in,Fan-in NP,34,0.035271794587373735,0.0343348707139492,0.8575,0.87
0,np_fan_in,Fan-in NP,35,0.035079321086406705,0.034262034273147585,0.85075,0.8624
0,np_fan_in,Fan-in NP,36,0.03453979489207268,0.03364819521903992,0.8625,0.8717
0,np_fan_in,Fan-in NP,37,0.03386988243460655,0.03306349692344666,0.8685,0.8785
0,np_fan_in,Fan-in NP,38,0.03439554443955421,0.033633919084072116,0.85325,0.864
0,np_fan_in,Fan-in NP,39,0.03387741521000862,0.03294217275381088,0.85375,0.8691
0,np_fan_in,Fan-in NP,40,0.03344274204969406,0.032584637022018435,0.85275,0.8708
0,np_fan_in,Fan-in NP,41,0.03309317225217819,0.03214744645357132,0.86,0.8781
0,np_fan_in,Fan-in NP,42,0.03242115941643715,0.03144656014144421,0.86,0.8718
0,np_fan_in,Fan-in NP,43,0.03210343188047409,0.031140133115649223,0.86075,0.8757
0,np_fan_in,Fan-in NP,44,0.03159440010786056,0.030495920646190642,0.86725,0.8825
0,np_fan_in,Fan-in NP,45,0.031914619505405424,0.031020407491922378,0.865,0.8828
0,np_fan_in,Fan-in NP,46,0.031336064338684085,0.030338477155566215,0.87325,0.8834
0,np_fan_in,Fan-in NP,47,0.031177426129579543,0.030090917432308198,0.86925,0.8877
0,np_fan_in,Fan-in NP,48,0.031155193775892258,0.030394596445560456,0.87175,0.8832
0,np_fan_in,Fan-in NP,49,0.029926690444350243,0.028996939605474472,0.8695,0.8866
0,np_fan_in,Fan-in NP,50,0.03071002107858658,0.029755879962444304,0.87575,0.8915
0,np_fan_in,Fan-in NP,51,0.02990254281461239,0.029023263469338416,0.874,0.8912
0,np_fan_in,Fan-in NP,52,0.030732680201530457,0.029752980557084082,0.86875,0.8838
0,np_fan_in,Fan-in NP,53,0.029782267928123475,0.028794512721896173,0.87425,0.8907
0,np_fan_in,Fan-in NP,54,0.03196759837865829,0.031059035471081735,0.86675,0.8862
0,np_fan_in,Fan-in NP,55,0.030216118216514588,0.02927199210822582,0.87925,0.893
0,np_fan_in,Fan-in NP,56,0.029505513101816178,0.02856674619913101,0.87475,0.8901
0,np_fan_in,Fan-in NP,57,0.02936661721765995,0.02853928729593754,0.872,0.8911
0,np_fan_in,Fan-in NP,58,0.029548732101917267,0.028474680146574973,0.87475,0.8944
0,np_fan_in,Fan-in NP,59,0.029792483374476434,0.02880945797264576,0.87425,0.8871
0,np_fan_in,Fan-in NP,60,0.030466095075011253,0.02943608402013779,0.87225,0.8905
0,np_fan_in,Fan-in NP,61,0.029874317213892936,0.028745929801464083,0.871,0.8934
0,np_fan_in,Fan-in NP,62,0.028069551035761833,0.02711982999444008,0.8795,0.8966
0,np_fan_in,Fan-in NP,63,0.027711748510599137,0.026757257598638534,0.88425,0.8973
0,np_fan_in,Fan-in NP,64,0.02719219025969505,0.026237325036525726,0.87875,0.8967
0,np_fan_in,Fan-in NP,65,0.027091882199048997,0.026003785628080367,0.883,0.8962
0,np_fan_in,Fan-in NP,66,0.026834571242332458,0.025888311806321142,0.87975,0.8943
0,np_fan_in,Fan-in NP,67,0.028174094796180726,0.027320929047465324,0.87725,0.888
0,np_fan_in,Fan-in NP,68,0.027841973707079887,0.027024606615304946,0.87625,0.8917
0,np_fan_in,Fan-in NP,69,0.02692440961301327,0.025807406121492387,0.87525,0.8921
0,np_fan_in,Fan-in NP,70,0.026380674570798873,0.02546355152130127,0.8835,0.896
0,np_fan_in,Fan-in NP,71,0.027281631261110304,0.02625371984243393,0.87675,0.8974
0,np_fan_in,Fan-in NP,72,0.027752047896385194,0.026753370103240012,0.877,0.8923
0,np_fan_in,Fan-in NP,73,0.027438133627176283,0.0264463562220335,0.88225,0.8981
0,np_fan_in,Fan-in NP,74,0.02699157592654228,0.026033233052492142,0.8815,0.8999
0,np_fan_in,Fan-in NP,75,0.027087488889694214,0.026294721376895903,0.88525,0.901
0,np_fan_in,Fan-in NP,76,0.026437957376241685,0.025411205264925955,0.88425,0.8963
0,np_fan_in,Fan-in NP,77,0.02494781932234764,0.02385892556011677,0.8875,0.9029
0,np_fan_in,Fan-in NP,78,0.024629138365387916,0.023667452630400657,0.88575,0.9022
0,np_fan_in,Fan-in NP,79,0.027372255876660347,0.026235641530156135,0.88025,0.8977
0,np_fan_in,Fan-in NP,80,0.025313660234212877,0.02446107800900936,0.89175,0.901
0,np_fan_in,Fan-in NP,81,0.024881228670477866,0.024168038281798362,0.89225,0.9015
0,np_fan_in,Fan-in NP,82,0.026767750293016434,0.025918975180387497,0.88425,0.8944
0,np_fan_in,Fan-in NP,83,0.02619480662047863,0.02516790383756161,0.8845,0.8992
0,np_fan_in,Fan-in NP,84,0.025925537556409837,0.02514898101389408,0.891,0.9021
0,np_fan_in,Fan-in NP,85,0.02506113946437836,0.024013697770237923,0.8895,0.9026
0,np_fan_in,Fan-in NP,86,0.02447499091923237,0.02345034981369972,0.8935,0.9049
0,np_fan_in,Fan-in NP,87,0.02382437913119793,0.022749293076992035,0.89375,0.9053
0,np_fan_in,Fan-in NP,88,0.02383209390938282,0.022795841744542123,0.89,0.9038
0,np_fan_in,Fan-in NP,89,0.02390337859094143,0.02287926541864872,0.89525,0.9055
0,np_fan_in,Fan-in NP,90,0.02417320790886879,0.023190838846564293,0.8885,0.9038
0,np_fan_in,Fan-in NP,91,0.023866798654198648,0.02288871411383152,0.88775,0.904
0,np_fan_in,Fan-in NP,92,0.024549714148044587,0.023570373570919036,0.88875,0.9061
0,np_fan_in,Fan-in NP,93,0.023789647668600082,0.02293029991388321,0.88825,0.9045
0,np_fan_in,Fan-in NP,94,0.024599349930882454,0.02380477402806282,0.89125,0.9054
0,np_fan_in,Fan-in NP,95,0.023705858930945397,0.022950969260931015,0.89325,0.9043
0,np_fan_in,Fan-in NP,96,0.023291594311594964,0.02228871698975563,0.896,0.9085
0,np_fan_in,Fan-in NP,97,0.02504872539639473,0.024086344587802885,0.89575,0.9056
0,np_fan_in,Fan-in NP,98,0.023220198288559913,0.022254335823655127,0.8995,0.911
0,np_fan_in,Fan-in NP,99,0.022643267661333084,0.021526711344718934,0.8985,0.9106
0,np_fan_in,Fan-in NP,100,0.02399918732047081,0.02327552030980587,0.894,0.9041
0,np_fan_in,Fan-in NP,101,0.023489353582262992,0.022555541428923607,0.8915,0.9019
0,np_fan_in,Fan-in NP,102,0.02445413576066494,0.023357264944911003,0.89525,0.9064
0,np_fan_in,Fan-in NP,103,0.024291297674179077,0.02316637981235981,0.89475,0.9075
0,np_fan_in,Fan-in NP,104,0.02295589043200016,0.02199358836710453,0.89775,0.9106
0,np_fan_in,Fan-in NP,105,0.023155828684568405,0.02201447341442108,0.89775,0.9094
0,np_fan_in,Fan-in NP,106,0.021962530240416528,0.020886603924632072,0.9025,0.911
0,np_fan_in,Fan-in NP,107,0.022529906421899795,0.02144558283984661,0.89625,0.9095
0,np_fan_in,Fan-in NP,108,0.021969645619392394,0.020960095897316934,0.89575,0.9069
0,np_fan_in,Fan-in NP,109,0.022623336896300316,0.021444759657979012,0.89875,0.9123
0,np_fan_in,Fan-in NP,110,0.022547123700380325,0.02157677261531353,0.901,0.9108
0,np_fan_in,Fan-in NP,111,0.021933050364255906,0.020804869520664217,0.8955,0.9099
0,np_fan_in,Fan-in NP,112,0.021616347640752792,0.020433429059386252,0.89975,0.9139
0,np_fan_in,Fan-in NP,113,0.022692422926425933,0.02154677132666111,0.89775,0.911
0,np_fan_in,Fan-in NP,114,0.02171545621752739,0.020716420909762383,0.9025,0.9115
0,np_fan_in,Fan-in NP,115,0.02227362287044525,0.021230025228857995,0.89425,0.9093
0,np_fan_in,Fan-in NP,116,0.02183346053957939,0.02076654953956604,0.90125,0.912
0,np_fan_in,Fan-in NP,117,0.021858744293451308,0.02088025171160698,0.90025,0.9121
0,np_fan_in,Fan-in NP,118,0.021220883190631867,0.020292815667390822,0.90275,0.913
0,np_fan_in,Fan-in NP,119,0.021492807984352113,0.02047059500515461,0.903,0.9149
0,np_fan_in,Fan-in NP,120,0.02311899918317795,0.022176731851696968,0.896,0.9101
0,np_fan_in,Fan-in NP,121,0.02155446691811085,0.020403730764985084,0.89875,0.9149
0,np_fan_in,Fan-in NP,122,0.020980025351047517,0.01990475890338421,0.9,0.9129
0,np_fan_in,Fan-in NP,123,0.020322785049676894,0.019331337064504624,0.904,0.9154
0,np_fan_in,Fan-in NP,124,0.020455407842993736,0.019451535513997077,0.90475,0.9131
0,np_fan_in,Fan-in NP,125,0.02096152913570404,0.019931873697042465,0.9055,0.9159
0,np_fan_in,Fan-in NP,126,0.02131282037496567,0.020310597681999207,0.90325,0.9124
0,np_fan_in,Fan-in NP,127,0.021098409548401833,0.020050706523656845,0.898,0.9132
0,np_fan_in,Fan-in NP,128,0.0212833663970232,0.020141486620903017,0.8985,0.913
0,np_fan_in,Fan-in NP,129,0.020272443771362305,0.019040950745344162,0.90225,0.917
0,np_fan_in,Fan-in NP,130,0.020787985250353812,0.0195190135538578,0.90125,0.9153
0,np_fan_in,Fan-in NP,131,0.020361815869808196,0.019435427549481393,0.9075,0.9152
0,np_fan_in,Fan-in NP,132,0.0203283379226923,0.01939787440299988,0.9065,0.918
0,np_fan_in,Fan-in NP,133,0.02004439462721348,0.01904329526424408,0.90325,0.9155
0,np_fan_in,Fan-in NP,134,0.020219516143202783,0.01926705773472786,0.903,0.9183
0,np_fan_in,Fan-in NP,135,0.020226968482136728,0.019247887083888054,0.9055,0.9171
0,np_fan_in,Fan-in NP,136,0.02034636880457401,0.01944571098089218,0.9065,0.9169
0,np_fan_in,Fan-in NP,137,0.020509941399097443,0.01955707495510578,0.90375,0.9187
0,np_fan_in,Fan-in NP,138,0.01961860401928425,0.018716158810257913,0.908,0.9189
0,np_fan_in,Fan-in NP,139,0.01940249367058277,0.018400975638628005,0.90725,0.9205
0,np_fan_in,Fan-in NP,140,0.019788419008255006,0.018680086880922316,0.9045,0.9203
0,np_fan_in,Fan-in NP,141,0.019349131733179092,0.018222199210524558,0.90425,0.9187
0,np_fan_in,Fan-in NP,142,0.02083952371776104,0.019668097856640816,0.909,0.9206
0,np_fan_in,Fan-in NP,143,0.019373469814658165,0.018221697583794595,0.90525,0.9199
0,np_fan_in,Fan-in NP,144,0.019621730104088783,0.018406135189533233,0.907,0.9204
0,np_fan_in,Fan-in NP,145,0.01933404493331909,0.018258902895450593,0.91075,0.9223
0,np_fan_in,Fan-in NP,146,0.019430080965161325,0.018338876828551294,0.91075,0.9206
0,np_fan_in,Fan-in NP,147,0.019512773111462593,0.018340950086712837,0.90975,0.9202
0,np_fan_in,Fan-in NP,148,0.01901984752714634,0.017901439651846887,0.91,0.9224
0,np_fan_in,Fan-in NP,149,0.019783341377973558,0.018687099075317383,0.91075,0.9242
0,np_fan_in,Fan-in NP,150,0.01914196939766407,0.01804223259985447,0.91125,0.9224
0,np_fan_in,Fan-in NP,151,0.01905550031363964,0.017875097942352296,0.91325,0.9224
0,np_fan_in,Fan-in NP,152,0.019380342975258827,0.018247901368141174,0.9115,0.9226
0,np_fan_in,Fan-in NP,153,0.019979817122220994,0.018876360791921617,0.90775,0.9227
0,np_fan_in,Fan-in NP,154,0.018557511299848558,0.017331633454561235,0.911,0.9253
0,np_fan_in,Fan-in NP,155,0.01902581924200058,0.01780681594610214,0.909,0.9225
0,np_fan_in,Fan-in NP,156,0.019213359415531157,0.018138001853227614,0.911,0.926
0,np_fan_in,Fan-in NP,157,0.01917770229279995,0.01794171889722347,0.91025,0.9242
0,np_fan_in,Fan-in NP,158,0.019227657824754715,0.01818932482302189,0.90825,0.9217
0,np_fan_in,Fan-in NP,159,0.019680811479687692,0.018568306103348732,0.9075,0.9215
0,np_fan_in,Fan-in NP,160,0.01886466981470585,0.017827199679613114,0.91025,0.9217
0,np_fan_in,Fan-in NP,161,0.01902087627351284,0.018039460587501527,0.9125,0.923
0,np_fan_in,Fan-in NP,162,0.01895294900238514,0.01793173160254955,0.90975,0.9228
0,np_fan_in,Fan-in NP,163,0.018351232394576072,0.01741874608397484,0.915,0.9248
0,np_fan_in,Fan-in NP,164,0.019881066784262658,0.01901278439760208,0.91475,0.9259
0,np_fan_in,Fan-in NP,165,0.018517498061060907,0.017589652228355408,0.91325,0.9222
0,np_fan_in,Fan-in NP,166,0.01891488726437092,0.01793969850540161,0.914,0.9232
0,np_fan_in,Fan-in NP,167,0.018401972129940988,0.017426378402113914,0.91775,0.9238
0,np_fan_in,Fan-in NP,168,0.018886845350265503,0.01782469063103199,0.91575,0.9243
0,np_fan_in,Fan-in NP,169,0.018653012976050376,0.01775268453359604,0.91075,0.9214
0,np_fan_in,Fan-in NP,170,0.018555156722664834,0.01753423184454441,0.913,0.9269
0,np_fan_in,Fan-in NP,171,0.018892940938472748,0.017830577713251115,0.91225,0.9231
0,np_fan_in,Fan-in NP,172,0.01825286300480366,0.017198041608929633,0.9135,0.9265
0,np_fan_in,Fan-in NP,173,0.017808507710695268,0.016820810735225677,0.914,0.9235
0,np_fan_in,Fan-in NP,174,0.01796407909691334,0.01685972272157669,0.91425,0.9238
0,np_fan_in,Fan-in NP,175,0.018223899260163306,0.017083415153622626,0.913,0.9231
0,np_fan_in,Fan-in NP,176,0.018875327542424204,0.01786648633182049,0.9105,0.9235
0,np_fan_in,Fan-in NP,177,0.018206078827381133,0.017325493240356444,0.91425,0.9237
0,np_fan_in,Fan-in NP,178,0.01868733176589012,0.017639331632852553,0.91125,0.9231
0,np_fan_in,Fan-in NP,179,0.018153129503130912,0.017203350031375884,0.914,0.9241
0,np_fan_in,Fan-in NP,180,0.018399958223104477,0.017380747431516647,0.915,0.9254
0,np_fan_in,Fan-in NP,181,0.018607835337519647,0.01777818455696106,0.916,0.9256
0,np_fan_in,Fan-in NP,182,0.018621254354715348,0.01755519224703312,0.91275,0.9269
0,np_fan_in,Fan-in NP,183,0.018038723841309546,0.017066409665346144,0.9125,0.9236
0,np_fan_in,Fan-in NP,184,0.01752249476313591,0.016508986669778822,0.916,0.9273
0,np_fan_in,Fan-in NP,185,0.018332097500562666,0.017427753525972367,0.9125,0.9237
0,np_fan_in,Fan-in NP,186,0.01830751919746399,0.017171915102005005,0.915,0.9261
0,np_fan_in,Fan-in NP,187,0.0178110788166523,0.016815813168883323,0.917,0.9248
0,np_fan_in,Fan-in NP,188,0.01814544326066971,0.017148247173428534,0.91625,0.9246
0,np_fan_in,Fan-in NP,189,0.0177570990473032,0.016798979085683823,0.91975,0.9243
0,np_fan_in,Fan-in NP,190,0.017726929605007172,0.016758308637142182,0.91525,0.9268
0,np_fan_in,Fan-in NP,191,0.017551487609744072,0.016588142254948614,0.91525,0.9228
0,np_fan_in,Fan-in NP,192,0.017226963862776758,0.0164426775932312,0.9185,0.9266
0,np_fan_in,Fan-in NP,193,0.017745029509067537,0.01688913335800171,0.917,0.9252
0,np_fan_in,Fan-in NP,194,0.017581319898366927,0.016740346297621726,0.91575,0.9234
0,np_fan_in,Fan-in NP,195,0.017689214751124383,0.016845260107517242,0.92,0.9247
0,np_fan_in,Fan-in NP,196,0.017870812252163887,0.01697494975030422,0.9195,0.9255
0,np_fan_in,Fan-in NP,197,0.018082309618592262,0.017206749814748765,0.92325,0.9277
0,np_fan_in,Fan-in NP,198,0.018757731944322585,0.01777849906384945,0.91825,0.9269
0,np_fan_in,Fan-in NP,199,0.01781517980992794,0.016825763350725175,0.9215,0.9289
0,np_fan_in,Fan-in NP,200,0.017852306216955185,0.01681561667025089,0.91975,0.9269
0,np_fan_in,Fan-in NP,201,0.017480921775102614,0.016563457310199738,0.9185,0.9281
0,np_fan_in,Fan-in NP,202,0.01738193753361702,0.016334499156475068,0.9195,0.9297
0,np_fan_in,Fan-in NP,203,0.017920372247695923,0.016711167040467264,0.918,0.9284
0,np_fan_in,Fan-in NP,204,0.017153649389743807,0.01616879104077816,0.922,0.9291
0,np_fan_in,Fan-in NP,205,0.01707413163781166,0.016048680964112282,0.92225,0.9299
0,np_fan_in,Fan-in NP,206,0.017473670825362206,0.016426376563310623,0.92,0.9281
0,np_fan_in,Fan-in NP,207,0.018503517761826516,0.017410760524868965,0.92,0.9292
0,np_fan_in,Fan-in NP,208,0.017853074416518212,0.01683237727880478,0.923,0.9293
0,np_fan_in,Fan-in NP,209,0.018617609083652495,0.017652589538693426,0.923,0.9305
0,np_fan_in,Fan-in NP,210,0.01728781305253506,0.016373941817879677,0.9215,0.9274
0,np_fan_in,Fan-in NP,211,0.01704426507651806,0.016063248300552366,0.92075,0.9297
0,np_fan_in,Fan-in NP,212,0.017666450813412667,0.01684674254655838,0.92175,0.9294
0,np_fan_in,Fan-in NP,213,0.016970766007900238,0.016014994713664056,0.92175,0.9304
0,np_fan_in,Fan-in NP,214,0.017687050819396973,0.016533317306637763,0.91775,0.9289
0,np_fan_in,Fan-in NP,215,0.016545336097478866,0.015523989179730415,0.92225,0.9299
0,np_fan_in,Fan-in NP,216,0.016533007860183715,0.015509491577744484,0.9205,0.9297
0,np_fan_in,Fan-in NP,217,0.01711425244808197,0.016217016530036925,0.9205,0.9301
0,np_fan_in,Fan-in NP,218,0.017168374612927438,0.01621840117573738,0.919,0.9295
0,np_fan_in,Fan-in NP,219,0.01708031453192234,0.0161471143245697,0.924,0.931
0,np_fan_in,Fan-in NP,220,0.017257345035672188,0.016275265696644784,0.918,0.9294
0,np_fan_in,Fan-in NP,221,0.017266518175601958,0.016373166504502296,0.9215,0.9312
0,np_fan_in,Fan-in NP,222,0.016506977170705796,0.015596651485562324,0.923,0.9313
0,np_fan_in,Fan-in NP,223,0.017072166576981546,0.016138007789850237,0.92375,0.9315
0,np_fan_in,Fan-in NP,224,0.016034691095352174,0.014995342491567134,0.9225,0.931
0,np_fan_in,Fan-in NP,225,0.017204944029450418,0.016143567621707915,0.9205,0.9321
0,np_fan_in,Fan-in NP,226,0.016980627939105035,0.015930238983035087,0.9215,0.932
0,np_fan_in,Fan-in NP,227,0.016284273758530615,0.015298562297224998,0.92275,0.9331
0,np_fan_in,Fan-in NP,228,0.016903135523200035,0.015916697326302527,0.9205,0.931
0,np_fan_in,Fan-in NP,229,0.016745948284864427,0.015773075383901596,0.9215,0.9332
0,np_fan_in,Fan-in NP,230,0.0177203289270401,0.01673814319372177,0.924,0.9321
0,np_fan_in,Fan-in NP,231,0.01631582574546337,0.015195501905679703,0.92375,0.9343
0,np_fan_in,Fan-in NP,232,0.01663900901377201,0.015485118064284325,0.9195,0.9312
0,np_fan_in,Fan-in NP,233,0.016351752385497093,0.015184062206745147,0.92425,0.9334
0,np_fan_in,Fan-in NP,234,0.017091953933238983,0.015923929420113562,0.924,0.9348
0,np_fan_in,Fan-in NP,235,0.015907310336828233,0.014830306129157544,0.924,0.933
0,np_fan_in,Fan-in NP,236,0.016007164895534515,0.014973595383763314,0.92625,0.9332
0,np_fan_in,Fan-in NP,237,0.016581337690353394,0.015423936900496482,0.92025,0.9329
0,np_fan_in,Fan-in NP,238,0.016061957612633706,0.014913098266720772,0.92575,0.9347
0,np_fan_in,Fan-in NP,239,0.01649804550409317,0.01527046049386263,0.9205,0.9334
0,np_fan_in,Fan-in NP,240,0.016638618916273117,0.015563901111483574,0.92125,0.9321
0,np_fan_in,Fan-in NP,241,0.01690363682806492,0.015736082077026366,0.91975,0.9334
0,np_fan_in,Fan-in NP,242,0.016175572007894518,0.014993281000852584,0.92325,0.9343
0,np_fan_in,Fan-in NP,243,0.01642955020070076,0.015191552886366845,0.9225,0.9348
0,np_fan_in,Fan-in NP,244,0.015977470234036447,0.014811241041123867,0.922,0.9357
0,np_fan_in,Fan-in NP,245,0.01604253327846527,0.014925459606945515,0.92275,0.9352
0,np_fan_in,Fan-in NP,246,0.01563239386677742,0.014631221336126328,0.92375,0.9354
0,np_fan_in,Fan-in NP,247,0.016004548653960227,0.014960107432305813,0.92125,0.9308
0,np_fan_in,Fan-in NP,248,0.015785248041152954,0.014729170058667659,0.92175,0.9321
0,np_fan_in,Fan-in NP,249,0.016670220673084258,0.01573925365805626,0.925,0.9341
0,np_fan_in,Fan-in NP,250,0.015940222010016443,0.014933339846134186,0.92225,0.9338
0,np_fan_in,Fan-in NP,251,0.015787268713116646,0.014731927359104157,0.92325,0.935
0,np_fan_in,Fan-in NP,252,0.01625545211136341,0.015241701643168926,0.9225,0.9342
0,np_fan_in,Fan-in NP,253,0.015645902290940285,0.014509002394974232,0.9225,0.9367
0,np_fan_in,Fan-in NP,254,0.015715812847018243,0.014769830618798732,0.923,0.9364
0,np_fan_in,Fan-in NP,255,0.015735331177711486,0.014601764032244682,0.92475,0.9346
0,np_fan_in,Fan-in NP,256,0.01583844079077244,0.014723224633932113,0.92325,0.9365
0,np_fan_in,Fan-in NP,257,0.01601576915383339,0.014914015038311482,0.9265,0.9373
0,np_fan_in,Fan-in NP,258,0.015387872487306595,0.014330004039406777,0.92575,0.9374
0,np_fan_in,Fan-in NP,259,0.015276069983839988,0.014226418361067772,0.92575,0.9382
0,np_fan_in,Fan-in NP,260,0.01557888200879097,0.014592405460774898,0.9265,0.9367
0,np_fan_in,Fan-in NP,261,0.015031085729598999,0.014045712013542652,0.92775,0.9389
0,np_fan_in,Fan-in NP,262,0.015477572828531265,0.014478256990015507,0.92625,0.9396
0,np_fan_in,Fan-in NP,263,0.015225375071167946,0.014193595530092716,0.92775,0.9384
0,np_fan_in,Fan-in NP,264,0.015558479487895965,0.014431717276573181,0.9275,0.9393
0,np_fan_in,Fan-in NP,265,0.01559856604039669,0.014477912585437298,0.924,0.9371
0,np_fan_in,Fan-in NP,266,0.015921187669038772,0.014988883772492408,0.926,0.9385
0,np_fan_in,Fan-in NP,267,0.014966199278831482,0.01398496072292328,0.929,0.9388
0,np_fan_in,Fan-in NP,268,0.015943112283945085,0.014939561925828456,0.92875,0.9384
0,np_fan_in,Fan-in NP,269,0.015309915974736214,0.014255817803740502,0.92625,0.9378
0,np_fan_in,Fan-in NP,270,0.014963560186326504,0.014097770863771439,0.92925,0.9388
0,np_fan_in,Fan-in NP,271,0.015404676988720894,0.014609961980581284,0.92925,0.9384
0,np_fan_in,Fan-in NP,272,0.014705916360020638,0.013847325782477856,0.928,0.9379
0,np_fan_in,Fan-in NP,273,0.015111966162919998,0.014243587671220302,0.928,0.9385
0,np_fan_in,Fan-in NP,274,0.015304144993424416,0.014400269408524036,0.92675,0.939
0,np_fan_in,Fan-in NP,275,0.01483455216884613,0.01398577532172203,0.92875,0.9399
0,np_fan_in,Fan-in NP,276,0.0146399013325572,0.013703037126362325,0.927,0.94
0,np_fan_in,Fan-in NP,277,0.014741056106984615,0.013802250210940838,0.92875,0.9405
0,np_fan_in,Fan-in NP,278,0.014916968517005443,0.014015021468698978,0.9295,0.9411
0,np_fan_in,Fan-in NP,279,0.015003741063177586,0.01405305953770876,0.92925,0.9414
0,np_fan_in,Fan-in NP,280,0.014984452694654465,0.013930557519197464,0.928,0.9403
0,np_fan_in,Fan-in NP,281,0.01560416392982006,0.014603404097259045,0.929,0.9415
0,np_fan_in,Fan-in NP,282,0.015442893460392952,0.014364469793438911,0.92725,0.9402
0,np_fan_in,Fan-in NP,283,0.014847211621701717,0.013716590613126755,0.92925,0.9409
0,np_fan_in,Fan-in NP,284,0.015538828745484352,0.014504401615262032,0.929,0.9394
0,np_fan_in,Fan-in NP,285,0.015074620336294173,0.01406856106966734,0.9285,0.9406
0,np_fan_in,Fan-in NP,286,0.01534370991587639,0.014466333018243313,0.92875,0.9404
0,np_fan_in,Fan-in NP,287,0.014940265744924545,0.014055292344093322,0.927,0.9399
0,np_fan_in,Fan-in NP,288,0.014809827208518983,0.013878064401447773,0.92925,0.9402
0,np_fan_in,Fan-in NP,289,0.014746718697249889,0.013868248127400874,0.9285,0.9403
0,np_fan_in,Fan-in NP,290,0.015290712252259255,0.014346121016144752,0.92925,0.9411
0,np_fan_in,Fan-in NP,291,0.014774457775056362,0.013764336396753788,0.9275,0.9423
0,np_fan_in,Fan-in NP,292,0.014905076429247856,0.013955941353738307,0.92875,0.9407
0,np_fan_in,Fan-in NP,293,0.015594811245799065,0.014570758409798145,0.93175,0.9397
0,np_fan_in,Fan-in NP,294,0.01557383795082569,0.014570420055091382,0.92225,0.9381
0,np_fan_in,Fan-in NP,295,0.015178835928440094,0.014146787612140178,0.9275,0.9377
0,np_fan_in,Fan-in NP,296,0.015683411195874214,0.014742736563086509,0.929,0.9394
0,np_fan_in,Fan-in NP,297,0.0147547078281641,0.013771777357161044,0.93175,0.9425
0,np_fan_in,Fan-in NP,298,0.01496450386941433,0.01392308051586151,0.93075,0.9409
0,np_fan_in,Fan-in NP,299,0.014668873712420464,0.013707489930093289,0.93,0.9399
0,np_fan_in,Fan-in NP,300,0.014775066740810871,0.013767922641336918,0.92925,0.9408
0,np_fan_in,Fan-in NP,301,0.01500400698184967,0.013995987290143966,0.92675,0.9405
0,np_fan_in,Fan-in NP,302,0.014937745779752732,0.013900500304996967,0.92925,0.9417
0,np_fan_in,Fan-in NP,303,0.016211005702614783,0.0152926708817482,0.9305,0.9411
0,np_fan_in,Fan-in NP,304,0.016433209836483,0.015381973215937615,0.92725,0.9411
0,np_fan_in,Fan-in NP,305,0.014673395551741124,0.013624479360878468,0.92775,0.9423
0,np_fan_in,Fan-in NP,306,0.015100778847932815,0.014162636090815067,0.93,0.9416
0,np_fan_in,Fan-in NP,307,0.014410126231610774,0.013448703396320342,0.93,0.9426
0,np_fan_in,Fan-in NP,308,0.015113251574337483,0.01412821258753538,0.928,0.9413
0,np_fan_in,Fan-in NP,309,0.014450627997517587,0.013519891753792763,0.9295,0.9433
0,np_fan_in,Fan-in NP,310,0.014314048744738102,0.013350330629944802,0.9315,0.943
0,np_fan_in,Fan-in NP,311,0.015271117806434632,0.014383569052815437,0.92975,0.9416
0,np_fan_in,Fan-in NP,312,0.015217355161905288,0.014209453359246255,0.932,0.9423
0,np_fan_in,Fan-in NP,313,0.015221332997083665,0.014187860321998596,0.929,0.9403
0,np_fan_in,Fan-in NP,314,0.014790815658867359,0.01370868988931179,0.93025,0.9419
0,np_fan_in,Fan-in NP,315,0.01499204370379448,0.014095932149887086,0.92775,0.9407
0,np_fan_in,Fan-in NP,316,0.014607374660670757,0.013772530868649482,0.92975,0.9411
0,np_fan_in,Fan-in NP,317,0.01441791871190071,0.013432698281109334,0.93175,0.943
0,np_fan_in,Fan-in NP,318,0.014648453973233699,0.013650217910110951,0.9305,0.9423
0,np_fan_in,Fan-in NP,319,0.014580672346055508,0.013652833589911461,0.9315,0.942
0,np_fan_in,Fan-in NP,320,0.01464899843931198,0.013700206948816776,0.93075,0.9418
0,np_fan_in,Fan-in NP,321,0.015105999022722244,0.014150944535434246,0.93075,0.9404
0,np_fan_in,Fan-in NP,322,0.013979751773178577,0.013045377214252949,0.93175,0.943
0,np_fan_in,Fan-in NP,323,0.014466111317276955,0.013590855810046196,0.9335,0.9415
0,np_fan_in,Fan-in NP,324,0.014409862160682678,0.013648435172438621,0.92925,0.9432
0,np_fan_in,Fan-in NP,325,0.014178281933069229,0.013457636031508445,0.93225,0.9414
0,np_fan_in,Fan-in NP,326,0.014853057079017162,0.014100154832005501,0.9305,0.9403
0,np_fan_in,Fan-in NP,327,0.014071372546255588,0.013200621244311333,0.932,0.9433
0,np_fan_in,Fan-in NP,328,0.014478876143693925,0.013638917717337608,0.93125,0.9426
0,np_fan_in,Fan-in NP,329,0.0143269445002079,0.013479737678170204,0.9325,0.9425
0,np_fan_in,Fan-in NP,330,0.014261716395616532,0.013395559079945087,0.93225,0.9442
0,np_fan_in,Fan-in NP,331,0.014489259913563729,0.013630997321009636,0.93075,0.9413
0,np_fan_in,Fan-in NP,332,0.014109429098665714,0.013220368073880672,0.93125,0.942
0,np_fan_in,Fan-in NP,333,0.013897506967186928,0.013045900177955627,0.932,0.9441
0,np_fan_in,Fan-in NP,334,0.013475107744336128,0.012674381911754608,0.935,0.9446
0,np_fan_in,Fan-in NP,335,0.014258623763918876,0.01349827346354723,0.93625,0.9432
0,np_fan_in,Fan-in NP,336,0.014650307223200798,0.013844781118631362,0.933,0.9413
0,np_fan_in,Fan-in NP,337,0.01390562803298235,0.013077027900516987,0.93325,0.9437
0,np_fan_in,Fan-in NP,338,0.014535123601555825,0.013742730627954006,0.935,0.9431
0,np_fan_in,Fan-in NP,339,0.014130673922598362,0.013274228547513485,0.93225,0.9428
0,np_fan_in,Fan-in NP,340,0.013671987995505333,0.01282061401605606,0.934,0.9428
0,np_fan_in,Fan-in NP,341,0.01424109323322773,0.01334768635481596,0.933,0.9434
0,np_fan_in,Fan-in NP,342,0.014777955278754234,0.013877977342903615,0.9345,0.9437
0,np_fan_in,Fan-in NP,343,0.013507674120366573,0.012684864480793477,0.935,0.9457
0,np_fan_in,Fan-in NP,344,0.013375951021909714,0.012560991653800011,0.93425,0.9431
0,np_fan_in,Fan-in NP,345,0.013752398349344731,0.012887623228132725,0.93575,0.9429
0,np_fan_in,Fan-in NP,346,0.013783221624791623,0.0129929713845253,0.93675,0.9425
0,np_fan_in,Fan-in NP,347,0.014330214060842991,0.01354080629348755,0.935,0.9431
0,np_fan_in,Fan-in NP,348,0.013608787141740322,0.012966541881859302,0.9365,0.9451
0,np_fan_in,Fan-in NP,349,0.014148361772298813,0.01345226476341486,0.93675,0.9443
0,np_fan_in,Fan-in NP,350,0.013809330128133297,0.013089254756271838,0.935,0.9439
0,np_fan_in,Fan-in NP,351,0.013984095931053162,0.0132242522418499,0.934,0.943
0,np_fan_in,Fan-in NP,352,0.01353876881301403,0.012815180888772012,0.93625,0.9448
0,np_fan_in,Fan-in NP,353,0.013952802211046219,0.013134767997264861,0.936,0.9428
0,np_fan_in,Fan-in NP,354,0.014486741088330746,0.013718509830534457,0.93525,0.9415
0,np_fan_in,Fan-in NP,355,0.01370736400038004,0.012989725528657436,0.935,0.9431
0,np_fan_in,Fan-in NP,356,0.013954637855291366,0.013136934155225754,0.93525,0.9437
0,np_fan_in,Fan-in NP,357,0.013829519025981426,0.013048302999138832,0.93575,0.945
0,np_fan_in,Fan-in NP,358,0.014116614915430545,0.013265947468578815,0.9345,0.9437
0,np_fan_in,Fan-in NP,359,0.013852321624755859,0.013087606392800807,0.939,0.9445
0,np_fan_in,Fan-in NP,360,0.013832240216434002,0.01298319978415966,0.936,0.9452
0,np_fan_in,Fan-in NP,361,0.013936574101448058,0.013062943409383297,0.9355,0.9451
0,np_fan_in,Fan-in NP,362,0.013478319749236106,0.012766559344530106,0.938,0.945
0,np_fan_in,Fan-in NP,363,0.013365814864635468,0.012560961313545704,0.9375,0.9458
0,np_fan_in,Fan-in NP,364,0.014029926478862762,0.013318559481203557,0.93775,0.9461
0,np_fan_in,Fan-in NP,365,0.013347213871777057,0.012641866971552371,0.938,0.945
0,np_fan_in,Fan-in NP,366,0.0138300566598773,0.013214508987963199,0.93875,0.9444
0,np_fan_in,Fan-in NP,367,0.013440729290246964,0.012794225028157235,0.937,0.9441
0,np_fan_in,Fan-in NP,368,0.013574966058135032,0.012965025144815444,0.93625,0.9441
0,np_fan_in,Fan-in NP,369,0.013726507797837257,0.013007942713797092,0.939,0.9452
0,np_fan_in,Fan-in NP,370,0.013546166464686394,0.012685139845311642,0.9385,0.9456
0,np_fan_in,Fan-in NP,371,0.013693575330078601,0.01295503830164671,0.93825,0.9469
0,np_fan_in,Fan-in NP,372,0.013504895061254501,0.012691030284762383,0.9375,0.9482
0,np_fan_in,Fan-in NP,373,0.013470189303159713,0.012724506138265134,0.93525,0.9454
0,np_fan_in,Fan-in NP,374,0.013358207136392594,0.012601072888076305,0.93575,0.9461
0,np_fan_in,Fan-in NP,375,0.01330822091549635,0.012537192599475383,0.938,0.9459
0,np_fan_in,Fan-in NP,376,0.013357884682714939,0.01266228041946888,0.93975,0.946
0,np_fan_in,Fan-in NP,377,0.013627196826040746,0.01290720587670803,0.93725,0.9444
0,np_fan_in,Fan-in NP,378,0.013551876246929169,0.012911928191781044,0.93875,0.9469
0,np_fan_in,Fan-in NP,379,0.013524365022778512,0.012728486552834511,0.9385,0.9472
0,np_fan_in,Fan-in NP,380,0.01307828950881958,0.012338164399564266,0.93775,0.9465
0,np_fan_in,Fan-in NP,381,0.013328937061131,0.01255826903730631,0.93925,0.9465
0,np_fan_in,Fan-in NP,382,0.013287739753723144,0.012443116879463196,0.93925,0.9473
0,np_fan_in,Fan-in NP,383,0.013380976267158985,0.012486173225939274,0.93625,0.946
0,np_fan_in,Fan-in NP,384,0.01357234114408493,0.012668205852806569,0.93925,0.9476
0,np_fan_in,Fan-in NP,385,0.013365648567676544,0.012506486985087394,0.93825,0.9472
0,np_fan_in,Fan-in NP,386,0.0131715864315629,0.012384843499958515,0.941,0.948
0,np_fan_in,Fan-in NP,387,0.013108295612037182,0.012226339170336723,0.9395,0.9468
0,np_fan_in,Fan-in NP,388,0.013114799685776234,0.01231673703044653,0.939,0.9478
0,np_fan_in,Fan-in NP,389,0.013154593907296657,0.012367669314146042,0.93725,0.9464
0,np_fan_in,Fan-in NP,390,0.013088950268924236,0.012250789330899715,0.941,0.949
0,np_fan_in,Fan-in NP,391,0.013076735094189645,0.012206085592508315,0.94225,0.9489
0,np_fan_in,Fan-in NP,392,0.012741238802671433,0.011932279789447784,0.94075,0.9487
0,np_fan_in,Fan-in NP,393,0.01303251563757658,0.012245368814468385,0.938,0.9475
0,np_fan_in,Fan-in NP,394,0.012927525773644448,0.01209951069355011,0.9395,0.9489
0,np_fan_in,Fan-in NP,395,0.013220451936125756,0.012329411078989506,0.93675,0.9465
0,np_fan_in,Fan-in NP,396,0.013213050320744515,0.012322893463075161,0.93575,0.9464
0,np_fan_in,Fan-in NP,397,0.013050929762423039,0.012291348665952682,0.93675,0.9473
0,np_fan_in,Fan-in NP,398,0.013061317570507526,0.012225561468303203,0.93875,0.9476
0,np_fan_in,Fan-in NP,399,0.013512348361313343,0.012436981783807277,0.9335,0.946
0,np_fan_in,Fan-in NP,400,0.012896974034607411,0.01191690923422575,0.937,0.948
0,wp,WP,1,0.09406580996513367,0.0938854629278183,0.113,0.1042
0,wp,WP,2,0.09050355470180511,0.09030126458406448,0.166,0.1633
0,wp,WP,3,0.08837059152126313,0.08817956589460373,0.2105,0.2081
0,wp,WP,4,0.08672338885068893,0.08654247591495513,0.323,0.3221
0,wp,WP,5,0.0856079695224762,0.0854261934876442,0.4055,0.4074
0,wp,WP,6,0.0845237547159195,0.08432441633939743,0.45,0.4505
0,wp,WP,7,0.0834436366558075,0.08325457348823548,0.4795,0.483
0,wp,WP,8,0.08243568509817123,0.08221309930086136,0.49025,0.5055
0,wp,WP,9,0.08110975992679596,0.08086992609500886,0.509,0.5234
0,wp,WP,10,0.08001391589641571,0.07980100486278534,0.52775,0.5403
0,wp,WP,11,0.07866204303503037,0.07848728969097138,0.549,0.5541
0,wp,WP,12,0.07744870167970658,0.07726949512958527,0.55975,0.5706
0,wp,WP,13,0.076325051009655,0.0761458734035492,0.58325,0.599
0,wp,WP,14,0.07515294533967971,0.07491221526861191,0.61225,0.6224
0,wp,WP,15,0.07382880115509033,0.07351113132238388,0.6335,0.6456
0,wp,WP,16,0.0725693793296814,0.0722338765501976,0.6195,0.6349
0,wp,WP,17,0.07130408555269241,0.07099945409297943,0.62,0.626
0,wp,WP,18,0.07028838694095611,0.06988373250961304,0.619,0.6288
0,wp,WP,19,0.06888175594806671,0.06844416249990463,0.63675,0.647
0,wp,WP,20,0.06780735558271409,0.06735799819231034,0.6475,0.6574
0,wp,WP,21,0.06683448290824891,0.0664219090461731,0.647,0.6619
0,wp,WP,22,0.06553018420934677,0.0651516307234764,0.6655,0.6786
0,wp,WP,23,0.06458098864555359,0.06430498892068863,0.6705,0.6848
0,wp,WP,24,0.06294206619262695,0.06271321882009506,0.6625,0.6714
0,wp,WP,25,0.062118966817855836,0.06179532449245453,0.67575,0.6886
0,wp,WP,26,0.06113543403148651,0.060793819177150724,0.696,0.71
0,wp,WP,27,0.05983744591474533,0.05957309381365776,0.6955,0.7053
0,wp,WP,28,0.05947221004962921,0.059230368173122404,0.6895,0.6977
0,wp,WP,29,0.058381681710481644,0.05801810238361359,0.70725,0.7194
0,wp,WP,30,0.057879439920186994,0.05742871673107147,0.7085,0.7218
0,wp,WP,31,0.05752432942390442,0.05696508372426033,0.71725,0.7325
0,wp,WP,32,0.0566255838572979,0.056152371633052825,0.70925,0.7246
0,wp,WP,33,0.05628059247136116,0.0559241202712059,0.70625,0.72
0,wp,WP,34,0.05555726182460785,0.05513852544426918,0.726,0.7372
0,wp,WP,35,0.05498592394590378,0.05461390963196754,0.733,0.7427
0,wp,WP,36,0.05454680848121643,0.054024228262901305,0.73975,0.7524
0,wp,WP,37,0.05397048291563988,0.053317254680395124,0.74875,0.7625
0,wp,WP,38,0.05385249236226082,0.053199346470832826,0.7445,0.753
0,wp,WP,39,0.053035957932472226,0.05246792630553246,0.7605,0.7701
0,wp,WP,40,0.05259849962592125,0.05196803687810898,0.7545,0.7672
0,wp,WP,41,0.05180875518918037,0.05130389963388443,0.75975,0.7696
0,wp,WP,42,0.050996047139167784,0.05045779396891594,0.754,0.7686
0,wp,WP,43,0.05093632283806801,0.050414652848243716,0.7525,0.763
0,wp,WP,44,0.050602811127901076,0.05000361770391464,0.757,0.7665
0,wp,WP,45,0.04978467965126038,0.049140221166610716,0.762,0.7682
0,wp,WP,46,0.0497400239109993,0.048881035274267196,0.759,0.7703
0,wp,WP,47,0.04956080913543701,0.04875193527936936,0.7615,0.775
0,wp,WP,48,0.04942434218525887,0.04852921384572983,0.76575,0.7788
0,wp,WP,49,0.04908187952637672,0.04806136440038681,0.76825,0.7795
0,wp,WP,50,0.04887901335954666,0.04792752540707588,0.7645,0.7807
0,wp,WP,51,0.04867895221710205,0.04759229865074158,0.7705,0.7872
0,wp,WP,52,0.04849569946527481,0.04744189074039459,0.7625,0.7826
0,wp,WP,53,0.04818700012564659,0.04704586027860642,0.76075,0.7747
0,wp,WP,54,0.04787471342086792,0.046903283280134205,0.765,0.7809
0,wp,WP,55,0.0479272421002388,0.04685312581062317,0.76575,0.7865
0,wp,WP,56,0.04758061203360558,0.046524604231119156,0.772,0.7922
0,wp,WP,57,0.04745798403024674,0.04643885110616684,0.77125,0.7964
0,wp,WP,58,0.04767401838302612,0.04667235069870949,0.767,0.7867
0,wp,WP,59,0.04760436519980431,0.04643422458171845,0.77425,0.7946
0,wp,WP,60,0.04704389169812202,0.045978221243619916,0.7785,0.7934
0,wp,WP,61,0.04730078586935997,0.04630319079756737,0.77125,0.785
0,wp,WP,62,0.04716237559914589,0.04609857695102692,0.772,0.7883
0,wp,WP,63,0.04742701029777527,0.046429569965600964,0.7685,0.7866
0,wp,WP,64,0.047509513318538664,0.04650459904670715,0.779,0.7935
0,wp,WP,65,0.04764021000266075,0.04656619473099709,0.76625,0.7891
0,wp,WP,66,0.047491722971200946,0.04645062264800072,0.78075,0.7974
0,wp,WP,67,0.04786710211634636,0.04679125220179558,0.76975,0.7873
0,wp,WP,68,0.04768066623806953,0.04657511619925499,0.77425,0.7935
0,wp,WP,69,0.04787744399905205,0.046794490337371826,0.77725,0.7977
0,wp,WP,70,0.047949565470218655,0.046784258270263675,0.78,0.7973
0,wp,WP,71,0.04735240602493286,0.04630053384900093,0.78425,0.8014
0,wp,WP,72,0.047263154238462446,0.04620869984030723,0.7865,0.8042
0,wp,WP,73,0.04700747832655907,0.04604133225083351,0.78,0.7988
0,wp,WP,74,0.04629728585481643,0.044954182708263395,0.78175,0.8021
0,wp,WP,75,0.045510868042707445,0.04416371178627014,0.7825,0.8058
0,wp,WP,76,0.04516165176033974,0.043885728430747985,0.781,0.8048
0,wp,WP,77,0.0455077985227108,0.04436681842207909,0.78,0.8043
0,wp,WP,78,0.04533214864134789,0.04416162242293358,0.7835,0.8035
0,wp,WP,79,0.045220927745103834,0.044109365332126615,0.786,0.8049
0,wp,WP,80,0.04538225397467613,0.04463499799966812,0.78875,0.8039
0,wp,WP,81,0.04526744738221169,0.0444560491502285,0.785,0.8035
0,wp,WP,82,0.045442944526672364,0.044542735368013384,0.79175,0.8085
0,wp,WP,83,0.04499493682384491,0.04401197002530098,0.79175,0.8088
0,wp,WP,84,0.04570288997888565,0.04473746234178543,0.79125,0.8098
0,wp,WP,85,0.04523941132426262,0.0444085399389267,0.791,0.809
0,wp,WP,86,0.04497882485389709,0.04399905031323433,0.79825,0.8172
0,wp,WP,87,0.04468701094388962,0.04359156358242035,0.7965,0.815
0,wp,WP,88,0.044681707978248594,0.04367021273970604,0.79225,0.81
0,wp,WP,89,0.04458323621749878,0.043544306486845014,0.8015,0.8187
0,wp,WP,90,0.04459180498123169,0.0434009769320488,0.8,0.8191
0,wp,WP,91,0.044006237983703615,0.04267605838775635,0.80325,0.8233
0,wp,WP,92,0.04398146921396256,0.04269958255887032,0.79825,0.8156
0,wp,WP,93,0.04420134517550468,0.043041082900762556,0.79825,0.8161
0,wp,WP,94,0.04462678408622742,0.043395803695917126,0.7935,0.81
0,wp,WP,95,0.04474074000120163,0.04350120465159416,0.799,0.8184
0,wp,WP,96,0.044472179383039476,0.04313221111893654,0.79175,0.8162
0,wp,WP,97,0.044259881287813184,0.043015272361040115,0.80375,0.8189
0,wp,WP,98,0.04398742809891701,0.04270770071744919,0.79475,0.817
0,wp,WP,99,0.04414754781126976,0.04288771626353264,0.798,0.814
0,wp,WP,100,0.04387981006503105,0.0425645858168602,0.79925,0.8111
0,wp,WP,101,0.04388906019926071,0.04252879632115364,0.79725,0.8158
0,wp,WP,102,0.044564189434051514,0.04311691676974297,0.78775,0.8099
0,wp,WP,103,0.044369868755340575,0.04296020212769509,0.79025,0.808
0,wp,WP,104,0.04446675992012024,0.043028888100385666,0.78825,0.806
0,wp,WP,105,0.04439309647679329,0.04285538401603699,0.78525,0.8024
0,wp,WP,106,0.04458901718258858,0.04290320697426796,0.78675,0.804
0,wp,WP,107,0.044302950143814086,0.042690392726659775,0.79275,0.8023
0,wp,WP,108,0.04395587322115898,0.04237189509272575,0.7895,0.8087
0,wp,WP,109,0.044007370054721835,0.042525647610425946,0.7835,0.808
0,wp,WP,110,0.044073443591594694,0.04262280101776123,0.78875,0.8067
0,wp,WP,111,0.0441303935945034,0.04269716004729271,0.78775,0.8062
0,wp,WP,112,0.04392605903744697,0.042586217141151426,0.7855,0.8034
0,wp,WP,113,0.04397992163896561,0.042861953938007354,0.7855,0.8012
0,wp,WP,114,0.04401212695240975,0.042855401313304904,0.79,0.8059
0,wp,WP,115,0.04409311634302139,0.04308543015122414,0.787,0.8018
0,wp,WP,116,0.04417649918794632,0.04310210384130478,0.7845,0.7994
0,wp,WP,117,0.04404585525393486,0.04316576492786407,0.7855,0.7992
0,wp,WP,118,0.04389334237575531,0.04308018928170204,0.7885,0.7999
0,wp,WP,119,0.043612406432628634,0.042835434061288834,0.791,0.8032
0,wp,WP,120,0.04342624917626381,0.04264701378941536,0.7945,0.806
0,wp,WP,121,0.04322992753982544,0.04252083292603493,0.7915,0.8039
0,wp,WP,122,0.043022247731685635,0.042465448594093326,0.7945,0.8061
0,wp,WP,123,0.04264700374007225,0.04219446829557419,0.796,0.8018
0,wp,WP,124,0.043222038239240645,0.042586052137613295,0.79425,0.8032
0,wp,WP,125,0.04283736848831177,0.042167385196685794,0.7945,0.8044
0,wp,WP,126,0.04286252734065056,0.042223701512813565,0.7915,0.801
0,wp,WP,127,0.043210968792438506,0.04263202345967293,0.78775,0.795
0,wp,WP,128,0.04250884735584259,0.041987492209672926,0.79375,0.7979
0,wp,WP,129,0.04283883824944496,0.04226218290925026,0.79375,0.7994
0,wp,WP,130,0.04285216107964516,0.0423061199426651,0.788,0.7981
0,wp,WP,131,0.04286247316002846,0.042019228887557984,0.79,0.8016
0,wp,WP,132,0.04281772747635841,0.04207665713429451,0.7875,0.7978
0,wp,WP,133,0.04236179476976395,0.04156447682976723,0.79475,0.8056
0,wp,WP,134,0.04259768718481064,0.04172538890838623,0.7875,0.8019
0,wp,WP,135,0.04273908746242523,0.041797366631031035,0.7905,0.8028
0,wp,WP,136,0.042501474708318714,0.04159945454001427,0.78925,0.8032
0,wp,WP,137,0.042501425713300706,0.041516198658943175,0.7845,0.8024
0,wp,WP,138,0.042611161202192306,0.04155267577767372,0.7845,0.8039
0,wp,WP,139,0.042573047578334806,0.04147419746518135,0.7845,0.8038
0,wp,WP,140,0.042713766723871234,0.04169381252527237,0.7875,0.8041
0,wp,WP,141,0.04255952745676041,0.04165104466080666,0.7795,0.7994
0,wp,WP,142,0.0429653979241848,0.04189770030379295,0.7865,0.8003
0,wp,WP,143,0.042844674557447435,0.04194784699678421,0.78175,0.7962
0,wp,WP,144,0.04261676946282387,0.04146757507324219,0.77975,0.7997
0,wp,WP,145,0.04310147407650947,0.04212787945270538,0.78175,0.8019
0,wp,WP,146,0.04266493141651154,0.04169235365986824,0.78675,0.7986
0,wp,WP,147,0.042587782591581344,0.041518125915527344,0.7875,0.7984
0,wp,WP,148,0.04214981460571289,0.04112024381160736,0.787,0.8038
0,wp,WP,149,0.042295847177505494,0.04123150905966759,0.78925,0.8059
0,wp,WP,150,0.04229518175125122,0.04126747442483902,0.78625,0.8039
0,wp,WP,151,0.04261725831031799,0.0415722400188446,0.7825,0.7941
0,wp,WP,152,0.042889777213335034,0.04189053031802177,0.77575,0.7917
0,wp,WP,153,0.04278853863477707,0.041854743587970734,0.77625,0.7926
0,wp,WP,154,0.04293150585889816,0.041774334090948106,0.7795,0.7972
0,wp,WP,155,0.04279235270619392,0.041486638289690014,0.78025,0.8015
0,wp,WP,156,0.042694758981466296,0.041652884036302566,0.784,0.7973
0,wp,WP,157,0.04253299096226692,0.041411887186765674,0.784,0.8003
0,wp,WP,158,0.04221973192691803,0.04081038593649864,0.783,0.7995
0,wp,WP,159,0.04182740783691406,0.04054398600459099,0.786,0.7998
0,wp,WP,160,0.04153041353821754,0.04026116116642952,0.7845,0.8034
0,wp,WP,161,0.04185603845119476,0.04035458373427391,0.77525,0.7996
0,wp,WP,162,0.04200972619652748,0.040760288083553316,0.782,0.7993
0,wp,WP,163,0.04204043358564377,0.04074318672418594,0.786,0.8021
0,wp,WP,164,0.04191145017743111,0.040758604151010513,0.7825,0.7983
0,wp,WP,165,0.04184839484095573,0.040697768300771715,0.78725,0.801
0,wp,WP,166,0.04113970547914505,0.03998899409770965,0.792,0.8023
0,wp,WP,167,0.04139067915081978,0.040257490199804305,0.79225,0.803
0,wp,WP,168,0.041118178725242614,0.040184615927934646,0.7935,0.8022
0,wp,WP,169,0.04106269285082817,0.03990761620998383,0.7995,0.8075
0,wp,WP,170,0.04094525122642517,0.03983888975977898,0.7985,0.8062
0,wp,WP,171,0.04064226824045181,0.03947658799290657,0.80025,0.8085
0,wp,WP,172,0.0407157171368599,0.039643915659189226,0.802,0.8104
0,wp,WP,173,0.04072365316748619,0.039670771753788,0.804,0.812
0,wp,WP,174,0.04105194142460823,0.039759389847517014,0.80025,0.8077
0,wp,WP,175,0.04064829272031784,0.039369881427288055,0.80425,0.8083
0,wp,WP,176,0.040716811418533325,0.039426764583587647,0.79625,0.806
0,wp,WP,177,0.040516555786132814,0.03921138760447502,0.80425,0.8108
0,wp,WP,178,0.04045886251330376,0.03908104666471481,0.79975,0.8093
0,wp,WP,179,0.03985051321983337,0.0384181841135025,0.802,0.8133
0,wp,WP,180,0.03894068843126297,0.037599212038516995,0.8035,0.8145
0,wp,WP,181,0.039064351111650464,0.03774296107888222,0.80075,0.8099
0,wp,WP,182,0.03932918816804886,0.03795172125697136,0.79525,0.8117
0,wp,WP,183,0.03906642436981201,0.03761114491224289,0.802,0.8153
0,wp,WP,184,0.03923335912823677,0.03778333463072777,0.79875,0.8139
0,wp,WP,185,0.03917823430895805,0.03753673996925354,0.803,0.8122
0,wp,WP,186,0.03929324501752853,0.03767779261469841,0.79925,0.8108
0,wp,WP,187,0.03945075643062591,0.03799069641828537,0.79425,0.8096
0,wp,WP,188,0.0395664282143116,0.03809402663707733,0.7945,0.8103
0,wp,WP,189,0.0393902405500412,0.037859573239088055,0.793,0.81
0,wp,WP,190,0.03981244999170303,0.03830917204618454,0.79125,0.8098
0,wp,WP,191,0.03950413843989372,0.03795782092809677,0.78925,0.8096
0,wp,WP,192,0.03965921080112457,0.03819640833735466,0.7845,0.8047
0,wp,WP,193,0.03980144569277763,0.03836618255972862,0.7825,0.8014
0,wp,WP,194,0.03992984110116959,0.03848143798112869,0.7885,0.8009
0,wp,WP,195,0.04005363631248474,0.038643573731184,0.78575,0.803
0,wp,WP,196,0.04008547607064247,0.038666039419174195,0.78725,0.8002
0,wp,WP,197,0.04033201789855957,0.03881127582788468,0.78725,0.8028
0,wp,WP,198,0.04004509374499321,0.0386137324988842,0.78775,0.8049
0,wp,WP,199,0.04068187835812569,0.0393428317964077,0.781,0.7998
0,wp,WP,200,0.039962718307971955,0.03829459738135338,0.77925,0.8008
0,wp,WP,201,0.03962823316454887,0.03804703291654587,0.79025,0.8062
0,wp,WP,202,0.03970830535888672,0.03825605442523956,0.7865,0.8041
0,wp,WP,203,0.03976730000972748,0.03837314671874046,0.7885,0.804
0,wp,WP,204,0.03955857157707214,0.03821646629571915,0.7945,0.803
0,wp,WP,205,0.038797212839126585,0.03752707349061966,0.79175,0.8094
0,wp,WP,206,0.03876436975598335,0.03731618449091911,0.79275,0.8091
0,wp,WP,207,0.03965056696534157,0.03819379695057869,0.78375,0.8041
0,wp,WP,208,0.039805139511823656,0.038160732543468474,0.7855,0.8059
0,wp,WP,209,0.040144828587770465,0.03875296601653099,0.78075,0.8038
0,wp,WP,210,0.03996568098664284,0.03857198569178581,0.7825,0.8037
0,wp,WP,211,0.03965314421057701,0.03824382626414299,0.78675,0.804
0,wp,WP,212,0.03944421175122261,0.03795071961283684,0.786,0.8053
0,wp,WP,213,0.03923404800891876,0.03782859143018723,0.78925,0.8019
0,wp,WP,214,0.039599392741918565,0.038110337275266644,0.78875,0.8028
0,wp,WP,215,0.03955928692221641,0.03809224507212639,0.78925,0.8037
0,wp,WP,216,0.039993223369121554,0.03851265099048615,0.789,0.8043
0,wp,WP,217,0.04015896487236023,0.03881134704947472,0.7885,0.8035
0,wp,WP,218,0.039256461679935455,0.037951410228013994,0.79525,0.8049
0,wp,WP,219,0.039312826305627824,0.03791783518195152,0.79375,0.8047
0,wp,WP,220,0.038993505537509916,0.0375529356777668,0.796,0.8066
0,wp,WP,221,0.0390737983584404,0.03765640596747399,0.797,0.8068
0,wp,WP,222,0.03848460257053375,0.03719167356491089,0.795,0.8079
0,wp,WP,223,0.038477179795503615,0.037115097689628604,0.796,0.8089
0,wp,WP,224,0.038594670623540876,0.03736079993247986,0.7925,0.8056
0,wp,WP,225,0.03845774883031845,0.037351503336429594,0.79575,0.805
0,wp,WP,226,0.03862707304954529,0.037746488845348355,0.7905,0.8007
0,wp,WP,227,0.03878147459030151,0.037709543573856356,0.794,0.8041
0,wp,WP,228,0.03865054824948311,0.03776549728512764,0.791,0.8025
0,wp,WP,229,0.03889434564113617,0.0380277288377285,0.79075,0.8023
0,wp,WP,230,0.039278461426496505,0.038451252990961075,0.791,0.7954
0,wp,WP,231,0.03937400296330452,0.03838071494102478,0.791,0.7985
0,wp,WP,232,0.038852647811174396,0.03780340510606766,0.78975,0.7996
0,wp,WP,233,0.03846832400560379,0.03728784106373787,0.79075,0.7999
0,wp,WP,234,0.03844593715667725,0.037163908541202544,0.79275,0.8011
0,wp,WP,235,0.039035999059677126,0.03770879117846489,0.79125,0.8012
0,wp,WP,236,0.0390344934463501,0.037731535124778746,0.79275,0.8007
0,wp,WP,237,0.03959225678443909,0.03825736852884293,0.7875,0.8007
0,wp,WP,238,0.03921001130342484,0.038104545825719836,0.79025,0.7995
0,wp,WP,239,0.039601795017719266,0.0384254301071167,0.7885,0.8015
0,wp,WP,240,0.03988717252016068,0.03874908331632614,0.7845,0.8032
0,wp,WP,241,0.03957006859779358,0.038242454624176025,0.78075,0.8021
0,wp,WP,242,0.040026595205068585,0.03888536730408668,0.7865,0.7999
0,wp,WP,243,0.03990001919865608,0.03899129337668419,0.78325,0.7954
0,wp,WP,244,0.04057872581481933,0.039697610473632815,0.7745,0.7922
0,wp,WP,245,0.03997773224115372,0.039033756923675535,0.78025,0.7984
0,wp,WP,246,0.03995735907554626,0.038822682756185535,0.782,0.7985
0,wp,WP,247,0.03990397524833679,0.038650596243143084,0.77675,0.7941
0,wp,WP,248,0.04012293788790703,0.03876089222431183,0.775,0.7943
0,wp,WP,249,0.040092362374067304,0.03872894753217697,0.7755,0.795
0,wp,WP,250,0.0399034021794796,0.0385894557595253,0.774,0.7943
0,wp,WP,251,0.040380893617868424,0.03904252544641495,0.77925,0.7958
0,wp,WP,252,0.04053672590851784,0.03912827301621437,0.7795,0.7948
0,wp,WP,253,0.039714334666728975,0.038345700657367705,0.7805,0.7973
0,wp,WP,254,0.0392505479156971,0.037926339203119275,0.782,0.7993
0,wp,WP,255,0.039456114292144774,0.03804462602734566,0.77875,0.7965
0,wp,WP,256,0.04009704133868217,0.03836671008467674,0.77825,0.8006
0,wp,WP,257,0.03970526173710823,0.038155812937021256,0.781,0.7999
0,wp,WP,258,0.03935138189792633,0.03804868419766426,0.7805,0.7992
0,wp,WP,259,0.03915048965811729,0.03785821589231491,0.78075,0.8018
0,wp,WP,260,0.03911944684386253,0.03777617693543434,0.78725,0.8041
0,wp,WP,261,0.03932211568951607,0.03801124381422997,0.78175,0.7972
0,wp,WP,262,0.03906388166546822,0.037685043305158615,0.787,0.8032
0,wp,WP,263,0.03900580507516861,0.03754652888774872,0.78425,0.8046
0,wp,WP,264,0.0394272825717926,0.038243130046129226,0.78075,0.7957
0,wp,WP,265,0.039231442153453824,0.03794141651391983,0.7805,0.7968
0,wp,WP,266,0.039418980062007905,0.03823568435907364,0.785,0.7965
0,wp,WP,267,0.0392921479344368,0.03790946055054665,0.7875,0.7966
0,wp,WP,268,0.03985256952047348,0.038764403408765795,0.78125,0.7898
0,wp,WP,269,0.03983295071125031,0.03882611276507378,0.77825,0.7908
0,wp,WP,270,0.038824921011924744,0.037746795129776,0.78475,0.7974
0,wp,WP,271,0.039257642149925234,0.038119838047027586,0.782,0.7936
0,wp,WP,272,0.039310475140810014,0.03810393542647362,0.78325,0.7949
0,wp,WP,273,0.03864813977479935,0.037303470993041994,0.7825,0.7977
0,wp,WP,274,0.039196484118700026,0.037771323549747465,0.786,0.7993
0,wp,WP,275,0.03892812281847,0.037459046894311905,0.78225,0.7953
0,wp,WP,276,0.039248062312603,0.03782021874785423,0.78025,0.7932
0,wp,WP,277,0.039229649633169175,0.03783973105549812,0.7865,0.7943
0,wp,WP,278,0.039477305710315706,0.037922826606035236,0.77875,0.7916
0,wp,WP,279,0.03919948437809944,0.037455872631073,0.78575,0.7985
0,wp,WP,280,0.03968698772788048,0.03794400249123573,0.7825,0.7949
0,wp,WP,281,0.04013463753461838,0.0384308669090271,0.77775,0.7938
0,wp,WP,282,0.03971965354681015,0.03800484285354614,0.782,0.7969
0,wp,WP,283,0.03978421288728714,0.03781803391575813,0.7825,0.7992
0,wp,WP,284,0.0399215861260891,0.03816927387714386,0.78175,0.7996
0,wp,WP,285,0.03947806426882744,0.037665553587675094,0.7815,0.8022
0,wp,WP,286,0.03932329460978508,0.03742523638010025,0.7815,0.8042
0,wp,WP,287,0.03942528453469277,0.037417378216981885,0.783,0.8048
0,wp,WP,288,0.03974170610308647,0.03772455165982246,0.778,0.7992
0,wp,WP,289,0.039298384487628936,0.03710651664733887,0.78,0.8052
0,wp,WP,290,0.03981108367443085,0.037574408608675,0.78325,0.801
0,wp,WP,291,0.03951351025700569,0.03739652074575424,0.78525,0.8012
0,wp,WP,292,0.03955402392148972,0.037225996565818785,0.77675,0.8017
0,wp,WP,293,0.04040966653823853,0.03804068841934204,0.7765,0.7968
0,wp,WP,294,0.039993749767541886,0.03767580459117889,0.77825,0.8013
0,wp,WP,295,0.039279194593429566,0.03699407060146332,0.78425,0.8097
0,wp,WP,296,0.039401156723499295,0.03703004316091538,0.785,0.8047
0,wp,WP,297,0.039845655500888824,0.0377664997279644,0.77925,0.8005
0,wp,WP,298,0.04005471706390381,0.037951867854595187,0.77375,0.8018
0,wp,WP,299,0.039992624580860135,0.03797475112080574,0.7775,0.7991
0,wp,WP,300,0.04009387829899788,0.038052929919958116,0.774,0.7997
0,wp,WP,301,0.040111729681491855,0.0383683001935482,0.77475,0.7951
0,wp,WP,302,0.04004556569457054,0.03800326553583145,0.77475,0.7951
0,wp,WP,303,0.04025243040919304,0.038214446067810055,0.7745,0.7943
0,wp,WP,304,0.0399698084294796,0.037936093652248384,0.77575,0.7981
0,wp,WP,305,0.03974032056331635,0.03783745121955871,0.777,0.7947
0,wp,WP,306,0.03962338668107986,0.03798831803798675,0.77325,0.7897
0,wp,WP,307,0.03948467040061951,0.03784007807970047,0.7755,0.7854
0,wp,WP,308,0.039594939410686494,0.038192784184217454,0.7785,0.7922
0,wp,WP,309,0.03960410979390144,0.03811765754818916,0.77825,0.7915
0,wp,WP,310,0.03970339712500572,0.03823316390514374,0.77975,0.7903
0,wp,WP,311,0.0401948564350605,0.03891743572354317,0.776,0.7833
0,wp,WP,312,0.03975652348995209,0.03844610587358475,0.77375,0.7858
0,wp,WP,313,0.040395755112171174,0.03900189011096954,0.7705,0.7813
0,wp,WP,314,0.04101025474071503,0.03941185097098351,0.76775,0.7806
0,wp,WP,315,0.041224639326334,0.03959718571901322,0.77275,0.7793
0,wp,WP,316,0.04101185029745102,0.03940298209786415,0.7715,0.7812
0,wp,WP,317,0.040942305266857146,0.03939954132437706,0.7735,0.7832
0,wp,WP,318,0.041152230978012086,0.03965076123476029,0.77325,0.7837
0,wp,WP,319,0.04130396616458893,0.040019798403978346,0.77875,0.7838
0,wp,WP,320,0.04178066828846932,0.04023925830721855,0.773,0.7836
0,wp,WP,321,0.04146100646257401,0.039787778037786485,0.77425,0.7864
0,wp,WP,322,0.04255901166796684,0.04071014708280563,0.758,0.772
0,wp,WP,323,0.04237378811836243,0.04072408068180084,0.753,0.7669
0,wp,WP,324,0.042903481394052506,0.041021495616436005,0.758,0.7701
0,wp,WP,325,0.042347114264965055,0.040237542122602464,0.7575,0.7742
0,wp,WP,326,0.04220971876382828,0.04000715993642807,0.75475,0.7758
0,wp,WP,327,0.04212401223182678,0.039823834729194645,0.75375,0.7685
0,wp,WP,328,0.04246867862343788,0.04027761337161064,0.74875,0.7661
0,wp,WP,329,0.04199310773611069,0.03987556712031364,0.751,0.7713
0,wp,WP,330,0.042365639060735705,0.04022353028655052,0.74625,0.7691
0,wp,WP,331,0.04218370416760445,0.04004629296064377,0.75625,0.7751
0,wp,WP,332,0.04214016535878182,0.03978009645342827,0.75425,0.7764
0,wp,WP,333,0.041976497739553455,0.039596293860673905,0.75575,0.7794
0,wp,WP,334,0.04240456008911133,0.04019432121515274,0.759,0.7782
0,wp,WP,335,0.042003992974758146,0.039940936720371245,0.76025,0.7819
0,wp,WP,336,0.04204426395893097,0.03998285458683968,0.7615,0.7833
0,wp,WP,337,0.042103753626346586,0.03988790192604065,0.75875,0.7749
0,wp,WP,338,0.041737964481115344,0.03949095566868782,0.75875,0.7756
0,wp,WP,339,0.04154607594013214,0.03934656814932823,0.7595,0.7745
0,wp,WP,340,0.041887494683265684,0.039563904815912244,0.76125,0.7797
0,wp,WP,341,0.041733388125896456,0.039487032741308215,0.758,0.7784
0,wp,WP,342,0.041069763630628586,0.039061653405427936,0.7605,0.7783
0,wp,WP,343,0.041127727419137956,0.03896544657349586,0.76275,0.7851
0,wp,WP,344,0.04149701777100563,0.03922695090770721,0.763,0.7822
0,wp,WP,345,0.04191953518986702,0.039606149464845655,0.75625,0.7842
0,wp,WP,346,0.04242170423269272,0.04012055351734162,0.758,0.7893
0,wp,WP,347,0.04232955926656723,0.04005276801586151,0.76075,0.7858
0,wp,WP,348,0.04319661396741867,0.04135275556445122,0.7465,0.7731
0,wp,WP,349,0.042867688864469525,0.04095626034140587,0.75575,0.7789
0,wp,WP,350,0.04304824814200401,0.041064837557077405,0.747,0.7706
0,wp,WP,351,0.042390060305595396,0.04056740297675133,0.75025,0.7737
0,wp,WP,352,0.04212674742937088,0.04033178538680077,0.758,0.7765
0,wp,WP,353,0.0427502772808075,0.040981737190485,0.75225,0.7733
0,wp,WP,354,0.042993523448705676,0.04116087917685509,0.7565,0.777
0,wp,WP,355,0.042546269983053206,0.04089813656210899,0.7585,0.7774
0,wp,WP,356,0.042863209933042525,0.0410818754196167,0.75275,0.7815
0,wp,WP,357,0.042625009983778,0.04086791343688965,0.756,0.7774
0,wp,WP,358,0.04268982899188995,0.04112273592948914,0.7545,0.7754
0,wp,WP,359,0.042717192620038986,0.04079452130794525,0.7535,0.7718
0,wp,WP,360,0.04311977824568748,0.04116323043704033,0.74675,0.7706
0,wp,WP,361,0.04315332278609276,0.0410231237590313,0.7525,0.7763
0,wp,WP,362,0.042513184130191804,0.04049301370978355,0.754,0.7761
0,wp,WP,363,0.04244594520330429,0.04049810344576835,0.75625,0.7775
0,wp,WP,364,0.04204867923259735,0.04038437855243683,0.7605,0.7778
0,wp,WP,365,0.041834465980529784,0.040289151352643965,0.76275,0.7774
0,wp,WP,366,0.04238388043642044,0.04092677276730537,0.7605,0.7723
0,wp,WP,367,0.042316933035850525,0.04110314905643463,0.75675,0.7667
0,wp,WP,368,0.04333743381500244,0.04222319205403328,0.754,0.7676
0,wp,WP,369,0.042728392302989956,0.04157807868719101,0.75975,0.7779
0,wp,WP,370,0.04307844939827919,0.04201950206756592,0.7485,0.7626
0,wp,WP,371,0.04259155234694481,0.04138091368079185,0.7565,0.7744
0,wp,WP,372,0.04349389347434044,0.042534471029043196,0.756,0.767
0,wp,WP,373,0.04252403634786606,0.04154326232075691,0.757,0.7727
0,wp,WP,374,0.04378530952334404,0.042779988491535186,0.7525,0.7679
0,wp,WP,375,0.043221407145261764,0.0424035315990448,0.75875,0.7687
0,wp,WP,376,0.04288876661658287,0.04245039020180702,0.762,0.7719
0,wp,WP,377,0.04268963408470154,0.0419358557164669,0.762,0.7713
0,wp,WP,378,0.04268156200647354,0.04188084333539009,0.754,0.7677
0,wp,WP,379,0.043272755801677706,0.04273945377469063,0.751,0.7656
0,wp,WP,380,0.04225608819723129,0.04154839888215065,0.75475,0.7699
0,wp,WP,381,0.04265039411187172,0.041531395548582074,0.75375,0.7671
0,wp,WP,382,0.042259249478578564,0.0410132453083992,0.75675,0.7755
0,wp,WP,383,0.043681934356689454,0.04229688138961792,0.7545,0.7675
0,wp,WP,384,0.04381231871247292,0.04199507076144218,0.74825,0.7641
0,wp,WP,385,0.043797512620687484,0.041960493355989455,0.749,0.7681
0,wp,WP,386,0.04434240916371345,0.042497041130065916,0.75725,0.7676
0,wp,WP,387,0.044280469834804534,0.04239314856529236,0.75475,0.7661
0,wp,WP,388,0.04448719510436058,0.04295857580304146,0.75125,0.7601
0,wp,WP,389,0.044711053818464276,0.04330123475790024,0.74075,0.7501
0,wp,WP,390,0.045047954231500625,0.04421392320990562,0.7435,0.7585
0,wp,WP,391,0.044892204493284224,0.04418968896269798,0.737,0.7484
0,wp,WP,392,0.04455491375923157,0.0439264678478241,0.74375,0.7605
0,wp,WP,393,0.04485679480433464,0.044433989816904065,0.748,0.7554
0,wp,WP,394,0.04464202916622162,0.04412557996511459,0.748,0.7565
0,wp,WP,395,0.045032799661159514,0.04450570655465126,0.7475,0.7574
0,wp,WP,396,0.04534513583779335,0.044630808466672896,0.7455,0.7531
0,wp,WP,397,0.044669720500707624,0.04432456954717636,0.7505,0.7613
0,wp,WP,398,0.04467303943634033,0.04420692601799965,0.7495,0.758
0,wp,WP,399,0.04466673523187637,0.04416158410310745,0.75025,0.7586
0,wp,WP,400,0.044703622847795485,0.0439198227763176,0.749,0.7604
1,bp,BP,1,0.02190726847946644,0.021108833357691766,0.9055,0.9174
1,bp,BP,2,0.01577628716826439,0.015145613940060138,0.9315,0.9395
1,bp,BP,3,0.013138715960085392,0.012602206914126873,0.942,0.9498
1,bp,BP,4,0.011449182696640492,0.011040856562554836,0.9555,0.9583
1,bp,BP,5,0.01024138516932726,0.010026873695850372,0.96225,0.9616
1,bp,BP,6,0.009367775909602642,0.009242708933353425,0.96525,0.9646
1,bp,BP,7,0.008611575365066529,0.008619156831502914,0.96875,0.9677
1,bp,BP,8,0.007991914212703705,0.008102795712649822,0.97125,0.9697
1,bp,BP,9,0.007473664715886116,0.007676147574186325,0.97425,0.9709
1,bp,BP,10,0.00696669751405716,0.007258668325841427,0.97525,0.9721
1,bp,BP,11,0.006630479294806719,0.00700345084220171,0.97775,0.9729
1,bp,BP,12,0.006140934493392706,0.006635480859875679,0.98025,0.9749
1,bp,BP,13,0.00591776055470109,0.006426257719099522,0.9815,0.9752
1,bp,BP,14,0.005596298318356276,0.006265523988753558,0.982,0.9748
1,bp,BP,15,0.005464813608676195,0.006057783328741789,0.9835,0.977
1,bp,BP,16,0.005174152486026287,0.005833885657787323,0.98475,0.9776
1,bp,BP,17,0.004927495192736387,0.005716256573051214,0.98525,0.9789
1,bp,BP,18,0.004720128193497658,0.0055601866543293,0.98625,0.9794
1,bp,BP,19,0.0046053934097290035,0.0055231092780828476,0.98625,0.979
1,bp,BP,20,0.004360608149319887,0.005328434261679649,0.9885,0.9796
1,bp,BP,21,0.00436577744409442,0.005405206628143787,0.9885,0.9797
1,bp,BP,22,0.004067079987376928,0.005145038525015116,0.98975,0.9803
1,bp,BP,23,0.003957251362502575,0.005053733558952808,0.9895,0.9805
1,bp,BP,24,0.003824648577719927,0.004965868435800076,0.9895,0.981
1,bp,BP,25,0.0037550186552107335,0.004900990016758442,0.9895,0.9814
1,bp,BP,26,0.003589894946664572,0.004820763808488846,0.9905,0.9815
1,bp,BP,27,0.0036139038521796466,0.004931502187997103,0.99125,0.9811
1,bp,BP,28,0.0033855516891926527,0.004766654089093208,0.9915,0.9818
1,bp,BP,29,0.0032990951128304006,0.004654677694290877,0.992,0.9824
1,bp,BP,30,0.0033806609734892846,0.0047996413215994835,0.9925,0.9828
1,bp,BP,31,0.0031680508758872745,0.004659125221520662,0.9925,0.9823
1,bp,BP,32,0.003179385283961892,0.004632575671374798,0.99225,0.9825
1,bp,BP,33,0.002943410923704505,0.004491205460578203,0.9935,0.9825
1,bp,BP,34,0.0029135174956172703,0.004501632939279079,0.9935,0.9835
1,bp,BP,35,0.002838847540318966,0.004462922114133835,0.99275,0.983
1,bp,BP,36,0.0028517258632928134,0.004514084588736296,0.99375,0.9837
1,bp,BP,37,0.0027293165773153304,0.004479054950922727,0.994,0.9834
1,bp,BP,38,0.0026296530421823262,0.004369648734480143,0.99425,0.9843
1,bp,BP,39,0.0026343661807477475,0.004386516664177179,0.994,0.9836
1,bp,BP,40,0.0025356245301663876,0.004402736422419548,0.9945,0.9832
1,bp,BP,41,0.002485718524083495,0.004401200916618109,0.995,0.9838
1,bp,BP,42,0.002456865269690752,0.004315282612293959,0.99525,0.9837
1,bp,BP,43,0.0024307511541992424,0.004289420575648547,0.99525,0.9843
1,bp,BP,44,0.0023230246622115373,0.00423948225826025,0.99525,0.9844
1,bp,BP,45,0.002409008082002401,0.004400662165135145,0.996,0.9838
1,bp,BP,46,0.00226720935665071,0.004248183435201645,0.99675,0.9843
1,bp,BP,47,0.0021506051495671272,0.004170607774704695,0.997,0.9843
1,bp,BP,48,0.0021557295955717563,0.004232268401235342,0.99675,0.9846
1,bp,BP,49,0.0021959395967423917,0.004292256261408329,0.9965,0.9844
1,bp,BP,50,0.0021024495214223863,0.004175646892935037,0.99675,0.9842
1,bp,BP,51,0.002031115835532546,0.004173463970422744,0.9965,0.9843
1,bp,BP,52,0.001962230971083045,0.004140466099232435,0.997,0.9847
1,bp,BP,53,0.001988543562591076,0.004171771563589573,0.99675,0.9843
1,bp,BP,54,0.001946549776941538,0.004191308280825615,0.9975,0.9848
1,bp,BP,55,0.001943130288273096,0.004175012489408255,0.99725,0.985
1,bp,BP,56,0.0018404867332428693,0.004115195850282908,0.99725,0.9846
1,bp,BP,57,0.001873625760897994,0.0041660851545631886,0.9975,0.9849
1,bp,BP,58,0.0017877839514985681,0.004111416704207659,0.99725,0.9839
1,bp,BP,59,0.0017360792141407728,0.004095934273302555,0.9975,0.9846
1,bp,BP,60,0.0017651206841692328,0.004165297687798738,0.9975,0.9838
1,bp,BP,61,0.0016889326479285955,0.004103977134078741,0.9975,0.9846
1,bp,BP,62,0.0017645197240635754,0.004192327131330967,0.99775,0.9843
1,bp,BP,63,0.0016452102297917009,0.004095142830908298,0.99825,0.9845
1,bp,BP,64,0.0016085688369348646,0.004062890464067459,0.9985,0.9843
1,bp,BP,65,0.0015830555614084005,0.004043145430088043,0.99825,0.9847
1,bp,BP,66,0.0015875809658318757,0.004098765762150287,0.99875,0.985
1,bp,BP,67,0.0015344421528279781,0.004061809375882149,0.9985,0.9846
1,bp,BP,68,0.0015635590478777885,0.004116510382294655,0.9985,0.9847
1,bp,BP,69,0.0015135018546134234,0.00404893480092287,0.9985,0.9842
1,bp,BP,70,0.0015563050052151083,0.004096413531154394,0.99875,0.9844
1,bp,BP,71,0.0014507028413936495,0.004059848643094301,0.99875,0.9845
1,bp,BP,72,0.0014675657050684094,0.004086127569526434,0.99875,0.9843
1,bp,BP,73,0.0013812992144376039,0.003993254569172859,0.999,0.9853
1,bp,BP,74,0.0013948163660243154,0.004074678935110569,0.99875,0.9846
1,bp,BP,75,0.00136649876460433,0.004049174477159977,0.999,0.9848
1,bp,BP,76,0.0013178809210658074,0.004040059766173363,0.99875,0.9849
1,bp,BP,77,0.0013067305842414498,0.003991557867825031,0.999,0.9843
1,bp,BP,78,0.001287371203303337,0.00404951593875885,0.99925,0.9851
1,bp,BP,79,0.001274466397240758,0.004045998894423247,0.999,0.9846
1,bp,BP,80,0.0012360509280115366,0.004017444177716971,0.99925,0.9843
1,bp,BP,81,0.001235997992567718,0.0040135535031557085,0.99925,0.9844
1,bp,BP,82,0.0012401525741443037,0.004034934435039759,0.99925,0.9843
1,bp,BP,83,0.001178122691810131,0.00402209192365408,0.9995,0.984
1,bp,BP,84,0.001163020746782422,0.004008611907064915,1.0,0.9839
1,bp,BP,85,0.0011590268770232796,0.0040551856212317945,0.99975,0.9843
1,bp,BP,86,0.001117828981950879,0.004012905728816986,0.9995,0.984
1,bp,BP,87,0.0011186424549669027,0.004027567575871944,0.9995,0.9848
1,bp,BP,88,0.0011481800097972155,0.004029812953621149,0.9995,0.9846
1,bp,BP,89,0.0011141006918624044,0.0040530135191977025,0.9995,0.9848
1,bp,BP,90,0.0010839117346331476,0.00405994011759758,0.99975,0.9846
1,bp,BP,91,0.0010628632735460997,0.004030456890910864,0.99975,0.9844
1,bp,BP,92,0.0010852155918255448,0.00407119080349803,0.9995,0.984
1,bp,BP,93,0.0010622525420039893,0.004026283553987741,0.9995,0.9846
1,bp,BP,94,0.0010500141633674501,0.004019973314553499,0.9995,0.9839
1,bp,BP,95,0.0010392359467223287,0.004050135440379381,0.99975,0.9838
1,bp,BP,96,0.0009894797122105955,0.004040113680064678,0.99975,0.9843
1,bp,BP,97,0.0010144282300025224,0.004064289920032024,1.0,0.984
1,bp,BP,98,0.001000353774987161,0.004036225677281618,0.9995,0.9843
1,bp,BP,99,0.0010190650839358567,0.004035053499042988,0.9995,0.9842
1,bp,BP,100,0.0009580989871174097,0.004046292616426945,0.99975,0.9842
1,bp,BP,101,0.0009739585090428591,0.004070867900550366,1.0,0.9839
1,bp,BP,102,0.0009122083028778434,0.004020346080511808,0.99975,0.9844
1,bp,BP,103,0.0008857399933040142,0.0040218692108988765,1.0,0.9847
1,bp,BP,104,0.0009135897024534642,0.0040664638377726076,0.99975,0.9843
1,bp,BP,105,0.0009256800981238485,0.004042093254625797,0.99975,0.9837
1,bp,BP,106,0.0008694435730576515,0.004006501808017492,1.0,0.9843
1,bp,BP,107,0.0008572737546637655,0.004052060714364052,1.0,0.9843
1,bp,BP,108,0.0008392291758209467,0.003997464191168546,1.0,0.9848
1,bp,BP,109,0.0008913351972587406,0.004068623689562082,1.0,0.9845
1,bp,BP,110,0.0009122482743114233,0.004095769240707159,1.0,0.9842
1,bp,BP,111,0.0008124412465840578,0.004038669107109308,1.0,0.9843
1,bp,BP,112,0.0008333989367820322,0.004067090494930745,1.0,0.9843
1,bp,BP,113,0.0008161042332649231,0.004036128019541502,1.0,0.9846
1,bp,BP,114,0.0008514717454090714,0.004073893395811319,1.0,0.9844
1,bp,BP,115,0.0007957254019565881,0.0040463775485754016,1.0,0.9843
1,bp,BP,116,0.0008298617876134813,0.004050241875648499,1.0,0.9841
1,bp,BP,117,0.0008142980430275202,0.004083900129050016,1.0,0.984
1,bp,BP,118,0.0008149783359840512,0.004085289081931114,1.0,0.9839
1,bp,BP,119,0.0007956299143843352,0.004073799268901348,1.0,0.9847
1,bp,BP,120,0.0007471262449398637,0.0040577870875597,1.0,0.9843
1,bp,BP,121,0.0007711156527511775,0.004090798681229353,1.0,0.9843
1,bp,BP,122,0.000737593908328563,0.004058570523560047,1.0,0.9849
1,bp,BP,123,0.0007404063576832414,0.0040635830767452715,1.0,0.9846
1,bp,BP,124,0.0007675134632736444,0.0041251797705888745,1.0,0.9838
1,bp,BP,125,0.000761040679179132,0.004145157801359892,1.0,0.9843
1,bp,BP,126,0.0007218706477433443,0.004066802667081356,1.0,0.9847
1,bp,BP,127,0.0007324504251591861,0.004076975838840008,1.0,0.984
1,bp,BP,128,0.0007467726957984268,0.004131253574788571,1.0,0.9844
1,bp,BP,129,0.0006697442410513759,0.004079040108621121,1.0,0.9847
1,bp,BP,130,0.0006711844210512936,0.00408648871332407,1.0,0.9845
1,bp,BP,131,0.0006731450804509223,0.004071485766023397,1.0,0.9845
1,bp,BP,132,0.0006477103615179658,0.004045773839950561,1.0,0.9842
1,bp,BP,133,0.000692393537145108,0.004099989315122366,1.0,0.9843
1,bp,BP,134,0.00067538938857615,0.004106597363948822,1.0,0.9847
1,bp,BP,135,0.0006977709364145994,0.0041328329436481,1.0,0.984
1,bp,BP,136,0.0006641719620674849,0.004075547064840794,1.0,0.9845
1,bp,BP,137,0.0006925839968025684,0.004101525297760963,1.0,0.9847
1,bp,BP,138,0.0006465570111759007,0.0040698925986886025,1.0,0.984
1,bp,BP,139,0.0006332575413398445,0.004099860407412052,1.0,0.9841
1,bp,BP,140,0.0006369057358242571,0.004077691649645567,1.0,0.9842
1,bp,BP,141,0.0006058034216985107,0.00405423444584012,1.0,0.9844
1,bp,BP,142,0.0006110098459757864,0.004071535865962505,1.0,0.9842
1,bp,BP,143,0.0005783043829724193,0.004026495416462422,1.0,0.9843
1,bp,BP,144,0.0005936436164192856,0.004069785811752081,1.0,0.9844
1,bp,BP,145,0.0005661162831820547,0.004044009643048048,1.0,0.9844
1,bp,BP,146,0.0006086374833248556,0.00411179815530777,1.0,0.9845
1,bp,BP,147,0.0005745054688304663,0.004055856414884329,1.0,0.9847
1,bp,BP,148,0.0005796930678188801,0.00409528262540698,1.0,0.984
1,bp,BP,149,0.0005908815441653132,0.0041069108940660955,1.0,0.9842
1,bp,BP,150,0.000572680049110204,0.004080954232811928,1.0,0.9844
1,bp,BP,151,0.0005650930195115507,0.00409905983582139,1.0,0.9843
1,bp,BP,152,0.000550152930431068,0.004070630966871977,1.0,0.9844
1,bp,BP,153,0.0005483521912246943,0.004100683926045894,1.0,0.9842
1,bp,BP,154,0.0005509335887618362,0.004088070374727249,1.0,0.9845
1,bp,BP,155,0.0005386776896193624,0.004085089284926653,1.0,0.9844
1,bp,BP,156,0.0006187165747396648,0.004174673169106245,1.0,0.984
1,bp,BP,157,0.0005375012001022696,0.004077348183095455,1.0,0.984
1,bp,BP,158,0.0005201084828004241,0.004090648001432419,1.0,0.9844
1,bp,BP,159,0.0005485798390582204,0.004099007330089808,1.0,0.9838
1,bp,BP,160,0.000508848371449858,0.004067007064819336,1.0,0.9844
1,bp,BP,161,0.0005132140158675611,0.004066319935023785,1.0,0.984
1,bp,BP,162,0.0006103037437424064,0.004154467418789863,1.0,0.9843
1,bp,BP,163,0.000525308839045465,0.004090126316249371,1.0,0.9846
1,bp,BP,164,0.0004960496579296887,0.004098467058688402,1.0,0.9843
1,bp,BP,165,0.0005044080186635256,0.0040984387382864956,1.0,0.9837
1,bp,BP,166,0.0005182727416977286,0.004142007818073034,1.0,0.9839
1,bp,BP,167,0.0004711618353612721,0.004072260046005249,1.0,0.984
1,bp,BP,168,0.00047070545400492846,0.004084318993985653,1.0,0.9839
1,bp,BP,169,0.00047563124797306956,0.004088426543027162,1.0,0.9845
1,bp,BP,170,0.0005044495514594018,0.004113980928063392,1.0,0.9844
1,bp,BP,171,0.0004969190852716566,0.004103312660008669,1.0,0.9841
1,bp,BP,172,0.0005284541193395853,0.0041461565874516965,1.0,0.9838
1,bp,BP,173,0.00045767438947223125,0.004073190833628178,1.0,0.984
1,bp,BP,174,0.0004516672033350915,0.004086129716783762,1.0,0.9841
1,bp,BP,175,0.0004939038581214845,0.004118078673630953,1.0,0.9843
1,bp,BP,176,0.0004547007672954351,0.004099565695971251,1.0,0.9837
1,bp,BP,177,0.00044280788279138505,0.004114635114371777,1.0,0.984
1,bp,BP,178,0.00046156764100305735,0.004124770200997591,1.0,0.9837
1,bp,BP,179,0.0004508337760344148,0.004123487274348736,1.0,0.9842
1,bp,BP,180,0.00043997655319981274,0.004111874178051949,1.0,0.9839
1,bp,BP,181,0.00045134967239573596,0.004097037538141012,1.0,0.9838
1,bp,BP,182,0.0004257851664442569,0.004078723990172148,1.0,0.984
1,bp,BP,183,0.0004320033558178693,0.004117889857292175,1.0,0.9835
1,bp,BP,184,0.0004283788362517953,0.004137848316133022,1.0,0.984
1,bp,BP,185,0.00043128057802096007,0.004112025428563357,1.0,0.9833
1,bp,BP,186,0.00041531673353165387,0.004093910630047322,1.0,0.9834
1,bp,BP,187,0.00041968606621958315,0.0041318553827703,1.0,0.9837
1,bp,BP,188,0.0004016750305891037,0.004112195380032062,1.0,0.9839
1,bp,BP,189,0.00044041641964577137,0.004152053642272949,1.0,0.9837
1,bp,BP,190,0.0004067651866935194,0.004112475211173296,1.0,0.9836
1,bp,BP,191,0.00045382618089206516,0.004165810377150774,1.0,0.9834
1,bp,BP,192,0.00042582410806789995,0.004129655178636313,1.0,0.9835
1,bp,BP,193,0.0004093039333820343,0.004112998000532389,1.0,0.9834
1,bp,BP,194,0.000436559384688735,0.004134184677898884,1.0,0.9842
1,bp,BP,195,0.0003977597008924931,0.004136654087901115,1.0,0.984
1,bp,BP,196,0.0004003434448968619,0.004136958445608616,1.0,0.9837
1,bp,BP,197,0.0003758011755999178,0.004129852378368377,1.0,0.9836
1,bp,BP,198,0.00038378804037347434,0.004129003939032555,1.0,0.984
1,bp,BP,199,0.0003857346272561699,0.00413978203907609,1.0,0.9837
1,bp,BP,200,0.0003947834754362702,0.004128929623216391,1.0,0.9832
1,bp,BP,201,0.0003775536343455315,0.004141366953402757,1.0,0.9839
1,bp,BP,202,0.00041277067316696045,0.004168230417370796,1.0,0.9842
1,bp,BP,203,0.0003865616621915251,0.004117485901713371,1.0,0.9843
1,bp,BP,204,0.0003714033954311162,0.004115597029775381,1.0,0.9837
1,bp,BP,205,0.0003726168051362038,0.004093735804408789,1.0,0.9836
1,bp,BP,206,0.00040839712508022787,0.004172527780383825,1.0,0.9831
1,bp,BP,207,0.00038703770679421724,0.004137819414585828,1.0,0.9838
1,bp,BP,208,0.0004010827043093741,0.004156490109860897,1.0,0.9839
1,bp,BP,209,0.0003671181139070541,0.004121742506325245,1.0,0.9839
1,bp,BP,210,0.000403290523448959,0.004201180757582188,1.0,0.9838
1,bp,BP,211,0.00038013153825886545,0.004171863839030266,1.0,0.9837
1,bp,BP,212,0.0003457630246412009,0.00411424655765295,1.0,0.9836
1,bp,BP,213,0.0004061619401909411,0.004197286868840456,1.0,0.9838
1,bp,BP,214,0.00034251088183373215,0.004124867993593216,1.0,0.9833
1,bp,BP,215,0.00036124234017916024,0.004168621410429478,1.0,0.9839
1,bp,BP,216,0.0003256544687319547,0.00412608257457614,1.0,0.9836
1,bp,BP,217,0.00048542530788108705,0.004298364528268575,1.0,0.9833
1,bp,BP,218,0.0003363380676601082,0.004145097945630551,1.0,0.9838
1,bp,BP,219,0.0003395420254673809,0.004135479537397623,1.0,0.9839
1,bp,BP,220,0.0003535044281743467,0.004180801393836736,1.0,0.9839
1,bp,BP,221,0.00031806196621619165,0.004131002325564623,1.0,0.9834
1,bp,BP,222,0.0003310385076329112,0.004153992545604706,1.0,0.9833
1,bp,BP,223,0.0003248693495988846,0.004135638502240181,1.0,0.9838
1,bp,BP,224,0.00033072602935135364,0.00414029334038496,1.0,0.9838
1,bp,BP,225,0.00031145026232115927,0.004146840770542622,1.0,0.9835
1,bp,BP,226,0.0003625087996479124,0.004207197310775518,1.0,0.9838
1,bp,BP,227,0.00033318007341586055,0.004178041043877602,1.0,0.9835
1,bp,BP,228,0.00031411383650265635,0.004148825411498546,1.0,0.9839
1,bp,BP,229,0.0003173043804708868,0.004179031389951706,1.0,0.984
1,bp,BP,230,0.00031883756746537985,0.004151731468737125,1.0,0.9839
1,bp,BP,231,0.00033003644412383436,0.0042009287446737285,1.0,0.9834
1,bp,BP,232,0.00031453706207685173,0.004161672946065664,1.0,0.9837
1,bp,BP,233,0.0003659330389928073,0.004225226902216673,1.0,0.9834
1,bp,BP,234,0.0003104854265693575,0.004173093699663877,1.0,0.9836
1,bp,BP,235,0.0003091798999812454,0.0041747868344187734,1.0,0.9838
1,bp,BP,236,0.0003040108515415341,0.0041577056549489495,1.0,0.9841
1,bp,BP,237,0.0002907591329421848,0.004162301284074783,1.0,0.9836
1,bp,BP,238,0.00031938956840895115,0.004182833860069513,1.0,0.9837
1,bp,BP,239,0.0003347894875332713,0.004214798288047314,1.0,0.9838
1,bp,BP,240,0.00029524536523967983,0.004170213228464127,1.0,0.9836
1,bp,BP,241,0.00029557641944848,0.00418854273557663,1.0,0.9832
1,bp,BP,242,0.00031920038699172437,0.004184658222645521,1.0,0.9837
1,bp,BP,243,0.0002754568934906274,0.004172235096246004,1.0,0.9838
1,bp,BP,244,0.0002902193935588002,0.004170510004460812,1.0,0.9838
1,bp,BP,245,0.0003300385705661029,0.004224347807466984,1.0,0.9835
1,bp,BP,246,0.0002968905498273671,0.0041870334044098855,1.0,0.9839
1,bp,BP,247,0.00030091711902059616,0.004198786086589098,1.0,0.9841
1,bp,BP,248,0.00034086137358099223,0.00423249900713563,1.0,0.9834
1,bp,BP,249,0.00028412218298763035,0.004190507814288139,1.0,0.9835
1,bp,BP,250,0.0003203953213524073,0.004225476207584142,1.0,0.9832
1,bp,BP,251,0.0003719678723718971,0.00427274958640337,1.0,0.9839
1,bp,BP,252,0.00027252184436656534,0.004186829854547977,1.0,0.9838
1,bp,BP,253,0.0002802858839277178,0.004205890554189682,1.0,0.9836
1,bp,BP,254,0.0002710912043694407,0.004192906919121742,1.0,0.9839
1,bp,BP,255,0.00027702768426388503,0.004199534333497286,1.0,0.9839
1,bp,BP,256,0.0002954157032072544,0.004223089426755905,1.0,0.9842
1,bp,BP,257,0.0002873819216620177,0.0042172675043344494,1.0,0.9838
1,bp,BP,258,0.0002772111240774393,0.0041934242136776444,1.0,0.9837
1,bp,BP,259,0.0003232221575453877,0.004283170029520988,1.0,0.983
1,bp,BP,260,0.0002765712619293481,0.004209435384720564,1.0,0.9834
1,bp,BP,261,0.0003271693161223084,0.004275822331011295,1.0,0.9834
1,bp,BP,262,0.0002672762842848897,0.004203405380994081,1.0,0.9835
1,bp,BP,263,0.0002815798446536064,0.004206042735278606,1.0,0.984
1,bp,BP,264,0.0002912713969126344,0.004200106140226125,1.0,0.984
1,bp,BP,265,0.00026697049825452266,0.004205282498896122,1.0,0.9835
1,bp,BP,266,0.000264539769734256,0.0042011628732085225,1.0,0.9839
1,bp,BP,267,0.0002755582903046161,0.004226884889602661,1.0,0.9836
1,bp,BP,268,0.00030171739147044716,0.00425928400605917,1.0,0.9836
1,bp,BP,269,0.000260434290044941,0.004222266211360693,1.0,0.9837
1,bp,BP,270,0.00027177211618982256,0.004219006548076868,1.0,0.9834
1,bp,BP,271,0.0002508773648878559,0.004217419137060642,1.0,0.9834
1,bp,BP,272,0.0002578674440737814,0.004209657575190067,1.0,0.9835
1,bp,BP,273,0.00024905693950131534,0.004214584428071976,1.0,0.9831
1,bp,BP,274,0.00024988736410159616,0.004209235002100468,1.0,0.9834
1,bp,BP,275,0.00023980740923434495,0.004206507226079703,1.0,0.9836
1,bp,BP,276,0.0002977142482995987,0.004272180925309658,1.0,0.9834
1,bp,BP,277,0.00023395983513910325,0.004223915343731642,1.0,0.9833
1,bp,BP,278,0.0002630301611497998,0.004209321068227291,1.0,0.9836
1,bp,BP,279,0.00024079231231007725,0.004223032585531473,1.0,0.9835
1,bp,BP,280,0.00025663681665901095,0.004249502981454134,1.0,0.9834
1,bp,BP,281,0.00023851656902115792,0.004209160014986992,1.0,0.9837
1,bp,BP,282,0.00023488623183220625,0.004213633143901825,1.0,0.9835
1,bp,BP,283,0.00026096788654103874,0.00426348100155592,1.0,0.983
1,bp,BP,284,0.00023284521303139626,0.004218803317099809,1.0,0.9834
1,bp,BP,285,0.00026256707240827383,0.004242409485578537,1.0,0.9833
1,bp,BP,286,0.000249668977339752,0.004249658960849047,1.0,0.9837
1,bp,BP,287,0.0002288118317956105,0.004221826986968517,1.0,0.9834
1,bp,BP,288,0.00026390142028685657,0.004271777592599392,1.0,0.9835
1,bp,BP,289,0.0002543603219091892,0.004265086659044027,1.0,0.9835
1,bp,BP,290,0.00024427489982917905,0.004224379321932792,1.0,0.9836
1,bp,BP,291,0.00023012883693445473,0.004227092925459147,1.0,0.9836
1,bp,BP,292,0.00023135746840853243,0.004249596594274044,1.0,0.9837
1,bp,BP,293,0.0002271013711579144,0.004219760634750128,1.0,0.9838
1,bp,BP,294,0.00022788018023129554,0.004231500570476055,1.0,0.9833
1,bp,BP,295,0.0002431732484837994,0.004234824401140213,1.0,0.9834
1,bp,BP,296,0.0002383992775576189,0.004265698166191578,1.0,0.9833
1,bp,BP,297,0.0002662431134376675,0.00427405174896121,1.0,0.9833
1,bp,BP,298,0.00023787953529972583,0.004273579048365355,1.0,0.9833
1,bp,BP,299,0.00021132724022027106,0.004228031048178673,1.0,0.9832
1,bp,BP,300,0.00022211858944501728,0.004229335040599108,1.0,0.9835
1,bp,BP,301,0.0002394234106177464,0.004268374855816364,1.0,0.9833
1,bp,BP,302,0.00022783979924861342,0.004256758178770542,1.0,0.9837
1,bp,BP,303,0.0002399472853867337,0.004275899343937635,1.0,0.9836
1,bp,BP,304,0.00022002367465756833,0.004264059669524431,1.0,0.983
1,bp,BP,305,0.00029576058103702963,0.004336338215321303,1.0,0.983
1,bp,BP,306,0.00024345841526519506,0.0042799751579761505,1.0,0.9837
1,bp,BP,307,0.0002903667031787336,0.004306062702834606,1.0,0.9837
1,bp,BP,308,0.00021120037394575775,0.004255176864564419,1.0,0.9837
1,bp,BP,309,0.00023891975160222502,0.004288508063554764,1.0,0.9835
1,bp,BP,310,0.0002380972133250907,0.004295742367208004,1.0,0.9831
1,bp,BP,311,0.00023661826259922236,0.004264603709429503,1.0,0.9838
1,bp,BP,312,0.00021360112330876292,0.004268233534693718,1.0,0.9833
1,bp,BP,313,0.00021349404694046825,0.004275321705639362,1.0,0.9835
1,bp,BP,314,0.000274773110402748,0.004312248549610377,1.0,0.9837
1,bp,BP,315,0.00023664476175326853,0.004294508877396583,1.0,0.9834
1,bp,BP,316,0.00020076942641753702,0.00427346752807498,1.0,0.9834
1,bp,BP,317,0.00022064562526065857,0.004265943704545498,1.0,0.9836
1,bp,BP,318,0.00021274827164597808,0.004273860693722964,1.0,0.9834
1,bp,BP,319,0.00020485776639543474,0.004267696505784988,1.0,0.9835
1,bp,BP,320,0.00020336656738072635,0.0042605915300548075,1.0,0.9834
1,bp,BP,321,0.00020062796352431178,0.0042551992177963256,1.0,0.9838
1,bp,BP,322,0.0002011573046911508,0.004268116442114115,1.0,0.9833
1,bp,BP,323,0.00021953936701174826,0.00427779066413641,1.0,0.9834
1,bp,BP,324,0.00021178477734792978,0.0042917406052350995,1.0,0.9831
1,bp,BP,325,0.00019570791523437948,0.0042510772213339805,1.0,0.9836
1,bp,BP,326,0.0002038215099601075,0.0042701232202351095,1.0,0.9837
1,bp,BP,327,0.00021577388630248607,0.00430861855596304,1.0,0.9833
1,bp,BP,328,0.00022805858857464045,0.004303217477351427,1.0,0.9833
1,bp,BP,329,0.0001880204858025536,0.004270218078047037,1.0,0.9835
1,bp,BP,330,0.00024166457448154688,0.00432086738049984,1.0,0.9833
1,bp,BP,331,0.00021245103981345893,0.004276927171647548,1.0,0.9837
1,bp,BP,332,0.00018809067783877255,0.004260830534994603,1.0,0.9832
1,bp,BP,333,0.0001861860827775672,0.004282763506472111,1.0,0.9834
1,bp,BP,334,0.00019264141423627735,0.0042686290986835955,1.0,0.9836
1,bp,BP,335,0.00018823710014112294,0.004270146530866623,1.0,0.9836
1,bp,BP,336,0.00019040888966992498,0.004290171633660794,1.0,0.983
1,bp,BP,337,0.00018527538026683033,0.0042725685231387615,1.0,0.9834
1,bp,BP,338,0.00020482046075630933,0.004302042958140373,1.0,0.9833
1,bp,BP,339,0.0001968052057782188,0.004302836110442877,1.0,0.9834
1,bp,BP,340,0.00022129990148823708,0.004309867268800735,1.0,0.9837
1,bp,BP,341,0.0002668673055013642,0.004340193890035152,1.0,0.9841
1,bp,BP,342,0.000183234226773493,0.004276212838292122,1.0,0.9837
1,bp,BP,343,0.00018729550438001752,0.004301220639050007,1.0,0.9834
1,bp,BP,344,0.00018183426233008503,0.004289196516573429,1.0,0.9834
1,bp,BP,345,0.00018109826324507594,0.004287454587221145,1.0,0.9834
1,bp,BP,346,0.00019114741939119996,0.004289787699282169,1.0,0.9837
1,bp,BP,347,0.00019892317755147815,0.004318012421578169,1.0,0.9835
1,bp,BP,348,0.0002294522353913635,0.004345634637027979,1.0,0.9832
1,bp,BP,349,0.00019419446843676268,0.004299312749505043,1.0,0.9836
1,bp,BP,350,0.00017597233573906124,0.004290434253960848,1.0,0.9829
1,bp,BP,351,0.0002139276226516813,0.00431473380997777,1.0,0.9834
1,bp,BP,352,0.0001813543700845912,0.004277268032729625,1.0,0.9834
1,bp,BP,353,0.00017380877630785108,0.004299089046567678,1.0,0.9834
1,bp,BP,354,0.00017663822218310087,0.004303409749269485,1.0,0.9834
1,bp,BP,355,0.00017752345476765185,0.004285621493309737,1.0,0.9836
1,bp,BP,356,0.00020052425866015256,0.004336396074295044,1.0,0.9835
1,bp,BP,357,0.00021113846672233194,0.004316612364351749,1.0,0.9833
1,bp,BP,358,0.00017657497117761522,0.00430408627614379,1.0,0.9835
1,bp,BP,359,0.00017290357418823986,0.004314585907012224,1.0,0.9834
1,bp,BP,360,0.0001952036035945639,0.00430322117805481,1.0,0.9835
1,bp,BP,361,0.00016720509459264575,0.004300508684664965,1.0,0.9834
1,bp,BP,362,0.0001917438437230885,0.004331905414909124,1.0,0.9837
1,bp,BP,363,0.00018150313198566435,0.004320920987427234,1.0,0.9835
1,bp,BP,364,0.00019936534529551864,0.004327871403098107,1.0,0.9835
1,bp,BP,365,0.00017079968785401435,0.00430191400423646,1.0,0.9837
1,bp,BP,366,0.0001712531226221472,0.00431518112719059,1.0,0.9835
1,bp,BP,367,0.0001626807244028896,0.004304362761974335,1.0,0.9831
1,bp,BP,368,0.00015902005007956176,0.004299520348757506,1.0,0.9834
1,bp,BP,369,0.00016961743053980173,0.004318347337841987,1.0,0.9833
1,bp,BP,370,0.00016439686785452067,0.004313634174317122,1.0,0.9834
1,bp,BP,371,0.00018791059136856347,0.004358456141501665,1.0,0.9829
1,bp,BP,372,0.00016562671912834047,0.004332684307545424,1.0,0.9832
1,bp,BP,373,0.00017781387560535222,0.004333391541242599,1.0,0.9836
1,bp,BP,374,0.00016384947358164936,0.00432063377648592,1.0,0.9831
1,bp,BP,375,0.00017725974833592774,0.004333072649687529,1.0,0.9837
1,bp,BP,376,0.00016953910363372415,0.004337925679236651,1.0,0.9834
1,bp,BP,377,0.0001919232333311811,0.004371392501890659,1.0,0.9833
1,bp,BP,378,0.000167416260112077,0.004351030123233795,1.0,0.9833
1,bp,BP,379,0.00017239857895765453,0.004328802013397217,1.0,0.9831
1,bp,BP,380,0.0001753666448639706,0.004351433931291103,1.0,0.9827
1,bp,BP,381,0.00016198840807192028,0.004320354646444321,1.0,0.9831
1,bp,BP,382,0.00016072900115977974,0.004338351927697658,1.0,0.9832
1,bp,BP,383,0.00018481629516463728,0.00436569944396615,1.0,0.9831
1,bp,BP,384,0.0001541605774546042,0.004329580456018448,1.0,0.9831
1,bp,BP,385,0.00017072566726710647,0.004340725094825029,1.0,0.9835
1,bp,BP,386,0.00015948766760993748,0.004330018525570631,1.0,0.9836
1,bp,BP,387,0.00015333203272894025,0.004336346329003572,1.0,0.9833
1,bp,BP,388,0.00017352313303854315,0.004347680496424437,1.0,0.9835
1,bp,BP,389,0.0001592901119729504,0.004336324455589056,1.0,0.9833
1,bp,BP,390,0.00015448272228240967,0.004334936390817165,1.0,0.9833
1,bp,BP,391,0.00016726845561061056,0.004359498652815819,1.0,0.9833
1,bp,BP,392,0.00020018665853422136,0.004385536859929561,1.0,0.9833
1,bp,BP,393,0.00018141242931596935,0.004378002836555242,1.0,0.9833
1,bp,BP,394,0.0001583663943456486,0.004349552584439516,1.0,0.9832
1,bp,BP,395,0.00016517745167948306,0.004361099546402692,1.0,0.9832
1,bp,BP,396,0.00017664274189155548,0.004373890650272369,1.0,0.9832
1,bp,BP,397,0.00015264620736707,0.00433398325368762,1.0,0.9833
1,bp,BP,398,0.0001685469464864582,0.004359141822904348,1.0,0.9831
1,bp,BP,399,0.00015709650423377752,0.004354955991357565,1.0,0.983
1,bp,BP,400,0.0001489096855511889,0.0043511311709880825,1.0,0.9834
1,np,IS NP,1,0.07882893067598343,0.07864837056398391,0.472,0.4865
1,np,IS NP,2,0.06637504816055298,0.06591533608436584,0.61425,0.6254
1,np,IS NP,3,0.059018762469291684,0.05852496551275253,0.6295,0.6475
1,np,IS NP,4,0.053096079617738726,0.05252473074197769,0.726,0.7419
1,np,IS NP,5,0.04874140128493309,0.048124473375082015,0.72025,0.7353
1,np,IS NP,6,0.04413763493299484,0.043418591845035555,0.75875,0.7685
1,np,IS NP,7,0.040702253460884096,0.039887307447195056,0.8135,0.8215
1,np,IS NP,8,0.038624432116746904,0.037761252373456955,0.7965,0.8146
1,np,IS NP,9,0.03688679924607277,0.036105047208070756,0.81475,0.8306
1,np,IS NP,10,0.03405626752972603,0.03354748051166535,0.85075,0.8603
1,np,IS NP,11,0.03260654121637344,0.03163660725951195,0.8475,0.8658
1,np,IS NP,12,0.03022310645878315,0.029220887225866316,0.8705,0.878
1,np,IS NP,13,0.02936952966451645,0.028402401769161225,0.86725,0.8779
1,np,IS NP,14,0.028130310609936714,0.027088075137138366,0.87175,0.883
1,np,IS NP,15,0.026892804369330406,0.02578855801522732,0.8725,0.8886
1,np,IS NP,16,0.025511516213417053,0.024277273187041284,0.877,0.8934
1,np,IS NP,17,0.025315365478396416,0.02429946338236332,0.878,0.8962
1,np,IS NP,18,0.024236641123890876,0.022991048553586007,0.88225,0.8965
1,np,IS NP,19,0.02404914318025112,0.02278678543269634,0.888,0.8992
1,np,IS NP,20,0.023537032321095466,0.02236058750450611,0.8865,0.9014
1,np,IS NP,21,0.02375315438210964,0.022538914424180986,0.885,0.8982
1,np,IS NP,22,0.022945556297898292,0.021726561206579207,0.89375,0.907
1,np,IS NP,23,0.022090715155005457,0.020885627529025078,0.89725,0.9055
1,np,IS NP,24,0.022041730552911757,0.0209592952221632,0.90075,0.9075
1,np,IS NP,25,0.021770874083042145,0.020552717131376266,0.89575,0.9079
1,np,IS NP,26,0.021961933776736258,0.020818738716840743,0.89725,0.9106
1,np,IS NP,27,0.02156281654536724,0.020358405649662018,0.89825,0.9099
1,np,IS NP,28,0.021448154166340827,0.020162362748384476,0.89375,0.9127
1,np,IS NP,29,0.020723899230360984,0.01950884550511837,0.89875,0.9098
1,np,IS NP,30,0.02016105964779854,0.018978893113136292,0.90525,0.9148
1,np,IS NP,31,0.02002871787548065,0.018682441395521165,0.90425,0.917
1,np,IS NP,32,0.020073898181319237,0.018900444707274436,0.90725,0.9172
1,np,IS NP,33,0.019994421526789666,0.01886171840429306,0.9045,0.9134
1,np,IS NP,34,0.019731904923915862,0.018879239451885223,0.90675,0.9128
1,np,IS NP,35,0.01972225485742092,0.018525515422224997,0.90575,0.9177
1,np,IS NP,36,0.01925530406832695,0.018285704228281977,0.90975,0.9182
1,np,IS NP,37,0.018908032074570657,0.017813920190930366,0.90825,0.9211
1,np,IS NP,38,0.01926273660361767,0.01825700631439686,0.9135,0.9182
1,np,IS NP,39,0.018812562361359596,0.017933201149106025,0.9115,0.9196
1,np,IS NP,40,0.019519227758049963,0.018382112526893615,0.9105,0.9205
1,np,IS NP,41,0.019106768876314163,0.017930431360006334,0.91225,0.9207
1,np,IS NP,42,0.018796756342053415,0.017890635630488396,0.913,0.9226
1,np,IS NP,43,0.017963660284876823,0.017081847882270813,0.91575,0.9243
1,np,IS NP,44,0.018227197051048277,0.017303912135958673,0.91975,0.9257
1,np,IS NP,45,0.01796031129360199,0.016952374544739725,0.919,0.9258
1,np,IS NP,46,0.018141302973031997,0.017178072583675385,0.91525,0.9269
1,np,IS NP,47,0.017680485039949418,0.016719463217258455,0.915,0.9246
1,np,IS NP,48,0.01776846233010292,0.016803339171409606,0.91825,0.9262
1,np,IS NP,49,0.017574604749679566,0.01685306062698364,0.917,0.9264
1,np,IS NP,50,0.01764843066036701,0.016628388607501984,0.91825,0.9249
1,np,IS NP,51,0.01789908032119274,0.016928313449025154,0.92375,0.9279
1,np,IS NP,52,0.018038639888167382,0.016944075354933738,0.91525,0.9243
1,np,IS NP,53,0.016895124018192292,0.015860999366641045,0.9215,0.929
1,np,IS NP,54,0.016922156408429145,0.015822773364186287,0.9245,0.9313
1,np,IS NP,55,0.017136542499065398,0.01616445274055004,0.92075,0.9286
1,np,IS NP,56,0.01690714082121849,0.015999747402966023,0.92325,0.9309
1,np,IS NP,57,0.01639879381656647,0.015497781640291215,0.923,0.9313
1,np,IS NP,58,0.016446349367499353,0.015424086447060108,0.92525,0.934
1,np,IS NP,59,0.016463954463601112,0.015603256204724312,0.924,0.9334
1,np,IS NP,60,0.016046301439404487,0.015265108458697796,0.92725,0.9339
1,np,IS NP,61,0.0164207893460989,0.015510402023792266,0.92875,0.933
1,np,IS NP,62,0.016384883373975753,0.01538387166261673,0.9295,0.9312
1,np,IS NP,63,0.016262682855129242,0.015458944280445575,0.9285,0.9334
1,np,IS NP,64,0.01611400718986988,0.015304303999245168,0.9245,0.9303
1,np,IS NP,65,0.015830168560147285,0.014941950619220734,0.926,0.9344
1,np,IS NP,66,0.0157052905857563,0.015166902440786362,0.93,0.9342
1,np,IS NP,67,0.01561156889796257,0.014821817915141583,0.927,0.9342
1,np,IS NP,68,0.015378283679485322,0.014575494869053364,0.9275,0.9363
1,np,IS NP,69,0.015773430198431016,0.014868047791719437,0.92825,0.9368
1,np,IS NP,70,0.015639018774032593,0.014824544411897659,0.928,0.9348
1,np,IS NP,71,0.015318475931882859,0.01454475957453251,0.93175,0.9377
1,np,IS NP,72,0.015312929451465607,0.014479279421269893,0.92775,0.9378
1,np,IS NP,73,0.015127555221319198,0.014379496391117573,0.9275,0.9374
1,np,IS NP,74,0.015227461740374565,0.014481841740012168,0.93,0.9397
1,np,IS NP,75,0.015531301617622376,0.01478218193501234,0.93225,0.9353
1,np,IS NP,76,0.015239493548870086,0.014354779820144176,0.93025,0.9362
1,np,IS NP,77,0.015208644315600395,0.014504947625100613,0.93225,0.9361
1,np,IS NP,78,0.015218556046485901,0.014313140578567982,0.9295,0.937
1,np,IS NP,79,0.01493522898107767,0.014015182633697986,0.9285,0.9388
1,np,IS NP,80,0.01437393867969513,0.013585487116873265,0.93375,0.9388
1,np,IS NP,81,0.014653550997376441,0.01395390105098486,0.9355,0.9402
1,np,IS NP,82,0.01476920960098505,0.013919268468022347,0.93225,0.9407
1,np,IS NP,83,0.01451528137177229,0.013698232083022595,0.93675,0.9422
1,np,IS NP,84,0.014827367097139358,0.014030842125415803,0.9335,0.9388
1,np,IS NP,85,0.014392692603170871,0.013619747704267502,0.9345,0.9432
1,np,IS NP,86,0.014564155369997025,0.01368333705663681,0.936,0.9437
1,np,IS NP,87,0.01414221639931202,0.013239385315775872,0.9355,0.9437
1,np,IS NP,88,0.014489341437816619,0.01369856575578451,0.9365,0.9423
1,np,IS NP,89,0.01412926372885704,0.013490524101257324,0.93675,0.9415
1,np,IS NP,90,0.014267648220062256,0.013639598359167575,0.939,0.9419
1,np,IS NP,91,0.014051669560372829,0.013419197122752666,0.938,0.9428
1,np,IS NP,92,0.014134778276085853,0.01329735418856144,0.93875,0.9443
1,np,IS NP,93,0.013868610054254531,0.013275022494792938,0.94025,0.9427
1,np,IS NP,94,0.013468661904335022,0.012802365893125535,0.94,0.9445
1,np,IS NP,95,0.014187605313956738,0.013363790099322795,0.938,0.9423
1,np,IS NP,96,0.01385888797789812,0.013222465805709361,0.94025,0.9425
1,np,IS NP,97,0.013644109591841697,0.013114716912806034,0.94025,0.9413
1,np,IS NP,98,0.013651793949306011,0.01307870130687952,0.9395,0.943
1,np,IS NP,99,0.013747677646577357,0.01304515352845192,0.93625,0.943
1,np,IS NP,100,0.014019583985209465,0.013351404102146625,0.937,0.9428
1,np,IS NP,101,0.013572790332138538,0.012951737159490585,0.937,0.9439
1,np,IS NP,102,0.013622771061956883,0.012836480498313903,0.9375,0.9451
1,np,IS NP,103,0.013708509638905525,0.013055837097764015,0.9395,0.9437
1,np,IS NP,104,0.014383700974285603,0.013757859827578068,0.94075,0.9429
1,np,IS NP,105,0.013403255224227905,0.012855649863183499,0.94125,0.9456
1,np,IS NP,106,0.013395722866058349,0.01295091998130083,0.943,0.9456
1,np,IS NP,107,0.013205067157745361,0.01285265334546566,0.93925,0.9441
1,np,IS NP,108,0.013072858937084675,0.01265742343366146,0.9415,0.9432
1,np,IS NP,109,0.012990546584129334,0.012337343136966229,0.94525,0.9485
1,np,IS NP,110,0.013498251676559448,0.01295159620642662,0.94075,0.9453
1,np,IS NP,111,0.013156863063573837,0.01246050988137722,0.9445,0.9476
1,np,IS NP,112,0.013230121687054635,0.01270433606505394,0.9455,0.9489
1,np,IS NP,113,0.012640298701822757,0.012139506398141384,0.94625,0.9475
1,np,IS NP,114,0.012583905190229417,0.012122271881997585,0.94625,0.949
1,np,IS NP,115,0.013180586516857147,0.012721884842216969,0.947,0.948
1,np,IS NP,116,0.012839395172894001,0.01230841232985258,0.945,0.948
1,np,IS NP,117,0.013111675262451172,0.012639354074001312,0.945,0.9457
1,np,IS NP,118,0.0126944490224123,0.0120635299295187,0.94275,0.9504
1,np,IS NP,119,0.01269335164129734,0.011947369053959846,0.941,0.9479
1,np,IS NP,120,0.013397460736334323,0.012793265810608865,0.9415,0.9469
1,np,IS NP,121,0.013847559966146946,0.01326245664358139,0.94375,0.948
1,np,IS NP,122,0.01318246629089117,0.012551952542364598,0.94275,0.9479
1,np,IS NP,123,0.012659770727157594,0.012152144448459148,0.9435,0.9487
1,np,IS NP,124,0.01300280039012432,0.012494671742618084,0.9425,0.9468
1,np,IS NP,125,0.01281292099505663,0.012342811630666256,0.94575,0.9489
1,np,IS NP,126,0.012798559330403804,0.012379654362797737,0.941,0.9463
1,np,IS NP,127,0.01258014503121376,0.012077018262445926,0.94275,0.9468
1,np,IS NP,128,0.012930266916751861,0.012569459180533886,0.94,0.9441
1,np,IS NP,129,0.013066621012985707,0.012481445276737214,0.94275,0.9465
1,np,IS NP,130,0.012605853654444218,0.012099928645789623,0.94425,0.9472
1,np,IS NP,131,0.012670314133167267,0.01234689398407936,0.945,0.9449
1,np,IS NP,132,0.012792141079902649,0.012541054682433606,0.946,0.9471
1,np,IS NP,133,0.01242550678551197,0.012117002026736736,0.94525,0.9464
1,np,IS NP,134,0.012420571595430373,0.012158578300476074,0.94675,0.9466
1,np,IS NP,135,0.012401580117642879,0.012341981258988381,0.94625,0.9449
1,np,IS NP,136,0.01284760281443596,0.012712951186299323,0.94575,0.9443
1,np,IS NP,137,0.012238020732998848,0.012095721136033535,0.944,0.9459
1,np,IS NP,138,0.01221259643882513,0.012042115671932698,0.94925,0.9488
1,np,IS NP,139,0.0120341821834445,0.011800380191206931,0.94975,0.9491
1,np,IS NP,140,0.01179418981820345,0.011665681092441081,0.951,0.9484
1,np,IS NP,141,0.011865629680454732,0.01185026879310608,0.94825,0.9469
1,np,IS NP,142,0.012120395757257938,0.011982369248569012,0.94875,0.9484
1,np,IS NP,143,0.011807838290929793,0.011766134037077427,0.9515,0.9487
1,np,IS NP,144,0.01203929291665554,0.0118751713514328,0.9495,0.9488
1,np,IS NP,145,0.01219464185833931,0.012027586767077447,0.9475,0.9497
1,np,IS NP,146,0.012078522488474845,0.011724643102288245,0.94825,0.9506
1,np,IS NP,147,0.012325661212205886,0.012000748665630818,0.946,0.9492
1,np,IS NP,148,0.011956116072833539,0.01170982660651207,0.946,0.9489
1,np,IS NP,149,0.011972708970308304,0.011810718646645546,0.9465,0.9477
1,np,IS NP,150,0.011789043955504895,0.011647922025620937,0.95075,0.9483
1,np,IS NP,151,0.011489845953881741,0.01120865718126297,0.9495,0.9519
1,np,IS NP,152,0.011635049261152745,0.011369029784202575,0.95025,0.9506
1,np,IS NP,153,0.01174809417873621,0.011493246115744114,0.94925,0.9491
1,np,IS NP,154,0.011638898082077503,0.011414923922717571,0.9495,0.9486
1,np,IS NP,155,0.012149716414511205,0.012000161054730415,0.947,0.9489
1,np,IS NP,156,0.012212246924638749,0.012188108083605766,0.94625,0.948
1,np,IS NP,157,0.011859304867684842,0.01170811485350132,0.948,0.9489
1,np,IS NP,158,0.011924638278782368,0.011807893687486649,0.94675,0.9482
1,np,IS NP,159,0.011735090285539627,0.011609624779224396,0.94975,0.9497
1,np,IS NP,160,0.011735816530883313,0.011649006655812264,0.94925,0.9481
1,np,IS NP,161,0.012056422993540764,0.011762807443737984,0.94775,0.9481
1,np,IS NP,162,0.01163279252499342,0.011631195223331451,0.95,0.9485
1,np,IS NP,163,0.011725563853979111,0.011579013727605343,0.9505,0.9481
1,np,IS NP,164,0.011952916920185089,0.011927585938572884,0.94775,0.9479
1,np,IS NP,165,0.011663520708680153,0.011418723174929618,0.94625,0.95
1,np,IS NP,166,0.011798752956092357,0.011550084015727043,0.948,0.9476
1,np,IS NP,167,0.011801798090338707,0.011648743242025375,0.9505,0.9485
1,np,IS NP,168,0.01157222195714712,0.011280240243673325,0.95075,0.9507
1,np,IS NP,169,0.01165782654285431,0.011458753331005574,0.94825,0.948
1,np,IS NP,170,0.011767731793224812,0.01163287155777216,0.95025,0.9479
1,np,IS NP,171,0.011836085125803947,0.011454546813666821,0.94825,0.9505
1,np,IS NP,172,0.011723575450479985,0.011598809538781642,0.9495,0.9488
1,np,IS NP,173,0.011348282963037491,0.011230134825408458,0.94925,0.9516
1,np,IS NP,174,0.01148142872005701,0.011415316925942897,0.94775,0.952
1,np,IS NP,175,0.011390134252607823,0.011199818916618825,0.95025,0.9513
1,np,IS NP,176,0.01129321713000536,0.011016483922302723,0.9535,0.9519
1,np,IS NP,177,0.011267821155488491,0.011216956861317158,0.95075,0.9526
1,np,IS NP,178,0.011064236484467983,0.010953049178421497,0.95125,0.9518
1,np,IS NP,179,0.011030866764485836,0.011111009706556797,0.95275,0.9498
1,np,IS NP,180,0.011504917785525322,0.0114988616168499,0.95175,0.9512
1,np,IS NP,181,0.01134632022678852,0.011439150385558605,0.94875,0.95
1,np,IS NP,182,0.011192707300186157,0.011075845301151275,0.951,0.9537
1,np,IS NP,183,0.01118947371095419,0.011078319837152958,0.9525,0.952
1,np,IS NP,184,0.011077675051987172,0.011244529993832112,0.95175,0.9502
1,np,IS NP,185,0.011195477522909641,0.011288321192562581,0.95175,0.9508
1,np,IS NP,186,0.010935797736048698,0.010830830533802509,0.95025,0.9523
1,np,IS NP,187,0.011166418321430683,0.011247061163187027,0.9545,0.9517
1,np,IS NP,188,0.010915801219642163,0.011025964391231538,0.953,0.9527
1,np,IS NP,189,0.010827345468103886,0.010915079341828823,0.95425,0.9526
1,np,IS NP,190,0.010932263180613518,0.010848971047997475,0.9515,0.9532
1,np,IS NP,191,0.011015523850917816,0.010872056566178798,0.95025,0.9522
1,np,IS NP,192,0.011043223969638348,0.010865978978574276,0.95225,0.9546
1,np,IS NP,193,0.01084647799283266,0.010719251111149788,0.95175,0.9539
1,np,IS NP,194,0.011089843444526196,0.010827049294114113,0.95,0.9548
1,np,IS NP,195,0.010912939243018628,0.010653545044362545,0.95225,0.9562
1,np,IS NP,196,0.011129301771521568,0.010884763889014722,0.953,0.9539
1,np,IS NP,197,0.011578719332814217,0.011111884054541587,0.9505,0.955
1,np,IS NP,198,0.011417203597724438,0.011058564774692059,0.95075,0.9531
1,np,IS NP,199,0.010748895108699799,0.010492079494893551,0.95525,0.9548
1,np,IS NP,200,0.01092402446269989,0.010747347158193588,0.95175,0.954
1,np,IS NP,201,0.011057669498026371,0.010965337185561657,0.95275,0.9536
1,np,IS NP,202,0.01077470724284649,0.01067558844089508,0.95375,0.9535
1,np,IS NP,203,0.010943806082010269,0.010948449277877808,0.95275,0.952
1,np,IS NP,204,0.010869172126054764,0.01071364720016718,0.9525,0.9539
1,np,IS NP,205,0.011227230906486512,0.011058560916781425,0.95075,0.9536
1,np,IS NP,206,0.010584674768149853,0.010512747730314732,0.956,0.9551
1,np,IS NP,207,0.011050381392240525,0.010889076873660088,0.95375,0.9548
1,np,IS NP,208,0.01084171850979328,0.010811855785548687,0.95225,0.9525
1,np,IS NP,209,0.010703045979142189,0.01064160136282444,0.9535,0.9545
1,np,IS NP,210,0.010702002681791783,0.010372451519966125,0.95,0.9543
1,np,IS NP,211,0.010942071072757244,0.010729509037733079,0.95175,0.9544
1,np,IS NP,212,0.010879575692117215,0.010488751842081546,0.9505,0.9542
1,np,IS NP,213,0.011145112611353397,0.010803539916872978,0.95025,0.9548
1,np,IS NP,214,0.010617489956319332,0.010368857899308205,0.95375,0.9563
1,np,IS NP,215,0.010812572978436947,0.010533653803169727,0.954,0.9559
1,np,IS NP,216,0.010606101110577583,0.010411290301382542,0.952,0.9557
1,np,IS NP,217,0.010904872380197049,0.010549206636846066,0.95225,0.9562
1,np,IS NP,218,0.010651304893195629,0.010511060802638531,0.95575,0.9558
1,np,IS NP,219,0.01104980006814003,0.011032169523835181,0.9535,0.9543
1,np,IS NP,220,0.010598962239921093,0.010574684059619904,0.953,0.9556
1,np,IS NP,221,0.010615757882595063,0.010452365380525588,0.95175,0.9545
1,np,IS NP,222,0.010657018676400185,0.01040285849571228,0.95325,0.9554
1,np,IS NP,223,0.010433239966630935,0.01038839603215456,0.9555,0.955
1,np,IS NP,224,0.01062041749060154,0.010478219164907931,0.956,0.9552
1,np,IS NP,225,0.010796098165214062,0.010462343589961528,0.95625,0.9548
1,np,IS NP,226,0.010928938321769237,0.01055412817299366,0.9535,0.9558
1,np,IS NP,227,0.010689959228038788,0.010462963065505027,0.954,0.9557
1,np,IS NP,228,0.010598273992538453,0.010513876801729202,0.9545,0.9536
1,np,IS NP,229,0.010552250564098357,0.010445847617089749,0.9535,0.9547
1,np,IS NP,230,0.01044493843615055,0.010171159860491753,0.953,0.9557
1,np,IS NP,231,0.010544132225215434,0.010402735631167889,0.951,0.9547
1,np,IS NP,232,0.010503062441945077,0.01022386921197176,0.95375,0.954
1,np,IS NP,233,0.010811867609620095,0.01049991929680109,0.95275,0.9556
1,np,IS NP,234,0.010940819270908833,0.010678525005280971,0.95225,0.9538
1,np,IS NP,235,0.01061474023759365,0.010478578652441502,0.95375,0.9539
1,np,IS NP,236,0.010761856786906719,0.010693389527499675,0.9525,0.953
1,np,IS NP,237,0.010547216348350048,0.01049481853991747,0.9545,0.9535
1,np,IS NP,238,0.010570391111075878,0.010239775830507279,0.95475,0.9574
1,np,IS NP,239,0.010646060265600681,0.010403738786280155,0.9555,0.9568
1,np,IS NP,240,0.01090990500152111,0.010622987389564515,0.9555,0.9558
1,np,IS NP,241,0.010736658848822116,0.0105379278793931,0.9545,0.9551
1,np,IS NP,242,0.010698001392185689,0.010470015168190003,0.95575,0.9581
1,np,IS NP,243,0.01063536362349987,0.010402651891112327,0.9565,0.9552
1,np,IS NP,244,0.010836127288639546,0.010624941846728325,0.9545,0.9556
1,np,IS NP,245,0.010734060548245907,0.01061202006340027,0.955,0.9555
1,np,IS NP,246,0.010711379051208496,0.010497327177226543,0.9545,0.9551
1,np,IS NP,247,0.010947759568691253,0.010572187100350856,0.95275,0.9564
1,np,IS NP,248,0.01098654817789793,0.010683787812292575,0.95375,0.9573
1,np,IS NP,249,0.010661332786083222,0.010406540890038013,0.95175,0.9556
1,np,IS NP,250,0.011008639946579933,0.010793592523038388,0.954,0.9563
1,np,IS NP,251,0.010749318830668927,0.010358371539413928,0.95225,0.9559
1,np,IS NP,252,0.010651338890194893,0.010424279639124871,0.953,0.9559
1,np,IS NP,253,0.010580800376832485,0.010355781684815884,0.95675,0.9576
1,np,IS NP,254,0.01096589782088995,0.01089272278547287,0.953,0.9554
1,np,IS NP,255,0.010634690932929515,0.010355475713312625,0.9535,0.9569
1,np,IS NP,256,0.01078632415831089,0.010445915769040585,0.95475,0.9567
1,np,IS NP,257,0.010299002923071385,0.009986611264944076,0.955,0.9568
1,np,IS NP,258,0.010409553855657578,0.010090123671293258,0.95725,0.9578
1,np,IS NP,259,0.010335225708782673,0.01006714799851179,0.9555,0.957
1,np,IS NP,260,0.011007965043187141,0.010579677177965641,0.95325,0.9566
1,np,IS NP,261,0.010678924463689328,0.010329979698359967,0.9525,0.9565
1,np,IS NP,262,0.010438998945057391,0.010093257421255112,0.95275,0.9568
1,np,IS NP,263,0.010451200619339943,0.010209143090248108,0.95375,0.9548
1,np,IS NP,264,0.010463524006307125,0.010296556462347508,0.95575,0.9556
1,np,IS NP,265,0.01044898821413517,0.010295172350108623,0.95625,0.9566
1,np,IS NP,266,0.01082070540636778,0.010719634073972702,0.956,0.9549
1,np,IS NP,267,0.010432850621640682,0.01020529679208994,0.95375,0.9567
1,np,IS NP,268,0.010171399347484112,0.009939954571425914,0.954,0.958
1,np,IS NP,269,0.010371743962168693,0.010356511044502258,0.9545,0.9576
1,np,IS NP,270,0.010239535972476005,0.010200904841721058,0.955,0.9571
1,np,IS NP,271,0.010283293329179287,0.010138015238940716,0.95775,0.9582
1,np,IS NP,272,0.010326562963426112,0.010443035714328289,0.9555,0.9564
1,np,IS NP,273,0.010164788194000721,0.010120929059386254,0.959,0.9566
1,np,IS NP,274,0.009976879701018333,0.01008525357991457,0.95975,0.9574
1,np,IS NP,275,0.009946673601865769,0.010008967910706996,0.959,0.9583
1,np,IS NP,276,0.010192091509699821,0.010072717006504535,0.957,0.9573
1,np,IS NP,277,0.010049060605466367,0.009980578137934208,0.95725,0.9574
1,np,IS NP,278,0.009877911306917668,0.009944710905849934,0.95725,0.9576
1,np,IS NP,279,0.009965218901634217,0.009980063483119011,0.95975,0.9565
1,np,IS NP,280,0.010160376973450184,0.010261869402229786,0.96,0.9564
1,np,IS NP,281,0.010259807169437408,0.010125316107273102,0.95625,0.9553
1,np,IS NP,282,0.010240330331027508,0.010148765079677106,0.957,0.9574
1,np,IS NP,283,0.010184703961014747,0.01010702179968357,0.9575,0.9574
1,np,IS NP,284,0.00980228304117918,0.009853015875816344,0.9585,0.9583
1,np,IS NP,285,0.010163430996239186,0.010145439651608468,0.9575,0.9577
1,np,IS NP,286,0.010344507530331611,0.010286322253942489,0.95825,0.9591
1,np,IS NP,287,0.009931756906211377,0.009997325170040131,0.9595,0.9578
1,np,IS NP,288,0.010026622347533702,0.010200792279839516,0.95725,0.9563
1,np,IS NP,289,0.009840193204581738,0.009879259519279003,0.959,0.9577
1,np,IS NP,290,0.010122373551130295,0.010145782175660133,0.95775,0.9578
1,np,IS NP,291,0.009918386429548263,0.009939833752810955,0.95975,0.9575
1,np,IS NP,292,0.009870285108685494,0.00996011035144329,0.95925,0.9565
1,np,IS NP,293,0.009970178619027138,0.010033504992723465,0.9585,0.9569
1,np,IS NP,294,0.010135653875768185,0.010154920837283135,0.9595,0.9576
1,np,IS NP,295,0.010022081322968007,0.010001310940086841,0.9605,0.9583
1,np,IS NP,296,0.009946879088878632,0.009917619936168194,0.9585,0.9562
1,np,IS NP,297,0.00993174659460783,0.009913613323867322,0.957,0.957
1,np,IS NP,298,0.010147772684693336,0.01005028363764286,0.95475,0.956
1,np,IS NP,299,0.010794980302453041,0.010606882666051387,0.95375,0.9548
1,np,IS NP,300,0.009875938571989536,0.010017720036208629,0.95675,0.9561
1,np,IS NP,301,0.01036411537975073,0.010154143430292606,0.95425,0.9572
1,np,IS NP,302,0.01012331958860159,0.009959793113172055,0.956,0.9578
1,np,IS NP,303,0.010000476859509945,0.009912305602431297,0.95675,0.9582
1,np,IS NP,304,0.01015706729888916,0.010070217874646186,0.9575,0.9572
1,np,IS NP,305,0.010135845758020878,0.009826774081587792,0.9565,0.9583
1,np,IS NP,306,0.010087175205349921,0.009934562729299068,0.958,0.9585
1,np,IS NP,307,0.010195254176855087,0.010028333231806755,0.9535,0.9583
1,np,IS NP,308,0.010049278385937215,0.009970682029426099,0.9545,0.9568
1,np,IS NP,309,0.009682012297213077,0.009708406406641007,0.95775,0.9564
1,np,IS NP,310,0.009872873075306416,0.00991571343243122,0.95875,0.9577
1,np,IS NP,311,0.009902280502021313,0.009919104626774788,0.95675,0.9593
1,np,IS NP,312,0.009863331578671933,0.00982058062106371,0.9575,0.9586
1,np,IS NP,313,0.009660109303891658,0.009731937733292579,0.959,0.9586
1,np,IS NP,314,0.009617384232580661,0.009643207494914532,0.9585,0.959
1,np,IS NP,315,0.009942328870296478,0.010009086887538434,0.9575,0.9584
1,np,IS NP,316,0.009694818392395972,0.009892341953516006,0.957,0.9577
1,np,IS NP,317,0.010136291548609734,0.01021915552765131,0.9585,0.9592
1,np,IS NP,318,0.009697684958577157,0.009820639798045159,0.95925,0.9602
1,np,IS NP,319,0.009597221612930298,0.009717298083007336,0.95925,0.9592
1,np,IS NP,320,0.009843495137989522,0.0098753295019269,0.95975,0.96
1,np,IS NP,321,0.00964711095392704,0.009709792484343052,0.96025,0.9594
1,np,IS NP,322,0.009797336757183075,0.009892430809140205,0.962,0.9584
1,np,IS NP,323,0.009506469406187535,0.009589704465866088,0.96,0.9597
1,np,IS NP,324,0.009669534765183925,0.009758590790629388,0.9605,0.9574
1,np,IS NP,325,0.009800678052008151,0.009970238460600377,0.95925,0.9558
1,np,IS NP,326,0.009975626118481159,0.010157886788249016,0.96025,0.9577
1,np,IS NP,327,0.009851384416222572,0.009936152549088001,0.96075,0.959
1,np,IS NP,328,0.00954413590580225,0.009693643392622471,0.95875,0.9577
1,np,IS NP,329,0.00984436997026205,0.009988065780699253,0.9595,0.9571
1,np,IS NP,330,0.009776974439620972,0.009836338812112808,0.9585,0.9567
1,np,IS NP,331,0.0097026886343956,0.009812431991100311,0.96075,0.9582
1,np,IS NP,332,0.009538722194731236,0.009615503859519958,0.96125,0.9593
1,np,IS NP,333,0.009775136567652226,0.009790572778880596,0.957,0.9571
1,np,IS NP,334,0.009696720689535141,0.009727299612760544,0.958,0.9582
1,np,IS NP,335,0.009593794956803322,0.009762902103364468,0.95925,0.9582
1,np,IS NP,336,0.009808475725352764,0.010039564102888107,0.96,0.9585
1,np,IS NP,337,0.00980569650232792,0.009995451536774636,0.9595,0.9585
1,np,IS NP,338,0.009686621576547623,0.00984078283160925,0.95875,0.9562
1,np,IS NP,339,0.009642081536352634,0.009790949568152428,0.95975,0.9589
1,np,IS NP,340,0.009921054176986218,0.00996476694047451,0.9595,0.9584
1,np,IS NP,341,0.009671187572181226,0.00973641721457243,0.95925,0.9576
1,np,IS NP,342,0.00952141670882702,0.009627362087368965,0.96025,0.9586
1,np,IS NP,343,0.010143264204263687,0.010052614423632622,0.96,0.9605
1,np,IS NP,344,0.009872457444667816,0.009820165853202343,0.95975,0.9597
1,np,IS NP,345,0.009963986866176128,0.010071681767702102,0.959,0.9588
1,np,IS NP,346,0.009782739974558353,0.009710844822227956,0.9605,0.9591
1,np,IS NP,347,0.009569311633706093,0.009562499275803566,0.9605,0.9602
1,np,IS NP,348,0.009789908148348332,0.009757316735386849,0.96,0.9592
1,np,IS NP,349,0.009515240140259265,0.009505535101890564,0.95975,0.961
1,np,IS NP,350,0.009572845205664635,0.009764532075822353,0.9605,0.9589
1,np,IS NP,351,0.009649464257061481,0.009625630605220795,0.95975,0.9602
1,np,IS NP,352,0.009309633657336235,0.009209420083463192,0.96075,0.9608
1,np,IS NP,353,0.009492175512015819,0.009589683200418949,0.961,0.9589
1,np,IS NP,354,0.00958471181243658,0.00969477216154337,0.95925,0.9574
1,np,IS NP,355,0.009383591301739215,0.009402890960872174,0.9605,0.96
1,np,IS NP,356,0.009768348969519138,0.009856456477940083,0.96375,0.9594
1,np,IS NP,357,0.009577910959720612,0.009628727377951144,0.961,0.9604
1,np,IS NP,358,0.009305336818099022,0.009213103945553303,0.9595,0.9594
1,np,IS NP,359,0.009286107040941715,0.009116619646549225,0.9605,0.9612
1,np,IS NP,360,0.00944033383578062,0.009273808512091636,0.9585,0.9612
1,np,IS NP,361,0.009460602276027203,0.009424987444281578,0.961,0.9604
1,np,IS NP,362,0.009470278970897198,0.009428615543246269,0.9615,0.9603
1,np,IS NP,363,0.00950590843707323,0.00951484176814556,0.96425,0.9607
1,np,IS NP,364,0.009697644777595996,0.009527449075877667,0.95925,0.9591
1,np,IS NP,365,0.009946369171142578,0.009834394150972366,0.95975,0.961
1,np,IS NP,366,0.009766535140573978,0.009697927020490169,0.9595,0.9616
1,np,IS NP,367,0.009491733811795711,0.009441520868241788,0.95875,0.9608
1,np,IS NP,368,0.009228021956980229,0.009235972875356675,0.9615,0.9608
1,np,IS NP,369,0.009130878180265426,0.009240026159584523,0.9635,0.9618
1,np,IS NP,370,0.009250935435295106,0.009366839277744293,0.96275,0.9624
1,np,IS NP,371,0.009393049158155918,0.009273424598574638,0.96125,0.9623
1,np,IS NP,372,0.009412538826465606,0.009482215395569801,0.961,0.9597
1,np,IS NP,373,0.009369253784418106,0.0093244877576828,0.9605,0.9618
1,np,IS NP,374,0.00941150540113449,0.009162488734722137,0.9615,0.9628
1,np,IS NP,375,0.009733502097427845,0.0094023736089468,0.9605,0.9626
1,np,IS NP,376,0.009312833480536938,0.008979451495409012,0.96175,0.9631
1,np,IS NP,377,0.009231932543218135,0.009043664659559726,0.96,0.9622
1,np,IS NP,378,0.009248324535787106,0.009154456193745136,0.96325,0.9614
1,np,IS NP,379,0.00916758531332016,0.00914933434575796,0.963,0.9619
1,np,IS NP,380,0.009359620407223702,0.0092279577344656,0.963,0.9614
1,np,IS NP,381,0.009185740798711777,0.009207299068570138,0.9625,0.9607
1,np,IS NP,382,0.009200569666922093,0.009175822761654854,0.9635,0.9625
1,np,IS NP,383,0.0093957774117589,0.009517265272140503,0.963,0.9611
1,np,IS NP,384,0.00898492594063282,0.009116675782203675,0.964,0.9622
1,np,IS NP,385,0.009048014134168624,0.00914845766723156,0.962,0.9609
1,np,IS NP,386,0.009328693427145481,0.009491472026705743,0.96075,0.9603
1,np,IS NP,387,0.009270127549767495,0.009470018139481545,0.9615,0.9591
1,np,IS NP,388,0.009456106141209602,0.009555191563069821,0.96275,0.9615
1,np,IS NP,389,0.009023734793066979,0.009185170882940292,0.96275,0.9614
1,np,IS NP,390,0.009624520532786847,0.00974958991855383,0.96075,0.9602
1,np,IS NP,391,0.009626557350158691,0.009788082759082318,0.96325,0.9604
1,np,IS NP,392,0.009585609920322894,0.009681583708524705,0.9615,0.9594
1,np,IS NP,393,0.009221430748701095,0.009290730400383472,0.962,0.9614
1,np,IS NP,394,0.009449521139264106,0.009431503328680993,0.96125,0.9597
1,np,IS NP,395,0.009568529926240445,0.009464374078810215,0.96125,0.9599
1,np,IS NP,396,0.009217533521354198,0.009282662838697433,0.96125,0.9607
1,np,IS NP,397,0.009300505399703979,0.00941379878371954,0.96425,0.9598
1,np,IS NP,398,0.009384379163384438,0.00956058133840561,0.96125,0.9587
1,np,IS NP,399,0.009382022485136986,0.009295939049124718,0.96025,0.9604
1,np,IS NP,400,0.00925005228817463,0.009246873754262924,0.96475,0.96
1,np_fixed,Vanilla NP,1,0.09059966260194778,0.09052695738077164,0.153,0.1545
1,np_fixed,Vanilla NP,2,0.086823011636734,0.08673936038017273,0.299,0.3016
1,np_fixed,Vanilla NP,3,0.08486072742938995,0.08478964167833328,0.442,0.444
1,np_fixed,Vanilla NP,4,0.08226710909605026,0.08212614767551422,0.5265,0.5408
1,np_fixed,Vanilla NP,5,0.0797076318860054,0.07954815375804901,0.58125,0.5913
1,np_fixed,Vanilla NP,6,0.07705926316976547,0.0768148826122284,0.62425,0.6303
1,np_fixed,Vanilla NP,7,0.07465925794839859,0.07433264873027802,0.6475,0.6541
1,np_fixed,Vanilla NP,8,0.07241317009925842,0.07205454839468002,0.64875,0.6639
1,np_fixed,Vanilla NP,9,0.07018808740377426,0.0697667200922966,0.6395,0.6515
1,np_fixed,Vanilla NP,10,0.06769819742441177,0.06726566331386566,0.664,0.6743
1,np_fixed,Vanilla NP,11,0.06544574022293091,0.0650230474472046,0.673,0.6843
1,np_fixed,Vanilla NP,12,0.06324634170532227,0.06285897434949875,0.6925,0.7029
1,np_fixed,Vanilla NP,13,0.06131699711084366,0.06095667200088501,0.7135,0.7204
1,np_fixed,Vanilla NP,14,0.059874855369329454,0.05947631370425224,0.70275,0.714
1,np_fixed,Vanilla NP,15,0.05850525426864624,0.05799190807938576,0.7305,0.7464
1,np_fixed,Vanilla NP,16,0.05742965841293335,0.056902584075927735,0.73075,0.7514
1,np_fixed,Vanilla NP,17,0.05585626631975174,0.05542466690540314,0.739,0.7578
1,np_fixed,Vanilla NP,18,0.05439994740486145,0.0540019532084465,0.747,0.76
1,np_fixed,Vanilla NP,19,0.053414819240570066,0.052966625356674193,0.77675,0.7923
1,np_fixed,Vanilla NP,20,0.052098372042179104,0.05157800641655922,0.78,0.7956
1,np_fixed,Vanilla NP,21,0.05124853602051735,0.05074506628513336,0.77,0.7913
1,np_fixed,Vanilla NP,22,0.05016661161184311,0.049621599888801576,0.774,0.7947
1,np_fixed,Vanilla NP,23,0.049623858362436296,0.04898352108001709,0.7825,0.8007
1,np_fixed,Vanilla NP,24,0.04868835437297821,0.048033356499671935,0.77725,0.7972
1,np_fixed,Vanilla NP,25,0.04804426512122154,0.04728718203306198,0.78425,0.8069
1,np_fixed,Vanilla NP,26,0.04717563280463219,0.04643172608017922,0.7835,0.8052
1,np_fixed,Vanilla NP,27,0.04696170982718468,0.04633821073174477,0.791,0.807
1,np_fixed,Vanilla NP,28,0.04639874264597893,0.045853046691417695,0.7905,0.8059
1,np_fixed,Vanilla NP,29,0.04559098958969116,0.044994243323802946,0.79875,0.8177
1,np_fixed,Vanilla NP,30,0.04519775477051735,0.044555172860622404,0.803,0.8225
1,np_fixed,Vanilla NP,31,0.04494405010342598,0.044234593510627744,0.79775,0.8199
1,np_fixed,Vanilla NP,32,0.04461166414618492,0.043884299993515015,0.78975,0.812
1,np_fixed,Vanilla NP,33,0.04372080633044243,0.04311505407094955,0.81375,0.8287
1,np_fixed,Vanilla NP,34,0.04380131638050079,0.04314005196094513,0.8095,0.8264
1,np_fixed,Vanilla NP,35,0.04352831056714058,0.042822318643331525,0.81375,0.8285
1,np_fixed,Vanilla NP,36,0.043213190257549286,0.04252758135795593,0.8105,0.8304
1,np_fixed,Vanilla NP,37,0.04314051577448845,0.042414550340175626,0.8175,0.8332
1,np_fixed,Vanilla NP,38,0.042469050139188766,0.0419411641061306,0.801,0.8188
1,np_fixed,Vanilla NP,39,0.04194831901788711,0.04137646954059601,0.81925,0.8334
1,np_fixed,Vanilla NP,40,0.04169693011045456,0.04110912522673607,0.80475,0.8253
1,np_fixed,Vanilla NP,41,0.04160026088356972,0.040852796018123624,0.811,0.8317
1,np_fixed,Vanilla NP,42,0.04113710328936577,0.04045410144329071,0.82825,0.8424
1,np_fixed,Vanilla NP,43,0.04077470886707306,0.04006736701726914,0.82775,0.8434
1,np_fixed,Vanilla NP,44,0.04052845507860184,0.039774303334951404,0.83075,0.8504
1,np_fixed,Vanilla NP,45,0.04051484748721123,0.0397289668738842,0.8245,0.8406
1,np_fixed,Vanilla NP,46,0.0399338381588459,0.03916493883728981,0.84275,0.8568
1,np_fixed,Vanilla NP,47,0.03933804294466972,0.03858684365749359,0.8435,0.8566
1,np_fixed,Vanilla NP,48,0.038985979199409486,0.038279356533288955,0.84825,0.8558
1,np_fixed,Vanilla NP,49,0.03857428535819054,0.03780332445502281,0.84975,0.8616
1,np_fixed,Vanilla NP,50,0.03854884746670723,0.03767521679401398,0.85675,0.8653
1,np_fixed,Vanilla NP,51,0.038238918811082837,0.03759388731122017,0.84425,0.8565
1,np_fixed,Vanilla NP,52,0.03821437340974808,0.037342985409498215,0.8485,0.8591
1,np_fixed,Vanilla NP,53,0.037957294076681136,0.03707827009558678,0.857,0.8661
1,np_fixed,Vanilla NP,54,0.037895504534244534,0.036949007016420364,0.8605,0.872
1,np_fixed,Vanilla NP,55,0.037020922482013705,0.03619442966580391,0.85625,0.8702
1,np_fixed,Vanilla NP,56,0.037064410775899885,0.03621681043505669,0.851,0.864
1,np_fixed,Vanilla NP,57,0.0364662755727768,0.035452233427762984,0.85075,0.8688
1,np_fixed,Vanilla NP,58,0.03692144843935966,0.035773304265737535,0.84775,0.8652
1,np_fixed,Vanilla NP,59,0.036563154757022855,0.0354251902282238,0.84575,0.8694
1,np_fixed,Vanilla NP,60,0.03614463448524475,0.03501115882396698,0.85725,0.8748
1,np_fixed,Vanilla NP,61,0.03632475590705871,0.03547840721607208,0.8555,0.8714
1,np_fixed,Vanilla NP,62,0.036116197496652604,0.03527739614844322,0.85025,0.8688
1,np_fixed,Vanilla NP,63,0.03573111960291862,0.034749270474910735,0.85125,0.8679
1,np_fixed,Vanilla NP,64,0.035822993040084836,0.03491959350705147,0.855,0.8691
1,np_fixed,Vanilla NP,65,0.035526780217885974,0.03453880259990692,0.85825,0.8729
1,np_fixed,Vanilla NP,66,0.035290159165859224,0.034568373304605486,0.86375,0.8765
1,np_fixed,Vanilla NP,67,0.035223125606775284,0.03424971543550491,0.86575,0.8748
1,np_fixed,Vanilla NP,68,0.034697841376066206,0.03363588240146637,0.85925,0.8742
1,np_fixed,Vanilla NP,69,0.0343949790596962,0.03357683487534523,0.8665,0.8759
1,np_fixed,Vanilla NP,70,0.03392346939444542,0.032862734723091126,0.8665,0.8795
1,np_fixed,Vanilla NP,71,0.03345567455887794,0.03255602831244469,0.862,0.8795
1,np_fixed,Vanilla NP,72,0.0337494090795517,0.03301825696825981,0.8685,0.8806
1,np_fixed,Vanilla NP,73,0.033219554781913754,0.03241193727850914,0.87025,0.8843
1,np_fixed,Vanilla NP,74,0.03380326971411705,0.032894983851909636,0.8645,0.8811
1,np_fixed,Vanilla NP,75,0.032780940264463425,0.03184471984505653,0.8665,0.8797
1,np_fixed,Vanilla NP,76,0.03296438390016556,0.03207117863893509,0.86475,0.8809
1,np_fixed,Vanilla NP,77,0.033354156583547595,0.03248047238588333,0.873,0.8806
1,np_fixed,Vanilla NP,78,0.03324406257271767,0.03252198778986931,0.86175,0.8778
1,np_fixed,Vanilla NP,79,0.033062454998493196,0.03226784191131592,0.86525,0.8764
1,np_fixed,Vanilla NP,80,0.03249516817927361,0.03162199378609657,0.85975,0.8764
1,np_fixed,Vanilla NP,81,0.032642076432704926,0.03175497513413429,0.86775,0.8841
1,np_fixed,Vanilla NP,82,0.032267790883779526,0.03136073386073113,0.8625,0.8809
1,np_fixed,Vanilla NP,83,0.032433344841003416,0.03156791855096817,0.8645,0.8832
1,np_fixed,Vanilla NP,84,0.032556036442518234,0.03150240309238434,0.87,0.8859
1,np_fixed,Vanilla NP,85,0.03143726518750191,0.030581971189379692,0.86725,0.885
1,np_fixed,Vanilla NP,86,0.031724322974681855,0.030847921007871627,0.86625,0.8839
1,np_fixed,Vanilla NP,87,0.03142217928171158,0.030496995201706886,0.87,0.8837
1,np_fixed,Vanilla NP,88,0.03150735914707184,0.030613028508424758,0.8705,0.8858
1,np_fixed,Vanilla NP,89,0.03171996468305588,0.030884161403775215,0.876,0.8905
1,np_fixed,Vanilla NP,90,0.03151064667105675,0.03061247844696045,0.86675,0.8848
1,np_fixed,Vanilla NP,91,0.03149399390816689,0.030533808174729348,0.87175,0.8877
1,np_fixed,Vanilla NP,92,0.0309275838136673,0.029962162151932717,0.869,0.8844
1,np_fixed,Vanilla NP,93,0.030634197413921357,0.02981289411485195,0.8755,0.8887
1,np_fixed,Vanilla NP,94,0.03125063133239746,0.03045474826693535,0.87025,0.8859
1,np_fixed,Vanilla NP,95,0.031023240387439727,0.030159235525131226,0.874,0.8881
1,np_fixed,Vanilla NP,96,0.03119839334487915,0.03051487966179848,0.873,0.8859
1,np_fixed,Vanilla NP,97,0.030706402227282523,0.030014232766628266,0.8745,0.8875
1,np_fixed,Vanilla NP,98,0.030247479885816574,0.029466467171907425,0.8715,0.8878
1,np_fixed,Vanilla NP,99,0.029886575400829316,0.029121435859799386,0.8745,0.8874
1,np_fixed,Vanilla NP,100,0.03030763404071331,0.029470410460233687,0.87275,0.8875
1,np_fixed,Vanilla NP,101,0.029706475526094435,0.02884392222762108,0.877,0.8913
1,np_fixed,Vanilla NP,102,0.029207847714424133,0.02842159303724766,0.877,0.8934
1,np_fixed,Vanilla NP,103,0.029569222748279573,0.028743308240175246,0.88025,0.8948
1,np_fixed,Vanilla NP,104,0.029962496638298034,0.029308648455142975,0.87275,0.8875
1,np_fixed,Vanilla NP,105,0.02936860240995884,0.02866364676952362,0.88,0.8948
1,np_fixed,Vanilla NP,106,0.029199567019939424,0.028327987557649613,0.87625,0.8926
1,np_fixed,Vanilla NP,107,0.029292036697268486,0.02839992768764496,0.88125,0.8956
1,np_fixed,Vanilla NP,108,0.029135969564318655,0.028193124493956567,0.8795,0.8945
1,np_fixed,Vanilla NP,109,0.02897325313091278,0.028139946633577346,0.87675,0.8933
1,np_fixed,Vanilla NP,110,0.02923271928727627,0.028397644129395484,0.88,0.8948
1,np_fixed,Vanilla NP,111,0.02874122005701065,0.027758687216043472,0.881,0.8966
1,np_fixed,Vanilla NP,112,0.028968753352761268,0.028175684052705766,0.88275,0.8975
1,np_fixed,Vanilla NP,113,0.028342480525374414,0.027433587843179702,0.882,0.8942
1,np_fixed,Vanilla NP,114,0.028190291970968246,0.027351207053661345,0.88325,0.8968
1,np_fixed,Vanilla NP,115,0.028425851091742515,0.027560113066434862,0.88,0.8913
1,np_fixed,Vanilla NP,116,0.028364492550492285,0.02765869754254818,0.88125,0.8946
1,np_fixed,Vanilla NP,117,0.02781755197048187,0.02715621770322323,0.8795,0.894
1,np_fixed,Vanilla NP,118,0.02874897611141205,0.02803841055929661,0.88075,0.8943
1,np_fixed,Vanilla NP,119,0.027385506942868232,0.026797746843099594,0.88425,0.8996
1,np_fixed,Vanilla NP,120,0.02776506708562374,0.027192386817932127,0.8885,0.9004
1,np_fixed,Vanilla NP,121,0.027955554097890852,0.027067699521780016,0.8865,0.8988
1,np_fixed,Vanilla NP,122,0.028104039639234545,0.02738616751730442,0.87775,0.8891
1,np_fixed,Vanilla NP,123,0.027236987709999085,0.026405136176943778,0.88725,0.8974
1,np_fixed,Vanilla NP,124,0.027835384741425516,0.027044915398955344,0.888,0.897
1,np_fixed,Vanilla NP,125,0.027133611142635346,0.026244497281312944,0.885,0.9001
1,np_fixed,Vanilla NP,126,0.027343010917305947,0.02655861657857895,0.89,0.9018
1,np_fixed,Vanilla NP,127,0.02756312368810177,0.026814565590023993,0.889,0.9009
1,np_fixed,Vanilla NP,128,0.02819620831310749,0.02739137442409992,0.88575,0.8943
1,np_fixed,Vanilla NP,129,0.027117941424250603,0.026386422607302666,0.88625,0.8995
1,np_fixed,Vanilla NP,130,0.027174724504351617,0.02627662861943245,0.888,0.9015
1,np_fixed,Vanilla NP,131,0.0272150863558054,0.026439332327246667,0.891,0.9034
1,np_fixed,Vanilla NP,132,0.026371979042887687,0.025478127744793893,0.89175,0.905
1,np_fixed,Vanilla NP,133,0.02678908395767212,0.025872190350294113,0.89225,0.9044
1,np_fixed,Vanilla NP,134,0.02736896403133869,0.026496628561615942,0.8905,0.9038
1,np_fixed,Vanilla NP,135,0.02664555935561657,0.025711008232831956,0.8905,0.904
1,np_fixed,Vanilla NP,136,0.02635596887767315,0.02532685553431511,0.893,0.9049
1,np_fixed,Vanilla NP,137,0.026231654614210127,0.02532338024377823,0.89,0.9034
1,np_fixed,Vanilla NP,138,0.026848721116781236,0.026012368094921114,0.8885,0.9025
1,np_fixed,Vanilla NP,139,0.02610449443757534,0.025292272982001304,0.892,0.9022
1,np_fixed,Vanilla NP,140,0.026578465580940246,0.025683666327595712,0.89075,0.9036
1,np_fixed,Vanilla NP,141,0.025562786012887955,0.024676248782873153,0.89525,0.9068
1,np_fixed,Vanilla NP,142,0.025765655517578125,0.02486648079454899,0.89025,0.9063
1,np_fixed,Vanilla NP,143,0.025721044450998307,0.02479843182861805,0.8905,0.9054
1,np_fixed,Vanilla NP,144,0.02570542570948601,0.024856040942668915,0.89075,0.9046
1,np_fixed,Vanilla NP,145,0.0259449283182621,0.025233340165019037,0.89225,0.9035
1,np_fixed,Vanilla NP,146,0.02593035052716732,0.02523074964284897,0.89025,0.9035
1,np_fixed,Vanilla NP,147,0.02637456387281418,0.025408398875594138,0.88675,0.904
1,np_fixed,Vanilla NP,148,0.025883982479572295,0.025019264838099478,0.889,0.9008
1,np_fixed,Vanilla NP,149,0.026020124152302742,0.02517819389104843,0.88675,0.9028
1,np_fixed,Vanilla NP,150,0.025338057816028596,0.024321356156468393,0.8885,0.9042
1,np_fixed,Vanilla NP,151,0.025839560881257058,0.024932883992791175,0.88825,0.9029
1,np_fixed,Vanilla NP,152,0.025918017029762267,0.02498685032427311,0.89,0.9026
1,np_fixed,Vanilla NP,153,0.026141997054219247,0.025342901346087455,0.883,0.8983
1,np_fixed,Vanilla NP,154,0.024715870931744575,0.02380505675971508,0.88825,0.9056
1,np_fixed,Vanilla NP,155,0.025794957026839257,0.024709755405783653,0.8875,0.9023
1,np_fixed,Vanilla NP,156,0.02574314135313034,0.024802263477444648,0.8925,0.9032
1,np_fixed,Vanilla NP,157,0.026105907499790193,0.02509864387512207,0.88325,0.9019
1,np_fixed,Vanilla NP,158,0.024571442410349847,0.023635339197516442,0.896,0.9071
1,np_fixed,Vanilla NP,159,0.025016899928450586,0.024111318662762643,0.892,0.9075
1,np_fixed,Vanilla NP,160,0.025438767969608308,0.024557099327445032,0.8915,0.9065
1,np_fixed,Vanilla NP,161,0.025156534418463706,0.024081068369746206,0.89275,0.9051
1,np_fixed,Vanilla NP,162,0.024278189718723298,0.02345333831012249,0.89675,0.9098
1,np_fixed,Vanilla NP,163,0.024350595995783805,0.023423739537596702,0.893,0.9071
1,np_fixed,Vanilla NP,164,0.0259084215760231,0.02487583894729614,0.88825,0.9052
1,np_fixed,Vanilla NP,165,0.024297018840909006,0.023643508607149123,0.8925,0.9089
1,np_fixed,Vanilla NP,166,0.02432057826220989,0.023505116641521454,0.89275,0.9082
1,np_fixed,Vanilla NP,167,0.024524213418364523,0.023500428441166878,0.89275,0.9093
1,np_fixed,Vanilla NP,168,0.024745395123958586,0.02415739354789257,0.89575,0.908
1,np_fixed,Vanilla NP,169,0.024677239194512368,0.024173852309584618,0.89425,0.9061
1,np_fixed,Vanilla NP,170,0.02387505754828453,0.023214667868614196,0.89525,0.9097
1,np_fixed,Vanilla NP,171,0.02510919539630413,0.02456079542040825,0.89275,0.9061
1,np_fixed,Vanilla NP,172,0.024442655220627784,0.023840128034353255,0.89525,0.9063
1,np_fixed,Vanilla NP,173,0.023430539876222612,0.022664790734648704,0.8985,0.9116
1,np_fixed,Vanilla NP,174,0.02437364301085472,0.023646053928136825,0.8975,0.9054
1,np_fixed,Vanilla NP,175,0.023452858820557594,0.022852819195389746,0.8975,0.9068
1,np_fixed,Vanilla NP,176,0.024385300517082216,0.0236749323785305,0.8975,0.9102
1,np_fixed,Vanilla NP,177,0.024519950926303862,0.023636872440576554,0.89625,0.9099
1,np_fixed,Vanilla NP,178,0.02382226686179638,0.023145065358281137,0.895,0.907
1,np_fixed,Vanilla NP,179,0.024083918765187264,0.023394306591153144,0.90225,0.9092
1,np_fixed,Vanilla NP,180,0.024505905702710152,0.023687091794610024,0.9015,0.9105
1,np_fixed,Vanilla NP,181,0.023683903872966768,0.022814120376110077,0.90225,0.9114
1,np_fixed,Vanilla NP,182,0.023883150696754455,0.023213296231627465,0.899,0.9106
1,np_fixed,Vanilla NP,183,0.02344285722076893,0.02264255102276802,0.90125,0.9118
1,np_fixed,Vanilla NP,184,0.02311614924669266,0.022384143283963202,0.902,0.9059
1,np_fixed,Vanilla NP,185,0.0237150576710701,0.022906761586666106,0.89675,0.9105
1,np_fixed,Vanilla NP,186,0.023027529135346413,0.022107500785589217,0.9035,0.9136
1,np_fixed,Vanilla NP,187,0.022987190887331962,0.0221494437366724,0.90325,0.9125
1,np_fixed,Vanilla NP,188,0.023166986554861067,0.02223918277621269,0.901,0.9113
1,np_fixed,Vanilla NP,189,0.02334980857372284,0.022444689667224883,0.90475,0.9136
1,np_fixed,Vanilla NP,190,0.023066783860325814,0.022287581545114517,0.90525,0.9144
1,np_fixed,Vanilla NP,191,0.02305547223985195,0.02236611479520798,0.9025,0.9134
1,np_fixed,Vanilla NP,192,0.022551371291279793,0.021774297523498534,0.90025,0.9145
1,np_fixed,Vanilla NP,193,0.02465457957983017,0.023900927391648293,0.897,0.9062
1,np_fixed,Vanilla NP,194,0.023166446745395662,0.022310939580202103,0.898,0.9101
1,np_fixed,Vanilla NP,195,0.022778847739100456,0.021958910182118416,0.90125,0.9138
1,np_fixed,Vanilla NP,196,0.02347395923733711,0.02271247344315052,0.9005,0.9111
1,np_fixed,Vanilla NP,197,0.023422397330403327,0.02258238008916378,0.9035,0.9095
1,np_fixed,Vanilla NP,198,0.022803337171673776,0.022021211770176886,0.90575,0.9139
1,np_fixed,Vanilla NP,199,0.02245498591661453,0.021764386767148973,0.906,0.913
1,np_fixed,Vanilla NP,200,0.023207707032561302,0.022351061686873435,0.909,0.9151
1,np_fixed,Vanilla NP,201,0.023218790248036386,0.022585716560482978,0.902,0.911
1,np_fixed,Vanilla NP,202,0.02219302263855934,0.021513775596022605,0.9045,0.9152
1,np_fixed,Vanilla NP,203,0.02293961802124977,0.022053756365180015,0.90375,0.9137
1,np_fixed,Vanilla NP,204,0.02337854826450348,0.02271475524008274,0.9035,0.9107
1,np_fixed,Vanilla NP,205,0.022872649967670442,0.02213623515665531,0.9075,0.915
1,np_fixed,Vanilla NP,206,0.022312367409467695,0.021560425618290902,0.9065,0.9168
1,np_fixed,Vanilla NP,207,0.023177493840456007,0.02245519982278347,0.90475,0.9111
1,np_fixed,Vanilla NP,208,0.022170341297984123,0.021518781194090845,0.90675,0.9143
1,np_fixed,Vanilla NP,209,0.023566798508167265,0.022858781293034553,0.90575,0.9126
1,np_fixed,Vanilla NP,210,0.02226853649318218,0.02154524932205677,0.9075,0.9124
1,np_fixed,Vanilla NP,211,0.022992903873324394,0.022211437526345253,0.9065,0.9131
1,np_fixed,Vanilla NP,212,0.02220968171954155,0.021319076427817343,0.90875,0.9162
1,np_fixed,Vanilla NP,213,0.021798388093709944,0.02099527387022972,0.90625,0.9166
1,np_fixed,Vanilla NP,214,0.02243375815451145,0.021857181057333946,0.90875,0.9178
1,np_fixed,Vanilla NP,215,0.022043354123830794,0.021200307664275168,0.908,0.9152
1,np_fixed,Vanilla NP,216,0.02280721826851368,0.022094050601124765,0.90025,0.9097
1,np_fixed,Vanilla NP,217,0.02322478412091732,0.02242498819231987,0.90625,0.9119
1,np_fixed,Vanilla NP,218,0.022407548785209657,0.021875959306955337,0.909,0.9148
1,np_fixed,Vanilla NP,219,0.022070810869336127,0.0213133070319891,0.90625,0.9159
1,np_fixed,Vanilla NP,220,0.022205662921071054,0.021521632024645805,0.90725,0.9168
1,np_fixed,Vanilla NP,221,0.02223095329105854,0.021414316207170485,0.906,0.9158
1,np_fixed,Vanilla NP,222,0.021409974843263627,0.020607356229424476,0.90775,0.9176
1,np_fixed,Vanilla NP,223,0.022312623232603072,0.021622496244311333,0.90375,0.916
1,np_fixed,Vanilla NP,224,0.022210117757320406,0.021393127995729445,0.90375,0.9147
1,np_fixed,Vanilla NP,225,0.022116554230451585,0.021243263298273085,0.905,0.9176
1,np_fixed,Vanilla NP,226,0.023343604490160944,0.02244544440507889,0.9065,0.9164
1,np_fixed,Vanilla NP,227,0.023226312905550002,0.02267818330526352,0.90525,0.914
1,np_fixed,Vanilla NP,228,0.02261579279601574,0.021769998091459273,0.908,0.9174
1,np_fixed,Vanilla NP,229,0.02255165368318558,0.021877255922555922,0.90975,0.9158
1,np_fixed,Vanilla NP,230,0.022409284338355064,0.021573899301886558,0.90975,0.9183
1,np_fixed,Vanilla NP,231,0.021749205589294433,0.021035759404301642,0.9075,0.9187
1,np_fixed,Vanilla NP,232,0.022047822549939155,0.021149624383449556,0.9075,0.9175
1,np_fixed,Vanilla NP,233,0.02173652148246765,0.020992907986044883,0.90875,0.9197
1,np_fixed,Vanilla NP,234,0.021936670392751694,0.021103731191158295,0.90825,0.9174
1,np_fixed,Vanilla NP,235,0.021093387559056282,0.02023609938323498,0.9115,0.9202
1,np_fixed,Vanilla NP,236,0.0222011396586895,0.021323029088974,0.90825,0.9195
1,np_fixed,Vanilla NP,237,0.02212261590361595,0.021340033757686616,0.90275,0.9148
1,np_fixed,Vanilla NP,238,0.021423949033021927,0.020874892643094063,0.906,0.9194
1,np_fixed,Vanilla NP,239,0.0221730844527483,0.021374325519800185,0.91025,0.9187
1,np_fixed,Vanilla NP,240,0.02157692162692547,0.020798716163635253,0.9095,0.9196
1,np_fixed,Vanilla NP,241,0.02138008305430412,0.02067553654015064,0.91325,0.9204
1,np_fixed,Vanilla NP,242,0.021466857209801675,0.02051418718993664,0.91025,0.9225
1,np_fixed,Vanilla NP,243,0.02153893965482712,0.020506245297193526,0.9085,0.9186
1,np_fixed,Vanilla NP,244,0.0221966432929039,0.021654946780204774,0.9075,0.9174
1,np_fixed,Vanilla NP,245,0.021979197189211847,0.021098798313736917,0.91025,0.9178
1,np_fixed,Vanilla NP,246,0.02103415274620056,0.0203254071354866,0.912,0.9203
1,np_fixed,Vanilla NP,247,0.02170321647822857,0.020688802272081374,0.9075,0.9171
1,np_fixed,Vanilla NP,248,0.02178498184680939,0.020686602157354354,0.90825,0.9194
1,np_fixed,Vanilla NP,249,0.021182027205824853,0.020285394194722174,0.90825,0.9204
1,np_fixed,Vanilla NP,250,0.022835387855768205,0.021940046387910844,0.905,0.9155
1,np_fixed,Vanilla NP,251,0.021561738088727,0.020621020007133485,0.9095,0.9195
1,np_fixed,Vanilla NP,252,0.02194028978049755,0.02098680193722248,0.90825,0.9182
1,np_fixed,Vanilla NP,253,0.020962073311209677,0.020002804815769194,0.912,0.9206
1,np_fixed,Vanilla NP,254,0.021660496458411217,0.02075559712946415,0.9085,0.918
1,np_fixed,Vanilla NP,255,0.020899789348244668,0.02005809319615364,0.9045,0.9135
1,np_fixed,Vanilla NP,256,0.021424462452530862,0.020351929926872254,0.9045,0.9187
1,np_fixed,Vanilla NP,257,0.02089903812110424,0.019968607088923455,0.9085,0.9191
1,np_fixed,Vanilla NP,258,0.020751056268811227,0.01999326084256172,0.9065,0.9175
1,np_fixed,Vanilla NP,259,0.020859396263957025,0.020067178666591644,0.9115,0.9198
1,np_fixed,Vanilla NP,260,0.020771780133247375,0.020109003961086273,0.912,0.9193
1,np_fixed,Vanilla NP,261,0.021079248040914534,0.020398213639855386,0.91075,0.9182
1,np_fixed,Vanilla NP,262,0.02046944271028042,0.019734184300899505,0.913,0.9193
1,np_fixed,Vanilla NP,263,0.020694987282156945,0.019786873304843904,0.909,0.9212
1,np_fixed,Vanilla NP,264,0.02029289910197258,0.019460402357578278,0.909,0.9213
1,np_fixed,Vanilla NP,265,0.021223955824971198,0.020332559770345687,0.90775,0.9185
1,np_fixed,Vanilla NP,266,0.020434718430042267,0.019771816438436507,0.90675,0.916
1,np_fixed,Vanilla NP,267,0.021443290621042253,0.020635179162025452,0.9085,0.9156
1,np_fixed,Vanilla NP,268,0.020821656227111816,0.020093291157484056,0.90575,0.9117
1,np_fixed,Vanilla NP,269,0.020611851915717124,0.01995571453869343,0.9095,0.9171
1,np_fixed,Vanilla NP,270,0.020829387038946153,0.02016855132877827,0.909,0.9164
1,np_fixed,Vanilla NP,271,0.0210382694453001,0.02027666674256325,0.90875,0.9174
1,np_fixed,Vanilla NP,272,0.02056413009762764,0.019902058163285257,0.90775,0.9179
1,np_fixed,Vanilla NP,273,0.020362525150179864,0.01960091167986393,0.91075,0.9198
1,np_fixed,Vanilla NP,274,0.020315577000379562,0.01958430355489254,0.91275,0.9224
1,np_fixed,Vanilla NP,275,0.020291923567652703,0.01962036297917366,0.90875,0.9178
1,np_fixed,Vanilla NP,276,0.02060931922495365,0.019869108605384826,0.90625,0.9149
1,np_fixed,Vanilla NP,277,0.02133109922707081,0.02047395939230919,0.90625,0.9148
1,np_fixed,Vanilla NP,278,0.021029674634337425,0.0203947386354208,0.906,0.9149
1,np_fixed,Vanilla NP,279,0.02104273787140846,0.020296679788827897,0.90975,0.9191
1,np_fixed,Vanilla NP,280,0.020751662120223044,0.019888498574495317,0.90925,0.9169
1,np_fixed,Vanilla NP,281,0.020707151859998704,0.019991686621308326,0.9105,0.9191
1,np_fixed,Vanilla NP,282,0.020276297703385352,0.019615576785802842,0.90875,0.9185
1,np_fixed,Vanilla NP,283,0.020324895933270453,0.019582704159617423,0.90775,0.9205
1,np_fixed,Vanilla NP,284,0.020378334522247313,0.01986925266981125,0.911,0.9188
1,np_fixed,Vanilla NP,285,0.02019241952896118,0.019412950682640075,0.9125,0.9195
1,np_fixed,Vanilla NP,286,0.02029828327894211,0.01979941488802433,0.91425,0.9197
1,np_fixed,Vanilla NP,287,0.020538469806313516,0.019776927056908606,0.912,0.9214
1,np_fixed,Vanilla NP,288,0.021625565126538276,0.021086748293042183,0.90625,0.9161
1,np_fixed,Vanilla NP,289,0.02113796612620354,0.020572689560055733,0.9105,0.9184
1,np_fixed,Vanilla NP,290,0.020879287987947463,0.020292664286494254,0.9105,0.9162
1,np_fixed,Vanilla NP,291,0.02191358606517315,0.02136902413070202,0.907,0.9134
1,np_fixed,Vanilla NP,292,0.021173993483185768,0.02077902372479439,0.91025,0.916
1,np_fixed,Vanilla NP,293,0.021105641067028044,0.0205617027759552,0.91275,0.9205
1,np_fixed,Vanilla NP,294,0.019890694066882132,0.019296231973171235,0.914,0.9228
1,np_fixed,Vanilla NP,295,0.022041651830077173,0.021638244384527206,0.9145,0.9175
1,np_fixed,Vanilla NP,296,0.019619140058755875,0.019040116637945175,0.9145,0.9219
1,np_fixed,Vanilla NP,297,0.021532450273633003,0.021047647494077684,0.9095,0.9179
1,np_fixed,Vanilla NP,298,0.02103950206935406,0.020396926724910735,0.91325,0.9251
1,np_fixed,Vanilla NP,299,0.020564515992999077,0.01987675239443779,0.9125,0.9176
1,np_fixed,Vanilla NP,300,0.021064444154500962,0.020488078945875166,0.912,0.9172
1,np_fixed,Vanilla NP,301,0.020684796422719955,0.02008500145971775,0.91325,0.9245
1,np_fixed,Vanilla NP,302,0.019588357746601105,0.018944866532087327,0.911,0.9216
1,np_fixed,Vanilla NP,303,0.020344711557030676,0.019711253157258034,0.9115,0.9219
1,np_fixed,Vanilla NP,304,0.019965508252382278,0.01913139135539532,0.90925,0.9205
1,np_fixed,Vanilla NP,305,0.019953551918268204,0.01924839732348919,0.91225,0.9244
1,np_fixed,Vanilla NP,306,0.020802489936351778,0.020042708694934845,0.9065,0.9163
1,np_fixed,Vanilla NP,307,0.020318530559539794,0.01954633502960205,0.91125,0.9214
1,np_fixed,Vanilla NP,308,0.020601750776171684,0.01990448531806469,0.912,0.9191
1,np_fixed,Vanilla NP,309,0.02103002479672432,0.020077046874165536,0.9105,0.9215
1,np_fixed,Vanilla NP,310,0.019716725021600722,0.01887116659283638,0.912,0.9239
1,np_fixed,Vanilla NP,311,0.021145007207989692,0.020323587262630463,0.90925,0.922
1,np_fixed,Vanilla NP,312,0.022119300767779352,0.021527724555134773,0.9115,0.9205
1,np_fixed,Vanilla NP,313,0.023056249871850013,0.022356983491778375,0.90275,0.9123
1,np_fixed,Vanilla NP,314,0.020515009194612504,0.019773783504962922,0.91025,0.9211
1,np_fixed,Vanilla NP,315,0.01993922282755375,0.01913188190460205,0.9115,0.9221
1,np_fixed,Vanilla NP,316,0.021480673924088478,0.02090219811797142,0.91325,0.9248
1,np_fixed,Vanilla NP,317,0.021225407734513282,0.020495488184690474,0.9085,0.9186
1,np_fixed,Vanilla NP,318,0.020581985592842102,0.019971685460209845,0.9125,0.9218
1,np_fixed,Vanilla NP,319,0.02024505752325058,0.019358702543377876,0.91075,0.9209
1,np_fixed,Vanilla NP,320,0.020482049360871314,0.019536712735891342,0.91125,0.9212
1,np_fixed,Vanilla NP,321,0.02011769686639309,0.019256619510054588,0.91375,0.922
1,np_fixed,Vanilla NP,322,0.01981984035670757,0.01883152947127819,0.909,0.9236
1,np_fixed,Vanilla NP,323,0.020710436940193176,0.01986156697869301,0.91425,0.9234
1,np_fixed,Vanilla NP,324,0.0212347761541605,0.020418029138445853,0.912,0.9164
1,np_fixed,Vanilla NP,325,0.021085823357105255,0.02041666093766689,0.90975,0.9209
1,np_fixed,Vanilla NP,326,0.01956648348271847,0.018840050765872002,0.91675,0.9249
1,np_fixed,Vanilla NP,327,0.02086935931444168,0.02007989223599434,0.914,0.9234
1,np_fixed,Vanilla NP,328,0.0203162127584219,0.019416174346208574,0.9135,0.9237
1,np_fixed,Vanilla NP,329,0.020607579812407493,0.01980302717387676,0.91125,0.923
1,np_fixed,Vanilla NP,330,0.020017262816429137,0.019047413995862007,0.91225,0.9224
1,np_fixed,Vanilla NP,331,0.020882067978382112,0.020094011640548706,0.9125,0.9221
1,np_fixed,Vanilla NP,332,0.019655726462602614,0.018816263604164125,0.91425,0.9233
1,np_fixed,Vanilla NP,333,0.020768796160817147,0.019997040048241616,0.91375,0.9221
1,np_fixed,Vanilla NP,334,0.020973936289548873,0.020183495956659317,0.90525,0.9182
1,np_fixed,Vanilla NP,335,0.022051628947257994,0.02129466781616211,0.90925,0.9234
1,np_fixed,Vanilla NP,336,0.020761856198310853,0.019855576470494272,0.91125,0.9238
1,np_fixed,Vanilla NP,337,0.020453064754605295,0.019573090782761572,0.9135,0.9221
1,np_fixed,Vanilla NP,338,0.020465207278728484,0.019546544370055197,0.91225,0.9225
1,np_fixed,Vanilla NP,339,0.020136034712195397,0.019183417025208472,0.90825,0.9198
1,np_fixed,Vanilla NP,340,0.021517724484205247,0.02057430965900421,0.90725,0.9169
1,np_fixed,Vanilla NP,341,0.019968985006213188,0.019035610008239747,0.9105,0.921
1,np_fixed,Vanilla NP,342,0.01985440331697464,0.01898491095304489,0.90725,0.9169
1,np_fixed,Vanilla NP,343,0.020058362856507302,0.01923173182606697,0.9095,0.918
1,np_fixed,Vanilla NP,344,0.021152988061308862,0.020276869973540307,0.9085,0.9213
1,np_fixed,Vanilla NP,345,0.020757654935121536,0.019844324734807014,0.9055,0.9168
1,np_fixed,Vanilla NP,346,0.020812059596180914,0.01999910376369953,0.91475,0.9237
1,np_fixed,Vanilla NP,347,0.02007754074037075,0.019100700584053994,0.9145,0.9231
1,np_fixed,Vanilla NP,348,0.022108599811792373,0.021227617555856705,0.90925,0.9185
1,np_fixed,Vanilla NP,349,0.019657922700047493,0.018692660450935365,0.916,0.9227
1,np_fixed,Vanilla NP,350,0.020021538957953455,0.01907643569111824,0.91225,0.923
1,np_fixed,Vanilla NP,351,0.020544458270072938,0.019587410724163055,0.9135,0.9219
1,np_fixed,Vanilla NP,352,0.02109410472214222,0.020038391560316084,0.9085,0.9185
1,np_fixed,Vanilla NP,353,0.020334021925926208,0.019326138609647752,0.91375,0.92
1,np_fixed,Vanilla NP,354,0.021809758707880975,0.02088192901611328,0.912,0.9246
1,np_fixed,Vanilla NP,355,0.02007877527177334,0.018989938294887543,0.91,0.9188
1,np_fixed,Vanilla NP,356,0.020971941828727723,0.02014414771795273,0.91,0.917
1,np_fixed,Vanilla NP,357,0.02005067764222622,0.019063628137111665,0.9125,0.9259
1,np_fixed,Vanilla NP,358,0.0206831726282835,0.01960922951698303,0.9085,0.9233
1,np_fixed,Vanilla NP,359,0.01988020296394825,0.01878345096707344,0.9145,0.9235
1,np_fixed,Vanilla NP,360,0.01941237471997738,0.01828891181349754,0.91375,0.9231
1,np_fixed,Vanilla NP,361,0.01930336171388626,0.01831197213232517,0.91375,0.9263
1,np_fixed,Vanilla NP,362,0.02031932081282139,0.019430810204148292,0.91225,0.9234
1,np_fixed,Vanilla NP,363,0.02099964785575867,0.020241449347138406,0.9135,0.9255
1,np_fixed,Vanilla NP,364,0.01866503982245922,0.017810857555270194,0.91475,0.9259
1,np_fixed,Vanilla NP,365,0.020058253273367882,0.019435471859574317,0.916,0.9243
1,np_fixed,Vanilla NP,366,0.020333325624465944,0.019340455773472785,0.91625,0.9265
1,np_fixed,Vanilla NP,367,0.02115716823935509,0.019998980072140692,0.911,0.9259
1,np_fixed,Vanilla NP,368,0.01936014112830162,0.018441123676300047,0.91675,0.9277
1,np_fixed,Vanilla NP,369,0.01962296861410141,0.018797902527451515,0.912,0.9234
1,np_fixed,Vanilla NP,370,0.01874894145131111,0.017761963751912118,0.91575,0.9263
1,np_fixed,Vanilla NP,371,0.021555612102150918,0.020513871729373932,0.90925,0.9234
1,np_fixed,Vanilla NP,372,0.020381123319268227,0.019355045208334924,0.91625,0.9262
1,np_fixed,Vanilla NP,373,0.020226107761263847,0.01912709859609604,0.91025,0.9232
1,np_fixed,Vanilla NP,374,0.019900317534804344,0.018942600056529046,0.9145,0.9223
1,np_fixed,Vanilla NP,375,0.01969946748018265,0.01867289597094059,0.91525,0.9271
1,np_fixed,Vanilla NP,376,0.019438759237527848,0.018412995281815527,0.91375,0.9268
1,np_fixed,Vanilla NP,377,0.020152821063995362,0.01926114967763424,0.9185,0.9286
1,np_fixed,Vanilla NP,378,0.019890853643417358,0.018877991741895677,0.9135,0.9256
1,np_fixed,Vanilla NP,379,0.018723268568515777,0.01770388081371784,0.91525,0.9278
1,np_fixed,Vanilla NP,380,0.019126466765999793,0.018127750462293625,0.9175,0.9287
1,np_fixed,Vanilla NP,381,0.019986757069826125,0.019230136156082153,0.91725,0.9261
1,np_fixed,Vanilla NP,382,0.019235531598329546,0.018276968723535538,0.91775,0.928
1,np_fixed,Vanilla NP,383,0.019680570125579833,0.018775050181150436,0.91625,0.9282
1,np_fixed,Vanilla NP,384,0.020261871814727783,0.019476847460865976,0.91725,0.9261
1,np_fixed,Vanilla NP,385,0.020227765917778015,0.019469395610690117,0.9175,0.9261
1,np_fixed,Vanilla NP,386,0.01993740679323673,0.018847540470957755,0.919,0.9265
1,np_fixed,Vanilla NP,387,0.019437495708465577,0.01852398511171341,0.9205,0.9289
1,np_fixed,Vanilla NP,388,0.02030891314148903,0.019471239832043647,0.91825,0.9251
1,np_fixed,Vanilla NP,389,0.020643382176756857,0.01982018170058727,0.917,0.9279
1,np_fixed,Vanilla NP,390,0.01982648453116417,0.018893013387918472,0.9135,0.9236
1,np_fixed,Vanilla NP,391,0.021392852663993836,0.020689795422554016,0.916,0.9253
1,np_fixed,Vanilla NP,392,0.02068730276823044,0.02002853800058365,0.9165,0.9209
1,np_fixed,Vanilla NP,393,0.01990031412243843,0.019026645669341088,0.91525,0.9253
1,np_fixed,Vanilla NP,394,0.02196369792521,0.02112326425611973,0.915,0.922
1,np_fixed,Vanilla NP,395,0.020454264670610428,0.019519353780150413,0.91425,0.9248
1,np_fixed,Vanilla NP,396,0.021690396308898924,0.020797728902101516,0.91125,0.9204
1,np_fixed,Vanilla NP,397,0.020140574648976325,0.01933635305762291,0.9125,0.9205
1,np_fixed,Vanilla NP,398,0.01973394450545311,0.018892805054783822,0.91575,0.9248
1,np_fixed,Vanilla NP,399,0.020635131239891052,0.019711878272891045,0.917,0.925
1,np_fixed,Vanilla NP,400,0.01976143418252468,0.018854270040988923,0.9145,0.9219
1,np_fan_in,Fan-in NP,1,0.08783925467729568,0.08776270850896835,0.278,0.2738
1,np_fan_in,Fan-in NP,2,0.08363385981321335,0.08347833685874939,0.46525,0.4715
1,np_fan_in,Fan-in NP,3,0.07969183582067489,0.07950812019109726,0.56325,0.5783
1,np_fan_in,Fan-in NP,4,0.07485619848966599,0.07453844571113587,0.62225,0.6327
1,np_fan_in,Fan-in NP,5,0.0699645391702652,0.06957687007188797,0.656,0.6706
1,np_fan_in,Fan-in NP,6,0.06517518109083176,0.06467651360034943,0.692,0.7022
1,np_fan_in,Fan-in NP,7,0.06203644135594368,0.06156695262789726,0.7095,0.7236
1,np_fan_in,Fan-in NP,8,0.059825361341238024,0.05935885124206543,0.70225,0.7154
1,np_fan_in,Fan-in NP,9,0.05736651584506035,0.05685055649876595,0.71125,0.7272
1,np_fan_in,Fan-in NP,10,0.05517780807614327,0.054793882650136946,0.74625,0.7571
1,np_fan_in,Fan-in NP,11,0.05311763915419578,0.05268430002331734,0.73875,0.7496
1,np_fan_in,Fan-in NP,12,0.051062719881534574,0.05054167985916138,0.762,0.7805
1,np_fan_in,Fan-in NP,13,0.04979838082194328,0.04931477330923081,0.76775,0.7853
1,np_fan_in,Fan-in NP,14,0.04871943289041519,0.04819210596084595,0.772,0.788
1,np_fan_in,Fan-in NP,15,0.047441608011722564,0.0467397381067276,0.7835,0.8028
1,np_fan_in,Fan-in NP,16,0.04633642646670341,0.04562592371106148,0.77425,0.7941
1,np_fan_in,Fan-in NP,17,0.045305296689271926,0.044649774372577666,0.78225,0.7991
1,np_fan_in,Fan-in NP,18,0.04461600503325462,0.043902061527967454,0.775,0.7917
1,np_fan_in,Fan-in NP,19,0.04416368260979652,0.04341477620005608,0.7995,0.8172
1,np_fan_in,Fan-in NP,20,0.04276360195875168,0.04198142669200897,0.80425,0.8238
1,np_fan_in,Fan-in NP,21,0.04192067277431488,0.04111253882646561,0.79175,0.8163
1,np_fan_in,Fan-in NP,22,0.04093880596756935,0.04012356964349747,0.81575,0.8326
1,np_fan_in,Fan-in NP,23,0.04063029569387436,0.03973431071639061,0.8,0.8209
1,np_fan_in,Fan-in NP,24,0.03942543438076973,0.03863782435059548,0.81575,0.8357
1,np_fan_in,Fan-in NP,25,0.03852091518044472,0.0374830960214138,0.839,0.8554
1,np_fan_in,Fan-in NP,26,0.03824036973714828,0.037285947513580324,0.82675,0.8463
1,np_fan_in,Fan-in NP,27,0.038337635785341266,0.03747163150906563,0.84775,0.8626
1,np_fan_in,Fan-in NP,28,0.037921588838100435,0.037092228525877,0.828,0.8449
1,np_fan_in,Fan-in NP,29,0.03662285226583481,0.03575871768593788,0.84475,0.8631
1,np_fan_in,Fan-in NP,30,0.036493700176477434,0.035557187920808794,0.8445,0.866
1,np_fan_in,Fan-in NP,31,0.03596223148703575,0.03484620263576507,0.83625,0.8607
1,np_fan_in,Fan-in NP,32,0.03573215401172638,0.03461547486782074,0.83475,0.8567
1,np_fan_in,Fan-in NP,33,0.03483412408828735,0.03393024173974991,0.85325,0.8668
1,np_fan_in,Fan-in NP,34,0.03440840473771095,0.033293904286623,0.848,0.8633
1,np_fan_in,Fan-in NP,35,0.03369988739490509,0.03267154458761215,0.85725,0.8702
1,np_fan_in,Fan-in NP,36,0.03330789476633072,0.03235538781285286,0.865,0.8779
1,np_fan_in,Fan-in NP,37,0.03302469325065613,0.03197516279220581,0.86225,0.8743
1,np_fan_in,Fan-in NP,38,0.03262181210517883,0.031763442647457125,0.8565,0.8709
1,np_fan_in,Fan-in NP,39,0.031964123725891115,0.031087175062298775,0.86475,0.8771
1,np_fan_in,Fan-in NP,40,0.03233662122488022,0.031360922273993494,0.85875,0.8704
1,np_fan_in,Fan-in NP,41,0.03171006947755814,0.030653052479028702,0.85975,0.8753
1,np_fan_in,Fan-in NP,42,0.03163316330313683,0.030442765507102013,0.859,0.8769
1,np_fan_in,Fan-in NP,43,0.03070665204524994,0.029818824687600137,0.87075,0.8852
1,np_fan_in,Fan-in NP,44,0.030161801770329476,0.029083693835139274,0.877,0.8871
1,np_fan_in,Fan-in NP,45,0.029999375671148302,0.02909764157831669,0.8675,0.8824
1,np_fan_in,Fan-in NP,46,0.029288084968924523,0.028358908811211586,0.87375,0.8888
1,np_fan_in,Fan-in NP,47,0.02944972099363804,0.02843468027114868,0.87125,0.8873
1,np_fan_in,Fan-in NP,48,0.029464723989367485,0.028448385509848594,0.87125,0.8873
1,np_fan_in,Fan-in NP,49,0.028604745611548424,0.027659700855612753,0.87475,0.8905
1,np_fan_in,Fan-in NP,50,0.02837340247631073,0.027387480732798578,0.87475,0.8953
1,np_fan_in,Fan-in NP,51,0.028506147861480712,0.027673981887102128,0.8765,0.8924
1,np_fan_in,Fan-in NP,52,0.027900400638580323,0.026821293288469314,0.8755,0.8928
1,np_fan_in,Fan-in NP,53,0.027662222519516944,0.02661711775660515,0.87575,0.8976
1,np_fan_in,Fan-in NP,54,0.027315613150596618,0.0261643153488636,0.879,0.8981
1,np_fan_in,Fan-in NP,55,0.026939118549227713,0.02606352756023407,0.87875,0.893
1,np_fan_in,Fan-in NP,56,0.026860920250415803,0.026075818103551866,0.8825,0.8951
1,np_fan_in,Fan-in NP,57,0.026717739582061768,0.025834579107165336,0.88125,0.8979
1,np_fan_in,Fan-in NP,58,0.02660120077431202,0.02557562599480152,0.87975,0.8992
1,np_fan_in,Fan-in NP,59,0.026618452847003937,0.02565043733417988,0.8815,0.897
1,np_fan_in,Fan-in NP,60,0.026135987401008608,0.02505512948036194,0.881,0.8981
1,np_fan_in,Fan-in NP,61,0.026385275572538378,0.02563124024271965,0.88725,0.8993
1,np_fan_in,Fan-in NP,62,0.027588897183537485,0.026804236420989037,0.88475,0.8956
1,np_fan_in,Fan-in NP,63,0.026801007375121116,0.025881924018263818,0.8795,0.8957
1,np_fan_in,Fan-in NP,64,0.026068494573235512,0.025064351984858513,0.88075,0.8983
1,np_fan_in,Fan-in NP,65,0.02587730000913143,0.024727302911877632,0.88625,0.9004
1,np_fan_in,Fan-in NP,66,0.02608128198981285,0.025366830042004584,0.885,0.8995
1,np_fan_in,Fan-in NP,67,0.025871550768613815,0.02486973060965538,0.88525,0.8994
1,np_fan_in,Fan-in NP,68,0.02596338400244713,0.024861458054184913,0.88175,0.8979
1,np_fan_in,Fan-in NP,69,0.025573110550642014,0.02470542279779911,0.886,0.9016
1,np_fan_in,Fan-in NP,70,0.02567964033782482,0.02465022663772106,0.88625,0.9011
1,np_fan_in,Fan-in NP,71,0.025860296338796617,0.02494962553977966,0.8795,0.8987
1,np_fan_in,Fan-in NP,72,0.026069389402866364,0.025236297190189362,0.88375,0.8971
1,np_fan_in,Fan-in NP,73,0.024291411370038988,0.023371123233437537,0.88825,0.9015
1,np_fan_in,Fan-in NP,74,0.02502860227227211,0.02415040370821953,0.888,0.9014
1,np_fan_in,Fan-in NP,75,0.024144038915634155,0.02325371370613575,0.88925,0.9025
1,np_fan_in,Fan-in NP,76,0.024177002117037775,0.023332194310426713,0.88675,0.9006
1,np_fan_in,Fan-in NP,77,0.02487021104991436,0.024135551673173904,0.88875,0.9003
1,np_fan_in,Fan-in NP,78,0.02455540843307972,0.02384604291021824,0.8905,0.8975
1,np_fan_in,Fan-in NP,79,0.024838469341397284,0.02402242864370346,0.894,0.9051
1,np_fan_in,Fan-in NP,80,0.02388112576305866,0.022989684215188027,0.894,0.9019
1,np_fan_in,Fan-in NP,81,0.023368694111704825,0.02256940995156765,0.8915,0.9028
1,np_fan_in,Fan-in NP,82,0.024583334669470786,0.023625569817423822,0.88925,0.9035
1,np_fan_in,Fan-in NP,83,0.024956370934844017,0.02415275220274925,0.88925,0.9027
1,np_fan_in,Fan-in NP,84,0.024929401829838754,0.023923252004384995,0.89075,0.9043
1,np_fan_in,Fan-in NP,85,0.02342075417935848,0.022372270980477334,0.891,0.9069
1,np_fan_in,Fan-in NP,86,0.0245115457624197,0.023613475200533866,0.89025,0.9056
1,np_fan_in,Fan-in NP,87,0.023889274656772614,0.022879405626654626,0.8875,0.9049
1,np_fan_in,Fan-in NP,88,0.02389874631166458,0.022966015633940698,0.88825,0.9048
1,np_fan_in,Fan-in NP,89,0.02360062362253666,0.022748982962965965,0.89175,0.9063
1,np_fan_in,Fan-in NP,90,0.02383872565627098,0.02284921681880951,0.8895,0.9058
1,np_fan_in,Fan-in NP,91,0.024566213846206664,0.023491271036863326,0.89,0.9056
1,np_fan_in,Fan-in NP,92,0.02372545984387398,0.022724104991555215,0.891,0.9058
1,np_fan_in,Fan-in NP,93,0.02329732185602188,0.02230278972685337,0.89225,0.906
1,np_fan_in,Fan-in NP,94,0.024270774602890014,0.023372161507606508,0.89325,0.9063
1,np_fan_in,Fan-in NP,95,0.02338896507024765,0.022262709403038025,0.89025,0.9056
1,np_fan_in,Fan-in NP,96,0.024125011712312697,0.02326866342127323,0.89475,0.9066
1,np_fan_in,Fan-in NP,97,0.023121839568018915,0.022228363224864007,0.897,0.9089
1,np_fan_in,Fan-in NP,98,0.022812314078211784,0.02182352708876133,0.89175,0.9077
1,np_fan_in,Fan-in NP,99,0.023547366693615915,0.02281414687037468,0.89275,0.9055
1,np_fan_in,Fan-in NP,100,0.022519914641976356,0.021639017820358278,0.8945,0.9076
1,np_fan_in,Fan-in NP,101,0.02240553332865238,0.021476212212443353,0.89975,0.9104
1,np_fan_in,Fan-in NP,102,0.02208416622877121,0.0210159952968359,0.89725,0.9122
1,np_fan_in,Fan-in NP,103,0.021956152364611625,0.020985367095470428,0.899,0.9114
1,np_fan_in,Fan-in NP,104,0.023509626522660254,0.02279064538180828,0.898,0.9089
1,np_fan_in,Fan-in NP,105,0.022286170572042466,0.02127342441380024,0.898,0.9128
1,np_fan_in,Fan-in NP,106,0.022063634246587752,0.021088430881500243,0.90275,0.9135
1,np_fan_in,Fan-in NP,107,0.022292000353336335,0.02140583213865757,0.904,0.9135
1,np_fan_in,Fan-in NP,108,0.02208793903887272,0.02105948857665062,0.89925,0.9099
1,np_fan_in,Fan-in NP,109,0.022324248000979423,0.021405235847830772,0.89725,0.9088
1,np_fan_in,Fan-in NP,110,0.02296991191804409,0.022040937408804893,0.902,0.9114
1,np_fan_in,Fan-in NP,111,0.021756330668926238,0.020792924749851227,0.9015,0.9123
1,np_fan_in,Fan-in NP,112,0.02178887641429901,0.020969898408651353,0.90475,0.9141
1,np_fan_in,Fan-in NP,113,0.021730185762047768,0.020765872338414194,0.90275,0.9105
1,np_fan_in,Fan-in NP,114,0.020974417969584463,0.020109928855299948,0.905,0.9135
1,np_fan_in,Fan-in NP,115,0.021957846686244013,0.02105133593082428,0.90475,0.9127
1,np_fan_in,Fan-in NP,116,0.022082031711935998,0.021262600854039193,0.9015,0.9119
1,np_fan_in,Fan-in NP,117,0.0208675779402256,0.02001457375884056,0.903,0.912
1,np_fan_in,Fan-in NP,118,0.022197949498891832,0.02135261556506157,0.902,0.9113
1,np_fan_in,Fan-in NP,119,0.020859600573778152,0.020014129477739333,0.9055,0.9141
1,np_fan_in,Fan-in NP,120,0.02128503695130348,0.020543126398324965,0.90575,0.9153
1,np_fan_in,Fan-in NP,121,0.021750474140048028,0.020760254141688347,0.903,0.9157
1,np_fan_in,Fan-in NP,122,0.021910251900553703,0.02084470563828945,0.899,0.9128
1,np_fan_in,Fan-in NP,123,0.020728468284010888,0.019769901978969575,0.90575,0.9149
1,np_fan_in,Fan-in NP,124,0.021238185122609138,0.020359284189343452,0.903,0.9151
1,np_fan_in,Fan-in NP,125,0.020920611321926116,0.02000830172598362,0.90275,0.9164
1,np_fan_in,Fan-in NP,126,0.020564615339040755,0.019684168934822083,0.90425,0.9172
1,np_fan_in,Fan-in NP,127,0.02130669830739498,0.02046927185058594,0.90425,0.916
1,np_fan_in,Fan-in NP,128,0.021638435795903205,0.020817012628912925,0.90275,0.9152
1,np_fan_in,Fan-in NP,129,0.021767449498176574,0.020961034384369852,0.90475,0.9174
1,np_fan_in,Fan-in NP,130,0.02097470685839653,0.020176355227828027,0.90225,0.9176
1,np_fan_in,Fan-in NP,131,0.02106297552585602,0.020250330144166946,0.90575,0.9159
1,np_fan_in,Fan-in NP,132,0.020533856883645056,0.019645557022094726,0.9065,0.9191
1,np_fan_in,Fan-in NP,133,0.020752127304673195,0.019793415474891662,0.90775,0.9185
1,np_fan_in,Fan-in NP,134,0.021272978514432907,0.020441861388087273,0.9075,0.9166
1,np_fan_in,Fan-in NP,135,0.020206878572702407,0.019332882991433143,0.90675,0.9187
1,np_fan_in,Fan-in NP,136,0.02003542560338974,0.01907285082936287,0.9075,0.9175
1,np_fan_in,Fan-in NP,137,0.019767101630568506,0.018893498933315277,0.90325,0.9182
1,np_fan_in,Fan-in NP,138,0.021636010393500327,0.020707553324103355,0.90325,0.9174
1,np_fan_in,Fan-in NP,139,0.020127093389630316,0.01916104182898998,0.906,0.9195
1,np_fan_in,Fan-in NP,140,0.020868405565619468,0.019900827440619467,0.9065,0.9185
1,np_fan_in,Fan-in NP,141,0.019975174009799958,0.018993180018663406,0.9075,0.9208
1,np_fan_in,Fan-in NP,142,0.020406040370464326,0.01941707903444767,0.90825,0.9217
1,np_fan_in,Fan-in NP,143,0.019269741788506507,0.01829585200846195,0.9075,0.9208
1,np_fan_in,Fan-in NP,144,0.01932246334850788,0.018450185298919678,0.90875,0.9208
1,np_fan_in,Fan-in NP,145,0.02014285933971405,0.01929117473065853,0.90725,0.9198
1,np_fan_in,Fan-in NP,146,0.01952379320561886,0.018741508281230928,0.9045,0.9211
1,np_fan_in,Fan-in NP,147,0.01993055571615696,0.018986210909485816,0.906,0.9194
1,np_fan_in,Fan-in NP,148,0.019574295908212663,0.01875176811516285,0.90775,0.9197
1,np_fan_in,Fan-in NP,149,0.019368482634425165,0.018542721736431123,0.90675,0.9192
1,np_fan_in,Fan-in NP,150,0.0193207276314497,0.018363237786293028,0.9065,0.9193
1,np_fan_in,Fan-in NP,151,0.019302215158939363,0.01843655541241169,0.906,0.9193
1,np_fan_in,Fan-in NP,152,0.01950867286324501,0.01866845347583294,0.9085,0.919
1,np_fan_in,Fan-in NP,153,0.019549936681985854,0.01874968834221363,0.90925,0.9182
1,np_fan_in,Fan-in NP,154,0.01885739280283451,0.018048363000154496,0.91225,0.9205
1,np_fan_in,Fan-in NP,155,0.019602735355496406,0.01860319305360317,0.90875,0.9211
1,np_fan_in,Fan-in NP,156,0.019325511023402214,0.01840338741838932,0.9135,0.9232
1,np_fan_in,Fan-in NP,157,0.019569903835654257,0.018669767293334007,0.908,0.9215
1,np_fan_in,Fan-in NP,158,0.018904806777834893,0.01809211980700493,0.9135,0.9249
1,np_fan_in,Fan-in NP,159,0.019318758383393288,0.01852054512500763,0.90875,0.9227
1,np_fan_in,Fan-in NP,160,0.019418457716703415,0.01860799067020416,0.915,0.9235
1,np_fan_in,Fan-in NP,161,0.018821561530232428,0.01798785957098007,0.913,0.9207
1,np_fan_in,Fan-in NP,162,0.018269206687808036,0.017523446142673493,0.9145,0.924
1,np_fan_in,Fan-in NP,163,0.01878703697025776,0.01790219469368458,0.915,0.9247
1,np_fan_in,Fan-in NP,164,0.018851181760430335,0.018086078280210496,0.91225,0.9223
1,np_fan_in,Fan-in NP,165,0.01877172563970089,0.018041375744342805,0.91375,0.9232
1,np_fan_in,Fan-in NP,166,0.018450686782598494,0.017614458382129668,0.9135,0.9212
1,np_fan_in,Fan-in NP,167,0.01840260657668114,0.01758543252646923,0.914,0.9236
1,np_fan_in,Fan-in NP,168,0.018600142046809195,0.017942483514547348,0.91325,0.9229
1,np_fan_in,Fan-in NP,169,0.019325677663087844,0.018743137049674986,0.912,0.9205
1,np_fan_in,Fan-in NP,170,0.018610025987029075,0.017932551488280296,0.915,0.9238
1,np_fan_in,Fan-in NP,171,0.018761341854929923,0.018043539676070215,0.9135,0.9227
1,np_fan_in,Fan-in NP,172,0.01831152093410492,0.017675445666909217,0.91475,0.925
1,np_fan_in,Fan-in NP,173,0.018068423822522165,0.01732892436385155,0.91625,0.9257
1,np_fan_in,Fan-in NP,174,0.018838683411478995,0.018237961462140084,0.91675,0.9242
1,np_fan_in,Fan-in NP,175,0.017835143327713014,0.017197223928570746,0.91475,0.9236
1,np_fan_in,Fan-in NP,176,0.01883149969577789,0.018088992699980735,0.91375,0.924
1,np_fan_in,Fan-in NP,177,0.018806813031435013,0.018046932217478752,0.9125,0.9239
1,np_fan_in,Fan-in NP,178,0.018338014736771584,0.017670742306113242,0.9155,0.9242
1,np_fan_in,Fan-in NP,179,0.018426197603344917,0.017850178492069244,0.91725,0.9246
1,np_fan_in,Fan-in NP,180,0.01868084804713726,0.018024475520849226,0.917,0.9236
1,np_fan_in,Fan-in NP,181,0.01789324666559696,0.017212173971533774,0.9165,0.9244
1,np_fan_in,Fan-in NP,182,0.018336687088012695,0.017646494233608246,0.91725,0.9257
1,np_fan_in,Fan-in NP,183,0.018270979583263396,0.017545062336325645,0.91575,0.9256
1,np_fan_in,Fan-in NP,184,0.01769425243139267,0.016907199478149414,0.91825,0.9258
1,np_fan_in,Fan-in NP,185,0.018014079630374907,0.01714977334141731,0.91625,0.9253
1,np_fan_in,Fan-in NP,186,0.01802047711610794,0.017186159837245942,0.91775,0.9264
1,np_fan_in,Fan-in NP,187,0.01745972979068756,0.01667027941942215,0.91575,0.9289
1,np_fan_in,Fan-in NP,188,0.017432220056653024,0.016550084072351454,0.916,0.9278
1,np_fan_in,Fan-in NP,189,0.017468778744339945,0.016560338240861894,0.91725,0.9291
1,np_fan_in,Fan-in NP,190,0.01743802812695503,0.016705197870731353,0.91775,0.9279
1,np_fan_in,Fan-in NP,191,0.017605662420392035,0.016864730131626128,0.917,0.9264
1,np_fan_in,Fan-in NP,192,0.01711158265173435,0.01634857627749443,0.91925,0.9276
1,np_fan_in,Fan-in NP,193,0.018729716792702675,0.017907628977298737,0.91275,0.9249
1,np_fan_in,Fan-in NP,194,0.017864941626787187,0.016950313603878022,0.91625,0.925
1,np_fan_in,Fan-in NP,195,0.017333056509494783,0.016522760421037674,0.916,0.9257
1,np_fan_in,Fan-in NP,196,0.017771217420697212,0.016978962486982347,0.91975,0.9264
1,np_fan_in,Fan-in NP,197,0.017399164780974388,0.016595423302054404,0.91675,0.9277
1,np_fan_in,Fan-in NP,198,0.01742540630698204,0.016694558352231978,0.91925,0.9273
1,np_fan_in,Fan-in NP,199,0.01721546322107315,0.016494824638962746,0.92,0.9261
1,np_fan_in,Fan-in NP,200,0.017270119220018386,0.016467278870940207,0.919,0.9272
1,np_fan_in,Fan-in NP,201,0.017193676725029944,0.01660443931519985,0.922,0.9256
1,np_fan_in,Fan-in NP,202,0.01690666601061821,0.01617027019560337,0.91925,0.9268
1,np_fan_in,Fan-in NP,203,0.017090822622179987,0.016364108586311342,0.91925,0.9273
1,np_fan_in,Fan-in NP,204,0.017326970741152765,0.016715326353907586,0.9185,0.928
1,np_fan_in,Fan-in NP,205,0.017203830927610398,0.016440931403636932,0.922,0.9286
1,np_fan_in,Fan-in NP,206,0.017163740068674087,0.016426439824700354,0.922,0.9291
1,np_fan_in,Fan-in NP,207,0.017395755127072334,0.016610181921720504,0.91775,0.9277
1,np_fan_in,Fan-in NP,208,0.016818733021616936,0.016149667733907698,0.9235,0.93
1,np_fan_in,Fan-in NP,209,0.017085581108927727,0.01633017790913582,0.91925,0.9279
1,np_fan_in,Fan-in NP,210,0.016977176085114478,0.016250664401054382,0.9205,0.9283
1,np_fan_in,Fan-in NP,211,0.01737930379807949,0.016638024994730948,0.9175,0.9289
1,np_fan_in,Fan-in NP,212,0.01658984613418579,0.0158550175011158,0.9215,0.9309
1,np_fan_in,Fan-in NP,213,0.016749187767505645,0.01604028227329254,0.92,0.9285
1,np_fan_in,Fan-in NP,214,0.01679877346754074,0.016176293221116064,0.92275,0.9332
1,np_fan_in,Fan-in NP,215,0.01649087408185005,0.01574067212343216,0.921,0.9297
1,np_fan_in,Fan-in NP,216,0.016531043946743013,0.015812736335396767,0.9185,0.9299
1,np_fan_in,Fan-in NP,217,0.017074240028858184,0.016258807781338692,0.91975,0.9295
1,np_fan_in,Fan-in NP,218,0.016384799361228945,0.015676132330298423,0.92325,0.9301
1,np_fan_in,Fan-in NP,219,0.01655652578175068,0.01579701992571354,0.9195,0.9313
1,np_fan_in,Fan-in NP,220,0.016278875708580016,0.015622104772925378,0.92175,0.9314
1,np_fan_in,Fan-in NP,221,0.016633495897054672,0.015863588854670523,0.91875,0.9297
1,np_fan_in,Fan-in NP,222,0.016421740397810938,0.01565172067284584,0.921,0.9315
1,np_fan_in,Fan-in NP,223,0.016332489117980003,0.015567754685878754,0.92325,0.9308
1,np_fan_in,Fan-in NP,224,0.016338747799396515,0.015595480513572693,0.922,0.9304
1,np_fan_in,Fan-in NP,225,0.016499357134103776,0.015759729719161987,0.92125,0.928
1,np_fan_in,Fan-in NP,226,0.016666879907250406,0.015871559834480287,0.9225,0.9308
1,np_fan_in,Fan-in NP,227,0.01695710089802742,0.01629578617811203,0.9235,0.9304
1,np_fan_in,Fan-in NP,228,0.017049711257219314,0.01634910369515419,0.9215,0.9302
1,np_fan_in,Fan-in NP,229,0.016493457853794097,0.015788855668902396,0.92275,0.9301
1,np_fan_in,Fan-in NP,230,0.01663855889439583,0.015815493178367616,0.923,0.9305
1,np_fan_in,Fan-in NP,231,0.016445586293935777,0.015816204810142516,0.9235,0.93
1,np_fan_in,Fan-in NP,232,0.01699504293501377,0.01633065857589245,0.92425,0.9297
1,np_fan_in,Fan-in NP,233,0.016764281526207923,0.016134912520647048,0.92225,0.9316
1,np_fan_in,Fan-in NP,234,0.016159379184246064,0.015429874296486379,0.92425,0.9322
1,np_fan_in,Fan-in NP,235,0.016127934351563452,0.015400418826937675,0.92325,0.9311
1,np_fan_in,Fan-in NP,236,0.01633079220354557,0.015544804999232293,0.92,0.9297
1,np_fan_in,Fan-in NP,237,0.016264181941747665,0.015523090735077858,0.922,0.9309
1,np_fan_in,Fan-in NP,238,0.016160295888781546,0.015489706960320473,0.9225,0.9303
1,np_fan_in,Fan-in NP,239,0.016494603380560875,0.01585537611246109,0.9235,0.9315
1,np_fan_in,Fan-in NP,240,0.016235341280698777,0.015633560727536678,0.92375,0.9322
1,np_fan_in,Fan-in NP,241,0.016315459340810776,0.015712888510525228,0.92475,0.9318
1,np_fan_in,Fan-in NP,242,0.0163358011841774,0.015611917847394944,0.9245,0.9333
1,np_fan_in,Fan-in NP,243,0.016034088522195816,0.01526532292664051,0.924,0.9335
1,np_fan_in,Fan-in NP,244,0.016359232380986213,0.015902375820279122,0.923,0.9312
1,np_fan_in,Fan-in NP,245,0.016566191598773004,0.01597389309108257,0.926,0.9308
1,np_fan_in,Fan-in NP,246,0.015984438791871072,0.015371146835386753,0.92575,0.9314
1,np_fan_in,Fan-in NP,247,0.016096091762185096,0.015390218141674995,0.92325,0.9305
1,np_fan_in,Fan-in NP,248,0.01618170991539955,0.015470739731192588,0.92575,0.9321
1,np_fan_in,Fan-in NP,249,0.015877214893698692,0.015243173216283322,0.92575,0.9335
1,np_fan_in,Fan-in NP,250,0.01754317033290863,0.017099610924720763,0.926,0.9302
1,np_fan_in,Fan-in NP,251,0.015942461043596267,0.01522704110443592,0.927,0.933
1,np_fan_in,Fan-in NP,252,0.015745191007852554,0.01509186836183071,0.9285,0.9337
1,np_fan_in,Fan-in NP,253,0.015594017043709755,0.014848788574337959,0.9265,0.9322
1,np_fan_in,Fan-in NP,254,0.01598277200758457,0.015248105378448963,0.9265,0.9328
1,np_fan_in,Fan-in NP,255,0.015695681497454643,0.015008373880386353,0.925,0.9326
1,np_fan_in,Fan-in NP,256,0.016067710980772972,0.01528503028601408,0.92575,0.9323
1,np_fan_in,Fan-in NP,257,0.016050797313451767,0.015329951155185699,0.92925,0.9327
1,np_fan_in,Fan-in NP,258,0.015630232512950898,0.01483281230777502,0.92575,0.9356
1,np_fan_in,Fan-in NP,259,0.015558915600180625,0.014713638304173946,0.926,0.9366
1,np_fan_in,Fan-in NP,260,0.01595715233683586,0.015308615078032016,0.929,0.9358
1,np_fan_in,Fan-in NP,261,0.015618002012372017,0.014919998817145825,0.928,0.9344
1,np_fan_in,Fan-in NP,262,0.015403758689761161,0.014717390118539333,0.92675,0.9367
1,np_fan_in,Fan-in NP,263,0.015614876121282577,0.014899244152009487,0.9275,0.9339
1,np_fan_in,Fan-in NP,264,0.015134489715099335,0.0144785664498806,0.92875,0.9361
1,np_fan_in,Fan-in NP,265,0.015717636868357657,0.015014585769176483,0.92725,0.9354
1,np_fan_in,Fan-in NP,266,0.015787160366773606,0.01516609069108963,0.9275,0.9342
1,np_fan_in,Fan-in NP,267,0.015503545150160789,0.014828183194994926,0.92675,0.9359
1,np_fan_in,Fan-in NP,268,0.01534338028728962,0.014735435111820698,0.92725,0.9349
1,np_fan_in,Fan-in NP,269,0.0153631481975317,0.014796933203935624,0.928,0.9374
1,np_fan_in,Fan-in NP,270,0.015707493871450425,0.015179857262969018,0.92725,0.9354
1,np_fan_in,Fan-in NP,271,0.01581767863035202,0.015206988926231861,0.92775,0.9368
1,np_fan_in,Fan-in NP,272,0.015526585832238197,0.01493088187724352,0.927,0.9358
1,np_fan_in,Fan-in NP,273,0.015599907219409943,0.015026719373464585,0.927,0.9353
1,np_fan_in,Fan-in NP,274,0.015420786187052726,0.014825692209601402,0.92975,0.9352
1,np_fan_in,Fan-in NP,275,0.015548846438527107,0.014921456986665726,0.927,0.9351
1,np_fan_in,Fan-in NP,276,0.015471128687262536,0.014945572626590728,0.9265,0.9332
1,np_fan_in,Fan-in NP,277,0.015786928594112397,0.015021083427965641,0.92525,0.9345
1,np_fan_in,Fan-in NP,278,0.01566073003411293,0.01491729881465435,0.92825,0.9335
1,np_fan_in,Fan-in NP,279,0.015599639847874642,0.014894929677248002,0.93,0.9378
1,np_fan_in,Fan-in NP,280,0.015145925864577293,0.014397525916993618,0.9275,0.9365
1,np_fan_in,Fan-in NP,281,0.0157535620033741,0.015134770721197129,0.928,0.9359
1,np_fan_in,Fan-in NP,282,0.015227742597460747,0.014616606441140175,0.93025,0.937
1,np_fan_in,Fan-in NP,283,0.015521723628044128,0.014835026596486568,0.92925,0.9359
1,np_fan_in,Fan-in NP,284,0.015453602895140648,0.014873192311823368,0.92825,0.9381
1,np_fan_in,Fan-in NP,285,0.015225605458021164,0.014519967514276505,0.92825,0.9372
1,np_fan_in,Fan-in NP,286,0.015587378665804863,0.01506753824353218,0.931,0.9366
1,np_fan_in,Fan-in NP,287,0.015690348863601683,0.01495141470581293,0.929,0.9367
1,np_fan_in,Fan-in NP,288,0.01637625530362129,0.015906329822540283,0.92675,0.9334
1,np_fan_in,Fan-in NP,289,0.015535347923636436,0.014921924228966236,0.9285,0.9345
1,np_fan_in,Fan-in NP,290,0.015123338550329208,0.014550334295630456,0.933,0.9362
1,np_fan_in,Fan-in NP,291,0.01599079392850399,0.015365046685934067,0.9275,0.9358
1,np_fan_in,Fan-in NP,292,0.01569245846569538,0.01531530602425337,0.92875,0.9342
1,np_fan_in,Fan-in NP,293,0.015220648527145386,0.014707901740074157,0.93175,0.9374
1,np_fan_in,Fan-in NP,294,0.015023859605193137,0.014501608824729919,0.931,0.9376
1,np_fan_in,Fan-in NP,295,0.01542536087334156,0.015014402137696743,0.9315,0.9381
1,np_fan_in,Fan-in NP,296,0.015267948299646377,0.014754445713758469,0.933,0.9374
1,np_fan_in,Fan-in NP,297,0.015463383108377457,0.014905407348275185,0.9325,0.9376
1,np_fan_in,Fan-in NP,298,0.015210183456540108,0.014540472480654716,0.9305,0.9387
1,np_fan_in,Fan-in NP,299,0.015231779918074609,0.014532733416557312,0.92975,0.9364
1,np_fan_in,Fan-in NP,300,0.015356367707252502,0.014846853639185429,0.93,0.9361
1,np_fan_in,Fan-in NP,301,0.015846800610423088,0.015439970605075359,0.933,0.9371
1,np_fan_in,Fan-in NP,302,0.014758785367012023,0.014287559843063355,0.93075,0.9378
1,np_fan_in,Fan-in NP,303,0.015248190328478814,0.014637040308117867,0.932,0.9386
1,np_fan_in,Fan-in NP,304,0.0151607576161623,0.014543489761650562,0.9305,0.9352
1,np_fan_in,Fan-in NP,305,0.01486088640987873,0.014146016082167626,0.93,0.9366
1,np_fan_in,Fan-in NP,306,0.014917860433459282,0.014315952888131141,0.93,0.9369
1,np_fan_in,Fan-in NP,307,0.014511319927871228,0.013782038886845111,0.92875,0.9375
1,np_fan_in,Fan-in NP,308,0.014841961197555065,0.014293860459327698,0.931,0.9379
1,np_fan_in,Fan-in NP,309,0.014790475070476532,0.014217122945189476,0.92975,0.937
1,np_fan_in,Fan-in NP,310,0.014568345323204994,0.014067074890434742,0.93075,0.9372
1,np_fan_in,Fan-in NP,311,0.015321810469031335,0.014811547422409057,0.931,0.9388
1,np_fan_in,Fan-in NP,312,0.015389854222536086,0.014971207895874977,0.932,0.9368
1,np_fan_in,Fan-in NP,313,0.015105016410350799,0.014547511303424835,0.9305,0.9361
1,np_fan_in,Fan-in NP,314,0.014733858019113541,0.014254776819050312,0.93125,0.937
1,np_fan_in,Fan-in NP,315,0.014677417136728764,0.014115216821432113,0.93175,0.9374
1,np_fan_in,Fan-in NP,316,0.014852504476904869,0.01428506147712469,0.93075,0.9375
1,np_fan_in,Fan-in NP,317,0.015252095460891724,0.01467698772996664,0.92825,0.9357
1,np_fan_in,Fan-in NP,318,0.014895186766982078,0.014502261839807034,0.9305,0.9381
1,np_fan_in,Fan-in NP,319,0.014970358431339264,0.014414406868815422,0.92725,0.9354
1,np_fan_in,Fan-in NP,320,0.0149665038138628,0.014463547387719154,0.92675,0.9364
1,np_fan_in,Fan-in NP,321,0.014424212791025638,0.013883405354619027,0.93175,0.9384
1,np_fan_in,Fan-in NP,322,0.0146270309984684,0.014012807762622833,0.93075,0.9383
1,np_fan_in,Fan-in NP,323,0.014394974082708359,0.013837346297502518,0.9335,0.9378
1,np_fan_in,Fan-in NP,324,0.014863911256194115,0.01426345966309309,0.93225,0.9387
1,np_fan_in,Fan-in NP,325,0.014833814054727555,0.01431889933794737,0.9325,0.9386
1,np_fan_in,Fan-in NP,326,0.01446881653368473,0.013927202335000038,0.933,0.9392
1,np_fan_in,Fan-in NP,327,0.015070262283086777,0.014513304826617241,0.93325,0.9392
1,np_fan_in,Fan-in NP,328,0.014312588520348071,0.013776732505857944,0.93275,0.9389
1,np_fan_in,Fan-in NP,329,0.014507235787808895,0.013940417630970477,0.932,0.9392
1,np_fan_in,Fan-in NP,330,0.014695324562489986,0.014125839002430439,0.93225,0.9388
1,np_fan_in,Fan-in NP,331,0.014655737034976482,0.01417006374746561,0.9325,0.9395
1,np_fan_in,Fan-in NP,332,0.014055366896092892,0.01356474793702364,0.93225,0.9405
1,np_fan_in,Fan-in NP,333,0.014545244574546813,0.014000267125666141,0.9335,0.9404
1,np_fan_in,Fan-in NP,334,0.014543368726968766,0.01394656105339527,0.9305,0.9386
1,np_fan_in,Fan-in NP,335,0.014855428814888001,0.014353997766971589,0.93275,0.9371
1,np_fan_in,Fan-in NP,336,0.014783294178545474,0.014192674867808818,0.933,0.9401
1,np_fan_in,Fan-in NP,337,0.014997066751122475,0.014445633715391159,0.9345,0.9397
1,np_fan_in,Fan-in NP,338,0.014683884486556054,0.014164507234096527,0.9315,0.9388
1,np_fan_in,Fan-in NP,339,0.014312715992331505,0.013818646530807019,0.93375,0.937
1,np_fan_in,Fan-in NP,340,0.014724176727235317,0.01425067847520113,0.93175,0.9388
1,np_fan_in,Fan-in NP,341,0.014470870360732078,0.013965171106159687,0.93125,0.9377
1,np_fan_in,Fan-in NP,342,0.01426598823070526,0.013733177599310874,0.93225,0.9367
1,np_fan_in,Fan-in NP,343,0.014871858142316341,0.014377577397227287,0.93275,0.9388
1,np_fan_in,Fan-in NP,344,0.014245250634849072,0.013674428364634514,0.93125,0.9404
1,np_fan_in,Fan-in NP,345,0.01497909252345562,0.014594146570563316,0.934,0.9378
1,np_fan_in,Fan-in NP,346,0.015081306427717208,0.014521440507471561,0.932,0.9401
1,np_fan_in,Fan-in NP,347,0.014418458342552185,0.013870525208115578,0.93375,0.9403
1,np_fan_in,Fan-in NP,348,0.015510216772556306,0.01500677339732647,0.9325,0.9377
1,np_fan_in,Fan-in NP,349,0.014443559169769287,0.01398144556581974,0.9335,0.9389
1,np_fan_in,Fan-in NP,350,0.014595947980880737,0.01406532687395811,0.9315,0.9398
1,np_fan_in,Fan-in NP,351,0.014467381834983827,0.013927281583845616,0.93175,0.94
1,np_fan_in,Fan-in NP,352,0.014927379608154297,0.014356457354128362,0.93175,0.9383
1,np_fan_in,Fan-in NP,353,0.013985752545297147,0.013429961794614791,0.9325,0.939
1,np_fan_in,Fan-in NP,354,0.015147691830992698,0.014647304913401604,0.93375,0.9403
1,np_fan_in,Fan-in NP,355,0.014734721645712852,0.014125666604936122,0.93225,0.9386
1,np_fan_in,Fan-in NP,356,0.014547699339687824,0.014075567489862441,0.933,0.9393
1,np_fan_in,Fan-in NP,357,0.014433006219565869,0.013943337464332581,0.93175,0.9397
1,np_fan_in,Fan-in NP,358,0.014224949337542057,0.013704815953969956,0.93375,0.9401
1,np_fan_in,Fan-in NP,359,0.014016943916678428,0.013490462298691273,0.936,0.9413
1,np_fan_in,Fan-in NP,360,0.014009471900761128,0.013449080426990986,0.93675,0.9426
1,np_fan_in,Fan-in NP,361,0.013807501859962941,0.013295399636030197,0.9335,0.9403
1,np_fan_in,Fan-in NP,362,0.013816596679389477,0.013343987663090228,0.93425,0.9423
1,np_fan_in,Fan-in NP,363,0.014232422433793544,0.013790292817354203,0.9365,0.9412
1,np_fan_in,Fan-in NP,364,0.013910942189395427,0.013393735638260842,0.93375,0.9418
1,np_fan_in,Fan-in NP,365,0.014165907561779023,0.013545769727230072,0.93675,0.9436
1,np_fan_in,Fan-in NP,366,0.014492715440690517,0.013862139457464218,0.9375,0.9431
1,np_fan_in,Fan-in NP,367,0.014700219243764877,0.01403706347644329,0.93225,0.9413
1,np_fan_in,Fan-in NP,368,0.014082347013056279,0.013523601146042346,0.936,0.9428
1,np_fan_in,Fan-in NP,369,0.01387343680113554,0.013276363560557366,0.93675,0.9428
1,np_fan_in,Fan-in NP,370,0.013806526832282543,0.013179241152107715,0.937,0.9425
1,np_fan_in,Fan-in NP,371,0.014791280120611192,0.014125029096007347,0.9345,0.9432
1,np_fan_in,Fan-in NP,372,0.014582906007766724,0.01403568959981203,0.93425,0.9437
1,np_fan_in,Fan-in NP,373,0.014044287502765656,0.01349483147263527,0.93525,0.9434
1,np_fan_in,Fan-in NP,374,0.013904197193682194,0.013357977165281773,0.93625,0.9431
1,np_fan_in,Fan-in NP,375,0.014185818381607533,0.013477732470631599,0.9335,0.9417
1,np_fan_in,Fan-in NP,376,0.013751889012753964,0.013134579589962959,0.9355,0.9436
1,np_fan_in,Fan-in NP,377,0.01395879903435707,0.013418025572597981,0.9375,0.9441
1,np_fan_in,Fan-in NP,378,0.0146402670443058,0.014051271368563175,0.93375,0.9434
1,np_fan_in,Fan-in NP,379,0.013614785462617874,0.012992286060750485,0.9365,0.9436
1,np_fan_in,Fan-in NP,380,0.013714717030525207,0.01307546081393957,0.93725,0.9446
1,np_fan_in,Fan-in NP,381,0.013831190600991248,0.013215181232988834,0.93675,0.9449
1,np_fan_in,Fan-in NP,382,0.013456855915486813,0.012797536626458168,0.93825,0.9453
1,np_fan_in,Fan-in NP,383,0.013880968526005745,0.013315174740552903,0.93925,0.9438
1,np_fan_in,Fan-in NP,384,0.01404224605858326,0.01346615760922432,0.9375,0.9453
1,np_fan_in,Fan-in NP,385,0.013878744758665561,0.013371730004251002,0.93825,0.9435
1,np_fan_in,Fan-in NP,386,0.014291877023875714,0.01373696555197239,0.939,0.9437
1,np_fan_in,Fan-in NP,387,0.013918261118233204,0.013403671005368233,0.93725,0.9443
1,np_fan_in,Fan-in NP,388,0.014152593798935414,0.013649109514057636,0.93625,0.9426
1,np_fan_in,Fan-in NP,389,0.013751484781503677,0.013431737707555295,0.93775,0.9435
1,np_fan_in,Fan-in NP,390,0.013666578099131584,0.013182158924639226,0.9395,0.943
1,np_fan_in,Fan-in NP,391,0.014087610088288785,0.013661101721227168,0.93975,0.9444
1,np_fan_in,Fan-in NP,392,0.013622610896825791,0.013181140293180942,0.93875,0.9432
1,np_fan_in,Fan-in NP,393,0.01384598245471716,0.013266352766752244,0.9375,0.9444
1,np_fan_in,Fan-in NP,394,0.013992576770484447,0.013412987674772739,0.9345,0.9432
1,np_fan_in,Fan-in NP,395,0.013455660596489906,0.012828504259884358,0.9385,0.944
1,np_fan_in,Fan-in NP,396,0.013981256373226643,0.013392894943058491,0.9405,0.9437
1,np_fan_in,Fan-in NP,397,0.013901959054172039,0.01346489722430706,0.93775,0.9431
1,np_fan_in,Fan-in NP,398,0.013795443058013916,0.013282229115068912,0.93925,0.9431
1,np_fan_in,Fan-in NP,399,0.014012570925056934,0.013433917927742005,0.9365,0.9424
1,np_fan_in,Fan-in NP,400,0.014208760239183903,0.013573120081424713,0.938,0.9419
1,wp,WP,1,0.09421965336799622,0.09413093271255493,0.1025,0.1097
1,wp,WP,2,0.09033615374565125,0.09027320195436478,0.186,0.1928
1,wp,WP,3,0.0885113936662674,0.08844166613817216,0.272,0.2801
1,wp,WP,4,0.08704309469461441,0.0869391455411911,0.32825,0.34
1,wp,WP,5,0.0859274018406868,0.0857997709274292,0.37875,0.3944
1,wp,WP,6,0.08474228006601334,0.08458277602195739,0.411,0.4304
1,wp,WP,7,0.08356772470474243,0.08339896043539047,0.478,0.5034
1,wp,WP,8,0.08214944595098496,0.08196181423664094,0.52125,0.5458
1,wp,WP,9,0.08061569678783417,0.08036519377231598,0.54125,0.5684
1,wp,WP,10,0.07934603947401046,0.07903744403123855,0.565,0.5895
1,wp,WP,11,0.07794831728935242,0.07762686142921447,0.58075,0.6077
1,wp,WP,12,0.07671333569288254,0.07637808669805526,0.5925,0.6153
1,wp,WP,13,0.07564760202169418,0.07533071777820587,0.59025,0.6112
1,wp,WP,14,0.07445601242780685,0.07410447168350219,0.594,0.6164
1,wp,WP,15,0.07315217071771622,0.07275663095712662,0.602,0.6228
1,wp,WP,16,0.07142113596200943,0.07094869871139527,0.63175,0.6524
1,wp,WP,17,0.07017937135696412,0.06965956475734711,0.62825,0.6485
1,wp,WP,18,0.0686674866080284,0.06815532544851303,0.6455,0.6625
1,wp,WP,19,0.06729457914829254,0.06683637679815292,0.6635,0.677
1,wp,WP,20,0.06605201989412307,0.0655167080283165,0.67225,0.6856
1,wp,WP,21,0.06525390112400055,0.06464857534170151,0.66575,0.6789
1,wp,WP,22,0.06427049893140793,0.0636577033162117,0.67425,0.6824
1,wp,WP,23,0.0632725014090538,0.06263351336717606,0.682,0.6957
1,wp,WP,24,0.06269358968734741,0.06203710914850235,0.672,0.6895
1,wp,WP,25,0.06190198627114296,0.0612256353855133,0.69125,0.7074
1,wp,WP,26,0.06135613459348679,0.06070560572743416,0.693,0.7131
1,wp,WP,27,0.060274486958980564,0.05971152570843696,0.694,0.7117
1,wp,WP,28,0.0592706700861454,0.0587672518491745,0.6995,0.7204
1,wp,WP,29,0.05838119885325432,0.05796569838523865,0.702,0.7143
1,wp,WP,30,0.057429890275001526,0.05702359669208527,0.70175,0.716
1,wp,WP,31,0.05650669753551483,0.05618580603599548,0.72225,0.7349
1,wp,WP,32,0.0560555590391159,0.055789434134960174,0.7185,0.7262
1,wp,WP,33,0.05545182505249977,0.05523210716843605,0.71475,0.7247
1,wp,WP,34,0.054928546071052554,0.05466040108203888,0.718,0.7282
1,wp,WP,35,0.054288580000400544,0.05396911382675171,0.7175,0.7302
1,wp,WP,36,0.05346099901199341,0.05318829087018967,0.71975,0.732
1,wp,WP,37,0.05353531777858734,0.05320408702492714,0.7335,0.7419
1,wp,WP,38,0.052660563200712204,0.05232126398682594,0.736,0.7446
1,wp,WP,39,0.0521534481048584,0.05179714366793633,0.74375,0.751
1,wp,WP,40,0.051714352697134015,0.05130346565246582,0.73875,0.7499
1,wp,WP,41,0.05118991255760193,0.05068780400156975,0.734,0.7462
1,wp,WP,42,0.05064696678519249,0.050194867545366284,0.745,0.7598
1,wp,WP,43,0.050261955201625824,0.04974285250306129,0.7445,0.7574
1,wp,WP,44,0.05013128438591957,0.04967665501832962,0.74525,0.7541
1,wp,WP,45,0.04976878383755684,0.049383579206466674,0.7415,0.753
1,wp,WP,46,0.04932989341020584,0.048858049643039705,0.75175,0.7618
1,wp,WP,47,0.04899737602472305,0.04848100411295891,0.75925,0.7673
1,wp,WP,48,0.048965234577655795,0.04837232202887535,0.7615,0.7697
1,wp,WP,49,0.04905642396211624,0.04841170827746391,0.75525,0.7669
1,wp,WP,50,0.048405877739191056,0.047695144289731976,0.76925,0.7786
1,wp,WP,51,0.04826448774337769,0.04762280414104462,0.771,0.784
1,wp,WP,52,0.04859195795655251,0.04805958481431007,0.7655,0.777
1,wp,WP,53,0.04845154148340225,0.04770487952232361,0.77,0.7831
1,wp,WP,54,0.0483130165040493,0.04763167640566826,0.7675,0.7869
1,wp,WP,55,0.04773932886123657,0.04702495415210724,0.77175,0.7905
1,wp,WP,56,0.04746633478999138,0.04688597248196602,0.77275,0.7929
1,wp,WP,57,0.047412132412195204,0.0468730372607708,0.77075,0.7844
1,wp,WP,58,0.047449836790561674,0.046899575036764146,0.77225,0.786
1,wp,WP,59,0.04697766801714897,0.04645920339226723,0.76775,0.787
1,wp,WP,60,0.04671959498524666,0.04630099847316742,0.77175,0.7888
1,wp,WP,61,0.04657857435941696,0.04627031965255737,0.7755,0.7893
1,wp,WP,62,0.046194319874048234,0.04597307614088059,0.7765,0.7947
1,wp,WP,63,0.04610969576239586,0.045755917876958846,0.7755,0.7948
1,wp,WP,64,0.04576978817582131,0.04541928158402443,0.78475,0.7981
1,wp,WP,65,0.04560571667551994,0.04516514213681221,0.785,0.7957
1,wp,WP,66,0.04567576387524605,0.04527548283934593,0.78625,0.7931
1,wp,WP,67,0.04582122644782066,0.045330346935987476,0.78075,0.793
1,wp,WP,68,0.04495277959108353,0.04461686899065971,0.797,0.8084
1,wp,WP,69,0.04546453365683555,0.04512716463804245,0.7955,0.8036
1,wp,WP,70,0.04546567416191101,0.045023363173007966,0.7915,0.8039
1,wp,WP,71,0.045199693232774736,0.044809292930364605,0.79125,0.8028
1,wp,WP,72,0.04533152821660042,0.0449534738779068,0.791,0.7979
1,wp,WP,73,0.04464209693670273,0.0442607989013195,0.805,0.8107
1,wp,WP,74,0.044520275235176085,0.044008518898487094,0.79825,0.8051
1,wp,WP,75,0.044509694278240204,0.04389135736227036,0.801,0.8104
1,wp,WP,76,0.044625844687223436,0.04408602782487869,0.80475,0.8121
1,wp,WP,77,0.044422382920980455,0.04383905750513077,0.80725,0.8175
1,wp,WP,78,0.044046140879392626,0.04357893400192261,0.805,0.8185
1,wp,WP,79,0.043814783096313474,0.043362237668037415,0.80675,0.817
1,wp,WP,80,0.044144738763570786,0.04354528784155846,0.801,0.8145
1,wp,WP,81,0.0438847413957119,0.04323903095126152,0.8035,0.8112
1,wp,WP,82,0.044147303521633145,0.043513269037008286,0.79875,0.8085
1,wp,WP,83,0.044061624199151994,0.04334988742470741,0.802,0.8129
1,wp,WP,84,0.04439397314190865,0.04371972450613976,0.80175,0.8103
1,wp,WP,85,0.04391760122776032,0.04320492263436317,0.809,0.8125
1,wp,WP,86,0.04335994201898575,0.042885218596458434,0.81125,0.822
1,wp,WP,87,0.04332053142786026,0.0428004367172718,0.81225,0.8248
1,wp,WP,88,0.043068371891975404,0.04263002691864967,0.80675,0.821
1,wp,WP,89,0.04337561726570129,0.042858899813890454,0.8075,0.8174
1,wp,WP,90,0.042996583431959154,0.04240365945696831,0.80475,0.8162
1,wp,WP,91,0.04282952019572258,0.04224355487823486,0.80525,0.8162
1,wp,WP,92,0.043160280734300616,0.04260826110839844,0.8115,0.8174
1,wp,WP,93,0.042595282822847365,0.04195994554758072,0.80925,0.8201
1,wp,WP,94,0.04285751163959503,0.0419678947865963,0.805,0.8221
1,wp,WP,95,0.04321619799733162,0.042211438542604444,0.8075,0.8231
1,wp,WP,96,0.043140196800231935,0.04214188520312309,0.805,0.8204
1,wp,WP,97,0.04354773208498955,0.042554650765657426,0.80125,0.8192
1,wp,WP,98,0.04339406883716583,0.042491557598114016,0.8045,0.8176
1,wp,WP,99,0.043312851428985596,0.042410265123844146,0.8065,0.8172
1,wp,WP,100,0.04339593163132668,0.042610253715515134,0.808,0.8173
1,wp,WP,101,0.04341950908303261,0.042615464127063754,0.80625,0.8158
1,wp,WP,102,0.042711456716060636,0.04209029570221901,0.81225,0.8232
1,wp,WP,103,0.04294902014732361,0.04228651306629181,0.80525,0.8184
1,wp,WP,104,0.04324528896808624,0.04249970233440399,0.8045,0.8182
1,wp,WP,105,0.043418303310871126,0.042378557670116425,0.793,0.8113
1,wp,WP,106,0.04380836614966393,0.04290426867604256,0.7945,0.8101
1,wp,WP,107,0.04358718451857567,0.04257212658524513,0.802,0.8163
1,wp,WP,108,0.0437352899312973,0.04276987075209618,0.7965,0.8162
1,wp,WP,109,0.043493458092212674,0.04239003553390503,0.80125,0.8165
1,wp,WP,110,0.04348181813955307,0.042299938040971756,0.803,0.8161
1,wp,WP,111,0.04375843644142151,0.04269987537264824,0.8,0.8132
1,wp,WP,112,0.04365055310726166,0.04252009338736534,0.798,0.8152
1,wp,WP,113,0.043630873054265974,0.042518788903951645,0.8015,0.8112
1,wp,WP,114,0.043114589333534244,0.04219135259389877,0.808,0.8162
1,wp,WP,115,0.043182185858488084,0.04223648393750191,0.80775,0.8131
1,wp,WP,116,0.04280685013532638,0.04192509830594063,0.80675,0.8109
1,wp,WP,117,0.042962457031011585,0.04205999067425728,0.7985,0.8081
1,wp,WP,118,0.043324021965265275,0.04229176899194717,0.79425,0.8078
1,wp,WP,119,0.04343697601556778,0.042291715693473814,0.7905,0.805
1,wp,WP,120,0.0432057566344738,0.042128609198331834,0.7955,0.8079
1,wp,WP,121,0.04332090091705322,0.04218797916173935,0.79275,0.8076
1,wp,WP,122,0.04346513870358467,0.04259093387722969,0.8,0.8089
1,wp,WP,123,0.04342123073339462,0.04252848276495934,0.80025,0.8068
1,wp,WP,124,0.043213450580835346,0.04251608906388283,0.801,0.8092
1,wp,WP,125,0.04312670192122459,0.042233451330661774,0.79825,0.8084
1,wp,WP,126,0.043024174839258196,0.042081230509281156,0.79975,0.808
1,wp,WP,127,0.043354492276906964,0.04228566634654999,0.8,0.809
1,wp,WP,128,0.043494340091943744,0.042540386611223224,0.79775,0.8072
1,wp,WP,129,0.043416829228401184,0.04237615261673927,0.79525,0.8074
1,wp,WP,130,0.04318251144886017,0.04210181198120117,0.80025,0.8037
1,wp,WP,131,0.04285803300142288,0.041947743356227876,0.802,0.8082
1,wp,WP,132,0.04234099102020264,0.04148650996088982,0.7995,0.8086
1,wp,WP,133,0.04265072610974312,0.042020649951696395,0.797,0.8046
1,wp,WP,134,0.04284017831087113,0.042340555930137636,0.79775,0.8041
1,wp,WP,135,0.04336754158139229,0.042777475464344024,0.79925,0.8048
1,wp,WP,136,0.04301631355285645,0.042629885601997375,0.79975,0.8054
1,wp,WP,137,0.04283937019109726,0.042374664074182514,0.79575,0.8071
1,wp,WP,138,0.04276661086082458,0.04244031528234482,0.79975,0.8017
1,wp,WP,139,0.04284822061657906,0.0423179863512516,0.7935,0.8017
1,wp,WP,140,0.04265333762764931,0.04202611244916916,0.79625,0.8053
1,wp,WP,141,0.04251411953568458,0.041892784851789475,0.79675,0.8052
1,wp,WP,142,0.04259277877211571,0.042070818769931795,0.793,0.8005
1,wp,WP,143,0.04245622923970222,0.041841024148464204,0.792,0.8049
1,wp,WP,144,0.0431217924952507,0.04238201137781143,0.79375,0.804
1,wp,WP,145,0.042752587109804153,0.041962034207582474,0.7965,0.8048
1,wp,WP,146,0.043005306243896486,0.04203026431202889,0.79675,0.8065
1,wp,WP,147,0.042378198504447934,0.041707464629411696,0.8005,0.8106
1,wp,WP,148,0.042603017777204516,0.04173614158630371,0.80075,0.8107
1,wp,WP,149,0.042053438544273375,0.04112521585226059,0.8045,0.8117
1,wp,WP,150,0.04214725962281227,0.041470067179203034,0.808,0.8101
1,wp,WP,151,0.042636637419462206,0.042015646684169766,0.79575,0.8028
1,wp,WP,152,0.04253677302598953,0.04192093166708946,0.8,0.8082
1,wp,WP,153,0.0420972346663475,0.04135596435070038,0.7985,0.8086
1,wp,WP,154,0.04250010719895363,0.041931036061048504,0.7995,0.8053
1,wp,WP,155,0.04268899530172348,0.042166356235742566,0.79925,0.8039
1,wp,WP,156,0.042731481879949566,0.042108088856935504,0.79575,0.8019
1,wp,WP,157,0.0421943364739418,0.04170909167528152,0.80325,0.8059
1,wp,WP,158,0.04144715264439583,0.04101760115027428,0.8055,0.81
1,wp,WP,159,0.041571920573711396,0.04117760804891586,0.80725,0.8054
1,wp,WP,160,0.041653641223907474,0.04114998263120651,0.8015,0.8032
1,wp,WP,161,0.04182454907894134,0.041300316548347475,0.79875,0.8038
1,wp,WP,162,0.04175694635510445,0.04131285161375999,0.7985,0.802
1,wp,WP,163,0.04149714168906212,0.041055142867565154,0.7985,0.8051
1,wp,WP,164,0.04149245664477348,0.04098591127991676,0.7965,0.8047
1,wp,WP,165,0.04103900727629661,0.04053810946941376,0.79625,0.8051
1,wp,WP,166,0.040689092367887494,0.04024337214231491,0.79875,0.8093
1,wp,WP,167,0.04072339686751365,0.04056835947036743,0.79775,0.8024
1,wp,WP,168,0.04105261486768723,0.04085987195968628,0.79575,0.8024
1,wp,WP,169,0.04118483081459999,0.04095640481710434,0.792,0.8005
1,wp,WP,170,0.040642031103372576,0.040382596409320834,0.7995,0.8058
1,wp,WP,171,0.03994935789704323,0.03936532850265503,0.80225,0.8074
1,wp,WP,172,0.040402597546577455,0.03977671350836754,0.794,0.8068
1,wp,WP,173,0.040282979398965836,0.039695005363225934,0.79725,0.8055
1,wp,WP,174,0.04002609533071518,0.03951469111442566,0.79775,0.8032
1,wp,WP,175,0.04007591170072555,0.03958247011899948,0.79625,0.8038
1,wp,WP,176,0.04070912337303162,0.03996043980717659,0.79125,0.8005
1,wp,WP,177,0.040218957751989366,0.0395873294711113,0.796,0.8027
1,wp,WP,178,0.040819010108709336,0.03987903370261192,0.794,0.8075
1,wp,WP,179,0.04083888417482376,0.039929935014247894,0.79325,0.8025
1,wp,WP,180,0.0404608274102211,0.03959506577253342,0.79225,0.8044
1,wp,WP,181,0.040994443148374554,0.03991689953804016,0.78725,0.8022
1,wp,WP,182,0.04089774972200394,0.039777106100320814,0.79075,0.8003
1,wp,WP,183,0.04116657194495201,0.03993143594264984,0.7935,0.8024
1,wp,WP,184,0.041356228053569796,0.04008740701675415,0.79025,0.8006
1,wp,WP,185,0.04125262317061424,0.04000886413455009,0.79225,0.8027
1,wp,WP,186,0.04075487133860588,0.039352031952142714,0.79525,0.805
1,wp,WP,187,0.041203231066465375,0.039837152796983716,0.79225,0.8032
1,wp,WP,188,0.04138870805501938,0.04010939429998398,0.78675,0.7982
1,wp,WP,189,0.041433650076389314,0.04016811240315437,0.7845,0.7966
1,wp,WP,190,0.04141978272795677,0.039996496760845185,0.783,0.7963
1,wp,WP,191,0.04212032800912857,0.040546433973312375,0.77925,0.7949
1,wp,WP,192,0.04246841990947724,0.04046904785037041,0.77725,0.7944
1,wp,WP,193,0.04220814752578735,0.04018935492038727,0.77275,0.7971
1,wp,WP,194,0.0419115199148655,0.03974400156140327,0.77875,0.7982
1,wp,WP,195,0.04275250452756882,0.04051925277709961,0.7695,0.7916
1,wp,WP,196,0.04284998476505279,0.040403832203149796,0.7695,0.7918
1,wp,WP,197,0.042351559162139896,0.0403029997587204,0.7765,0.7965
1,wp,WP,198,0.04197466087341309,0.04015713448524475,0.7825,0.7966
1,wp,WP,199,0.04191575506329536,0.03970658990740776,0.77725,0.7975
1,wp,WP,200,0.042364299833774564,0.0400971461892128,0.77575,0.7895
1,wp,WP,201,0.04267444416880608,0.04014326032996178,0.77175,0.7957
1,wp,WP,202,0.043236315995454785,0.04068024260997772,0.768,0.7889
1,wp,WP,203,0.04289683696627617,0.04035586847066879,0.76875,0.7946
1,wp,WP,204,0.042706448823213575,0.04016360260248184,0.7725,0.7953
1,wp,WP,205,0.04227370539307594,0.03987360098361969,0.7785,0.7991
1,wp,WP,206,0.042382878243923186,0.040074696105718614,0.77775,0.7962
1,wp,WP,207,0.04199737256765366,0.039754886549711224,0.779,0.795
1,wp,WP,208,0.042226382195949555,0.03978845489025116,0.77625,0.7958
1,wp,WP,209,0.04222888615727425,0.039965675586462024,0.77475,0.8007
1,wp,WP,210,0.042510264813899995,0.04017167426943779,0.77575,0.7987
1,wp,WP,211,0.04240319275856018,0.04005074935555458,0.7755,0.8008
1,wp,WP,212,0.043040557444095615,0.0408008350610733,0.77,0.7914
1,wp,WP,213,0.04309041374921799,0.040850124013423916,0.773,0.7928
1,wp,WP,214,0.04317114216089249,0.040970401448011395,0.769,0.7897
1,wp,WP,215,0.043192377269268036,0.04084315705895424,0.76425,0.789
1,wp,WP,216,0.042614495992660525,0.040287807792425155,0.764,0.7983
1,wp,WP,217,0.04248040038347244,0.040007493340969084,0.76725,0.7987
1,wp,WP,218,0.042641858041286465,0.0401725531578064,0.768,0.7996
1,wp,WP,219,0.042527085304260255,0.04018443153500557,0.76525,0.7979
1,wp,WP,220,0.04185158559679985,0.039455809581279755,0.76825,0.8004
1,wp,WP,221,0.04185664939880371,0.03948476057052612,0.77,0.7977
1,wp,WP,222,0.041756284296512604,0.03922578657865524,0.77025,0.7996
1,wp,WP,223,0.041442732363939284,0.03858500552177429,0.77075,0.8008
1,wp,WP,224,0.04149525004625321,0.03886827037334442,0.77175,0.7983
1,wp,WP,225,0.04131671446561813,0.03860615503191948,0.77225,0.7998
1,wp,WP,226,0.04151955202221871,0.03885140361785889,0.78,0.8029
1,wp,WP,227,0.04217256331443787,0.039421782821416854,0.7705,0.7986
1,wp,WP,228,0.04232065197825432,0.03988001732826233,0.77375,0.7975
1,wp,WP,229,0.04265734750032425,0.04000277311801911,0.7655,0.7923
1,wp,WP,230,0.04310606241226196,0.04032522704601288,0.76425,0.7879
1,wp,WP,231,0.04315889945626259,0.04031629722714424,0.76375,0.7912
1,wp,WP,232,0.04317627039551735,0.040130060839653016,0.76225,0.791
1,wp,WP,233,0.043357370853424074,0.040626210618019104,0.75675,0.7891
1,wp,WP,234,0.043534172654151916,0.04070844900608063,0.75925,0.7889
1,wp,WP,235,0.043137248903512955,0.04055590087771416,0.76075,0.7911
1,wp,WP,236,0.043184764057397844,0.040586815905570985,0.7585,0.7936
1,wp,WP,237,0.043205397456884384,0.040652161878347394,0.76375,0.791
1,wp,WP,238,0.04313443979620934,0.04040296286940575,0.76275,0.7982
1,wp,WP,239,0.043428259462118146,0.0407705273270607,0.76625,0.7933
1,wp,WP,240,0.042541786968708035,0.04008013397455215,0.7715,0.799
1,wp,WP,241,0.04219465973973274,0.040058624941110614,0.77125,0.7958
1,wp,WP,242,0.04181721025705337,0.039491021603345874,0.776,0.8007
1,wp,WP,243,0.04229420438408851,0.03996822760105133,0.77475,0.796
1,wp,WP,244,0.043228624492883685,0.04086416397690773,0.77125,0.795
1,wp,WP,245,0.042924140989780424,0.04051582545638084,0.7655,0.7933
1,wp,WP,246,0.04237052753567696,0.03993533738255501,0.76925,0.797
1,wp,WP,247,0.04248052433133125,0.04038508482575417,0.7765,0.795
1,wp,WP,248,0.04268235832452774,0.04028748636245728,0.77,0.7921
1,wp,WP,249,0.04213286891579628,0.03983778849244118,0.76725,0.7922
1,wp,WP,250,0.04195840722322464,0.039737114971876146,0.768,0.7967
1,wp,WP,251,0.04195347824692726,0.03971527810692787,0.768,0.7942
1,wp,WP,252,0.04280210593342781,0.04051157301664352,0.76975,0.792
1,wp,WP,253,0.0420927474796772,0.039967013370990755,0.76625,0.7937
1,wp,WP,254,0.04185082823038101,0.03996231709122658,0.7695,0.794
1,wp,WP,255,0.04136351275444031,0.03945224527716636,0.7765,0.7981
1,wp,WP,256,0.041388591319322585,0.03934194467663765,0.7735,0.7976
1,wp,WP,257,0.041842299818992616,0.039849415743350984,0.773,0.7962
1,wp,WP,258,0.041284147560596465,0.039387008082866666,0.7685,0.7942
1,wp,WP,259,0.041616091549396515,0.0394399391412735,0.76925,0.7937
1,wp,WP,260,0.04183971473574638,0.03971408290266991,0.7635,0.7911
1,wp,WP,261,0.04202736005187035,0.039791162413358686,0.77075,0.7968
1,wp,WP,262,0.04142982923984528,0.03943779694437981,0.77625,0.8017
1,wp,WP,263,0.04200649538636208,0.03963710153102875,0.7655,0.7964
1,wp,WP,264,0.04236245995759964,0.03975760343670845,0.76775,0.7948
1,wp,WP,265,0.04224018430709839,0.03977305326461792,0.768,0.7948
1,wp,WP,266,0.04234713691473007,0.03987897766828537,0.7685,0.7914
1,wp,WP,267,0.04201811876893043,0.03959079204201698,0.76475,0.7957
1,wp,WP,268,0.041818381696939466,0.03938139939308166,0.76425,0.7924
1,wp,WP,269,0.041673120677471163,0.03933784978985787,0.7675,0.7934
1,wp,WP,270,0.04125927352905273,0.03896616912484169,0.7745,0.7976
1,wp,WP,271,0.041563152998685834,0.039458567970991135,0.76575,0.7935
1,wp,WP,272,0.04175299030542374,0.039505197221040726,0.769,0.7941
1,wp,WP,273,0.04170230692625046,0.03964087074995041,0.771,0.7932
1,wp,WP,274,0.0413280463218689,0.03947601465582848,0.77875,0.7951
1,wp,WP,275,0.040760149091482165,0.03882089744210243,0.78225,0.8027
1,wp,WP,276,0.040582644820213315,0.03874982451796532,0.77725,0.803
1,wp,WP,277,0.04037043622136116,0.0384853994846344,0.78375,0.8059
1,wp,WP,278,0.04162460058927536,0.03948522905707359,0.77375,0.8017
1,wp,WP,279,0.04154953262209892,0.039366917341947555,0.7785,0.8014
1,wp,WP,280,0.04204652133584023,0.03995643168091774,0.779,0.7986
1,wp,WP,281,0.042406475245952605,0.04040622363090515,0.77,0.7875
1,wp,WP,282,0.04248358383774757,0.04035357410907745,0.76875,0.789
1,wp,WP,283,0.04244079494476318,0.040455487322807314,0.773,0.7875
1,wp,WP,284,0.041899456113576886,0.039846174144744874,0.7725,0.7909
1,wp,WP,285,0.042125017702579495,0.04007420004606247,0.77125,0.7897
1,wp,WP,286,0.04224802988767624,0.04006471782326698,0.7695,0.7863
1,wp,WP,287,0.04236427044868469,0.04017383875250816,0.768,0.7882
1,wp,WP,288,0.042176118552684785,0.04010569301843643,0.76625,0.7852
1,wp,WP,289,0.04257641389966011,0.04044419559240341,0.76225,0.7824
1,wp,WP,290,0.04285228943824768,0.04092748736143112,0.768,0.7871
1,wp,WP,291,0.04293291881680489,0.04089636987447739,0.7655,0.7887
1,wp,WP,292,0.04260520139336586,0.04033357437849045,0.773,0.792
1,wp,WP,293,0.04247241234779358,0.040594524359703066,0.77175,0.7926
1,wp,WP,294,0.04202028203010559,0.03991041161417961,0.77175,0.7942
1,wp,WP,295,0.041573812484741214,0.03953379341959953,0.7765,0.7955
1,wp,WP,296,0.041857555031776426,0.04001955759525299,0.7725,0.7877
1,wp,WP,297,0.04207801672816276,0.04025668158531189,0.77025,0.7882
1,wp,WP,298,0.04153695598244667,0.039864295506477354,0.775,0.7883
1,wp,WP,299,0.041279771745204925,0.039390993386507034,0.771,0.7887
1,wp,WP,300,0.04176241141557693,0.04003925721049309,0.772,0.7864
1,wp,WP,301,0.04185820528864861,0.0398516573369503,0.766,0.7905
1,wp,WP,302,0.0418006461262703,0.0398657970905304,0.76825,0.7912
1,wp,WP,303,0.04173264655470848,0.03960128341913223,0.77025,0.7892
1,wp,WP,304,0.04189198070764542,0.039818058133125306,0.77325,0.7897
1,wp,WP,305,0.04169562688469887,0.039679505878686905,0.77,0.7891
1,wp,WP,306,0.042308767676353456,0.040389600867033006,0.764,0.7794
1,wp,WP,307,0.042587262362241744,0.04086449034810066,0.76875,0.7789
1,wp,WP,308,0.042735110968351364,0.040702721178531645,0.767,0.7788
1,wp,WP,309,0.042907681286334994,0.04084901549220085,0.76725,0.7813
1,wp,WP,310,0.043407312095165254,0.0413444503903389,0.76375,0.7727
1,wp,WP,311,0.04285907405614853,0.040819048237800595,0.764,0.7819
1,wp,WP,312,0.042159781217575076,0.0399959015250206,0.7685,0.7866
1,wp,WP,313,0.04263056898117065,0.040407510262727736,0.76375,0.7809
1,wp,WP,314,0.04286893194913864,0.04060074969530106,0.76975,0.782
1,wp,WP,315,0.042802872985601426,0.04043035436868667,0.77275,0.7835
1,wp,WP,316,0.04256397587060928,0.0404657793700695,0.76975,0.7821
1,wp,WP,317,0.042636704564094546,0.040715126776695254,0.77275,0.7793
1,wp,WP,318,0.04251329517364502,0.04057310253381729,0.75975,0.7721
1,wp,WP,319,0.04235945922136307,0.04030338925123215,0.7685,0.7746
1,wp,WP,320,0.04262938851118088,0.0403072316288948,0.768,0.7781
1,wp,WP,321,0.04308262786269188,0.04076167883872986,0.7665,0.7809
1,wp,WP,322,0.043956246793270114,0.041659116423130034,0.7665,0.7783
1,wp,WP,323,0.04338717919588089,0.04118598331212998,0.7685,0.7802
1,wp,WP,324,0.04363684743642807,0.04143864776492119,0.76925,0.7855
1,wp,WP,325,0.04400087630748749,0.04173653044104576,0.7695,0.7759
1,wp,WP,326,0.043512798339128494,0.04103397632241249,0.76925,0.7785
1,wp,WP,327,0.043434808850288394,0.041085268783569336,0.76425,0.7756
1,wp,WP,328,0.04316262808442116,0.04082282817363739,0.772,0.7805
1,wp,WP,329,0.042925303786993024,0.040441843461990354,0.7705,0.7815
1,wp,WP,330,0.04301942384243011,0.04047980951666832,0.7665,0.7808
1,wp,WP,331,0.04277166160941124,0.04028819540143013,0.77475,0.7832
1,wp,WP,332,0.04223582312464714,0.04016167964935303,0.774,0.7828
1,wp,WP,333,0.04274794685840606,0.040787482345104216,0.7715,0.7821
1,wp,WP,334,0.04356593662500381,0.04133793616890907,0.76225,0.7741
1,wp,WP,335,0.04336213272809982,0.04096936205625534,0.77125,0.7784
1,wp,WP,336,0.04372086593508721,0.041218493497371674,0.767,0.7795
1,wp,WP,337,0.044023309648036954,0.04151334360837936,0.7575,0.7757
1,wp,WP,338,0.04487259817123413,0.042385547697544095,0.755,0.7697
1,wp,WP,339,0.04471765914559364,0.04234658799767494,0.75425,0.7613
1,wp,WP,340,0.0440277698636055,0.041484917718172074,0.76025,0.7712
1,wp,WP,341,0.043774744272232054,0.04119273563623428,0.76475,0.7735
1,wp,WP,342,0.044413507968187334,0.041806444758176804,0.7565,0.7716
1,wp,WP,343,0.0443715792298317,0.04211953074336052,0.756,0.7687
1,wp,WP,344,0.0442378337085247,0.041894418394565584,0.7615,0.7717
1,wp,WP,345,0.04420627480745316,0.041707721400260925,0.76325,0.7744
1,wp,WP,346,0.044698144495487216,0.04244864002466202,0.755,0.7673
1,wp,WP,347,0.04432458406686783,0.041787335062026976,0.757,0.7711
1,wp,WP,348,0.04472855380177498,0.04223644368648529,0.758,0.7722
1,wp,WP,349,0.04510932439565658,0.04280666633844376,0.75475,0.766
1,wp,WP,350,0.04534808471798897,0.04312690613269806,0.748,0.7619
1,wp,WP,351,0.04567092052102089,0.04352388874292373,0.7495,0.7625
1,wp,WP,352,0.045555619567632676,0.04338956944346428,0.74975,0.7627
1,wp,WP,353,0.04525702118873596,0.04280507131814957,0.7525,0.7681
1,wp,WP,354,0.04602712798118591,0.04355548883676529,0.756,0.7673
1,wp,WP,355,0.04500782468914986,0.04236617261767387,0.755,0.7673
1,wp,WP,356,0.04613823875784874,0.04352686604857445,0.75325,0.7631
1,wp,WP,357,0.04518526029586792,0.04268517359495163,0.76625,0.7737
1,wp,WP,358,0.04498226815462113,0.042715788227319716,0.7575,0.7666
1,wp,WP,359,0.044906420052051546,0.042793230432271956,0.75875,0.7697
1,wp,WP,360,0.04465173390507698,0.04256666989922524,0.75775,0.7686
1,wp,WP,361,0.045567605495452884,0.04367147642970085,0.74875,0.7605
1,wp,WP,362,0.04449635553359985,0.042520299488306046,0.7495,0.7631
1,wp,WP,363,0.04458996477723122,0.04261531289815903,0.749,0.7649
1,wp,WP,364,0.04409116923809051,0.04214977813959122,0.74775,0.7666
1,wp,WP,365,0.044204353868961335,0.042536910796165464,0.74775,0.7655
1,wp,WP,366,0.04461784741282463,0.042844619423151015,0.745,0.7634
1,wp,WP,367,0.04460446771979332,0.04259387564659119,0.7395,0.7556
1,wp,WP,368,0.04533987990021705,0.04335907086133957,0.7405,0.756
1,wp,WP,369,0.045753584980964664,0.04363892950415611,0.736,0.7548
1,wp,WP,370,0.045867586463689804,0.04343483708500862,0.73925,0.7574
1,wp,WP,371,0.0456128014922142,0.043385929811000826,0.74775,0.7618
1,wp,WP,372,0.04537024980783463,0.04338758962154388,0.74875,0.7603
1,wp,WP,373,0.04511085832118988,0.0431690919816494,0.744,0.7559
1,wp,WP,374,0.0450241294503212,0.04329202002286911,0.7505,0.7568
1,wp,WP,375,0.04530361098051071,0.04337560420632362,0.743,0.757
1,wp,WP,376,0.04470425197482109,0.04280887738466263,0.7495,0.7594
1,wp,WP,377,0.04612006545066834,0.04438601829409599,0.74525,0.7551
1,wp,WP,378,0.04552575266361237,0.043225904196500776,0.7425,0.7554
1,wp,WP,379,0.04485867130756378,0.04272532190680504,0.746,0.7596
1,wp,WP,380,0.04527104306221008,0.043608842968940735,0.73875,0.7509
1,wp,WP,381,0.04478486406803131,0.04339149979352951,0.7365,0.7511
1,wp,WP,382,0.04456177812814713,0.04310003384947777,0.75125,0.7664
1,wp,WP,383,0.04496065014600754,0.04329875680208206,0.745,0.7597
1,wp,WP,384,0.04515910193324089,0.04367321101427078,0.73675,0.7559
1,wp,WP,385,0.04628101834654808,0.044623502480983734,0.73475,0.7553
1,wp,WP,386,0.04561820149421692,0.0440311704158783,0.73525,0.7623
1,wp,WP,387,0.04658765509724617,0.044955406886339186,0.73325,0.755
1,wp,WP,388,0.04671401184797287,0.04498939816951752,0.732,0.7541
1,wp,WP,389,0.04709918412566185,0.04510056707262993,0.73075,0.7565
1,wp,WP,390,0.046771252930164334,0.04479180982708931,0.7335,0.7612
1,wp,WP,391,0.046825331956148145,0.04478189690709114,0.733,0.7603
1,wp,WP,392,0.0466896465420723,0.045310067790746686,0.73925,0.7612
1,wp,WP,393,0.04912480142712593,0.047292641770839694,0.716,0.7377
1,wp,WP,394,0.048818752884864806,0.04713235844373703,0.7165,0.7379
1,wp,WP,395,0.048041227519512175,0.046294740909337995,0.73075,0.7525
1,wp,WP,396,0.04877652785181999,0.046537451457977295,0.72475,0.75
1,wp,WP,397,0.04853618550300598,0.04643049698472023,0.71675,0.7443
1,wp,WP,398,0.04772962182760239,0.04578351637721062,0.72125,0.7416
1,wp,WP,399,0.04895113629102707,0.04700285830497742,0.7105,0.7368
1,wp,WP,400,0.04871643730998039,0.04695289769768715,0.713,0.7342
2,bp,BP,1,0.02197120426595211,0.020986068299412727,0.90225,0.917
2,bp,BP,2,0.01602091360092163,0.015050074329972267,0.93325,0.9391
2,bp,BP,3,0.013197861284017563,0.012551280319690704,0.9455,0.9508
2,bp,BP,4,0.011415516510605812,0.01099159598350525,0.952,0.9586
2,bp,BP,5,0.010315191827714443,0.010014911611378192,0.9615,0.9622
2,bp,BP,6,0.009282881453633308,0.00914075408577919,0.963,0.9649
2,bp,BP,7,0.008537882342934608,0.008472541767358779,0.9685,0.9669
2,bp,BP,8,0.007876190409064293,0.00799393805861473,0.97,0.9692
2,bp,BP,9,0.007396123643964529,0.007550899431109428,0.97325,0.9702
2,bp,BP,10,0.006983895137906074,0.007309444963186979,0.97475,0.9725
2,bp,BP,11,0.006605221118777991,0.0069423790723085405,0.97725,0.9733
2,bp,BP,12,0.006252004280686379,0.006660590385645628,0.97825,0.9749
2,bp,BP,13,0.006033423207700252,0.006523504917323589,0.9785,0.9749
2,bp,BP,14,0.005639521799981594,0.0062446422897279264,0.98125,0.9765
2,bp,BP,15,0.005422337166965008,0.006126150819659233,0.9825,0.9765
2,bp,BP,16,0.005243621807545423,0.005955564903467893,0.983,0.977
2,bp,BP,17,0.005057389933615923,0.005824925147742033,0.98375,0.9777
2,bp,BP,18,0.004779767040163279,0.00565254881605506,0.9845,0.9782
2,bp,BP,19,0.004634229902178049,0.0055747685432434085,0.9855,0.9786
2,bp,BP,20,0.0046366737373173235,0.005634518027305603,0.98625,0.9784
2,bp,BP,21,0.0043085236549377445,0.0053442872501909735,0.98775,0.9792
2,bp,BP,22,0.004214799851179123,0.005309655701369047,0.988,0.9799
2,bp,BP,23,0.0040923136100173,0.005237493403255939,0.988,0.9795
2,bp,BP,24,0.00402772868424654,0.005170077766478062,0.98875,0.9796
2,bp,BP,25,0.0038831928558647633,0.005068078521639109,0.98875,0.9806
2,bp,BP,26,0.003780859537422657,0.005027079280465841,0.98975,0.9808
2,bp,BP,27,0.0037152705155313014,0.00497550033479929,0.99025,0.9807
2,bp,BP,28,0.003558923350647092,0.0049127848282456395,0.9905,0.9811
2,bp,BP,29,0.003524058777838945,0.004836479356884957,0.9915,0.982
2,bp,BP,30,0.0033938402589410543,0.0047915801391005515,0.9925,0.9816
2,bp,BP,31,0.003287503968924284,0.004733935540169478,0.9925,0.9812
2,bp,BP,32,0.003228255070745945,0.0046823482021689415,0.99275,0.9823
2,bp,BP,33,0.0031720265299081804,0.0046662075310945515,0.99225,0.982
2,bp,BP,34,0.003122952159494162,0.004633184597641229,0.992,0.9822
2,bp,BP,35,0.0030016860440373423,0.004591624394059181,0.9935,0.9819
2,bp,BP,36,0.0029626265373080968,0.004605715674906969,0.9935,0.9821
2,bp,BP,37,0.0028910210598260162,0.004516481935232877,0.99375,0.9831
2,bp,BP,38,0.0028579674698412418,0.004533052625507117,0.99425,0.9826
2,bp,BP,39,0.0027769535556435585,0.004466586995869875,0.99375,0.9823
2,bp,BP,40,0.0027214878778904677,0.004458341380953789,0.995,0.9829
2,bp,BP,41,0.002675916362553835,0.0045482287980616095,0.99525,0.9823
2,bp,BP,42,0.00257735775411129,0.004352886448055506,0.995,0.9835
2,bp,BP,43,0.0025318156834691764,0.004394388175010681,0.99525,0.9828
2,bp,BP,44,0.0025001167226582767,0.004380390889942646,0.99525,0.9837
2,bp,BP,45,0.002420646129176021,0.004332112734764814,0.996,0.9834
2,bp,BP,46,0.0024331843592226505,0.004331846908479929,0.9955,0.9836
2,bp,BP,47,0.0023716523088514805,0.004327251267433167,0.99575,0.9831
2,bp,BP,48,0.0023530209884047508,0.004325361087918282,0.99625,0.9829
2,bp,BP,49,0.0022467041481286287,0.004217646370083094,0.996,0.9839
2,bp,BP,50,0.0022297474555671216,0.004278094736486673,0.99675,0.9834
2,bp,BP,51,0.002196361020207405,0.0042571808256208895,0.99625,0.9842
2,bp,BP,52,0.0021502125672996043,0.004257962637394666,0.997,0.9838
2,bp,BP,53,0.002103232095018029,0.004190802652388811,0.99725,0.9839
2,bp,BP,54,0.0020868209172040224,0.004196118476241827,0.99675,0.9841
2,bp,BP,55,0.0020453861001878976,0.0042063069187104705,0.99725,0.9839
2,bp,BP,56,0.0019869279619306327,0.0041472322255373005,0.997,0.9841
2,bp,BP,57,0.00195674136467278,0.00415597403421998,0.9975,0.984
2,bp,BP,58,0.0019519679769873619,0.0041470542430877685,0.9975,0.9846
2,bp,BP,59,0.0019151337388902902,0.004187291099876166,0.9975,0.9843
2,bp,BP,60,0.001870153870433569,0.004108534736186266,0.998,0.9843
2,bp,BP,61,0.0018036874048411847,0.004091176903992891,0.998,0.9843
2,bp,BP,62,0.0017728055575862527,0.004091608063876629,0.998,0.9839
2,bp,BP,63,0.0017747922688722611,0.004115401703119278,0.9985,0.9845
2,bp,BP,64,0.0017518900735303759,0.0040828916855156425,0.9985,0.9843
2,bp,BP,65,0.0017237751511856914,0.004067370846867561,0.99825,0.9841
2,bp,BP,66,0.001682138710282743,0.004054698078334332,0.9985,0.9841
2,bp,BP,67,0.0016824584463611245,0.004085386350750923,0.9985,0.984
2,bp,BP,68,0.0016319545200094582,0.0040549873612821105,0.9985,0.984
2,bp,BP,69,0.001615144096314907,0.004020768190175295,0.9985,0.984
2,bp,BP,70,0.0015976204751059413,0.0040880644232034686,0.999,0.9839
2,bp,BP,71,0.0015747318100184202,0.004027083722501993,0.99825,0.9842
2,bp,BP,72,0.001590026275254786,0.004053070224821567,0.999,0.9845
2,bp,BP,73,0.0015342593370005488,0.004039900324493646,0.99925,0.9843
2,bp,BP,74,0.0015195152321830392,0.004054043414443731,0.999,0.984
2,bp,BP,75,0.001452521726489067,0.00401529017239809,0.999,0.9842
2,bp,BP,76,0.0014692560825496912,0.0040436648935079575,0.999,0.9838
2,bp,BP,77,0.001467089015059173,0.004059942571818829,0.99925,0.984
2,bp,BP,78,0.0014338772054761648,0.004022475075721741,0.99925,0.9841
2,bp,BP,79,0.0013829915821552278,0.00401515294238925,0.99925,0.9841
2,bp,BP,80,0.0013981781769543886,0.004029339393228293,0.99925,0.9844
2,bp,BP,81,0.0013656155560165643,0.004009795190393925,0.99925,0.984
2,bp,BP,82,0.0013579788077622652,0.003989927639812231,0.99925,0.9846
2,bp,BP,83,0.001399431879632175,0.004063716771453619,0.99925,0.9848
2,bp,BP,84,0.001348881701938808,0.004032669220119715,0.99925,0.9843
2,bp,BP,85,0.0013578417189419269,0.0040038586139678955,0.99925,0.9845
2,bp,BP,86,0.0012760477364063263,0.0039946617946028705,0.99925,0.984
2,bp,BP,87,0.0012654699133709073,0.004014186059683561,0.99925,0.9847
2,bp,BP,88,0.0012476073075085878,0.0039764790505170825,0.99925,0.9841
2,bp,BP,89,0.001219868610613048,0.003975384481996298,0.99925,0.9839
2,bp,BP,90,0.0012463359721004963,0.00401555420383811,0.99925,0.9843
2,bp,BP,91,0.0011790802124887704,0.00395125100761652,0.99925,0.9838
2,bp,BP,92,0.0011870993496850132,0.004010400191694498,0.99925,0.9846
2,bp,BP,93,0.0011811232138425113,0.003963815870881081,0.99925,0.9843
2,bp,BP,94,0.0011620784299448132,0.003994222804158926,0.99925,0.9845
2,bp,BP,95,0.001138861620798707,0.003963607519865036,0.99925,0.9844
2,bp,BP,96,0.001165304702706635,0.004000368959456682,0.99925,0.9841
2,bp,BP,97,0.00113207383826375,0.003985166171193123,0.99925,0.9844
2,bp,BP,98,0.0011323160845786333,0.003963061545044184,0.99925,0.984
2,bp,BP,99,0.0011097295777872205,0.003956775144487619,0.99925,0.9842
2,bp,BP,100,0.0011016614064574242,0.003974286103248596,0.99925,0.9848
2,bp,BP,101,0.0010783087303861975,0.0039672750212252144,0.99925,0.9839
2,bp,BP,102,0.001054023173637688,0.003965562620013952,0.99925,0.9846
2,bp,BP,103,0.0010721409814432262,0.003990566309541464,0.99925,0.9842
2,bp,BP,104,0.0011495433961972595,0.004043351173400879,0.99925,0.9841
2,bp,BP,105,0.0010384973492473363,0.003973694041371345,0.99925,0.9844
2,bp,BP,106,0.001023143100552261,0.003981740079820156,0.99925,0.9838
2,bp,BP,107,0.0009913167934864759,0.0039562772750854494,0.99925,0.9842
2,bp,BP,108,0.0009986991425976158,0.0039841004319489,0.99925,0.9842
2,bp,BP,109,0.0009867013012990356,0.00396867792904377,0.99925,0.9839
2,bp,BP,110,0.0009693581098690629,0.0039928718596696855,0.99925,0.9846
2,bp,BP,111,0.0009840717380866408,0.004011068144440651,0.99925,0.9841
2,bp,BP,112,0.0009316771635785699,0.003965646378695965,0.99925,0.9838
2,bp,BP,113,0.0009249888472259045,0.003947824627161026,0.99925,0.9843
2,bp,BP,114,0.0009532192829065025,0.004018521080166102,0.9995,0.9847
2,bp,BP,115,0.0009173480672761798,0.003963672292232513,0.99925,0.9839
2,bp,BP,116,0.0009035609518177807,0.003964728966355324,0.99925,0.9842
2,bp,BP,117,0.00095982501283288,0.004005279342830181,0.99925,0.9839
2,bp,BP,118,0.0009502650895155966,0.004001744849979877,0.99925,0.9838
2,bp,BP,119,0.0008617519363760948,0.00395166961401701,0.99925,0.9842
2,bp,BP,120,0.0008751693246886134,0.0039706230208277704,0.99975,0.9841
2,bp,BP,121,0.0008600631854496897,0.003960007901489735,0.99925,0.9838
2,bp,BP,122,0.0009213351365178823,0.00406411739513278,0.99925,0.9842
2,bp,BP,123,0.0008496674038469791,0.003966092173010111,0.99925,0.9836
2,bp,BP,124,0.000842813977971673,0.0039530568338930604,0.9995,0.9838
2,bp,BP,125,0.0008508991086855531,0.0039686042800545695,0.99925,0.9842
2,bp,BP,126,0.0008704392374493182,0.004039168655872345,0.99975,0.9843
2,bp,BP,127,0.0008239566897973418,0.003954191744327545,0.99925,0.9837
2,bp,BP,128,0.000852124257478863,0.003984616804867983,0.9995,0.9839
2,bp,BP,129,0.0008063425566069782,0.003989987272769213,0.9995,0.9837
2,bp,BP,130,0.0008035221300087869,0.0040073717579245565,0.99925,0.9838
2,bp,BP,131,0.0008397244540974498,0.004014293415844441,0.99925,0.984
2,bp,BP,132,0.0008034391305409372,0.003996743397414684,0.99975,0.9841
2,bp,BP,133,0.0007910650060512126,0.003983792325854302,0.9995,0.984
2,bp,BP,134,0.0007954571233130992,0.004016638308018446,0.9995,0.9839
2,bp,BP,135,0.0007651404161006212,0.003996327883005142,0.9995,0.9838
2,bp,BP,136,0.0007875212612561881,0.00401673858910799,0.99975,0.9842
2,bp,BP,137,0.0007503698547370732,0.003994768866151572,0.9995,0.9841
2,bp,BP,138,0.0007473688893951476,0.003970969374477863,1.0,0.984
2,bp,BP,139,0.0007463054931722582,0.003994161698967219,0.9995,0.9837
2,bp,BP,140,0.0007283708127215504,0.0039971132218837736,0.99975,0.984
2,bp,BP,141,0.0007392063089646399,0.004000127560645342,1.0,0.9841
2,bp,BP,142,0.0007149832397699357,0.003974418172985316,0.9995,0.9832
2,bp,BP,143,0.0007130498178303242,0.003990516660362482,0.9995,0.9839
2,bp,BP,144,0.0007115576178766787,0.0039854629814624785,1.0,0.9839
2,bp,BP,145,0.0007236325987614691,0.004029343949258328,1.0,0.9838
2,bp,BP,146,0.0007120070774108172,0.004025298311561346,0.99975,0.9835
2,bp,BP,147,0.0006932787555269897,0.004001177117973566,1.0,0.9838
2,bp,BP,148,0.0006989064216613769,0.003998932423442602,0.9995,0.9835
2,bp,BP,149,0.0006818473124876618,0.0040125878013670445,0.99975,0.9841
2,bp,BP,150,0.0006678876420482993,0.003998508306592703,1.0,0.9842
2,bp,BP,151,0.000669951643794775,0.004027823123335838,1.0,0.9842
2,bp,BP,152,0.0006422998439520598,0.003989017969369888,1.0,0.9842
2,bp,BP,153,0.0006588404066860676,0.004011906135082245,1.0,0.9839
2,bp,BP,154,0.0006623038561083376,0.004029657446593046,1.0,0.984
2,bp,BP,155,0.0006642633522860705,0.003995106290280819,0.9995,0.9838
2,bp,BP,156,0.0006485952790826559,0.004022748051583767,1.0,0.9842
2,bp,BP,157,0.0006354245245456696,0.00399513611458242,1.0,0.9835
2,bp,BP,158,0.0006435954356566072,0.004003332119435072,0.99975,0.9838
2,bp,BP,159,0.0006292263525538147,0.004010528514534235,1.0,0.9838
2,bp,BP,160,0.0006398647255264222,0.0040287895083427425,1.0,0.9837
2,bp,BP,161,0.0006049665068276227,0.0040035129249095915,1.0,0.9837
2,bp,BP,162,0.0005833804430440069,0.0040147016055881975,1.0,0.9838
2,bp,BP,163,0.0005859830994158984,0.003996116904169321,1.0,0.9838
2,bp,BP,164,0.0005799167910590767,0.004009363992512226,1.0,0.9839
2,bp,BP,165,0.000592870938591659,0.004015461532026529,1.0,0.9836
2,bp,BP,166,0.0005943551468662918,0.0040312786281108855,1.0,0.984
2,bp,BP,167,0.000553968423511833,0.003985063285380602,1.0,0.9837
2,bp,BP,168,0.0005662006638012826,0.004023506223410368,1.0,0.9839
2,bp,BP,169,0.0006107761934399605,0.004088482924550772,1.0,0.9839
2,bp,BP,170,0.0005961647354997694,0.004071397970616818,1.0,0.9839
2,bp,BP,171,0.0005707841189578175,0.004048942560702562,1.0,0.9836
2,bp,BP,172,0.0005425409097224474,0.004048393060266972,1.0,0.9838
2,bp,BP,173,0.0005385834677144885,0.004012366803735495,1.0,0.9839
2,bp,BP,174,0.000561749872751534,0.004029692811518907,1.0,0.9838
2,bp,BP,175,0.0005407851152122021,0.004019776816666126,1.0,0.984
2,bp,BP,176,0.0005111209698952735,0.004019248659163714,1.0,0.9837
2,bp,BP,177,0.0005198405580595136,0.004051906376332045,1.0,0.9835
2,bp,BP,178,0.000540947777684778,0.004046993143856525,1.0,0.9836
2,bp,BP,179,0.0005205901241861284,0.003999815916270018,1.0,0.9839
2,bp,BP,180,0.0005131731855217368,0.004002388463914395,1.0,0.9839
2,bp,BP,181,0.0004969795951619744,0.004020117138326168,1.0,0.9839
2,bp,BP,182,0.0004918602833058685,0.004014382147043943,1.0,0.9836
2,bp,BP,183,0.0004970104929525405,0.004046968317031861,1.0,0.9833
2,bp,BP,184,0.0004948490946553647,0.004063380471616983,1.0,0.9836
2,bp,BP,185,0.0005341164632700384,0.004094389234483242,1.0,0.9838
2,bp,BP,186,0.0005028608923312276,0.004056607503443956,1.0,0.9839
2,bp,BP,187,0.0004843265211675316,0.004034213265031577,1.0,0.9834
2,bp,BP,188,0.00046392240514978766,0.004010289873182774,1.0,0.9838
2,bp,BP,189,0.0004870562101714313,0.004041172304749489,1.0,0.9835
2,bp,BP,190,0.0004910270050168037,0.004052207446843386,1.0,0.9838
2,bp,BP,191,0.0004574934057891369,0.004035698035359383,1.0,0.9837
2,bp,BP,192,0.000521113823633641,0.004110217268019915,1.0,0.9836
2,bp,BP,193,0.0004473988658282906,0.0040219020694494245,1.0,0.9835
2,bp,BP,194,0.0004415788126643747,0.004017291250824929,1.0,0.9835
2,bp,BP,195,0.00045164445880800484,0.004052413280308247,1.0,0.9836
2,bp,BP,196,0.00045127556985244155,0.004050293279439211,1.0,0.9838
2,bp,BP,197,0.00045227961894124747,0.00403903473392129,1.0,0.9836
2,bp,BP,198,0.000448415273334831,0.0040541420452296735,1.0,0.9841
2,bp,BP,199,0.0004649141109548509,0.004064411997050047,1.0,0.984
2,bp,BP,200,0.0004208988049067557,0.0040383261367678645,1.0,0.9838
2,bp,BP,201,0.0004275551768951118,0.004048128026723862,1.0,0.9839
2,bp,BP,202,0.00046526081301271916,0.004090841691195965,1.0,0.9842
2,bp,BP,203,0.0004358399009797722,0.004065903812646866,1.0,0.9836
2,bp,BP,204,0.00041923977038823065,0.004041283286362886,1.0,0.9839
2,bp,BP,205,0.0004102722357492894,0.004054789090901613,1.0,0.9834
2,bp,BP,206,0.0004304385578725487,0.004073399443924427,1.0,0.9832
2,bp,BP,207,0.0004424248791765422,0.004096611501276493,1.0,0.9837
2,bp,BP,208,0.0004024843538645655,0.0040525191679596905,1.0,0.9835
2,bp,BP,209,0.0004387061654124409,0.004088263733685016,1.0,0.9837
2,bp,BP,210,0.00040609448798932133,0.004041596141457558,1.0,0.9837
2,bp,BP,211,0.000428850406780839,0.004060804405063391,1.0,0.9836
2,bp,BP,212,0.000399775494588539,0.0040571860872209075,1.0,0.9836
2,bp,BP,213,0.0003927383371628821,0.004074497295171022,1.0,0.9833
2,bp,BP,214,0.0003984746444039047,0.004079831745475531,1.0,0.9836
2,bp,BP,215,0.00037945779622532426,0.0040612107209861276,1.0,0.9834
2,bp,BP,216,0.00038252638815902175,0.0040687540970742704,1.0,0.9836
2,bp,BP,217,0.00037862711795605717,0.004056659088283778,1.0,0.9839
2,bp,BP,218,0.0003984512286260724,0.004076742457598447,1.0,0.9838
2,bp,BP,219,0.00037037374661304056,0.004048071848601103,1.0,0.9836
2,bp,BP,220,0.000398829365381971,0.004089292383939028,1.0,0.9836
2,bp,BP,221,0.00037528972933068873,0.004071475105732679,1.0,0.9838
2,bp,BP,222,0.00037093314854428174,0.004075448822975159,1.0,0.9835
2,bp,BP,223,0.00039101155824027955,0.004059050333499908,1.0,0.9837
2,bp,BP,224,0.00036754575301893057,0.00408556052967906,1.0,0.9838
2,bp,BP,225,0.0004040932352654636,0.004112313208729029,1.0,0.9836
2,bp,BP,226,0.0003859709470998496,0.004103237207978964,1.0,0.9836
2,bp,BP,227,0.0003647463307715952,0.004067853058129549,1.0,0.9837
2,bp,BP,228,0.00045245534810237585,0.0041727647088468075,1.0,0.9841
2,bp,BP,229,0.0003726090146228671,0.004079112044721842,1.0,0.9841
2,bp,BP,230,0.00037413904280401766,0.004099577055126429,1.0,0.9839
2,bp,BP,231,0.0003576071294955909,0.004074430914223194,1.0,0.9838
2,bp,BP,232,0.00034579759510234,0.004087817489355803,1.0,0.9837
2,bp,BP,233,0.0003657149861101061,0.004099416653066874,1.0,0.9833
2,bp,BP,234,0.0003563091771211475,0.004099960177391768,1.0,0.9835
2,bp,BP,235,0.0003408253467641771,0.004092402276396751,1.0,0.9837
2,bp,BP,236,0.00032821503141894934,0.004082441562414169,1.0,0.9838
2,bp,BP,237,0.00033351186010986564,0.004114130739867688,1.0,0.9837
2,bp,BP,238,0.0003293762365356088,0.004101525072753429,1.0,0.9836
2,bp,BP,239,0.00032029092125594613,0.004089938841015101,1.0,0.9838
2,bp,BP,240,0.0003572925482876599,0.004147829423844815,1.0,0.9833
2,bp,BP,241,0.00033506831177510324,0.004107871080935002,1.0,0.9837
2,bp,BP,242,0.0003166231366340071,0.004093947038799524,1.0,0.9835
2,bp,BP,243,0.00032424725568853317,0.0041327584236860275,1.0,0.9837
2,bp,BP,244,0.00031412028544582424,0.004116320560872555,1.0,0.9834
2,bp,BP,245,0.0003189077479764819,0.0040907471872866155,1.0,0.9837
2,bp,BP,246,0.0003096080608665943,0.004101930852234364,1.0,0.9834
2,bp,BP,247,0.00037824775534681977,0.00415227720439434,1.0,0.9837
2,bp,BP,248,0.0003391372007317841,0.004112379191070795,1.0,0.9837
2,bp,BP,249,0.0003070693928748369,0.004099723367393017,1.0,0.9837
2,bp,BP,250,0.00031129334401339294,0.004109861039370298,1.0,0.983
2,bp,BP,251,0.00030374265741556884,0.004114629193395376,1.0,0.9837
2,bp,BP,252,0.00029503741767257453,0.004125912293791771,1.0,0.9834
2,bp,BP,253,0.0003056134907528758,0.004106262665987015,1.0,0.9835
2,bp,BP,254,0.0002980155067052692,0.004124639193713665,1.0,0.9837
2,bp,BP,255,0.0003303391244262457,0.004143651075661182,1.0,0.9835
2,bp,BP,256,0.0002953088954091072,0.0041380009084939955,1.0,0.9835
2,bp,BP,257,0.0002830115903634578,0.004094792264699936,1.0,0.9836
2,bp,BP,258,0.0003119429356884211,0.004143404012173414,1.0,0.9836
2,bp,BP,259,0.0002882858801167458,0.004106972333043813,1.0,0.9837
2,bp,BP,260,0.00027416069293394684,0.004109199222922325,1.0,0.9838
2,bp,BP,261,0.00027852127864025534,0.004125450994819402,1.0,0.9838
2,bp,BP,262,0.0002844762986060232,0.004115956767648458,1.0,0.984
2,bp,BP,263,0.00028405397362075746,0.004117030086368322,1.0,0.9834
2,bp,BP,264,0.0002816562983207405,0.004143406914174557,1.0,0.9837
2,bp,BP,265,0.00026040600193664434,0.004113182295113802,1.0,0.9836
2,bp,BP,266,0.000290494677843526,0.0041239881567657,1.0,0.9837
2,bp,BP,267,0.0002964217672124505,0.004147116957604885,1.0,0.9839
2,bp,BP,268,0.0002629516930319369,0.0041331410609185696,1.0,0.9831
2,bp,BP,269,0.00029550427407957613,0.004169075828790665,1.0,0.9834
2,bp,BP,270,0.0002670571897178888,0.004133775264769792,1.0,0.9831
2,bp,BP,271,0.00029225330613553524,0.004172233913838863,1.0,0.9833
2,bp,BP,272,0.0002562509311828762,0.004128356344252825,1.0,0.9835
2,bp,BP,273,0.00026248226780444385,0.004113661559671164,1.0,0.9831
2,bp,BP,274,0.00029168237769044937,0.0041641028940677645,1.0,0.9833
2,bp,BP,275,0.0002531497266609222,0.0041284054912626746,1.0,0.9835
2,bp,BP,276,0.00025666401779744774,0.004149781718105078,1.0,0.9837
2,bp,BP,277,0.00027789213787764313,0.0041694346256554125,1.0,0.9837
2,bp,BP,278,0.00025327829166781155,0.004130801881104707,1.0,0.9834
2,bp,BP,279,0.00027441113302484153,0.004161141535639763,1.0,0.9829
2,bp,BP,280,0.00027570221526548264,0.004155616717040539,1.0,0.9831
2,bp,BP,281,0.00028435040544718505,0.004190808559954166,1.0,0.9833
2,bp,BP,282,0.0002693300878163427,0.004177006866037845,1.0,0.9833
2,bp,BP,283,0.00025110743613913656,0.004176906593888998,1.0,0.983
2,bp,BP,284,0.0002534162800293416,0.004157603216916323,1.0,0.983
2,bp,BP,285,0.000253441943670623,0.00415971921980381,1.0,0.9835
2,bp,BP,286,0.00024310002638958393,0.00415833728313446,1.0,0.9832
2,bp,BP,287,0.0002494447082281113,0.004146516989916563,1.0,0.9834
2,bp,BP,288,0.0002536873943172395,0.004169947874546051,1.0,0.9833
2,bp,BP,289,0.00025061270094010977,0.0041575445137918,1.0,0.9833
2,bp,BP,290,0.00024806689156685026,0.004157586164027453,1.0,0.9832
2,bp,BP,291,0.00023404458432924003,0.004150064999610186,1.0,0.9833
2,bp,BP,292,0.00024157154164277018,0.0041397147759795186,1.0,0.9834
2,bp,BP,293,0.00027692576101981105,0.004186201413720846,1.0,0.9831
2,bp,BP,294,0.0002530083870515227,0.004170700535923243,1.0,0.983
2,bp,BP,295,0.00024098378990311176,0.004166722836345434,1.0,0.9836
2,bp,BP,296,0.0002465899116359651,0.004172576379776001,1.0,0.9831
2,bp,BP,297,0.0002319957020226866,0.004138405654579401,1.0,0.9833
2,bp,BP,298,0.0002255038112634793,0.004153209308534861,1.0,0.9835
2,bp,BP,299,0.0002364943901775405,0.004161359490454197,1.0,0.983
2,bp,BP,300,0.00022560837585479022,0.0041731585785746575,1.0,0.9833
2,bp,BP,301,0.00022651347797363996,0.004170051551610232,1.0,0.9833
2,bp,BP,302,0.00022401913173962385,0.004167250885814429,1.0,0.9836
2,bp,BP,303,0.00026158228795975446,0.004183066586405039,1.0,0.9832
2,bp,BP,304,0.00023572217603214085,0.004181330963224173,1.0,0.9832
2,bp,BP,305,0.0002233355470234528,0.004179354452341795,1.0,0.9834
2,bp,BP,306,0.00022515090764500202,0.00417934654802084,1.0,0.9831
2,bp,BP,307,0.00022616597975138575,0.004174859594553709,1.0,0.9835
2,bp,BP,308,0.00023235987790394574,0.004178224221616984,1.0,0.9835
2,bp,BP,309,0.00021842504478991032,0.004167605917155742,1.0,0.9833
2,bp,BP,310,0.00022299863328225912,0.004204462038725615,1.0,0.9833
2,bp,BP,311,0.00023465766897425055,0.00420397315621376,1.0,0.9834
2,bp,BP,312,0.00022649113077204675,0.004180430153757334,1.0,0.983
2,bp,BP,313,0.00020940996857825666,0.0041728569507598874,1.0,0.9829
2,bp,BP,314,0.00020619550498668105,0.004176967659592628,1.0,0.9834
2,bp,BP,315,0.00020318471314385533,0.004175888080894947,1.0,0.9833
2,bp,BP,316,0.00022282047907356173,0.0042065724715590475,1.0,0.983
2,bp,BP,317,0.00021334362402558328,0.004185176099091768,1.0,0.9831
2,bp,BP,318,0.00021600133599713445,0.004186167521029711,1.0,0.9831
2,bp,BP,319,0.00020050372160039843,0.004182282608002424,1.0,0.983
2,bp,BP,320,0.00020416915556415916,0.004188541728258133,1.0,0.9837
2,bp,BP,321,0.00021252529311459513,0.00418947182148695,1.0,0.9829
2,bp,BP,322,0.0002169232382439077,0.004201007739454508,1.0,0.9833
2,bp,BP,323,0.00019307156570721418,0.004194684898853302,1.0,0.983
2,bp,BP,324,0.00019733171735424548,0.004188751232624054,1.0,0.983
2,bp,BP,325,0.00021104950841981918,0.004202743473649025,1.0,0.9832
2,bp,BP,326,0.00019638003932777792,0.0041852449208498,1.0,0.9832
2,bp,BP,327,0.00019946780533064158,0.004187617605924607,1.0,0.9831
2,bp,BP,328,0.00021245629258919506,0.004203857994824648,1.0,0.9831
2,bp,BP,329,0.00019892922206781805,0.004202148912101984,1.0,0.983
2,bp,BP,330,0.0002175616107415408,0.0042246471047401426,1.0,0.9828
2,bp,BP,331,0.00022322597657330334,0.004211000757664442,1.0,0.9824
2,bp,BP,332,0.00019595405645668506,0.0041910727337002756,1.0,0.9832
2,bp,BP,333,0.00020015403791330755,0.004216090839356184,1.0,0.9829
2,bp,BP,334,0.00021486426913179456,0.004215836948156357,1.0,0.9831
2,bp,BP,335,0.00020799816597718746,0.004211381361633539,1.0,0.983
2,bp,BP,336,0.0001827862795908004,0.004208970861881971,1.0,0.9828
2,bp,BP,337,0.0002050896162400022,0.00420934552103281,1.0,0.9832
2,bp,BP,338,0.00019545019301585854,0.004188346642255783,1.0,0.9831
2,bp,BP,339,0.00019735942617990076,0.004214651827514172,1.0,0.9829
2,bp,BP,340,0.00019094183796551078,0.004201743855327368,1.0,0.9831
2,bp,BP,341,0.00019252287899143995,0.004206681519001722,1.0,0.9832
2,bp,BP,342,0.00018749373487662524,0.004219425694644451,1.0,0.983
2,bp,BP,343,0.00018719678395427762,0.004216211905330419,1.0,0.9832
2,bp,BP,344,0.00019692450249567627,0.004237484743446112,1.0,0.9828
2,bp,BP,345,0.00017758027941454203,0.004223286732286215,1.0,0.9829
2,bp,BP,346,0.00018972396559547634,0.004205491330474615,1.0,0.9827
2,bp,BP,347,0.00019437817705329508,0.004214790023863315,1.0,0.9829
2,bp,BP,348,0.00018499384832102806,0.004217841883003712,1.0,0.9832
2,bp,BP,349,0.0001758503776509315,0.004216174995154143,1.0,0.9829
2,bp,BP,350,0.0001825267372187227,0.004230667312443257,1.0,0.9827
2,bp,BP,351,0.00018605683324858545,0.004238057594001293,1.0,0.983
2,bp,BP,352,0.0001673993122531101,0.004222212243825197,1.0,0.9829
2,bp,BP,353,0.00017524892941582948,0.004217169447243214,1.0,0.9831
2,bp,BP,354,0.0001722693833289668,0.004218974516540765,1.0,0.9831
2,bp,BP,355,0.0001704921635100618,0.004216770376265049,1.0,0.983
2,bp,BP,356,0.0001686164685525,0.004219649237394333,1.0,0.9829
2,bp,BP,357,0.00016474066581577063,0.004218634297698736,1.0,0.9828
2,bp,BP,358,0.00017519167659338564,0.0042273438706994055,1.0,0.9823
2,bp,BP,359,0.000187594904913567,0.004235764726996422,1.0,0.9829
2,bp,BP,360,0.00017058898753020914,0.004225343057513237,1.0,0.983
2,bp,BP,361,0.00016626667662058027,0.0042251753382384774,1.0,0.9826
2,bp,BP,362,0.00017399278411176056,0.004236846598982811,1.0,0.9831
2,bp,BP,363,0.00017007810110226273,0.004235953967273235,1.0,0.9825
2,bp,BP,364,0.00017816057556774468,0.004259641979634762,1.0,0.9827
2,bp,BP,365,0.00016590921184979378,0.004227376687526703,1.0,0.9828
2,bp,BP,366,0.00018290401087142527,0.004256366021186114,1.0,0.9828
2,bp,BP,367,0.00022194754739757628,0.004290267364680767,1.0,0.9828
2,bp,BP,368,0.00015774512011557817,0.004231398351490497,1.0,0.9828
2,bp,BP,369,0.00016824508784338832,0.004233489908277988,1.0,0.9826
2,bp,BP,370,0.00018040228763129562,0.0042629025779664514,1.0,0.9827
2,bp,BP,371,0.0001550449775531888,0.004247924476116896,1.0,0.9824
2,bp,BP,372,0.0001721220366889611,0.004237920296192169,1.0,0.9822
2,bp,BP,373,0.00016553820786066354,0.004238500143587589,1.0,0.9825
2,bp,BP,374,0.00016755660914350302,0.00424765675291419,1.0,0.9825
2,bp,BP,375,0.0001641140942228958,0.004241687934845686,1.0,0.9824
2,bp,BP,376,0.00016595577076077461,0.004248881335556507,1.0,0.9828
2,bp,BP,377,0.0001710605090484023,0.0042502082370221616,1.0,0.9827
2,bp,BP,378,0.00015659822535235435,0.004252888786792755,1.0,0.9825
2,bp,BP,379,0.00018515232193749398,0.004275077425688505,1.0,0.9824
2,bp,BP,380,0.0002610008164774626,0.004348736764490604,1.0,0.9826
2,bp,BP,381,0.00016290232399478554,0.004257985618710518,1.0,0.9827
2,bp,BP,382,0.0001682072274852544,0.004251176760345698,1.0,0.9829
2,bp,BP,383,0.00016950056818313897,0.004277698036283255,1.0,0.9823
2,bp,BP,384,0.00015735507151111962,0.004256029087305069,1.0,0.9826
2,bp,BP,385,0.0001571561403106898,0.00427024035975337,1.0,0.9826
2,bp,BP,386,0.0001738887031096965,0.004280738981068134,1.0,0.9826
2,bp,BP,387,0.00015221897035371513,0.0042644687496125695,1.0,0.9828
2,bp,BP,388,0.00016334397927857935,0.004267845387756824,1.0,0.9825
2,bp,BP,389,0.0001528437524102628,0.004257718152552843,1.0,0.9825
2,bp,BP,390,0.00014533110451884568,0.004260683103650808,1.0,0.9826
2,bp,BP,391,0.00014541393099352717,0.004254214663803577,1.0,0.9823
2,bp,BP,392,0.00015230481408070774,0.004263057883828879,1.0,0.9826
2,bp,BP,393,0.00014716280403081328,0.004257232311367988,1.0,0.9822
2,bp,BP,394,0.0001630152917932719,0.0042888828128576275,1.0,0.9824
2,bp,BP,395,0.00015126903436612338,0.004262770698964596,1.0,0.9826
2,bp,BP,396,0.00014828783238772302,0.004263730820268393,1.0,0.9823
2,bp,BP,397,0.00014952406322117894,0.004260850285738706,1.0,0.9825
2,bp,BP,398,0.0001516704490641132,0.004274789071828127,1.0,0.9829
2,bp,BP,399,0.00015150542464107276,0.004280669824033976,1.0,0.9826
2,bp,BP,400,0.00014604810695163905,0.0042799331150949,1.0,0.9821
2,np,IS NP,1,0.07791157215833663,0.07777443817853928,0.5175,0.5269
2,np,IS NP,2,0.06496183317899704,0.06463174366950988,0.62575,0.6371
2,np,IS NP,3,0.05676295563578606,0.0564327941596508,0.6735,0.6815
2,np,IS NP,4,0.051644930839538576,0.05126361719965935,0.739,0.7428
2,np,IS NP,5,0.04806913176178932,0.04758379783630371,0.76525,0.7794
2,np,IS NP,6,0.04535315403342247,0.04474669777154922,0.74125,0.7595
2,np,IS NP,7,0.04190388536453247,0.04110531606078148,0.757,0.7723
2,np,IS NP,8,0.04046248883008957,0.03970869889259338,0.7915,0.8002
2,np,IS NP,9,0.03726240986585617,0.03646741443872452,0.7865,0.8007
2,np,IS NP,10,0.03615708419680595,0.03545261581540108,0.822,0.8356
2,np,IS NP,11,0.03452484112977981,0.033570673912763596,0.84,0.8541
2,np,IS NP,12,0.03276483303308487,0.03177482633590698,0.8405,0.8559
2,np,IS NP,13,0.03281319805979729,0.031716175490617754,0.84775,0.8658
2,np,IS NP,14,0.030004236698150635,0.02901222395002842,0.8595,0.8756
2,np,IS NP,15,0.029205054938793183,0.02811235721409321,0.867,0.8872
2,np,IS NP,16,0.02853798349201679,0.027626132875680925,0.86975,0.8813
2,np,IS NP,17,0.02771286427974701,0.026766670611500742,0.8735,0.8893
2,np,IS NP,18,0.026417228251695634,0.025581841912865638,0.8785,0.8928
2,np,IS NP,19,0.025764442533254623,0.024746154406666755,0.8795,0.8914
2,np,IS NP,20,0.02552553418278694,0.024497209560871123,0.88225,0.8958
2,np,IS NP,21,0.024843339279294014,0.0238439291626215,0.88025,0.8969
2,np,IS NP,22,0.023969368830323218,0.022972853025794028,0.88375,0.8984
2,np,IS NP,23,0.023937879905104636,0.022705774810910226,0.8875,0.9021
2,np,IS NP,24,0.02359127885103226,0.02242244946062565,0.8865,0.9021
2,np,IS NP,25,0.02373962077498436,0.022972750782966615,0.88975,0.9001
2,np,IS NP,26,0.023495753929018974,0.022458969274163246,0.89125,0.9029
2,np,IS NP,27,0.022499150589108466,0.02145023278295994,0.8895,0.9052
2,np,IS NP,28,0.022290748849511148,0.021241153526306154,0.89125,0.9017
2,np,IS NP,29,0.022410876229405404,0.02129253569841385,0.89475,0.9077
2,np,IS NP,30,0.021672039210796357,0.020486346676945686,0.8975,0.909
2,np,IS NP,31,0.02122943726181984,0.020065854015946388,0.894,0.9088
2,np,IS NP,32,0.02099329197406769,0.01982286166846752,0.897,0.9089
2,np,IS NP,33,0.02066313897073269,0.019736029839515685,0.90025,0.9126
2,np,IS NP,34,0.020688812509179116,0.01980825992822647,0.903,0.9124
2,np,IS NP,35,0.0201620389521122,0.019233466586470602,0.90125,0.9095
2,np,IS NP,36,0.02010562375187874,0.019002004820108415,0.90475,0.9135
2,np,IS NP,37,0.019716754913330078,0.018893439069390297,0.90575,0.9121
2,np,IS NP,38,0.019522424563765527,0.018572012004256247,0.907,0.9173
2,np,IS NP,39,0.020112490460276605,0.019226544001698494,0.906,0.9139
2,np,IS NP,40,0.019907363161444664,0.0190095982581377,0.90425,0.9172
2,np,IS NP,41,0.019815142527222634,0.01879929570555687,0.909,0.9189
2,np,IS NP,42,0.019461918979883194,0.018493086433410643,0.90875,0.9183
2,np,IS NP,43,0.019607725977897644,0.018511251455545424,0.908,0.9206
2,np,IS NP,44,0.018559298291802407,0.01754250293970108,0.91475,0.9243
2,np,IS NP,45,0.018599685072898865,0.017660178849101066,0.90925,0.921
2,np,IS NP,46,0.01852026242017746,0.017590753948688507,0.91175,0.9215
2,np,IS NP,47,0.019061993420124053,0.018110432183742524,0.9115,0.9195
2,np,IS NP,48,0.019224322572350502,0.01838200453221798,0.91175,0.9178
2,np,IS NP,49,0.018559508442878722,0.017633785331249235,0.91075,0.9184
2,np,IS NP,50,0.01829169838130474,0.01719866895675659,0.9155,0.9221
2,np,IS NP,51,0.018421147719025612,0.01733040187060833,0.91275,0.9225
2,np,IS NP,52,0.018512020856142043,0.01754731689989567,0.91325,0.9224
2,np,IS NP,53,0.01803307721018791,0.017067394849658014,0.91475,0.9251
2,np,IS NP,54,0.018285555824637412,0.01723700583577156,0.9175,0.9256
2,np,IS NP,55,0.018385992139577867,0.01711478782892227,0.91525,0.9243
2,np,IS NP,56,0.017437123000621797,0.016709308484196665,0.917,0.9253
2,np,IS NP,57,0.0179223640114069,0.016896159473061563,0.91625,0.9268
2,np,IS NP,58,0.017709965258836745,0.01674290999174118,0.913,0.93
2,np,IS NP,59,0.017929174974560737,0.01703107094466686,0.91925,0.9294
2,np,IS NP,60,0.01754683229327202,0.016497741544246675,0.91775,0.9276
2,np,IS NP,61,0.017330083683133126,0.016406340143084525,0.917,0.9256
2,np,IS NP,62,0.017623922556638718,0.0163704852193594,0.92125,0.928
2,np,IS NP,63,0.016847876474261284,0.015980308333039282,0.923,0.9295
2,np,IS NP,64,0.017293300062417985,0.01611001068651676,0.92075,0.9285
2,np,IS NP,65,0.01701311421394348,0.015952055186033248,0.91975,0.9277
2,np,IS NP,66,0.017012379467487335,0.01598441156744957,0.922,0.9308
2,np,IS NP,67,0.01732717703282833,0.016472220182418822,0.92175,0.9291
2,np,IS NP,68,0.01615361215174198,0.015414155194163323,0.9235,0.9314
2,np,IS NP,69,0.016392476081848146,0.015723595380783082,0.926,0.9324
2,np,IS NP,70,0.01640617921948433,0.0156782696723938,0.92275,0.9301
2,np,IS NP,71,0.01644694934785366,0.015653932830691338,0.926,0.9319
2,np,IS NP,72,0.01702178145945072,0.016004376327991485,0.92075,0.932
2,np,IS NP,73,0.016478379786014557,0.015519218789041042,0.9245,0.9326
2,np,IS NP,74,0.01626917199790478,0.015493389873206616,0.92475,0.9322
2,np,IS NP,75,0.01611956502497196,0.01531296159774065,0.924,0.9337
2,np,IS NP,76,0.015903942227363587,0.015011322700977325,0.9265,0.9352
2,np,IS NP,77,0.016335460469126702,0.015332747316360473,0.925,0.937
2,np,IS NP,78,0.016300971925258638,0.015362586724758149,0.9255,0.9321
2,np,IS NP,79,0.01632678733766079,0.015355176118016243,0.92225,0.9337
2,np,IS NP,80,0.015649192243814468,0.014780963328480721,0.92175,0.9344
2,np,IS NP,81,0.01620488415658474,0.015302430960536004,0.92375,0.9336
2,np,IS NP,82,0.015376265361905098,0.014616677151620388,0.92675,0.9369
2,np,IS NP,83,0.01575317816436291,0.014597842812538148,0.9255,0.9377
2,np,IS NP,84,0.01566040948033333,0.014581056393682956,0.92375,0.9363
2,np,IS NP,85,0.015753553077578544,0.014794246216118336,0.9215,0.9369
2,np,IS NP,86,0.015149926885962487,0.014249014972150326,0.9275,0.9366
2,np,IS NP,87,0.015507271811366082,0.01447088016718626,0.92725,0.9367
2,np,IS NP,88,0.015113380506634713,0.013966066318750381,0.92775,0.937
2,np,IS NP,89,0.01509285332262516,0.014012253333628178,0.92375,0.9362
2,np,IS NP,90,0.015248011097311973,0.014295064359903336,0.93,0.9384
2,np,IS NP,91,0.014718217633664607,0.013900822459161282,0.928,0.9371
2,np,IS NP,92,0.015219529941678047,0.014295475512742996,0.92925,0.9345
2,np,IS NP,93,0.015068158432841301,0.014140317565202712,0.9255,0.9357
2,np,IS NP,94,0.014918842136859893,0.014264929546415806,0.93025,0.9369
2,np,IS NP,95,0.015160908311605454,0.01445862489193678,0.928,0.935
2,np,IS NP,96,0.015020369455218315,0.014260241907835007,0.92975,0.9381
2,np,IS NP,97,0.014589575119316578,0.013814380453526974,0.9315,0.9391
2,np,IS NP,98,0.014868467852473258,0.013880305281281471,0.93125,0.9412
2,np,IS NP,99,0.014447356089949608,0.013357251723110676,0.9275,0.9411
2,np,IS NP,100,0.014480238169431687,0.013643960306048393,0.93075,0.9398
2,np,IS NP,101,0.014390931650996207,0.013606506304442883,0.929,0.9381
2,np,IS NP,102,0.014904063612222672,0.0138959088742733,0.92925,0.9422
2,np,IS NP,103,0.014381058782339097,0.013686847597360611,0.931,0.9406
2,np,IS NP,104,0.014185399889945985,0.013382215434312821,0.93425,0.9411
2,np,IS NP,105,0.014335529394447804,0.013599659192562103,0.935,0.9416
2,np,IS NP,106,0.014575818061828612,0.0139053372874856,0.933,0.9415
2,np,IS NP,107,0.014674368187785149,0.013793110240995884,0.932,0.9406
2,np,IS NP,108,0.013985539302229882,0.013337678273022175,0.936,0.9415
2,np,IS NP,109,0.014123701214790344,0.013274930374324322,0.93425,0.9413
2,np,IS NP,110,0.014183268837630748,0.013420284669101239,0.935,0.9429
2,np,IS NP,111,0.014008931457996369,0.013339799457788468,0.9375,0.9412
2,np,IS NP,112,0.013942636631429195,0.013171054264903068,0.938,0.9406
2,np,IS NP,113,0.013564063228666783,0.012912482641637326,0.938,0.9441
2,np,IS NP,114,0.014465881168842315,0.013669461365044117,0.9345,0.9416
2,np,IS NP,115,0.014001650296151639,0.01325091791152954,0.938,0.9443
2,np,IS NP,116,0.013696487598121166,0.013078998078405858,0.9395,0.943
2,np,IS NP,117,0.013752057008445263,0.013047524639964104,0.9355,0.9417
2,np,IS NP,118,0.013629906378686428,0.012986568896472454,0.939,0.9422
2,np,IS NP,119,0.013591391786932945,0.012701993055641651,0.93825,0.9431
2,np,IS NP,120,0.01353898625075817,0.012811422656476498,0.9375,0.9439
2,np,IS NP,121,0.013890472419559955,0.013110164211690426,0.93625,0.9442
2,np,IS NP,122,0.014195982448756694,0.013617052000761033,0.93825,0.9438
2,np,IS NP,123,0.013888711720705032,0.013268256255984306,0.937,0.9422
2,np,IS NP,124,0.013859302937984467,0.013012239949405193,0.93375,0.9434
2,np,IS NP,125,0.014054888099431992,0.013347367253899574,0.93525,0.9425
2,np,IS NP,126,0.01369656339287758,0.012970158709585667,0.9385,0.9448
2,np,IS NP,127,0.013370014287531377,0.012852847065031528,0.93725,0.9422
2,np,IS NP,128,0.01353885643929243,0.013046883183717727,0.94,0.9436
2,np,IS NP,129,0.013480267219245433,0.012820142644643784,0.93725,0.9443
2,np,IS NP,130,0.013245647557079791,0.012486208747327327,0.93875,0.9467
2,np,IS NP,131,0.013319085709750652,0.012664330130815506,0.938,0.9453
2,np,IS NP,132,0.013269296489655972,0.012760809867084026,0.9395,0.9454
2,np,IS NP,133,0.013104607999324799,0.012643195232748984,0.93975,0.9455
2,np,IS NP,134,0.013299749746918678,0.012852411137521266,0.942,0.9446
2,np,IS NP,135,0.013321530364453793,0.012958451291918754,0.94425,0.9434
2,np,IS NP,136,0.013169870018959045,0.012687159931659699,0.94075,0.9436
2,np,IS NP,137,0.013307575717568397,0.012731817542016506,0.9415,0.9476
2,np,IS NP,138,0.013595822922885418,0.012870151442289353,0.941,0.9471
2,np,IS NP,139,0.012987732663750648,0.012301794938743114,0.94175,0.9461
2,np,IS NP,140,0.013065128326416016,0.012357620495557785,0.94225,0.9468
2,np,IS NP,141,0.013130968384444714,0.012443216863274575,0.94275,0.9467
2,np,IS NP,142,0.013159737959504127,0.012383986572921276,0.94025,0.9467
2,np,IS NP,143,0.013334614410996436,0.012699889363348484,0.941,0.9452
2,np,IS NP,144,0.013048529252409935,0.012498987664282321,0.9405,0.9452
2,np,IS NP,145,0.013038325548171997,0.012428171421587466,0.938,0.9458
2,np,IS NP,146,0.012970640204846859,0.012195505018532277,0.93925,0.9479
2,np,IS NP,147,0.013452471144497394,0.012717134001851082,0.93875,0.9451
2,np,IS NP,148,0.01332625824958086,0.01253781365454197,0.93525,0.9478
2,np,IS NP,149,0.012922176733613015,0.012073463729023933,0.93875,0.9483
2,np,IS NP,150,0.013280341863632202,0.012511437107622623,0.9385,0.948
2,np,IS NP,151,0.013054636687040329,0.01220720608383417,0.9385,0.9506
2,np,IS NP,152,0.012622142672538757,0.011984444910287858,0.9435,0.9486
2,np,IS NP,153,0.012473461553454399,0.01182013058066368,0.94175,0.9482
2,np,IS NP,154,0.012411591082811356,0.0117528559923172,0.941,0.9491
2,np,IS NP,155,0.012710699290037155,0.011994238996505738,0.9405,0.9476
2,np,IS NP,156,0.01258501149713993,0.012174112355709076,0.94225,0.9476
2,np,IS NP,157,0.01291175989061594,0.012217480072379112,0.94175,0.9484
2,np,IS NP,158,0.012652926728129387,0.011808805121481419,0.94175,0.95
2,np,IS NP,159,0.012716860093176364,0.011981426204741002,0.94175,0.9493
2,np,IS NP,160,0.01240122278779745,0.011903784592449665,0.94475,0.9508
2,np,IS NP,161,0.01252064659446478,0.011861180865764619,0.945,0.9495
2,np,IS NP,162,0.012505217872560025,0.011633453406393528,0.94375,0.9523
2,np,IS NP,163,0.012199412815272807,0.011552131663262844,0.94525,0.9501
2,np,IS NP,164,0.012106084115803242,0.01136415077149868,0.94575,0.9525
2,np,IS NP,165,0.01189960613846779,0.011213189153373241,0.94575,0.9533
2,np,IS NP,166,0.01210888359695673,0.011639889192581177,0.94375,0.9504
2,np,IS NP,167,0.012452283091843128,0.011728984048962592,0.9445,0.9503
2,np,IS NP,168,0.012185561418533325,0.011615352518856526,0.94525,0.9497
2,np,IS NP,169,0.01228791917860508,0.011897889779508114,0.9465,0.9501
2,np,IS NP,170,0.012025307215750217,0.011582548616826534,0.944,0.9503
2,np,IS NP,171,0.012198059402406215,0.01190853828638792,0.94525,0.9493
2,np,IS NP,172,0.011864880412817,0.01144295085221529,0.943,0.9488
2,np,IS NP,173,0.011841887786984443,0.011564104329049587,0.94625,0.9499
2,np,IS NP,174,0.011858881078660488,0.011464364919066428,0.946,0.9504
2,np,IS NP,175,0.011930229060351849,0.011416840413212776,0.94725,0.9508
2,np,IS NP,176,0.011860085256397724,0.011362073640525341,0.94725,0.949
2,np,IS NP,177,0.012157459676265716,0.011547250083088875,0.9505,0.9524
2,np,IS NP,178,0.011695158950984478,0.011233937507867813,0.9485,0.952
2,np,IS NP,179,0.011632405661046504,0.01111851423382759,0.94925,0.954
2,np,IS NP,180,0.011736776009202003,0.011312917038798333,0.946,0.9512
2,np,IS NP,181,0.012063164733350278,0.011374361695349217,0.9455,0.9518
2,np,IS NP,182,0.012013609915971757,0.011366811209917069,0.94775,0.9523
2,np,IS NP,183,0.011613718919456005,0.011118038542568683,0.94625,0.9519
2,np,IS NP,184,0.012319745257496835,0.011823216846585273,0.945,0.9505
2,np,IS NP,185,0.012101771280169487,0.01150457964092493,0.9425,0.949
2,np,IS NP,186,0.012043518476188182,0.011414439190924167,0.9445,0.9504
2,np,IS NP,187,0.011913655199110508,0.011354885238409043,0.94525,0.9506
2,np,IS NP,188,0.011908639870584012,0.011435598529875279,0.9435,0.9509
2,np,IS NP,189,0.011777128256857396,0.011093668632209302,0.9445,0.9512
2,np,IS NP,190,0.012179921507835388,0.011551061581075191,0.9425,0.951
2,np,IS NP,191,0.012093562386929988,0.011341475611925125,0.94275,0.9517
2,np,IS NP,192,0.012221883095800877,0.011426191464066506,0.94,0.9491
2,np,IS NP,193,0.012409210413694381,0.011809146353602409,0.943,0.9505
2,np,IS NP,194,0.012226832546293736,0.011451185274124146,0.941,0.9513
2,np,IS NP,195,0.011875228926539421,0.011225769565999508,0.94275,0.9503
2,np,IS NP,196,0.011630692601203918,0.010947478197515011,0.944,0.951
2,np,IS NP,197,0.0117074741050601,0.011140499071776867,0.945,0.9508
2,np,IS NP,198,0.011890888713300228,0.011530341286957265,0.945,0.9514
2,np,IS NP,199,0.011753602929413319,0.011266875234246253,0.9475,0.9532
2,np,IS NP,200,0.011386182859539986,0.011044128307700157,0.94825,0.9528
2,np,IS NP,201,0.011311595238745212,0.010923737679421902,0.9505,0.954
2,np,IS NP,202,0.01132047851383686,0.01086396957039833,0.94925,0.9517
2,np,IS NP,203,0.011652394942939282,0.011302622087299824,0.94875,0.9524
2,np,IS NP,204,0.01165349082648754,0.011395258820056915,0.94775,0.9513
2,np,IS NP,205,0.011110987320542335,0.010763003373146058,0.94925,0.9519
2,np,IS NP,206,0.01173286397755146,0.011411165344715118,0.94575,0.9507
2,np,IS NP,207,0.011466746591031552,0.011158810774981976,0.9495,0.9519
2,np,IS NP,208,0.01162297037243843,0.011185502707958222,0.9475,0.9509
2,np,IS NP,209,0.011282194539904594,0.011019323527812958,0.95025,0.9522
2,np,IS NP,210,0.011390521995723248,0.011035099151730537,0.95275,0.9545
2,np,IS NP,211,0.011293048731982709,0.010937660790979862,0.95125,0.9543
2,np,IS NP,212,0.011028397180140018,0.010721611285209655,0.9515,0.9536
2,np,IS NP,213,0.011000003777444362,0.010733401423692703,0.95375,0.9534
2,np,IS NP,214,0.011299970373511315,0.011097941575944424,0.953,0.9537
2,np,IS NP,215,0.011194373056292534,0.01083066003024578,0.951,0.9534
2,np,IS NP,216,0.011542908109724522,0.011186615674197674,0.951,0.9549
2,np,IS NP,217,0.011929626509547233,0.011534949013590813,0.948,0.9527
2,np,IS NP,218,0.012164493419229984,0.01169263348132372,0.94725,0.9523
2,np,IS NP,219,0.011608075685799121,0.010862553891539574,0.94675,0.9528
2,np,IS NP,220,0.011794854000210762,0.0111308957695961,0.946,0.953
2,np,IS NP,221,0.011704121947288513,0.011144109897315502,0.945,0.9509
2,np,IS NP,222,0.011423281237483025,0.010863582815229892,0.948,0.9523
2,np,IS NP,223,0.011242151394486427,0.010725201199948787,0.95,0.9545
2,np,IS NP,224,0.011484180465340615,0.010957524681091308,0.94525,0.9535
2,np,IS NP,225,0.011146213434636593,0.01055873753875494,0.94925,0.9544
2,np,IS NP,226,0.01122908067703247,0.010742223258316516,0.948,0.9547
2,np,IS NP,227,0.011324029870331287,0.011030745948851109,0.951,0.9552
2,np,IS NP,228,0.011214191153645515,0.01092833125293255,0.95225,0.953
2,np,IS NP,229,0.011390412472188473,0.011048311743140221,0.951,0.9542
2,np,IS NP,230,0.0112651372179389,0.010813361804187297,0.95225,0.9524
2,np,IS NP,231,0.01093133134394884,0.010633710789680482,0.95175,0.9526
2,np,IS NP,232,0.011658671125769616,0.011378799659013748,0.9505,0.9523
2,np,IS NP,233,0.011132744364440441,0.010871833664178848,0.95,0.9547
2,np,IS NP,234,0.011087880916893483,0.010816347563266755,0.9485,0.9531
2,np,IS NP,235,0.011199044466018677,0.01076611249446869,0.9495,0.955
2,np,IS NP,236,0.011210318200290203,0.010892170003056527,0.949,0.9519
2,np,IS NP,237,0.011115028016269207,0.010752194675803184,0.9525,0.953
2,np,IS NP,238,0.011272493295371533,0.010735165643692016,0.9535,0.9542
2,np,IS NP,239,0.011603627473115921,0.011157396949827671,0.95275,0.955
2,np,IS NP,240,0.011084194019436836,0.010482088556885719,0.952,0.9565
2,np,IS NP,241,0.011066361457109451,0.010556331305205823,0.95025,0.9549
2,np,IS NP,242,0.011254463471472263,0.010654866889119149,0.95,0.9562
2,np,IS NP,243,0.011297859609127044,0.010608537277579308,0.95175,0.9552
2,np,IS NP,244,0.011139878079295158,0.010587594099342823,0.95125,0.9564
2,np,IS NP,245,0.010906757287681102,0.010322637912631034,0.9515,0.955
2,np,IS NP,246,0.010711506359279156,0.010208941213786602,0.9535,0.9561
2,np,IS NP,247,0.010957555577158927,0.010423148038983344,0.95225,0.9544
2,np,IS NP,248,0.01091511357575655,0.010421616159379482,0.95225,0.9555
2,np,IS NP,249,0.011254232458770275,0.01047827660292387,0.95175,0.9563
2,np,IS NP,250,0.011212640643119812,0.010316996164619922,0.95,0.957
2,np,IS NP,251,0.011105983942747116,0.01032423545718193,0.952,0.9561
2,np,IS NP,252,0.011127727068960667,0.010444213427603245,0.951,0.9566
2,np,IS NP,253,0.010913347363471985,0.010184644709527492,0.95175,0.9566
2,np,IS NP,254,0.011139694325625896,0.01036138936728239,0.94925,0.957
2,np,IS NP,255,0.010727162159979344,0.01015777949988842,0.95325,0.9568
2,np,IS NP,256,0.010912959143519401,0.010353256712853908,0.955,0.9561
2,np,IS NP,257,0.011283128105103969,0.01050137011706829,0.95425,0.9578
2,np,IS NP,258,0.010873081244528293,0.010340511287748813,0.95425,0.9568
2,np,IS NP,259,0.011100459031760693,0.010473429876565934,0.95125,0.9577
2,np,IS NP,260,0.010767488099634648,0.010395792700350284,0.95325,0.9547
2,np,IS NP,261,0.01071109265834093,0.010397611388564109,0.95625,0.9545
2,np,IS NP,262,0.011240503452718258,0.010801218631863594,0.95275,0.9557
2,np,IS NP,263,0.010656213030219078,0.010224088037014007,0.9535,0.9553
2,np,IS NP,264,0.010530575186014175,0.01007890599220991,0.95375,0.9566
2,np,IS NP,265,0.010774952232837677,0.01022919387370348,0.94975,0.9583
2,np,IS NP,266,0.010917678251862526,0.010247279678285122,0.9515,0.9562
2,np,IS NP,267,0.011060035616159439,0.010500509439408778,0.9515,0.9565
2,np,IS NP,268,0.0107056342959404,0.010054896831512452,0.95125,0.9577
2,np,IS NP,269,0.011336118169128894,0.010920742218196392,0.951,0.9544
2,np,IS NP,270,0.011010484926402568,0.010585061237215997,0.95,0.9553
2,np,IS NP,271,0.010898194774985314,0.010447776246070862,0.952,0.9575
2,np,IS NP,272,0.010931173622608184,0.010457665531337262,0.95375,0.9571
2,np,IS NP,273,0.01093223112821579,0.010532947787642478,0.95375,0.9573
2,np,IS NP,274,0.010703158035874367,0.010306769527494907,0.95425,0.9581
2,np,IS NP,275,0.011070291563868523,0.010791367226839066,0.95425,0.9554
2,np,IS NP,276,0.010541653044521808,0.010021311649680138,0.9525,0.9582
2,np,IS NP,277,0.011047464601695537,0.010353937710821628,0.951,0.9583
2,np,IS NP,278,0.011066566713154317,0.010469192238152026,0.95125,0.9583
2,np,IS NP,279,0.010954514920711518,0.0104994852617383,0.95175,0.9583
2,np,IS NP,280,0.011274155177175999,0.010835016314685345,0.9545,0.9566
2,np,IS NP,281,0.010729872956871986,0.010345525313913822,0.955,0.9564
2,np,IS NP,282,0.010460881263017655,0.010123206517100334,0.95375,0.956
2,np,IS NP,283,0.011201055064797402,0.010852030934393407,0.95275,0.9552
2,np,IS NP,284,0.010623110093176364,0.010322458112239837,0.95275,0.9555
2,np,IS NP,285,0.010815577253699303,0.010592781350016595,0.951,0.9524
2,np,IS NP,286,0.010814771354198456,0.010499470253288746,0.953,0.9562
2,np,IS NP,287,0.010799880631268025,0.01048296224027872,0.95175,0.9558
2,np,IS NP,288,0.010720719717442989,0.010484608417749406,0.955,0.9546
2,np,IS NP,289,0.011047135055065155,0.010606883823871613,0.951,0.9571
2,np,IS NP,290,0.010874925531446934,0.010401094567775727,0.95425,0.956
2,np,IS NP,291,0.010764799192547797,0.010401926010847091,0.95325,0.9567
2,np,IS NP,292,0.010651565603911877,0.010194293880462647,0.953,0.9578
2,np,IS NP,293,0.01094177196919918,0.010382797588407993,0.95025,0.9574
2,np,IS NP,294,0.010890506803989411,0.010457580944895744,0.95225,0.9564
2,np,IS NP,295,0.011078514210879803,0.01070961977392435,0.951,0.9559
2,np,IS NP,296,0.011103466980159283,0.01078185867369175,0.9525,0.9549
2,np,IS NP,297,0.011077249631285667,0.010693356537818909,0.9515,0.9551
2,np,IS NP,298,0.010876289866864682,0.01043193274140358,0.95125,0.956
2,np,IS NP,299,0.010629943780601024,0.010264722481369972,0.9535,0.9555
2,np,IS NP,300,0.01088000625371933,0.010543065187335015,0.95125,0.9535
2,np,IS NP,301,0.01091322136670351,0.010380163522064686,0.95275,0.9556
2,np,IS NP,302,0.010934321634471417,0.010611648671329021,0.954,0.9558
2,np,IS NP,303,0.010839582763612271,0.0104157778814435,0.9525,0.9574
2,np,IS NP,304,0.010736005283892154,0.010362051321566104,0.951,0.9555
2,np,IS NP,305,0.011206195831298829,0.010849769005179406,0.95425,0.9562
2,np,IS NP,306,0.010772640049457551,0.01043184769153595,0.95325,0.9553
2,np,IS NP,307,0.01079228761047125,0.010250734111666679,0.9545,0.9583
2,np,IS NP,308,0.01085459802299738,0.010425425094366074,0.9535,0.957
2,np,IS NP,309,0.010825174801051617,0.010570362821221351,0.95475,0.9575
2,np,IS NP,310,0.010614787876605988,0.010337128062546254,0.95275,0.9568
2,np,IS NP,311,0.01066082277148962,0.010167846029996873,0.95375,0.9584
2,np,IS NP,312,0.010951757833361626,0.01050392549186945,0.94925,0.9557
2,np,IS NP,313,0.010856359258294106,0.010448563314974308,0.95125,0.9574
2,np,IS NP,314,0.010785293854773045,0.01037226824015379,0.95125,0.9578
2,np,IS NP,315,0.011000228956341743,0.010634972457587719,0.95125,0.9584
2,np,IS NP,316,0.0106881333142519,0.01043722143471241,0.9515,0.957
2,np,IS NP,317,0.010675277426838875,0.010412000212073325,0.951,0.9577
2,np,IS NP,318,0.010378431782126427,0.01023160200715065,0.95125,0.9583
2,np,IS NP,319,0.01034579898416996,0.010100301176309586,0.95275,0.9582
2,np,IS NP,320,0.01050799933820963,0.010346694131195546,0.9545,0.9574
2,np,IS NP,321,0.010222874410450458,0.01013575505912304,0.9565,0.9576
2,np,IS NP,322,0.010637533359229564,0.010363244824111462,0.95475,0.9569
2,np,IS NP,323,0.010379254780709744,0.010091194802522659,0.95525,0.9564
2,np,IS NP,324,0.0103202188834548,0.00991355513483286,0.954,0.9583
2,np,IS NP,325,0.010267203778028488,0.010056368339061737,0.95625,0.9582
2,np,IS NP,326,0.01043797668069601,0.010220907181501388,0.955,0.9571
2,np,IS NP,327,0.010269798599183559,0.009970269185304642,0.9535,0.9584
2,np,IS NP,328,0.010324020743370056,0.010123659072816371,0.9545,0.9589
2,np,IS NP,329,0.010126693286001682,0.010059076210856438,0.9555,0.9593
2,np,IS NP,330,0.010333859525620938,0.01008449241220951,0.9515,0.9577
2,np,IS NP,331,0.010790760710835456,0.010581690017879009,0.955,0.9566
2,np,IS NP,332,0.010231777809560298,0.010026754175126553,0.95375,0.9569
2,np,IS NP,333,0.010517731323838235,0.01027865830808878,0.95575,0.9575
2,np,IS NP,334,0.010311326809227467,0.010082555881142615,0.952,0.9574
2,np,IS NP,335,0.010271664172410966,0.010214980772137642,0.954,0.9583
2,np,IS NP,336,0.010265096083283425,0.010125392930209637,0.9555,0.9576
2,np,IS NP,337,0.010766927622258664,0.01057844636887312,0.951,0.9551
2,np,IS NP,338,0.010780083976686,0.010586499156057834,0.95275,0.9562
2,np,IS NP,339,0.010517752774059773,0.010181864920258523,0.9505,0.9565
2,np,IS NP,340,0.011175871782004833,0.010825684218108655,0.95125,0.9582
2,np,IS NP,341,0.010471979402005673,0.010225083929300308,0.95275,0.9573
2,np,IS NP,342,0.010081929497420788,0.009949342730641365,0.95525,0.9578
2,np,IS NP,343,0.010201216287910939,0.010065726864337921,0.9545,0.9571
2,np,IS NP,344,0.01038307248055935,0.01027086980342865,0.95575,0.9586
2,np,IS NP,345,0.010183065928518772,0.010055607663094997,0.9535,0.9575
2,np,IS NP,346,0.010522259064018727,0.01036634400933981,0.9515,0.9588
2,np,IS NP,347,0.010353714868426322,0.010219157060980796,0.95025,0.9569
2,np,IS NP,348,0.009993228211998939,0.00997588185966015,0.95525,0.9574
2,np,IS NP,349,0.01016047640889883,0.010055246908962727,0.9535,0.9578
2,np,IS NP,350,0.01004049413651228,0.009989142036437988,0.95425,0.9591
2,np,IS NP,351,0.009881116643548012,0.009723430539667606,0.951,0.9574
2,np,IS NP,352,0.010125111259520054,0.00993213079571724,0.95475,0.9584
2,np,IS NP,353,0.010173254564404488,0.010243049354851246,0.95725,0.9588
2,np,IS NP,354,0.010123445183038711,0.01005312430113554,0.9545,0.9601
2,np,IS NP,355,0.010223638907074927,0.010129114946722985,0.9555,0.9586
2,np,IS NP,356,0.009823389038443566,0.009640635946393012,0.95625,0.9583
2,np,IS NP,357,0.01021206345409155,0.010007294657826423,0.955,0.958
2,np,IS NP,358,0.010114413172006608,0.00997501116991043,0.95575,0.9564
2,np,IS NP,359,0.010289128437638283,0.010312372677028179,0.956,0.9563
2,np,IS NP,360,0.01002300600707531,0.009965410274267197,0.9555,0.9596
2,np,IS NP,361,0.009847787365317344,0.009711693416535855,0.954,0.9598
2,np,IS NP,362,0.009948314487934113,0.009891138343513012,0.956,0.96
2,np,IS NP,363,0.0097514294013381,0.009687402981519698,0.95675,0.9609
2,np,IS NP,364,0.009754175528883934,0.0097819214746356,0.958,0.9593
2,np,IS NP,365,0.010097085915505887,0.009929350496828556,0.95425,0.9597
2,np,IS NP,366,0.009947474107146264,0.009927155064046383,0.95725,0.9592
2,np,IS NP,367,0.010432754307985306,0.010622142939269543,0.9575,0.9589
2,np,IS NP,368,0.010069685831665993,0.010282807214558124,0.95775,0.9575
2,np,IS NP,369,0.009862650863826275,0.009955965432524682,0.9575,0.9588
2,np,IS NP,370,0.010030849628150464,0.009962714789807797,0.95875,0.9599
2,np,IS NP,371,0.01045229420810938,0.010485712040960788,0.956,0.9572
2,np,IS NP,372,0.010429573364555836,0.010432658180594445,0.955,0.9551
2,np,IS NP,373,0.009887182660400867,0.01003859328776598,0.9555,0.9578
2,np,IS NP,374,0.009787118330597878,0.009929925785958768,0.95725,0.9596
2,np,IS NP,375,0.009877112559974194,0.009775356236100197,0.95675,0.9603
2,np,IS NP,376,0.009954914413392545,0.00990555628091097,0.9555,0.957
2,np,IS NP,377,0.010084627114236355,0.00998782536238432,0.9555,0.9587
2,np,IS NP,378,0.009821139708161354,0.00981086156964302,0.95625,0.9582
2,np,IS NP,379,0.010137188002467155,0.010233686608076095,0.95775,0.9561
2,np,IS NP,380,0.009767523139715194,0.00987832649052143,0.95725,0.9581
2,np,IS NP,381,0.009981300361454486,0.009963452018797397,0.955,0.9588
2,np,IS NP,382,0.010118267312645913,0.01016188842356205,0.95575,0.9594
2,np,IS NP,383,0.009660461187362671,0.00950906077325344,0.95575,0.9606
2,np,IS NP,384,0.00990058670192957,0.009556987157464027,0.953,0.96
2,np,IS NP,385,0.00998347568511963,0.00953823676854372,0.954,0.9603
2,np,IS NP,386,0.009741366408765316,0.009439059028029441,0.95325,0.96
2,np,IS NP,387,0.009876900523900986,0.00966833826303482,0.95525,0.9601
2,np,IS NP,388,0.010007034100592137,0.00955472460091114,0.95425,0.9602
2,np,IS NP,389,0.010067714028060436,0.009690865251421928,0.95425,0.9592
2,np,IS NP,390,0.009785620085895062,0.009501064682006836,0.95575,0.9602
2,np,IS NP,391,0.00996823999285698,0.009675511781871319,0.9545,0.9604
2,np,IS NP,392,0.00979028294980526,0.009635033309459686,0.95575,0.9593
2,np,IS NP,393,0.009913481295108795,0.009682197058200837,0.957,0.9609
2,np,IS NP,394,0.009562113665044308,0.009359219385683536,0.95575,0.9602
2,np,IS NP,395,0.00998904724419117,0.00973085219413042,0.95525,0.958
2,np,IS NP,396,0.010188196159899235,0.010069829362630844,0.95325,0.9577
2,np,IS NP,397,0.009938315883278847,0.009649660116434098,0.954,0.9577
2,np,IS NP,398,0.009649866066873073,0.009461487384140491,0.9555,0.9598
2,np,IS NP,399,0.009661143250763416,0.009379871892929078,0.955,0.9603
2,np,IS NP,400,0.009580317728221417,0.009416150461137295,0.95625,0.9604
2,np_fixed,Vanilla NP,1,0.08961344558000564,0.08952784639596939,0.197,0.207
2,np_fixed,Vanilla NP,2,0.08649025595188141,0.08635491045713424,0.36825,0.3736
2,np_fixed,Vanilla NP,3,0.08412265992164612,0.08391857520341874,0.467,0.4772
2,np_fixed,Vanilla NP,4,0.08175721019506454,0.08153913289308548,0.5295,0.5387
2,np_fixed,Vanilla NP,5,0.07904201221466065,0.07876416789293289,0.58575,0.5946
2,np_fixed,Vanilla NP,6,0.07641967785358429,0.07611699036359787,0.589,0.6011
2,np_fixed,Vanilla NP,7,0.07310292047262192,0.07282597244977951,0.60925,0.6195
2,np_fixed,Vanilla NP,8,0.07043438547849655,0.07017143112421036,0.6065,0.6181
2,np_fixed,Vanilla NP,9,0.06757292127609253,0.06720664895772933,0.64625,0.6528
2,np_fixed,Vanilla NP,10,0.06514992529153824,0.06475161907672881,0.65875,0.667
2,np_fixed,Vanilla NP,11,0.0629310799241066,0.06251132809519767,0.66975,0.682
2,np_fixed,Vanilla NP,12,0.06082651290297508,0.060434839594364166,0.68825,0.6993
2,np_fixed,Vanilla NP,13,0.058823302924633024,0.058438233208656314,0.68475,0.6951
2,np_fixed,Vanilla NP,14,0.0569309955239296,0.05650058444738388,0.7,0.7151
2,np_fixed,Vanilla NP,15,0.05551434072852135,0.05508826013207436,0.7245,0.7334
2,np_fixed,Vanilla NP,16,0.054292109102010724,0.05387253988981247,0.719,0.7335
2,np_fixed,Vanilla NP,17,0.053233803033828735,0.052762557286024095,0.739,0.7525
2,np_fixed,Vanilla NP,18,0.051874292850494386,0.05143278639912605,0.75,0.763
2,np_fixed,Vanilla NP,19,0.05091400948166847,0.0504019215285778,0.748,0.7586
2,np_fixed,Vanilla NP,20,0.05007021814584732,0.04962177585363388,0.76175,0.7729
2,np_fixed,Vanilla NP,21,0.048894891738891604,0.04843783320188522,0.74675,0.7593
2,np_fixed,Vanilla NP,22,0.04824884822964668,0.04780573144555092,0.755,0.7665
2,np_fixed,Vanilla NP,23,0.047627820134162904,0.047116698110103605,0.765,0.7821
2,np_fixed,Vanilla NP,24,0.047265053868293765,0.04685391249060631,0.77025,0.7845
2,np_fixed,Vanilla NP,25,0.04713130098581314,0.04672492614984512,0.785,0.7949
2,np_fixed,Vanilla NP,26,0.04675515106320381,0.04639184744358063,0.7945,0.8021
2,np_fixed,Vanilla NP,27,0.04599138483405113,0.04570429583191871,0.79475,0.8081
2,np_fixed,Vanilla NP,28,0.045194853127002714,0.04477223346829414,0.79925,0.808
2,np_fixed,Vanilla NP,29,0.04479635891318321,0.04427769404649735,0.801,0.8107
2,np_fixed,Vanilla NP,30,0.04435594654083252,0.0438069985628128,0.803,0.8123
2,np_fixed,Vanilla NP,31,0.043637182772159576,0.04305508545637131,0.80475,0.8207
2,np_fixed,Vanilla NP,32,0.043571435987949374,0.042992707532644274,0.80775,0.8199
2,np_fixed,Vanilla NP,33,0.043053376138210295,0.04245935878753662,0.80375,0.8197
2,np_fixed,Vanilla NP,34,0.04269625917077065,0.04205599889159203,0.8165,0.8311
2,np_fixed,Vanilla NP,35,0.04257169404625893,0.04184181690216064,0.812,0.8263
2,np_fixed,Vanilla NP,36,0.042150539070367816,0.041476828879117966,0.8255,0.8381
2,np_fixed,Vanilla NP,37,0.042090811789035794,0.04145131952762604,0.816,0.8314
2,np_fixed,Vanilla NP,38,0.04156950250267982,0.040941502356529234,0.83075,0.8455
2,np_fixed,Vanilla NP,39,0.04102423742413521,0.04035433010458946,0.827,0.8371
2,np_fixed,Vanilla NP,40,0.04083598455786705,0.04009097214341164,0.81675,0.8332
2,np_fixed,Vanilla NP,41,0.040373375624418256,0.03948477241396904,0.82675,0.8437
2,np_fixed,Vanilla NP,42,0.0403333959877491,0.039558036524057386,0.845,0.8585
2,np_fixed,Vanilla NP,43,0.039987236320972445,0.039264387893676755,0.8395,0.8542
2,np_fixed,Vanilla NP,44,0.0397802956700325,0.03908676832318306,0.844,0.8569
2,np_fixed,Vanilla NP,45,0.039547863841056824,0.03892585986256599,0.82725,0.841
2,np_fixed,Vanilla NP,46,0.039475854992866516,0.03880371179580688,0.8435,0.8557
2,np_fixed,Vanilla NP,47,0.039426798939704896,0.038756180465221404,0.83625,0.848
2,np_fixed,Vanilla NP,48,0.0388375600874424,0.038013054072856906,0.844,0.8595
2,np_fixed,Vanilla NP,49,0.03844471696019173,0.03756460798382759,0.849,0.8627
2,np_fixed,Vanilla NP,50,0.03846375939249992,0.037787482237815855,0.85075,0.8605
2,np_fixed,Vanilla NP,51,0.03839506331086159,0.037644535785913466,0.841,0.854
2,np_fixed,Vanilla NP,52,0.03784799110889435,0.03686345930695534,0.84725,0.8646
2,np_fixed,Vanilla NP,53,0.03770750993490219,0.036900259178876876,0.84875,0.8593
2,np_fixed,Vanilla NP,54,0.03767027327418327,0.036851694732904436,0.85475,0.8658
2,np_fixed,Vanilla NP,55,0.037432935893535614,0.03662515555024147,0.8525,0.87
2,np_fixed,Vanilla NP,56,0.03713464599847793,0.03629760448932648,0.853,0.8689
2,np_fixed,Vanilla NP,57,0.037656404554843904,0.036954148173332216,0.85825,0.8701
2,np_fixed,Vanilla NP,58,0.036580255270004275,0.035817187249660494,0.8615,0.8725
2,np_fixed,Vanilla NP,59,0.03705262285470962,0.03617422762513161,0.8605,0.8701
2,np_fixed,Vanilla NP,60,0.03631520828604698,0.035298838996887204,0.86,0.8747
2,np_fixed,Vanilla NP,61,0.03648825922608376,0.03562827107310295,0.867,0.8799
2,np_fixed,Vanilla NP,62,0.03608910566568375,0.034961487364768985,0.86275,0.8746
2,np_fixed,Vanilla NP,63,0.036044238060712816,0.03506339021325111,0.86275,0.874
2,np_fixed,Vanilla NP,64,0.03544151401519775,0.0344529997587204,0.86275,0.8793
2,np_fixed,Vanilla NP,65,0.035169694751501085,0.03410099304914475,0.86275,0.8772
2,np_fixed,Vanilla NP,66,0.035458017736673356,0.034497008204460146,0.86175,0.8737
2,np_fixed,Vanilla NP,67,0.03570334029197693,0.034713217276334765,0.86,0.8756
2,np_fixed,Vanilla NP,68,0.03486967450380325,0.03403489772677422,0.86175,0.8758
2,np_fixed,Vanilla NP,69,0.03511852157115936,0.034284252738952636,0.85775,0.8756
2,np_fixed,Vanilla NP,70,0.03553959798812866,0.03463229211568832,0.85575,0.8762
2,np_fixed,Vanilla NP,71,0.03508305019140243,0.03412898424863815,0.8675,0.8793
2,np_fixed,Vanilla NP,72,0.03509311583638191,0.03427867894172668,0.86375,0.8776
2,np_fixed,Vanilla NP,73,0.03449411883950233,0.033484988886117936,0.87075,0.8821
2,np_fixed,Vanilla NP,74,0.03406594330072403,0.033010467219352725,0.86775,0.8823
2,np_fixed,Vanilla NP,75,0.03404354980587959,0.033310971516370774,0.87225,0.8837
2,np_fixed,Vanilla NP,76,0.03408343359827995,0.03307554593682289,0.8685,0.8838
2,np_fixed,Vanilla NP,77,0.033858745366334916,0.03321906059384346,0.86575,0.8813
2,np_fixed,Vanilla NP,78,0.034099557995796205,0.033183042848110196,0.8665,0.881
2,np_fixed,Vanilla NP,79,0.0344488659799099,0.033503797632455826,0.8635,0.881
2,np_fixed,Vanilla NP,80,0.033755794703960416,0.032825577229261396,0.871,0.8867
2,np_fixed,Vanilla NP,81,0.034115666627883914,0.0331206593811512,0.868,0.8861
2,np_fixed,Vanilla NP,82,0.03326803731918335,0.032251332896947864,0.87175,0.8879
2,np_fixed,Vanilla NP,83,0.033514070332050325,0.032711234164237976,0.86875,0.8852
2,np_fixed,Vanilla NP,84,0.03288909304141998,0.03230122603774071,0.86925,0.8834
2,np_fixed,Vanilla NP,85,0.032954854518175127,0.03221159464120865,0.87375,0.8862
2,np_fixed,Vanilla NP,86,0.03213852152228355,0.031344335475564006,0.875,0.8892
2,np_fixed,Vanilla NP,87,0.03265564742684364,0.03173722869157791,0.875,0.8904
2,np_fixed,Vanilla NP,88,0.03244466769695282,0.03152680693268776,0.87325,0.8902
2,np_fixed,Vanilla NP,89,0.0316290533542633,0.03067309576570988,0.86825,0.8906
2,np_fixed,Vanilla NP,90,0.03240603870153427,0.03137619945704937,0.87425,0.8884
2,np_fixed,Vanilla NP,91,0.03338801798224449,0.03221924934387207,0.8715,0.8888
2,np_fixed,Vanilla NP,92,0.03170408770442009,0.03065184921324253,0.87675,0.8931
2,np_fixed,Vanilla NP,93,0.032091757714748384,0.03101198610961437,0.868,0.8884
2,np_fixed,Vanilla NP,94,0.0319295052587986,0.030969393026828766,0.87225,0.8933
2,np_fixed,Vanilla NP,95,0.032128740757703785,0.031081598192453385,0.87725,0.893
2,np_fixed,Vanilla NP,96,0.032530162662267686,0.03155564858913422,0.87375,0.891
2,np_fixed,Vanilla NP,97,0.031885524451732636,0.03089982530474663,0.874,0.8906
2,np_fixed,Vanilla NP,98,0.032687902808189395,0.03187446765005589,0.87525,0.887
2,np_fixed,Vanilla NP,99,0.031854153007268904,0.030813260051608084,0.8755,0.8937
2,np_fixed,Vanilla NP,100,0.03113885909318924,0.02997640354335308,0.877,0.8935
2,np_fixed,Vanilla NP,101,0.03105628129839897,0.030167217764258385,0.8775,0.8887
2,np_fixed,Vanilla NP,102,0.030488582208752633,0.029627911657094955,0.8765,0.8919
2,np_fixed,Vanilla NP,103,0.03133787289261818,0.030495935609936714,0.875,0.8904
2,np_fixed,Vanilla NP,104,0.03105024480819702,0.0301030665576458,0.88025,0.8926
2,np_fixed,Vanilla NP,105,0.030942439585924148,0.02992628478705883,0.87675,0.891
2,np_fixed,Vanilla NP,106,0.030222581192851067,0.029254554876685143,0.87575,0.8925
2,np_fixed,Vanilla NP,107,0.030682287335395814,0.029863386338949204,0.876,0.8916
2,np_fixed,Vanilla NP,108,0.0301793791949749,0.029282170641422273,0.87625,0.8927
2,np_fixed,Vanilla NP,109,0.030475012838840486,0.02947676756978035,0.87875,0.8924
2,np_fixed,Vanilla NP,110,0.030456348434090615,0.029457457262277602,0.87225,0.893
2,np_fixed,Vanilla NP,111,0.030875958174467085,0.029878129944205283,0.88025,0.8955
2,np_fixed,Vanilla NP,112,0.030287282899022102,0.029316302710771562,0.87375,0.8879
2,np_fixed,Vanilla NP,113,0.03114505788683891,0.030194998767971992,0.87475,0.8894
2,np_fixed,Vanilla NP,114,0.02945901829004288,0.028413696229457854,0.8795,0.8974
2,np_fixed,Vanilla NP,115,0.029397967591881752,0.028550105702877044,0.8825,0.8979
2,np_fixed,Vanilla NP,116,0.02920649304986,0.028275824275612833,0.88175,0.897
2,np_fixed,Vanilla NP,117,0.03060587075352669,0.02967889021933079,0.8795,0.894
2,np_fixed,Vanilla NP,118,0.029409702360630036,0.028516171053051948,0.88175,0.8978
2,np_fixed,Vanilla NP,119,0.029946889787912368,0.02914687184393406,0.87975,0.898
2,np_fixed,Vanilla NP,120,0.029498185724020003,0.02854277612864971,0.882,0.8997
2,np_fixed,Vanilla NP,121,0.030010363444685936,0.029357781648635863,0.87975,0.8927
2,np_fixed,Vanilla NP,122,0.02988604311645031,0.028988515335321426,0.87875,0.8947
2,np_fixed,Vanilla NP,123,0.02933915410935879,0.028605990862846375,0.886,0.8999
2,np_fixed,Vanilla NP,124,0.028922121703624726,0.028103722727298736,0.87625,0.8957
2,np_fixed,Vanilla NP,125,0.029357958361506464,0.02842193540930748,0.881,0.8976
2,np_fixed,Vanilla NP,126,0.02880874465405941,0.028080067521333695,0.88375,0.9008
2,np_fixed,Vanilla NP,127,0.029401876404881476,0.0282881844997406,0.88025,0.8967
2,np_fixed,Vanilla NP,128,0.028867052033543585,0.027962059155106543,0.88625,0.9031
2,np_fixed,Vanilla NP,129,0.02876177170872688,0.027794242626428604,0.87925,0.9
2,np_fixed,Vanilla NP,130,0.02826828335225582,0.027243827372789384,0.88825,0.9026
2,np_fixed,Vanilla NP,131,0.028262512117624282,0.02749752215743065,0.88875,0.9035
2,np_fixed,Vanilla NP,132,0.028018581449985504,0.027104661267995836,0.88675,0.9027
2,np_fixed,Vanilla NP,133,0.028407515034079553,0.027467707139253617,0.88375,0.9032
2,np_fixed,Vanilla NP,134,0.028080047965049745,0.027071492794156073,0.88425,0.9016
2,np_fixed,Vanilla NP,135,0.02852928690612316,0.027449060848355293,0.88375,0.9031
2,np_fixed,Vanilla NP,136,0.029145253270864487,0.028353857865929602,0.89225,0.9021
2,np_fixed,Vanilla NP,137,0.027174195140600203,0.026246743592619897,0.892,0.9067
2,np_fixed,Vanilla NP,138,0.028339732065796853,0.027296345952153207,0.886,0.9017
2,np_fixed,Vanilla NP,139,0.027658622145652772,0.026793177697062492,0.89075,0.9035
2,np_fixed,Vanilla NP,140,0.028692090049386023,0.027786710911989213,0.8855,0.8998
2,np_fixed,Vanilla NP,141,0.02820808532834053,0.02705846454501152,0.88975,0.9031
2,np_fixed,Vanilla NP,142,0.030005248636007308,0.029193694323301315,0.887,0.9
2,np_fixed,Vanilla NP,143,0.027520224630832674,0.026428991162776947,0.88525,0.9045
2,np_fixed,Vanilla NP,144,0.02862932625412941,0.02754727897942066,0.879,0.8973
2,np_fixed,Vanilla NP,145,0.02903369104862213,0.027956030759215354,0.87925,0.8965
2,np_fixed,Vanilla NP,146,0.028453504502773286,0.027168937852978706,0.8875,0.9069
2,np_fixed,Vanilla NP,147,0.028324396029114723,0.02724742015004158,0.88675,0.9082
2,np_fixed,Vanilla NP,148,0.027496043413877486,0.026193005347251892,0.886,0.9041
2,np_fixed,Vanilla NP,149,0.028141079396009447,0.02683782534301281,0.8785,0.9016
2,np_fixed,Vanilla NP,150,0.027388050869107245,0.026278129550814627,0.8845,0.9037
2,np_fixed,Vanilla NP,151,0.027308867201209067,0.02609425365626812,0.8815,0.9027
2,np_fixed,Vanilla NP,152,0.02769618208706379,0.02652930596768856,0.881,0.9055
2,np_fixed,Vanilla NP,153,0.02801984451711178,0.026643860533833504,0.88525,0.9065
2,np_fixed,Vanilla NP,154,0.027332619175314904,0.025978001433610915,0.8825,0.9036
2,np_fixed,Vanilla NP,155,0.02755456307530403,0.026350817105174066,0.88625,0.9076
2,np_fixed,Vanilla NP,156,0.027544824376702307,0.026538096606731416,0.89,0.9006
2,np_fixed,Vanilla NP,157,0.028384707510471344,0.027338156589865683,0.8795,0.9007
2,np_fixed,Vanilla NP,158,0.027668963059782982,0.026756929206848145,0.889,0.9042
2,np_fixed,Vanilla NP,159,0.026470354750752448,0.025520812597870826,0.89075,0.9022
2,np_fixed,Vanilla NP,160,0.02620602609217167,0.02515597337782383,0.889,0.9054
2,np_fixed,Vanilla NP,161,0.02603939461708069,0.02490568018257618,0.89075,0.9057
2,np_fixed,Vanilla NP,162,0.02725579595565796,0.026012680566310883,0.884,0.9017
2,np_fixed,Vanilla NP,163,0.025916362062096597,0.024931592130661012,0.889,0.9076
2,np_fixed,Vanilla NP,164,0.025961778879165648,0.025026659402251242,0.885,0.9012
2,np_fixed,Vanilla NP,165,0.02572128462791443,0.024700316187739373,0.89225,0.908
2,np_fixed,Vanilla NP,166,0.02650433324277401,0.0253695930570364,0.88925,0.9048
2,np_fixed,Vanilla NP,167,0.0266114848703146,0.025503122112154962,0.88775,0.9058
2,np_fixed,Vanilla NP,168,0.026861842423677444,0.025712984573841094,0.89275,0.9076
2,np_fixed,Vanilla NP,169,0.026343659743666648,0.025335028651356697,0.898,0.9095
2,np_fixed,Vanilla NP,170,0.026108930245041847,0.02501491713821888,0.89025,0.9101
2,np_fixed,Vanilla NP,171,0.0265848650932312,0.025527114543318748,0.8895,0.9082
2,np_fixed,Vanilla NP,172,0.025912029534578322,0.024843033999204636,0.897,0.9091
2,np_fixed,Vanilla NP,173,0.02583573389053345,0.024843068820238113,0.8995,0.9111
2,np_fixed,Vanilla NP,174,0.025859397515654563,0.02491105525791645,0.89375,0.9092
2,np_fixed,Vanilla NP,175,0.025306716963648796,0.024315865871310235,0.896,0.9078
2,np_fixed,Vanilla NP,176,0.02635595716536045,0.025454951572418213,0.89625,0.9095
2,np_fixed,Vanilla NP,177,0.028597837075591086,0.027900609412789344,0.88675,0.9026
2,np_fixed,Vanilla NP,178,0.02619779297709465,0.025198716628551485,0.88675,0.9082
2,np_fixed,Vanilla NP,179,0.026280586689710617,0.02520148415565491,0.89075,0.9078
2,np_fixed,Vanilla NP,180,0.026693599373102186,0.025733384230732917,0.89025,0.9065
2,np_fixed,Vanilla NP,181,0.025239689975976944,0.02417827801704407,0.897,0.9102
2,np_fixed,Vanilla NP,182,0.02784113684296608,0.026930574917793274,0.89025,0.9065
2,np_fixed,Vanilla NP,183,0.02646409885585308,0.025537862706184387,0.89125,0.9082
2,np_fixed,Vanilla NP,184,0.025841024562716485,0.02495250036120415,0.89325,0.9065
2,np_fixed,Vanilla NP,185,0.02559977625310421,0.024385620486736297,0.89275,0.9102
2,np_fixed,Vanilla NP,186,0.025101900160312652,0.02403729038834572,0.89325,0.9075
2,np_fixed,Vanilla NP,187,0.02578446653485298,0.02473197060227394,0.89625,0.9078
2,np_fixed,Vanilla NP,188,0.027562928810715676,0.02674911712408066,0.8875,0.8992
2,np_fixed,Vanilla NP,189,0.027418707132339477,0.026295928761363028,0.889,0.9057
2,np_fixed,Vanilla NP,190,0.0253958999812603,0.02455492140650749,0.893,0.9048
2,np_fixed,Vanilla NP,191,0.02560616061091423,0.024503932562470437,0.89425,0.9081
2,np_fixed,Vanilla NP,192,0.024734646782279015,0.023646751922369005,0.8955,0.9062
2,np_fixed,Vanilla NP,193,0.024626512452960013,0.02357153043746948,0.89625,0.9108
2,np_fixed,Vanilla NP,194,0.026633897006511687,0.025538614252209664,0.89425,0.9115
2,np_fixed,Vanilla NP,195,0.02446281859278679,0.02333039356470108,0.896,0.9102
2,np_fixed,Vanilla NP,196,0.024363407984375952,0.023170588663220405,0.89675,0.9119
2,np_fixed,Vanilla NP,197,0.025154227793216705,0.02404859755039215,0.8955,0.9095
2,np_fixed,Vanilla NP,198,0.02441185550391674,0.023484003412723543,0.89375,0.909
2,np_fixed,Vanilla NP,199,0.02403481651842594,0.023051423680782317,0.89625,0.9112
2,np_fixed,Vanilla NP,200,0.025792361304163933,0.024725673970580102,0.89175,0.9057
2,np_fixed,Vanilla NP,201,0.02475965675711632,0.02349653945565224,0.89675,0.9126
2,np_fixed,Vanilla NP,202,0.02445600040256977,0.023241180738806724,0.89325,0.9086
2,np_fixed,Vanilla NP,203,0.02500738224387169,0.024035047703981398,0.8955,0.9101
2,np_fixed,Vanilla NP,204,0.024565412417054178,0.023494651827216148,0.895,0.911
2,np_fixed,Vanilla NP,205,0.026840716555714607,0.025883421796560287,0.89475,0.9086
2,np_fixed,Vanilla NP,206,0.025918918043375015,0.02514114539027214,0.894,0.9091
2,np_fixed,Vanilla NP,207,0.024008670285344123,0.02299530034661293,0.90125,0.9098
2,np_fixed,Vanilla NP,208,0.026049632534384727,0.025282508605718613,0.90375,0.9117
2,np_fixed,Vanilla NP,209,0.025101127535104753,0.024196123388409613,0.8955,0.908
2,np_fixed,Vanilla NP,210,0.023968377590179443,0.02282056381702423,0.9015,0.9134
2,np_fixed,Vanilla NP,211,0.025059747874736787,0.02440198483467102,0.9025,0.9109
2,np_fixed,Vanilla NP,212,0.023757619604468344,0.023064016672968864,0.9045,0.9113
2,np_fixed,Vanilla NP,213,0.024242827758193017,0.02332718181014061,0.90175,0.9128
2,np_fixed,Vanilla NP,214,0.0235346160531044,0.02259496644437313,0.90375,0.9148
2,np_fixed,Vanilla NP,215,0.025390971705317497,0.02459825473129749,0.898,0.9059
2,np_fixed,Vanilla NP,216,0.024155427545309065,0.023197396793961524,0.9015,0.9133
2,np_fixed,Vanilla NP,217,0.023991700425744056,0.02302931514084339,0.90725,0.916
2,np_fixed,Vanilla NP,218,0.024974504217505456,0.024176511266827582,0.9075,0.9129
2,np_fixed,Vanilla NP,219,0.023803394854068755,0.02277572872340679,0.90275,0.9128
2,np_fixed,Vanilla NP,220,0.02370331937074661,0.022776493525505065,0.9045,0.9131
2,np_fixed,Vanilla NP,221,0.022534264847636223,0.021757599240541457,0.90475,0.9155
2,np_fixed,Vanilla NP,222,0.02264658696949482,0.02173674517273903,0.90275,0.9156
2,np_fixed,Vanilla NP,223,0.023283967286348344,0.022526106774806976,0.9055,0.9153
2,np_fixed,Vanilla NP,224,0.02289637330174446,0.02198604802787304,0.903,0.9158
2,np_fixed,Vanilla NP,225,0.023749942123889922,0.022857409727573396,0.9015,0.913
2,np_fixed,Vanilla NP,226,0.022997642681002618,0.022136845871806143,0.90725,0.9171
2,np_fixed,Vanilla NP,227,0.023540806114673615,0.0228952984303236,0.90575,0.9123
2,np_fixed,Vanilla NP,228,0.02379575537145138,0.023050117918848992,0.9,0.9137
2,np_fixed,Vanilla NP,229,0.024027360245585442,0.023152753606438637,0.9035,0.916
2,np_fixed,Vanilla NP,230,0.02303007823228836,0.021988273701071738,0.90025,0.9119
2,np_fixed,Vanilla NP,231,0.02358600664138794,0.02280379308462143,0.898,0.9112
2,np_fixed,Vanilla NP,232,0.022723069593310358,0.021937539598345757,0.9025,0.9114
2,np_fixed,Vanilla NP,233,0.02299262347817421,0.022068987420201303,0.91125,0.9166
2,np_fixed,Vanilla NP,234,0.022041600197553635,0.021163828441500665,0.907,0.9153
2,np_fixed,Vanilla NP,235,0.02179943470656872,0.021012323716282845,0.908,0.9154
2,np_fixed,Vanilla NP,236,0.02422143730521202,0.02320328348875046,0.905,0.9169
2,np_fixed,Vanilla NP,237,0.02303151446580887,0.02196361957490444,0.90225,0.9132
2,np_fixed,Vanilla NP,238,0.024115197747945787,0.023280987331271173,0.90325,0.9164
2,np_fixed,Vanilla NP,239,0.022916181564331055,0.021982882872223854,0.905,0.9164
2,np_fixed,Vanilla NP,240,0.022617924496531487,0.021595478415489196,0.9025,0.9161
2,np_fixed,Vanilla NP,241,0.02299227970838547,0.022069904428720474,0.9065,0.9163
2,np_fixed,Vanilla NP,242,0.02275105307996273,0.02197651733458042,0.9035,0.912
2,np_fixed,Vanilla NP,243,0.022662661358714104,0.021827366217970847,0.9045,0.914
2,np_fixed,Vanilla NP,244,0.023538379535079004,0.022592864048480987,0.90275,0.9104
2,np_fixed,Vanilla NP,245,0.02337623891234398,0.022527313542366027,0.9,0.9119
2,np_fixed,Vanilla NP,246,0.022810140639543532,0.021870785892009734,0.9055,0.9175
2,np_fixed,Vanilla NP,247,0.022733546629548074,0.021701410031318664,0.90325,0.9165
2,np_fixed,Vanilla NP,248,0.024538753062486648,0.02381426967382431,0.9035,0.913
2,np_fixed,Vanilla NP,249,0.024707563385367393,0.02395853596329689,0.90175,0.9109
2,np_fixed,Vanilla NP,250,0.024306250408291815,0.023384221497178077,0.9015,0.9155
2,np_fixed,Vanilla NP,251,0.022189245894551277,0.021406193247437477,0.90575,0.914
2,np_fixed,Vanilla NP,252,0.022320198446512222,0.021302138617634775,0.90275,0.9126
2,np_fixed,Vanilla NP,253,0.022202513292431832,0.02134103798866272,0.9065,0.9168
2,np_fixed,Vanilla NP,254,0.02195567639172077,0.021009422892332076,0.9055,0.9164
2,np_fixed,Vanilla NP,255,0.023082113087177277,0.022254174363613127,0.902,0.9163
2,np_fixed,Vanilla NP,256,0.02184170314669609,0.02107550380527973,0.9075,0.9161
2,np_fixed,Vanilla NP,257,0.023623578056693077,0.02287154981791973,0.90325,0.912
2,np_fixed,Vanilla NP,258,0.02270147278904915,0.02173376812040806,0.90625,0.9174
2,np_fixed,Vanilla NP,259,0.023179303273558615,0.02234111469388008,0.90975,0.9203
2,np_fixed,Vanilla NP,260,0.024087354823946954,0.02295153940618038,0.90125,0.9153
2,np_fixed,Vanilla NP,261,0.022292993515729904,0.021193429604172708,0.9115,0.9187
2,np_fixed,Vanilla NP,262,0.023163532823324205,0.022242966014146805,0.90675,0.9164
2,np_fixed,Vanilla NP,263,0.022114579722285272,0.0211668286383152,0.908,0.9189
2,np_fixed,Vanilla NP,264,0.023273280620574953,0.02228299723267555,0.90375,0.9145
2,np_fixed,Vanilla NP,265,0.022221055924892427,0.021202613723278047,0.907,0.9171
2,np_fixed,Vanilla NP,266,0.021781119346618652,0.020824648571014404,0.90525,0.9193
2,np_fixed,Vanilla NP,267,0.023097795978188514,0.022224307227134706,0.902,0.9143
2,np_fixed,Vanilla NP,268,0.02258934447169304,0.021831871059536934,0.9005,0.9117
2,np_fixed,Vanilla NP,269,0.023172031685709953,0.022244952809810637,0.909,0.9153
2,np_fixed,Vanilla NP,270,0.022725410372018813,0.021758400303125383,0.9045,0.9176
2,np_fixed,Vanilla NP,271,0.022459669783711434,0.021652591332793236,0.90525,0.9106
2,np_fixed,Vanilla NP,272,0.023822906389832497,0.02286680703163147,0.90975,0.9188
2,np_fixed,Vanilla NP,273,0.022845913544297217,0.02204588973224163,0.90275,0.9126
2,np_fixed,Vanilla NP,274,0.022676742896437646,0.021806528079509734,0.906,0.9198
2,np_fixed,Vanilla NP,275,0.021798884615302085,0.02088006220161915,0.90825,0.9203
2,np_fixed,Vanilla NP,276,0.022880352035164832,0.022160693114995956,0.9095,0.9182
2,np_fixed,Vanilla NP,277,0.025256793290376663,0.024599870681762694,0.899,0.9122
2,np_fixed,Vanilla NP,278,0.0219218919724226,0.020885955882072448,0.9085,0.9182
2,np_fixed,Vanilla NP,279,0.02411811773478985,0.023366869071125985,0.90075,0.9128
2,np_fixed,Vanilla NP,280,0.022845961153507233,0.02201172477900982,0.90625,0.9133
2,np_fixed,Vanilla NP,281,0.022739480450749396,0.02182334357202053,0.9055,0.9191
2,np_fixed,Vanilla NP,282,0.02249912478029728,0.02142885064184666,0.89975,0.9164
2,np_fixed,Vanilla NP,283,0.023861935764551163,0.023076618945598603,0.9025,0.9107
2,np_fixed,Vanilla NP,284,0.02257385204732418,0.021610185182094573,0.9035,0.9167
2,np_fixed,Vanilla NP,285,0.02137156341969967,0.020497595795989035,0.91025,0.9181
2,np_fixed,Vanilla NP,286,0.022013859033584594,0.02110686602592468,0.9075,0.9181
2,np_fixed,Vanilla NP,287,0.023123784825205804,0.022177625453472138,0.90175,0.9144
2,np_fixed,Vanilla NP,288,0.021956926941871645,0.020969739240407945,0.909,0.918
2,np_fixed,Vanilla NP,289,0.0229869322180748,0.022055812603235244,0.909,0.9204
2,np_fixed,Vanilla NP,290,0.02194982324540615,0.021022275325655936,0.90625,0.9162
2,np_fixed,Vanilla NP,291,0.023197480872273444,0.022458435249328612,0.90525,0.9145
2,np_fixed,Vanilla NP,292,0.022250592350959778,0.021349563002586364,0.91075,0.9198
2,np_fixed,Vanilla NP,293,0.021388210520148276,0.020406215792894363,0.91075,0.9213
2,np_fixed,Vanilla NP,294,0.02341011817753315,0.022619694703817368,0.908,0.919
2,np_fixed,Vanilla NP,295,0.024373225495219232,0.02367502125799656,0.90725,0.9145
2,np_fixed,Vanilla NP,296,0.02179785920679569,0.02085725962817669,0.90775,0.9176
2,np_fixed,Vanilla NP,297,0.021496556758880615,0.020461654382944106,0.91275,0.9225
2,np_fixed,Vanilla NP,298,0.023803747475147248,0.02272373452484608,0.907,0.9221
2,np_fixed,Vanilla NP,299,0.022607863277196886,0.02174331197142601,0.91025,0.921
2,np_fixed,Vanilla NP,300,0.02242028386890888,0.021479274010658266,0.9085,0.9193
2,np_fixed,Vanilla NP,301,0.025474041223526003,0.024329835411906243,0.9,0.9152
2,np_fixed,Vanilla NP,302,0.021508945912122726,0.020563953256607054,0.914,0.9198
2,np_fixed,Vanilla NP,303,0.023189236238598823,0.022465805292129517,0.91025,0.9176
2,np_fixed,Vanilla NP,304,0.021472587451338766,0.020223157158493994,0.909,0.9176
2,np_fixed,Vanilla NP,305,0.02245030803978443,0.02165250914692879,0.908,0.9161
2,np_fixed,Vanilla NP,306,0.02114556100964546,0.020026097193360327,0.9095,0.9172
2,np_fixed,Vanilla NP,307,0.0215757025629282,0.020492991864681245,0.909,0.9227
2,np_fixed,Vanilla NP,308,0.021710083603858947,0.02072035235464573,0.9075,0.9182
2,np_fixed,Vanilla NP,309,0.023850042909383775,0.02293715699315071,0.9025,0.9127
2,np_fixed,Vanilla NP,310,0.020487035304307937,0.0193827845454216,0.9105,0.9218
2,np_fixed,Vanilla NP,311,0.02125584928691387,0.02037805996835232,0.91225,0.9212
2,np_fixed,Vanilla NP,312,0.021091669097542762,0.0200650688290596,0.90825,0.9197
2,np_fixed,Vanilla NP,313,0.022804542779922485,0.021933729293942453,0.90325,0.9121
2,np_fixed,Vanilla NP,314,0.022782367512583734,0.021826894709467887,0.90975,0.919
2,np_fixed,Vanilla NP,315,0.022822749361395837,0.02216919194161892,0.90425,0.9118
2,np_fixed,Vanilla NP,316,0.021623993530869485,0.02077018505036831,0.916,0.9219
2,np_fixed,Vanilla NP,317,0.02175277903676033,0.020871314409375192,0.91125,0.9245
2,np_fixed,Vanilla NP,318,0.02168792189657688,0.02070246172249317,0.90675,0.9166
2,np_fixed,Vanilla NP,319,0.021257235378026963,0.020298433142900467,0.91075,0.9188
2,np_fixed,Vanilla NP,320,0.022566673666238785,0.021668726044893265,0.90725,0.9183
2,np_fixed,Vanilla NP,321,0.020232886105775835,0.019327261158823966,0.91,0.9196
2,np_fixed,Vanilla NP,322,0.022615692481398584,0.02176908751130104,0.91025,0.9178
2,np_fixed,Vanilla NP,323,0.021287928864359856,0.02021434822380543,0.91025,0.9224
2,np_fixed,Vanilla NP,324,0.025357045650482177,0.02433761051595211,0.9055,0.9196
2,np_fixed,Vanilla NP,325,0.021586310938000678,0.020533928206562996,0.9095,0.9223
2,np_fixed,Vanilla NP,326,0.023020270839333536,0.022198505306243895,0.91325,0.921
2,np_fixed,Vanilla NP,327,0.021317662969231606,0.02025815308392048,0.91325,0.9221
2,np_fixed,Vanilla NP,328,0.021769654259085655,0.02086004491150379,0.9125,0.9218
2,np_fixed,Vanilla NP,329,0.0220715863853693,0.021158087939023972,0.90825,0.9185
2,np_fixed,Vanilla NP,330,0.021482319951057434,0.02036025439798832,0.91375,0.9244
2,np_fixed,Vanilla NP,331,0.020478804260492325,0.019444713231921196,0.916,0.926
2,np_fixed,Vanilla NP,332,0.020402755260467528,0.019436173900961876,0.91175,0.9253
2,np_fixed,Vanilla NP,333,0.021221398681402208,0.020353994745016098,0.9135,0.9228
2,np_fixed,Vanilla NP,334,0.023567016392946245,0.022620455557107927,0.9025,0.915
2,np_fixed,Vanilla NP,335,0.024463318780064584,0.023760842925310135,0.908,0.9205
2,np_fixed,Vanilla NP,336,0.020321466132998466,0.019422253161668776,0.91075,0.9201
2,np_fixed,Vanilla NP,337,0.02161295308172703,0.02062100799679756,0.90625,0.9187
2,np_fixed,Vanilla NP,338,0.022266335472464562,0.021504758530855178,0.90925,0.9177
2,np_fixed,Vanilla NP,339,0.020937962278723715,0.020055357486009597,0.90925,0.9217
2,np_fixed,Vanilla NP,340,0.022359230548143386,0.021491464614868165,0.90725,0.9185
2,np_fixed,Vanilla NP,341,0.020867165356874467,0.019834074848890305,0.90875,0.918
2,np_fixed,Vanilla NP,342,0.02078999824821949,0.019948438933491706,0.90925,0.9188
2,np_fixed,Vanilla NP,343,0.020213854178786277,0.019108051231503487,0.909,0.9189
2,np_fixed,Vanilla NP,344,0.020599690854549407,0.019587257739901543,0.91325,0.9215
2,np_fixed,Vanilla NP,345,0.02051613038778305,0.019610744321346282,0.9145,0.9206
2,np_fixed,Vanilla NP,346,0.020513051211833954,0.019590915748476982,0.914,0.9239
2,np_fixed,Vanilla NP,347,0.021521778270602226,0.02083264426589012,0.91375,0.9211
2,np_fixed,Vanilla NP,348,0.020005713164806364,0.019022571754455566,0.91,0.922
2,np_fixed,Vanilla NP,349,0.020646832942962646,0.019757449927926062,0.91475,0.9229
2,np_fixed,Vanilla NP,350,0.020341828867793083,0.01942195188999176,0.91175,0.9229
2,np_fixed,Vanilla NP,351,0.01894670830667019,0.018082854524254798,0.91775,0.9236
2,np_fixed,Vanilla NP,352,0.02056646451354027,0.01974402836859226,0.918,0.9255
2,np_fixed,Vanilla NP,353,0.021581841096282004,0.02086642781496048,0.9135,0.9237
2,np_fixed,Vanilla NP,354,0.021063527658581733,0.020387974214553833,0.912,0.9208
2,np_fixed,Vanilla NP,355,0.024008671194314955,0.023553110629320143,0.90725,0.9174
2,np_fixed,Vanilla NP,356,0.020495877966284753,0.019679689523577692,0.91525,0.9216
2,np_fixed,Vanilla NP,357,0.01992860996723175,0.019072879752516748,0.918,0.925
2,np_fixed,Vanilla NP,358,0.021613753497600554,0.02103560665547848,0.91675,0.9238
2,np_fixed,Vanilla NP,359,0.021134280025959015,0.020295469480752944,0.91425,0.9207
2,np_fixed,Vanilla NP,360,0.02150087530910969,0.02062530550658703,0.91575,0.9211
2,np_fixed,Vanilla NP,361,0.02063967554271221,0.019830724668502806,0.91,0.9167
2,np_fixed,Vanilla NP,362,0.020046126067638396,0.019190598490834238,0.9155,0.9215
2,np_fixed,Vanilla NP,363,0.02030787716805935,0.019601913917064666,0.91175,0.9129
2,np_fixed,Vanilla NP,364,0.021556814938783645,0.02073800813257694,0.91375,0.9206
2,np_fixed,Vanilla NP,365,0.01995094332098961,0.019100133991241455,0.9175,0.924
2,np_fixed,Vanilla NP,366,0.020731552392244338,0.020156642231345178,0.91375,0.9167
2,np_fixed,Vanilla NP,367,0.01985057896375656,0.01929150610268116,0.92125,0.9217
2,np_fixed,Vanilla NP,368,0.019891136631369592,0.01931358079612255,0.9155,0.9183
2,np_fixed,Vanilla NP,369,0.019268054783344268,0.018524802312254906,0.91825,0.9228
2,np_fixed,Vanilla NP,370,0.021061938285827638,0.020246965825557708,0.91525,0.9191
2,np_fixed,Vanilla NP,371,0.021063473969697953,0.020578610906004907,0.9155,0.9213
2,np_fixed,Vanilla NP,372,0.018937993317842485,0.018088545086979865,0.916,0.9222
2,np_fixed,Vanilla NP,373,0.020193751826882364,0.01959961419403553,0.9185,0.9214
2,np_fixed,Vanilla NP,374,0.01950501683354378,0.01889705201089382,0.916,0.9217
2,np_fixed,Vanilla NP,375,0.021228486955165864,0.02019254057109356,0.91175,0.9207
2,np_fixed,Vanilla NP,376,0.02105595798790455,0.02032565997838974,0.9105,0.9186
2,np_fixed,Vanilla NP,377,0.020422881096601488,0.019619709375500678,0.91125,0.9232
2,np_fixed,Vanilla NP,378,0.019722906589508055,0.01890869779586792,0.913,0.9232
2,np_fixed,Vanilla NP,379,0.019842330351471902,0.018984893676638602,0.9155,0.9257
2,np_fixed,Vanilla NP,380,0.018918627455830575,0.0180317980080843,0.91675,0.9251
2,np_fixed,Vanilla NP,381,0.019009177550673485,0.018111969408392905,0.9195,0.9235
2,np_fixed,Vanilla NP,382,0.019811068043112754,0.01905440822839737,0.91875,0.9247
2,np_fixed,Vanilla NP,383,0.020460590556263925,0.019663078793883324,0.918,0.9257
2,np_fixed,Vanilla NP,384,0.018553690120577813,0.017709142842888832,0.91725,0.9269
2,np_fixed,Vanilla NP,385,0.019218092888593673,0.018420653185248374,0.9135,0.9234
2,np_fixed,Vanilla NP,386,0.019575856402516367,0.018846169519424437,0.91375,0.922
2,np_fixed,Vanilla NP,387,0.019353914499282837,0.01859040856361389,0.91775,0.9244
2,np_fixed,Vanilla NP,388,0.020352098494768142,0.01963377905189991,0.9185,0.9235
2,np_fixed,Vanilla NP,389,0.01975146694481373,0.019307836735248565,0.91625,0.9208
2,np_fixed,Vanilla NP,390,0.019399249210953713,0.018460691100358962,0.9165,0.9256
2,np_fixed,Vanilla NP,391,0.020724256426095964,0.020093176743388175,0.91325,0.9226
2,np_fixed,Vanilla NP,392,0.020113745272159575,0.019066235303878784,0.9095,0.9217
2,np_fixed,Vanilla NP,393,0.02080706764757633,0.019889051550626754,0.90875,0.923
2,np_fixed,Vanilla NP,394,0.019977029889822005,0.019023844340443612,0.91725,0.9247
2,np_fixed,Vanilla NP,395,0.019071670636534692,0.01809344558417797,0.92,0.9266
2,np_fixed,Vanilla NP,396,0.018600617676973342,0.01768838460445404,0.9185,0.9269
2,np_fixed,Vanilla NP,397,0.019456269398331644,0.018459857851266862,0.9135,0.9224
2,np_fixed,Vanilla NP,398,0.020302801206707955,0.01956363280713558,0.91175,0.9213
2,np_fixed,Vanilla NP,399,0.019437795981764792,0.018449418285489082,0.9165,0.9249
2,np_fixed,Vanilla NP,400,0.018446376845240593,0.017412284153699876,0.91475,0.9255
2,np_fan_in,Fan-in NP,1,0.08715694779157639,0.08701694250106812,0.2735,0.2788
2,np_fan_in,Fan-in NP,2,0.08303762131929397,0.08285479255914688,0.48625,0.4928
2,np_fan_in,Fan-in NP,3,0.07864454209804535,0.07834621894359589,0.55,0.5584
2,np_fan_in,Fan-in NP,4,0.073370914041996,0.07305913809537888,0.59875,0.6068
2,np_fan_in,Fan-in NP,5,0.06828829097747803,0.06794234941005707,0.656,0.6606
2,np_fan_in,Fan-in NP,6,0.06427891486883164,0.0639192296385765,0.67225,0.6785
2,np_fan_in,Fan-in NP,7,0.0605017985701561,0.06019463962912559,0.677,0.6802
2,np_fan_in,Fan-in NP,8,0.05768697795271874,0.057283272713422775,0.6845,0.6894
2,np_fan_in,Fan-in NP,9,0.05473679533600807,0.05430098823904991,0.699,0.7105
2,np_fan_in,Fan-in NP,10,0.05278586846590042,0.05232056140899658,0.711,0.7253
2,np_fan_in,Fan-in NP,11,0.05138962653279305,0.05083780727386475,0.73225,0.7467
2,np_fan_in,Fan-in NP,12,0.05011427181959152,0.049653402268886565,0.74675,0.7588
2,np_fan_in,Fan-in NP,13,0.04871236443519592,0.04820371197462082,0.75725,0.7716
2,np_fan_in,Fan-in NP,14,0.04735595279932022,0.04684050762057304,0.76625,0.7833
2,np_fan_in,Fan-in NP,15,0.046638459920883175,0.04608168272972107,0.7995,0.8174
2,np_fan_in,Fan-in NP,16,0.045426572918891905,0.04486557378172874,0.78925,0.8075
2,np_fan_in,Fan-in NP,17,0.04495364704728127,0.04430013579130173,0.77925,0.7999
2,np_fan_in,Fan-in NP,18,0.043418266892433166,0.04275043818354607,0.7835,0.7985
2,np_fan_in,Fan-in NP,19,0.042957225680351256,0.04237437218427658,0.7885,0.8045
2,np_fan_in,Fan-in NP,20,0.04270280185341835,0.042170217537879945,0.813,0.8255
2,np_fan_in,Fan-in NP,21,0.04149830222129822,0.04088916947841644,0.80775,0.8165
2,np_fan_in,Fan-in NP,22,0.04098501044511795,0.04038510012626648,0.82125,0.8323
2,np_fan_in,Fan-in NP,23,0.04007347372174263,0.039334556192159656,0.81825,0.8282
2,np_fan_in,Fan-in NP,24,0.0394855974316597,0.03873372170329094,0.821,0.8362
2,np_fan_in,Fan-in NP,25,0.03966371518373489,0.0390313330411911,0.8335,0.8406
2,np_fan_in,Fan-in NP,26,0.039347670316696164,0.03875021559000015,0.842,0.8455
2,np_fan_in,Fan-in NP,27,0.03920380797982216,0.03880697387456894,0.84325,0.8483
2,np_fan_in,Fan-in NP,28,0.03757982036471367,0.03701885908842087,0.84225,0.8528
2,np_fan_in,Fan-in NP,29,0.037375876575708386,0.03653240554332733,0.84325,0.8567
2,np_fan_in,Fan-in NP,30,0.03650268009305,0.03568236776590347,0.847,0.8535
2,np_fan_in,Fan-in NP,31,0.036151699155569074,0.03533836808800697,0.84725,0.8617
2,np_fan_in,Fan-in NP,32,0.03626954907178879,0.03546393566131592,0.85475,0.8662
2,np_fan_in,Fan-in NP,33,0.03518450656533241,0.03421323478221893,0.84875,0.8639
2,np_fan_in,Fan-in NP,34,0.03483858305215835,0.03407657759189606,0.86525,0.8755
2,np_fan_in,Fan-in NP,35,0.03477026417851448,0.03398669098615646,0.86075,0.8713
2,np_fan_in,Fan-in NP,36,0.034413593620061876,0.03363007220625877,0.8625,0.8746
2,np_fan_in,Fan-in NP,37,0.03383724343776703,0.032940002530813216,0.86325,0.877
2,np_fan_in,Fan-in NP,38,0.0337122155725956,0.032766105926036834,0.86475,0.8769
2,np_fan_in,Fan-in NP,39,0.03299511826038361,0.032146968734264376,0.86825,0.8762
2,np_fan_in,Fan-in NP,40,0.032991526901721954,0.03218281043171883,0.869,0.8756
2,np_fan_in,Fan-in NP,41,0.032411273151636125,0.031438892421126366,0.8705,0.8819
2,np_fan_in,Fan-in NP,42,0.03183662635087967,0.03097797042429447,0.8725,0.8784
2,np_fan_in,Fan-in NP,43,0.03181286934018135,0.030958844324946402,0.87175,0.8805
2,np_fan_in,Fan-in NP,44,0.03161562865972519,0.03079796050786972,0.87425,0.8877
2,np_fan_in,Fan-in NP,45,0.03144462859630585,0.03057252986729145,0.87325,0.8854
2,np_fan_in,Fan-in NP,46,0.03132722598314285,0.030403006616234778,0.876,0.8859
2,np_fan_in,Fan-in NP,47,0.031278532266616824,0.030444820615649223,0.87775,0.8845
2,np_fan_in,Fan-in NP,48,0.031788179516792296,0.030744969499111176,0.876,0.8897
2,np_fan_in,Fan-in NP,49,0.030677760913968087,0.02967212705910206,0.8725,0.8879
2,np_fan_in,Fan-in NP,50,0.029832315176725386,0.029060328730940818,0.8765,0.8895
2,np_fan_in,Fan-in NP,51,0.030245813816785812,0.029374808159470557,0.86825,0.8862
2,np_fan_in,Fan-in NP,52,0.029661289528012277,0.028634297043085098,0.87825,0.8931
2,np_fan_in,Fan-in NP,53,0.029554936692118644,0.02872375573217869,0.87675,0.8916
2,np_fan_in,Fan-in NP,54,0.03015239903330803,0.029211127582192423,0.8745,0.8932
2,np_fan_in,Fan-in NP,55,0.029302436396479607,0.028479976090788842,0.8765,0.8952
2,np_fan_in,Fan-in NP,56,0.029038747668266297,0.028267114654183387,0.88125,0.898
2,np_fan_in,Fan-in NP,57,0.029574365600943564,0.02890035165846348,0.88025,0.8961
2,np_fan_in,Fan-in NP,58,0.02938381138443947,0.02878727870285511,0.885,0.8945
2,np_fan_in,Fan-in NP,59,0.029435963049530982,0.02862778169810772,0.8835,0.8936
2,np_fan_in,Fan-in NP,60,0.028120281994342803,0.027068041744828224,0.8805,0.8977
2,np_fan_in,Fan-in NP,61,0.027951584309339524,0.027059402438998223,0.884,0.9003
2,np_fan_in,Fan-in NP,62,0.02719317711889744,0.026081175991892816,0.88,0.8994
2,np_fan_in,Fan-in NP,63,0.027571995481848716,0.026590717098116876,0.8785,0.8951
2,np_fan_in,Fan-in NP,64,0.02776409152150154,0.026736035621166228,0.87725,0.8968
2,np_fan_in,Fan-in NP,65,0.027108583748340607,0.02605528120994568,0.88375,0.8981
2,np_fan_in,Fan-in NP,66,0.026850856870412828,0.02581732840538025,0.88675,0.9001
2,np_fan_in,Fan-in NP,67,0.02826165561378002,0.02738770722448826,0.88,0.8969
2,np_fan_in,Fan-in NP,68,0.026520460590720177,0.025590077579021455,0.88825,0.9019
2,np_fan_in,Fan-in NP,69,0.026212802305817604,0.02527994590103626,0.8875,0.8996
2,np_fan_in,Fan-in NP,70,0.026965867027640342,0.025915038001537324,0.8895,0.9006
2,np_fan_in,Fan-in NP,71,0.026949073657393456,0.025992723482847212,0.8915,0.9008
2,np_fan_in,Fan-in NP,72,0.0268936255723238,0.026212184768915178,0.8925,0.8997
2,np_fan_in,Fan-in NP,73,0.025229969516396524,0.024238114815950392,0.892,0.9028
2,np_fan_in,Fan-in NP,74,0.0251694473028183,0.0241976251244545,0.89025,0.9032
2,np_fan_in,Fan-in NP,75,0.02603279548883438,0.02525649101138115,0.8875,0.9
2,np_fan_in,Fan-in NP,76,0.02567451997101307,0.024658218282461165,0.89125,0.9026
2,np_fan_in,Fan-in NP,77,0.02515419167280197,0.02448799493610859,0.889,0.8974
2,np_fan_in,Fan-in NP,78,0.024755327507853506,0.02374822490811348,0.8925,0.9041
2,np_fan_in,Fan-in NP,79,0.02596204712986946,0.02499296934604645,0.889,0.9021
2,np_fan_in,Fan-in NP,80,0.02489791591465473,0.024030356332659722,0.88775,0.9028
2,np_fan_in,Fan-in NP,81,0.025328343510627748,0.024345920902490617,0.88675,0.903
2,np_fan_in,Fan-in NP,82,0.02433432899415493,0.023344023156166075,0.8905,0.9033
2,np_fan_in,Fan-in NP,83,0.024535932973027228,0.023678846123814584,0.89,0.9018
2,np_fan_in,Fan-in NP,84,0.024193155199289322,0.023440374606847763,0.892,0.9032
2,np_fan_in,Fan-in NP,85,0.02485205094516277,0.023886630561947824,0.891,0.9048
2,np_fan_in,Fan-in NP,86,0.02400231620669365,0.023153916880488394,0.89125,0.9057
2,np_fan_in,Fan-in NP,87,0.024661223709583284,0.023736543115973473,0.89475,0.9065
2,np_fan_in,Fan-in NP,88,0.025233355149626734,0.02432644747197628,0.8925,0.9044
2,np_fan_in,Fan-in NP,89,0.024340246394276618,0.023371551230549813,0.89125,0.9059
2,np_fan_in,Fan-in NP,90,0.02443053114414215,0.023469082033634184,0.89775,0.9075
2,np_fan_in,Fan-in NP,91,0.02538596984744072,0.024392363354563712,0.8945,0.9075
2,np_fan_in,Fan-in NP,92,0.02402988515794277,0.023006706249713897,0.897,0.9082
2,np_fan_in,Fan-in NP,93,0.02411879624426365,0.023140346682071686,0.8945,0.9068
2,np_fan_in,Fan-in NP,94,0.023083856806159018,0.02221716065108776,0.895,0.908
2,np_fan_in,Fan-in NP,95,0.023635873422026634,0.022758983501791955,0.896,0.9088
2,np_fan_in,Fan-in NP,96,0.025128238394856454,0.024030307400226592,0.89775,0.9081
2,np_fan_in,Fan-in NP,97,0.023388898506760597,0.02255384984612465,0.8985,0.9068
2,np_fan_in,Fan-in NP,98,0.02338699761033058,0.02248283189535141,0.8995,0.9085
2,np_fan_in,Fan-in NP,99,0.0233040701597929,0.02238118763566017,0.90025,0.9087
2,np_fan_in,Fan-in NP,100,0.022852164581418036,0.02180834519863129,0.8985,0.9084
2,np_fan_in,Fan-in NP,101,0.023170160338282585,0.022256256499886513,0.89725,0.9085
2,np_fan_in,Fan-in NP,102,0.02274977971613407,0.021741767352819442,0.89625,0.9085
2,np_fan_in,Fan-in NP,103,0.023464949980378152,0.022507349601387977,0.894,0.9087
2,np_fan_in,Fan-in NP,104,0.023046003371477126,0.021969687753915786,0.89875,0.9104
2,np_fan_in,Fan-in NP,105,0.022561253160238267,0.02163121529519558,0.90075,0.9085
2,np_fan_in,Fan-in NP,106,0.022258564203977586,0.021297135630249975,0.902,0.91
2,np_fan_in,Fan-in NP,107,0.02314303331077099,0.02226688786149025,0.89825,0.9081
2,np_fan_in,Fan-in NP,108,0.021927001133561136,0.020979327899217606,0.9,0.912
2,np_fan_in,Fan-in NP,109,0.022412894025444986,0.021334701344370842,0.89975,0.9092
2,np_fan_in,Fan-in NP,110,0.021961962446570397,0.020954555043578148,0.89875,0.9111
2,np_fan_in,Fan-in NP,111,0.021922185286879538,0.020836450397968293,0.9,0.9122
2,np_fan_in,Fan-in NP,112,0.02232964240014553,0.02129746469259262,0.89825,0.9092
2,np_fan_in,Fan-in NP,113,0.0223466394841671,0.02127472469508648,0.89825,0.9116
2,np_fan_in,Fan-in NP,114,0.0218315998762846,0.020738978958129883,0.90025,0.9123
2,np_fan_in,Fan-in NP,115,0.022144988015294076,0.021197992691397667,0.899,0.9118
2,np_fan_in,Fan-in NP,116,0.021594720512628555,0.020567919486761094,0.90075,0.9137
2,np_fan_in,Fan-in NP,117,0.022467307269573213,0.02144071904718876,0.90225,0.9149
2,np_fan_in,Fan-in NP,118,0.02189722339808941,0.020822400683164596,0.8985,0.9124
2,np_fan_in,Fan-in NP,119,0.02197294946014881,0.02091296811401844,0.9005,0.9144
2,np_fan_in,Fan-in NP,120,0.021956172540783882,0.020866760885715485,0.9035,0.914
2,np_fan_in,Fan-in NP,121,0.022038602158427237,0.02096530883908272,0.8985,0.9119
2,np_fan_in,Fan-in NP,122,0.022205002456903458,0.02117467266321182,0.90125,0.9134
2,np_fan_in,Fan-in NP,123,0.021701278880238532,0.0207226270198822,0.90325,0.9153
2,np_fan_in,Fan-in NP,124,0.021562012284994124,0.020609906962513923,0.901,0.9123
2,np_fan_in,Fan-in NP,125,0.02182277175784111,0.020814827907085418,0.90075,0.9133
2,np_fan_in,Fan-in NP,126,0.02158207565546036,0.020724623531103135,0.9075,0.9139
2,np_fan_in,Fan-in NP,127,0.021332457408308983,0.02021310571730137,0.90425,0.9147
2,np_fan_in,Fan-in NP,128,0.020815376356244086,0.019820809218287466,0.906,0.9172
2,np_fan_in,Fan-in NP,129,0.020988791272044182,0.019927238434553147,0.90525,0.9166
2,np_fan_in,Fan-in NP,130,0.020779381707310675,0.019728254497051238,0.90675,0.9156
2,np_fan_in,Fan-in NP,131,0.020622928753495216,0.01964781890809536,0.90775,0.9174
2,np_fan_in,Fan-in NP,132,0.021194720268249513,0.02010963432788849,0.90775,0.9193
2,np_fan_in,Fan-in NP,133,0.02063560739159584,0.01963429447412491,0.907,0.9188
2,np_fan_in,Fan-in NP,134,0.02052285595238209,0.01959621487855911,0.906,0.917
2,np_fan_in,Fan-in NP,135,0.021062399610877035,0.020127678588032723,0.907,0.9172
2,np_fan_in,Fan-in NP,136,0.020684948533773423,0.01985283856391907,0.9075,0.9167
2,np_fan_in,Fan-in NP,137,0.020163571283221243,0.0193365218013525,0.90975,0.9177
2,np_fan_in,Fan-in NP,138,0.020607632935047148,0.019749989849328995,0.90875,0.921
2,np_fan_in,Fan-in NP,139,0.02024957725405693,0.019317031845450403,0.90925,0.919
2,np_fan_in,Fan-in NP,140,0.020954015970230104,0.01992450076341629,0.90875,0.9186
2,np_fan_in,Fan-in NP,141,0.020743042781949043,0.01972659313082695,0.907,0.9201
2,np_fan_in,Fan-in NP,142,0.021641331002116203,0.020673330768942833,0.90525,0.917
2,np_fan_in,Fan-in NP,143,0.019938923835754394,0.01894188637137413,0.908,0.9206
2,np_fan_in,Fan-in NP,144,0.020941439241170885,0.019922086879611015,0.904,0.9154
2,np_fan_in,Fan-in NP,145,0.02056567086279392,0.01958446014225483,0.90725,0.9191
2,np_fan_in,Fan-in NP,146,0.020188628062605858,0.019057743373513222,0.90725,0.9191
2,np_fan_in,Fan-in NP,147,0.020865523472428323,0.019781141206622124,0.907,0.919
2,np_fan_in,Fan-in NP,148,0.021061275333166124,0.01989716622531414,0.9075,0.919
2,np_fan_in,Fan-in NP,149,0.02005802817642689,0.01898653587400913,0.90875,0.9203
2,np_fan_in,Fan-in NP,150,0.020294649586081504,0.019289153969287872,0.9115,0.9217
2,np_fan_in,Fan-in NP,151,0.019559921115636824,0.018422239565849305,0.90775,0.9184
2,np_fan_in,Fan-in NP,152,0.019698034837841986,0.018601127871870994,0.90775,0.9217
2,np_fan_in,Fan-in NP,153,0.019915513291954994,0.018692408242821694,0.90525,0.9205
2,np_fan_in,Fan-in NP,154,0.019606190502643586,0.01848821202814579,0.90825,0.9209
2,np_fan_in,Fan-in NP,155,0.020261606618762015,0.019220539858937263,0.90775,0.9198
2,np_fan_in,Fan-in NP,156,0.02020542123913765,0.01930036531984806,0.90975,0.9176
2,np_fan_in,Fan-in NP,157,0.020564925253391268,0.01955238724052906,0.90725,0.9176
2,np_fan_in,Fan-in NP,158,0.02034545961022377,0.01945003370344639,0.913,0.923
2,np_fan_in,Fan-in NP,159,0.019836552396416664,0.01888236691951752,0.9115,0.9192
2,np_fan_in,Fan-in NP,160,0.019430527165532112,0.018426972964406013,0.9105,0.9214
2,np_fan_in,Fan-in NP,161,0.01948212392628193,0.01851630276739597,0.9115,0.9229
2,np_fan_in,Fan-in NP,162,0.019270484685897826,0.018314594200253487,0.909,0.9212
2,np_fan_in,Fan-in NP,163,0.019074690341949464,0.01825822109878063,0.91075,0.9227
2,np_fan_in,Fan-in NP,164,0.01915164040029049,0.018325482487678527,0.9115,0.9227
2,np_fan_in,Fan-in NP,165,0.01928923895955086,0.01838217754662037,0.911,0.9227
2,np_fan_in,Fan-in NP,166,0.01916288658976555,0.018177020040154458,0.91225,0.9249
2,np_fan_in,Fan-in NP,167,0.01981837584078312,0.01872172803878784,0.90775,0.9205
2,np_fan_in,Fan-in NP,168,0.019814033716917038,0.01885529171228409,0.9085,0.9239
2,np_fan_in,Fan-in NP,169,0.019504527807235716,0.01869061368703842,0.9155,0.9226
2,np_fan_in,Fan-in NP,170,0.019432063594460487,0.018593604826927186,0.90875,0.9197
2,np_fan_in,Fan-in NP,171,0.01977268634736538,0.018861215832829476,0.911,0.9215
2,np_fan_in,Fan-in NP,172,0.01899801030755043,0.01806568909883499,0.90975,0.9228
2,np_fan_in,Fan-in NP,173,0.019472624465823173,0.01864184198975563,0.913,0.9219
2,np_fan_in,Fan-in NP,174,0.01882766042649746,0.017915469777584077,0.9125,0.9232
2,np_fan_in,Fan-in NP,175,0.01850001572072506,0.017472124147415162,0.91325,0.9236
2,np_fan_in,Fan-in NP,176,0.019724893286824228,0.018873532083630563,0.91275,0.9224
2,np_fan_in,Fan-in NP,177,0.020093425810337066,0.019083381950855256,0.91075,0.9215
2,np_fan_in,Fan-in NP,178,0.01935400664806366,0.018235426050424577,0.905,0.9205
2,np_fan_in,Fan-in NP,179,0.018903992876410484,0.01778137223124504,0.91275,0.9231
2,np_fan_in,Fan-in NP,180,0.018491963893175124,0.0174015947163105,0.91075,0.9229
2,np_fan_in,Fan-in NP,181,0.018787043333053588,0.017780459374189376,0.91375,0.9229
2,np_fan_in,Fan-in NP,182,0.01903896963596344,0.018035797521471976,0.9165,0.9254
2,np_fan_in,Fan-in NP,183,0.018981389075517656,0.017997840830683707,0.91375,0.9251
2,np_fan_in,Fan-in NP,184,0.018763978064060213,0.01777501665353775,0.9145,0.9252
2,np_fan_in,Fan-in NP,185,0.01869744996726513,0.01756033726334572,0.91125,0.9249
2,np_fan_in,Fan-in NP,186,0.018270845398306847,0.01712779631316662,0.9115,0.9242
2,np_fan_in,Fan-in NP,187,0.018543907776474952,0.017478267699480056,0.911,0.9241
2,np_fan_in,Fan-in NP,188,0.01927058158814907,0.018266081735491754,0.916,0.926
2,np_fan_in,Fan-in NP,189,0.018593895137310027,0.017513203778862955,0.91325,0.9268
2,np_fan_in,Fan-in NP,190,0.018950988367199897,0.017906045642495157,0.9095,0.9226
2,np_fan_in,Fan-in NP,191,0.018279895693063736,0.017239164578914643,0.9145,0.9267
2,np_fan_in,Fan-in NP,192,0.018115745186805726,0.01708152909576893,0.91575,0.9273
2,np_fan_in,Fan-in NP,193,0.01823007693886757,0.01720759036540985,0.91675,0.9274
2,np_fan_in,Fan-in NP,194,0.019284135594964027,0.01830753962099552,0.9145,0.9275
2,np_fan_in,Fan-in NP,195,0.01805110105872154,0.01714149287045002,0.91475,0.9247
2,np_fan_in,Fan-in NP,196,0.018030807703733446,0.017045874184370043,0.914,0.9259
2,np_fan_in,Fan-in NP,197,0.017974811419844628,0.016969338601827623,0.91275,0.9235
2,np_fan_in,Fan-in NP,198,0.018354061126708985,0.01744982478618622,0.9135,0.9263
2,np_fan_in,Fan-in NP,199,0.01798738819360733,0.017058464932441713,0.91525,0.9254
2,np_fan_in,Fan-in NP,200,0.01931192384660244,0.018579786348342897,0.9145,0.9247
2,np_fan_in,Fan-in NP,201,0.018035437375307082,0.017168373346328734,0.918,0.9274
2,np_fan_in,Fan-in NP,202,0.017317031636834145,0.016434718704223632,0.9185,0.9261
2,np_fan_in,Fan-in NP,203,0.01816153362393379,0.017278648102283477,0.91625,0.9277
2,np_fan_in,Fan-in NP,204,0.017729100942611695,0.016766378340125083,0.91775,0.9277
2,np_fan_in,Fan-in NP,205,0.018858616337180136,0.017893697774410248,0.91625,0.9248
2,np_fan_in,Fan-in NP,206,0.01820126661658287,0.017332133957743644,0.919,0.9259
2,np_fan_in,Fan-in NP,207,0.017422903656959535,0.0165236720174551,0.9175,0.929
2,np_fan_in,Fan-in NP,208,0.01931478290259838,0.018494624415040017,0.92125,0.9265
2,np_fan_in,Fan-in NP,209,0.018354578226804735,0.0176465234041214,0.917,0.9241
2,np_fan_in,Fan-in NP,210,0.017795518055558204,0.01689546504318714,0.921,0.9288
2,np_fan_in,Fan-in NP,211,0.01825187499821186,0.017534562239050866,0.91975,0.9277
2,np_fan_in,Fan-in NP,212,0.01699472761154175,0.016166756573319434,0.92075,0.928
2,np_fan_in,Fan-in NP,213,0.01762275831401348,0.016772411113977433,0.92,0.9283
2,np_fan_in,Fan-in NP,214,0.017314770206809042,0.016427816063165665,0.92475,0.9315
2,np_fan_in,Fan-in NP,215,0.018045111894607543,0.017047491773962975,0.92075,0.9303
2,np_fan_in,Fan-in NP,216,0.017325014263391496,0.016373770183324813,0.9235,0.9318
2,np_fan_in,Fan-in NP,217,0.01767539705336094,0.01671481662094593,0.92275,0.9307
2,np_fan_in,Fan-in NP,218,0.017232066422700882,0.016226534706354143,0.92325,0.9317
2,np_fan_in,Fan-in NP,219,0.01700223536789417,0.015953596660494805,0.91875,0.9299
2,np_fan_in,Fan-in NP,220,0.016721178129315378,0.01574470036625862,0.9225,0.9327
2,np_fan_in,Fan-in NP,221,0.0165842936784029,0.01563514043390751,0.9195,0.9309
2,np_fan_in,Fan-in NP,222,0.016885532215237618,0.015888509437441824,0.91675,0.93
2,np_fan_in,Fan-in NP,223,0.016818300262093543,0.015871931654214858,0.92125,0.9337
2,np_fan_in,Fan-in NP,224,0.016701734364032744,0.015716831785440446,0.92025,0.9315
2,np_fan_in,Fan-in NP,225,0.01693039184808731,0.015926210162043573,0.92025,0.9327
2,np_fan_in,Fan-in NP,226,0.01699395190179348,0.01597195642888546,0.9215,0.9341
2,np_fan_in,Fan-in NP,227,0.017155839279294014,0.01623499302268028,0.923,0.9335
2,np_fan_in,Fan-in NP,228,0.01692110627889633,0.016032495313882827,0.92,0.9322
2,np_fan_in,Fan-in NP,229,0.01740561683475971,0.01641807118356228,0.92225,0.9309
2,np_fan_in,Fan-in NP,230,0.016732225447893143,0.015658226808905603,0.91775,0.9316
2,np_fan_in,Fan-in NP,231,0.016302806288003922,0.015325669123232365,0.92125,0.9333
2,np_fan_in,Fan-in NP,232,0.016874516203999518,0.015951301601529123,0.9215,0.9318
2,np_fan_in,Fan-in NP,233,0.01660236930847168,0.015622298061847686,0.92075,0.9337
2,np_fan_in,Fan-in NP,234,0.015998045176267624,0.015010032370686531,0.9235,0.9321
2,np_fan_in,Fan-in NP,235,0.01634225109219551,0.015339505036175252,0.92175,0.9326
2,np_fan_in,Fan-in NP,236,0.017424613624811174,0.01642886824607849,0.92175,0.93
2,np_fan_in,Fan-in NP,237,0.016930056482553482,0.015951194548606874,0.91925,0.9289
2,np_fan_in,Fan-in NP,238,0.01611337521672249,0.015188873736560344,0.92325,0.9319
2,np_fan_in,Fan-in NP,239,0.016851175203919412,0.01584754210114479,0.9205,0.9323
2,np_fan_in,Fan-in NP,240,0.01660332104563713,0.015546199411153793,0.921,0.9318
2,np_fan_in,Fan-in NP,241,0.016802944839000702,0.015752960067987442,0.92,0.9312
2,np_fan_in,Fan-in NP,242,0.01611146442592144,0.015124171841144562,0.921,0.9313
2,np_fan_in,Fan-in NP,243,0.016490550592541696,0.015412487509846686,0.92325,0.9322
2,np_fan_in,Fan-in NP,244,0.016779190123081208,0.015619170892238616,0.92275,0.933
2,np_fan_in,Fan-in NP,245,0.016409328252077103,0.015221805274486543,0.9225,0.9322
2,np_fan_in,Fan-in NP,246,0.016526404216885567,0.015457385747134686,0.92125,0.9317
2,np_fan_in,Fan-in NP,247,0.015952210411429406,0.01492168108522892,0.9245,0.9328
2,np_fan_in,Fan-in NP,248,0.01655788530409336,0.015617442870140075,0.926,0.9328
2,np_fan_in,Fan-in NP,249,0.017040771648287774,0.016037040266394614,0.9245,0.9329
2,np_fan_in,Fan-in NP,250,0.01646338613331318,0.015364671218395232,0.92175,0.9326
2,np_fan_in,Fan-in NP,251,0.015801979571580888,0.014766017459332943,0.923,0.9325
2,np_fan_in,Fan-in NP,252,0.016098333150148393,0.015007169045507907,0.92225,0.9318
2,np_fan_in,Fan-in NP,253,0.015869848772883416,0.014814792999625206,0.92425,0.9336
2,np_fan_in,Fan-in NP,254,0.015955659985542298,0.014913216899335384,0.9225,0.9311
2,np_fan_in,Fan-in NP,255,0.016174064099788665,0.015139642414450646,0.9255,0.9349
2,np_fan_in,Fan-in NP,256,0.015965127170085906,0.014922403751313686,0.925,0.9343
2,np_fan_in,Fan-in NP,257,0.016246309936046602,0.0152538805693388,0.92725,0.9348
2,np_fan_in,Fan-in NP,258,0.016062292158603667,0.014940538369119167,0.927,0.9343
2,np_fan_in,Fan-in NP,259,0.015820760175585747,0.01484244259595871,0.926,0.9342
2,np_fan_in,Fan-in NP,260,0.015845734789967536,0.014801573790609836,0.92575,0.9338
2,np_fan_in,Fan-in NP,261,0.01594241338968277,0.014964270861446858,0.924,0.9329
2,np_fan_in,Fan-in NP,262,0.015892618179321288,0.014973785717785359,0.9275,0.9347
2,np_fan_in,Fan-in NP,263,0.015396004915237427,0.014501426178216934,0.92775,0.9338
2,np_fan_in,Fan-in NP,264,0.01572177419066429,0.014899734385311603,0.92625,0.934
2,np_fan_in,Fan-in NP,265,0.015640109851956366,0.014744704273343087,0.928,0.9346
2,np_fan_in,Fan-in NP,266,0.01525445705652237,0.014388426218926907,0.9265,0.9347
2,np_fan_in,Fan-in NP,267,0.01609026862680912,0.015060082691907882,0.92425,0.9345
2,np_fan_in,Fan-in NP,268,0.01575773821771145,0.014843799993395806,0.928,0.9348
2,np_fan_in,Fan-in NP,269,0.01598954737186432,0.015084793159365653,0.92675,0.9365
2,np_fan_in,Fan-in NP,270,0.015957784727215766,0.014997664293646813,0.924,0.9358
2,np_fan_in,Fan-in NP,271,0.015687595441937447,0.01478428169041872,0.92875,0.9358
2,np_fan_in,Fan-in NP,272,0.015702266946434975,0.014750419588387012,0.92675,0.9338
2,np_fan_in,Fan-in NP,273,0.015744133695960044,0.014849966426193715,0.9245,0.9348
2,np_fan_in,Fan-in NP,274,0.01567241644859314,0.014786806005239487,0.928,0.9355
2,np_fan_in,Fan-in NP,275,0.015434129908680917,0.014607861045002937,0.92775,0.9359
2,np_fan_in,Fan-in NP,276,0.01565874545276165,0.01489399533122778,0.93075,0.9362
2,np_fan_in,Fan-in NP,277,0.01563831074535847,0.014700390039384365,0.92725,0.9343
2,np_fan_in,Fan-in NP,278,0.015617215543985367,0.014699250443279743,0.92875,0.9349
2,np_fan_in,Fan-in NP,279,0.015703617081046103,0.014813441267609596,0.93,0.9367
2,np_fan_in,Fan-in NP,280,0.01585058692097664,0.014959850537776946,0.9305,0.9345
2,np_fan_in,Fan-in NP,281,0.01510933332145214,0.014160725629329681,0.93225,0.935
2,np_fan_in,Fan-in NP,282,0.015394785776734352,0.014460804519057274,0.9295,0.934
2,np_fan_in,Fan-in NP,283,0.015916764706373213,0.01490997712612152,0.92675,0.9351
2,np_fan_in,Fan-in NP,284,0.015295973122119904,0.014302478756010532,0.92675,0.9355
2,np_fan_in,Fan-in NP,285,0.015216444462537766,0.014264316301047802,0.92975,0.9366
2,np_fan_in,Fan-in NP,286,0.01538718158006668,0.014401802590489388,0.93125,0.9359
2,np_fan_in,Fan-in NP,287,0.015408492535352708,0.014401412564516068,0.92975,0.9364
2,np_fan_in,Fan-in NP,288,0.015096535861492157,0.01411897660791874,0.93025,0.9366
2,np_fan_in,Fan-in NP,289,0.015426534175872803,0.01437133237272501,0.9325,0.9385
2,np_fan_in,Fan-in NP,290,0.015446722701191903,0.01447045457959175,0.9325,0.9372
2,np_fan_in,Fan-in NP,291,0.015684630259871483,0.014735606655478477,0.93,0.9364
2,np_fan_in,Fan-in NP,292,0.01572149406373501,0.014670889754593372,0.92675,0.9376
2,np_fan_in,Fan-in NP,293,0.015341817587614059,0.014301388737559319,0.92825,0.937
2,np_fan_in,Fan-in NP,294,0.015456296294927598,0.014447083856165409,0.93075,0.9388
2,np_fan_in,Fan-in NP,295,0.015431349456310273,0.014481079380214215,0.93075,0.9386
2,np_fan_in,Fan-in NP,296,0.015012899160385132,0.014009992550313473,0.92775,0.9374
2,np_fan_in,Fan-in NP,297,0.015462815418839454,0.014544370223581791,0.929,0.9372
2,np_fan_in,Fan-in NP,298,0.015406715348362923,0.0143746204033494,0.93075,0.9379
2,np_fan_in,Fan-in NP,299,0.015300889760255813,0.014323983335494995,0.9285,0.9391
2,np_fan_in,Fan-in NP,300,0.014975632429122926,0.013994082681834698,0.93075,0.9386
2,np_fan_in,Fan-in NP,301,0.015720195472240447,0.014698364882171154,0.92525,0.938
2,np_fan_in,Fan-in NP,302,0.015688915595412255,0.014757713356614114,0.9275,0.935
2,np_fan_in,Fan-in NP,303,0.015329286739230156,0.014455347329378128,0.92675,0.9364
2,np_fan_in,Fan-in NP,304,0.014719421617686749,0.013745823992788791,0.92775,0.9384
2,np_fan_in,Fan-in NP,305,0.014965733207762242,0.014097752434015273,0.9285,0.9391
2,np_fan_in,Fan-in NP,306,0.015089025765657425,0.014080536015331746,0.928,0.9378
2,np_fan_in,Fan-in NP,307,0.014792831987142563,0.013902743522822857,0.93,0.9401
2,np_fan_in,Fan-in NP,308,0.015072558909654617,0.014224401147663593,0.9295,0.9387
2,np_fan_in,Fan-in NP,309,0.015810246735811235,0.014852455776929856,0.928,0.9381
2,np_fan_in,Fan-in NP,310,0.014559980690479278,0.013518593265116214,0.92975,0.9413
2,np_fan_in,Fan-in NP,311,0.014778672084212303,0.013888098715245724,0.931,0.9391
2,np_fan_in,Fan-in NP,312,0.0145975521504879,0.013617289838194846,0.93125,0.9392
2,np_fan_in,Fan-in NP,313,0.015388919085264206,0.014531874589622022,0.92875,0.9361
2,np_fan_in,Fan-in NP,314,0.014628021068871021,0.013741279038786889,0.928,0.9382
2,np_fan_in,Fan-in NP,315,0.01470349432528019,0.013873126266896725,0.9295,0.9387
2,np_fan_in,Fan-in NP,316,0.014576575107872487,0.01378416459709406,0.92875,0.9392
2,np_fan_in,Fan-in NP,317,0.0159031380712986,0.015125472332537174,0.9305,0.9393
2,np_fan_in,Fan-in NP,318,0.014668142952024937,0.013843132303655147,0.931,0.9395
2,np_fan_in,Fan-in NP,319,0.014872465707361698,0.014021956567466258,0.93175,0.9389
2,np_fan_in,Fan-in NP,320,0.01526731477677822,0.014532809513807296,0.9305,0.9397
2,np_fan_in,Fan-in NP,321,0.014290198616683483,0.013542362970113754,0.932,0.9405
2,np_fan_in,Fan-in NP,322,0.01521884423494339,0.01448573527187109,0.93025,0.9402
2,np_fan_in,Fan-in NP,323,0.015129755705595016,0.014304268811643124,0.932,0.9396
2,np_fan_in,Fan-in NP,324,0.016027049824595452,0.015271810786426067,0.92975,0.9371
2,np_fan_in,Fan-in NP,325,0.014791021801531315,0.014080345009267331,0.934,0.9401
2,np_fan_in,Fan-in NP,326,0.014995151706039905,0.014384587015211583,0.934,0.9417
2,np_fan_in,Fan-in NP,327,0.015081752777099609,0.01440683463215828,0.934,0.9411
2,np_fan_in,Fan-in NP,328,0.014630529768764973,0.013922944387793542,0.9335,0.9416
2,np_fan_in,Fan-in NP,329,0.014182366259396076,0.013563956904411315,0.9325,0.9407
2,np_fan_in,Fan-in NP,330,0.014324294731020927,0.013660743489861488,0.9345,0.9406
2,np_fan_in,Fan-in NP,331,0.014274461284279824,0.01364565782546997,0.93575,0.9424
2,np_fan_in,Fan-in NP,332,0.014125774063169956,0.0134613415107131,0.93275,0.9421
2,np_fan_in,Fan-in NP,333,0.014027202986180782,0.013408476385474205,0.934,0.9397
2,np_fan_in,Fan-in NP,334,0.014630535453557967,0.013866268517076969,0.9285,0.94
2,np_fan_in,Fan-in NP,335,0.01426590171456337,0.013708276081085205,0.93575,0.9418
2,np_fan_in,Fan-in NP,336,0.013959517054259777,0.01335908038020134,0.934,0.9404
2,np_fan_in,Fan-in NP,337,0.014322330787777901,0.013713127695024014,0.934,0.9404
2,np_fan_in,Fan-in NP,338,0.01437310778349638,0.013790527561306953,0.9375,0.9429
2,np_fan_in,Fan-in NP,339,0.013945404946804046,0.013287816907465458,0.9365,0.9416
2,np_fan_in,Fan-in NP,340,0.014998435467481613,0.014285270953178405,0.934,0.9419
2,np_fan_in,Fan-in NP,341,0.014105704560875893,0.01341872229129076,0.93325,0.9399
2,np_fan_in,Fan-in NP,342,0.013875136345624924,0.0133372106179595,0.936,0.9425
2,np_fan_in,Fan-in NP,343,0.013994388028979302,0.013282425983250142,0.9335,0.9417
2,np_fan_in,Fan-in NP,344,0.01402808889746666,0.013405327001214027,0.934,0.9414
2,np_fan_in,Fan-in NP,345,0.013895143620669842,0.013162528547644615,0.9325,0.9407
2,np_fan_in,Fan-in NP,346,0.014368805281817913,0.013650950503349303,0.93525,0.9426
2,np_fan_in,Fan-in NP,347,0.014262977264821529,0.01366271902322769,0.9355,0.9435
2,np_fan_in,Fan-in NP,348,0.01365764719247818,0.012868648645281791,0.93475,0.9419
2,np_fan_in,Fan-in NP,349,0.013357309736311435,0.012697911386191845,0.93675,0.9423
2,np_fan_in,Fan-in NP,350,0.013593884766101837,0.012824626053869725,0.935,0.9421
2,np_fan_in,Fan-in NP,351,0.013708608359098434,0.012964172410964966,0.93675,0.9425
2,np_fan_in,Fan-in NP,352,0.013827540777623654,0.013099422135949135,0.93625,0.943
2,np_fan_in,Fan-in NP,353,0.014846772640943527,0.014063923373818397,0.9345,0.9438
2,np_fan_in,Fan-in NP,354,0.014576532281935214,0.013827465258538722,0.93275,0.9418
2,np_fan_in,Fan-in NP,355,0.014227374762296676,0.01343072940558195,0.9335,0.9425
2,np_fan_in,Fan-in NP,356,0.013708694629371167,0.012958239689469337,0.93575,0.9438
2,np_fan_in,Fan-in NP,357,0.013742837086319924,0.012958117209374904,0.936,0.9423
2,np_fan_in,Fan-in NP,358,0.014017061717808246,0.01328239534497261,0.93475,0.9425
2,np_fan_in,Fan-in NP,359,0.014078486002981663,0.013312217743694782,0.9355,0.9408
2,np_fan_in,Fan-in NP,360,0.014060870289802551,0.013285524636507035,0.93525,0.9404
2,np_fan_in,Fan-in NP,361,0.01348738893121481,0.012744832384586334,0.935,0.9412
2,np_fan_in,Fan-in NP,362,0.014003939628601074,0.013216358606517315,0.93625,0.9433
2,np_fan_in,Fan-in NP,363,0.013788328401744366,0.013099405327439308,0.93425,0.9414
2,np_fan_in,Fan-in NP,364,0.014057472728192806,0.013309035743772983,0.9355,0.9427
2,np_fan_in,Fan-in NP,365,0.014308631248772144,0.01355120105445385,0.9345,0.9429
2,np_fan_in,Fan-in NP,366,0.013793829396367073,0.013161427922546863,0.93575,0.9419
2,np_fan_in,Fan-in NP,367,0.013516159549355507,0.012922971206903458,0.93875,0.9427
2,np_fan_in,Fan-in NP,368,0.013923054359853268,0.013324105276167392,0.93725,0.9435
2,np_fan_in,Fan-in NP,369,0.013518922902643681,0.012804692955315113,0.93825,0.9437
2,np_fan_in,Fan-in NP,370,0.013902983874082566,0.013200618809461594,0.9385,0.9437
2,np_fan_in,Fan-in NP,371,0.013909840866923331,0.013264318338036537,0.93675,0.9432
2,np_fan_in,Fan-in NP,372,0.013461522832512856,0.012826560397446155,0.937,0.9425
2,np_fan_in,Fan-in NP,373,0.013665268898010254,0.01315147124826908,0.93775,0.9421
2,np_fan_in,Fan-in NP,374,0.013658666506409645,0.013084511144459248,0.93725,0.9428
2,np_fan_in,Fan-in NP,375,0.013937852233648301,0.013293158987164497,0.93675,0.9414
2,np_fan_in,Fan-in NP,376,0.014226114198565483,0.013610675923526288,0.9365,0.9416
2,np_fan_in,Fan-in NP,377,0.013760250695049762,0.013088195925951004,0.93725,0.9439
2,np_fan_in,Fan-in NP,378,0.013226188868284226,0.012579148603975772,0.93775,0.9441
2,np_fan_in,Fan-in NP,379,0.013789502926170826,0.013035252521932125,0.93725,0.9436
2,np_fan_in,Fan-in NP,380,0.01336457746475935,0.012609216506779194,0.93525,0.9447
2,np_fan_in,Fan-in NP,381,0.013277929678559303,0.01256287787258625,0.9375,0.945
2,np_fan_in,Fan-in NP,382,0.013411775395274163,0.012808664147555828,0.9375,0.9434
2,np_fan_in,Fan-in NP,383,0.013683527156710625,0.01309269717335701,0.9365,0.9446
2,np_fan_in,Fan-in NP,384,0.013315427482128144,0.01267873794734478,0.93875,0.9446
2,np_fan_in,Fan-in NP,385,0.013568567983806134,0.012869631932675839,0.93825,0.9439
2,np_fan_in,Fan-in NP,386,0.013155089788138867,0.012451952882111072,0.94075,0.9457
2,np_fan_in,Fan-in NP,387,0.013515742160379887,0.012858562856912613,0.9375,0.9442
2,np_fan_in,Fan-in NP,388,0.013943322107195854,0.013257245382666588,0.9385,0.945
2,np_fan_in,Fan-in NP,389,0.013187090769410133,0.01267271611392498,0.93925,0.9445
2,np_fan_in,Fan-in NP,390,0.013486148796975612,0.012792548923194409,0.93825,0.9452
2,np_fan_in,Fan-in NP,391,0.013759391702711583,0.01310319131910801,0.938,0.9459
2,np_fan_in,Fan-in NP,392,0.013246695324778558,0.012549042899906635,0.9395,0.9461
2,np_fan_in,Fan-in NP,393,0.01342072505503893,0.012746795469522476,0.93725,0.9435
2,np_fan_in,Fan-in NP,394,0.014057889118790627,0.013288033653795718,0.93725,0.9438
2,np_fan_in,Fan-in NP,395,0.013129278264939785,0.01239275031387806,0.93925,0.947
2,np_fan_in,Fan-in NP,396,0.013151473864912987,0.01245014605075121,0.938,0.9457
2,np_fan_in,Fan-in NP,397,0.013007126376032829,0.012275989004969597,0.9385,0.9435
2,np_fan_in,Fan-in NP,398,0.013378972060978413,0.012658982910215855,0.939,0.9442
2,np_fan_in,Fan-in NP,399,0.01351191683113575,0.012697762201726437,0.93775,0.9445
2,np_fan_in,Fan-in NP,400,0.013571872264146806,0.01282422601878643,0.9355,0.9441
2,wp,WP,1,0.09191874700784683,0.09185908550024033,0.10875,0.1152
2,wp,WP,2,0.08879033207893372,0.08869460196495056,0.2085,0.2152
2,wp,WP,3,0.08715453630685806,0.08704231661558151,0.29775,0.3036
2,wp,WP,4,0.08591545736789703,0.08577333182096482,0.387,0.3935
2,wp,WP,5,0.08475131034851074,0.0845722043633461,0.4375,0.4496
2,wp,WP,6,0.08339209312200546,0.0832066799402237,0.4835,0.507
2,wp,WP,7,0.08213826078176499,0.0819500536084175,0.52275,0.5355
2,wp,WP,8,0.08089811080694198,0.08067165155410766,0.56825,0.5762
2,wp,WP,9,0.07952897572517395,0.07927126984596253,0.575,0.5826
2,wp,WP,10,0.07818945503234863,0.07786141659021377,0.59175,0.5977
2,wp,WP,11,0.07651941919326782,0.07617303974628449,0.6025,0.6068
2,wp,WP,12,0.0748089937567711,0.07449356718063355,0.61325,0.6119
2,wp,WP,13,0.0730121077299118,0.07267689807415008,0.6245,0.6229
2,wp,WP,14,0.0715214729309082,0.07111523216962815,0.6175,0.6228
2,wp,WP,15,0.07001219463348389,0.06966594727039337,0.6305,0.6304
2,wp,WP,16,0.06885805809497833,0.06841820485591889,0.62925,0.6296
2,wp,WP,17,0.06757258546352386,0.06718734121322632,0.64275,0.6469
2,wp,WP,18,0.06595355701446533,0.06559484827518464,0.67075,0.6751
2,wp,WP,19,0.06469456368684769,0.06432790678739547,0.67075,0.6781
2,wp,WP,20,0.06330841392278672,0.0629841504573822,0.69175,0.6912
2,wp,WP,21,0.062322663009166716,0.06187027646303177,0.66675,0.6729
2,wp,WP,22,0.06132682961225509,0.06079329599142075,0.67375,0.6752
2,wp,WP,23,0.060043368965387346,0.059506470781564715,0.69375,0.7072
2,wp,WP,24,0.05898259332776069,0.05846546267271042,0.70575,0.7136
2,wp,WP,25,0.0582584428191185,0.05777889045476913,0.7115,0.7208
2,wp,WP,26,0.0574726450741291,0.057001906776428225,0.7095,0.7262
2,wp,WP,27,0.05706087431311607,0.05658750777244568,0.7145,0.7294
2,wp,WP,28,0.05636555474996567,0.05592821642160416,0.73325,0.745
2,wp,WP,29,0.0551108113527298,0.05464048836827278,0.722,0.7357
2,wp,WP,30,0.05471750152111053,0.05409096314311027,0.724,0.7355
2,wp,WP,31,0.05468348625302315,0.05392556835412979,0.7245,0.7432
2,wp,WP,32,0.05367505416274071,0.052999629354476926,0.742,0.7639
2,wp,WP,33,0.053184223771095274,0.05251367915272713,0.7395,0.7556
2,wp,WP,34,0.05267773509025574,0.052165427374839785,0.738,0.7542
2,wp,WP,35,0.052394761234521865,0.05190897242426872,0.7475,0.7623
2,wp,WP,36,0.052108705013990404,0.05145897586941719,0.7415,0.7594
2,wp,WP,37,0.051864441454410555,0.051276461988687516,0.7445,0.7582
2,wp,WP,38,0.0516987067759037,0.051060503965616226,0.7565,0.7629
2,wp,WP,39,0.05160342687368393,0.05098142365217209,0.76275,0.7722
2,wp,WP,40,0.05087385234236717,0.050185536700487136,0.76575,0.7772
2,wp,WP,41,0.050767685562372204,0.05022007902860642,0.77425,0.7795
2,wp,WP,42,0.05081731200218201,0.05037695148587227,0.7555,0.7607
2,wp,WP,43,0.050272508442401886,0.04977297841906547,0.761,0.7706
2,wp,WP,44,0.04970909932255745,0.049177048575878145,0.772,0.7822
2,wp,WP,45,0.0498423031270504,0.04950175765156746,0.7605,0.7695
2,wp,WP,46,0.04956726175546646,0.04915806733369827,0.75425,0.767
2,wp,WP,47,0.049626055985689164,0.04912095658779144,0.76025,0.7715
2,wp,WP,48,0.04941183963418007,0.048894180309772495,0.76775,0.7806
2,wp,WP,49,0.04892829549312592,0.04832574143409729,0.76925,0.7851
2,wp,WP,50,0.04865024679899216,0.04793282892107963,0.76225,0.7792
2,wp,WP,51,0.04813525465130806,0.047435937643051145,0.7715,0.784
2,wp,WP,52,0.048483945369720456,0.047785980409383776,0.75975,0.779
2,wp,WP,53,0.04828211742639542,0.047688498985767366,0.7685,0.7838
2,wp,WP,54,0.048409672915935516,0.0478010646879673,0.76975,0.7822
2,wp,WP,55,0.048413464456796645,0.04779355852603912,0.76625,0.7795
2,wp,WP,56,0.048662232518196104,0.04785842004418373,0.77425,0.7879
2,wp,WP,57,0.04844849243760109,0.04757898995876312,0.76825,0.785
2,wp,WP,58,0.04850411596894264,0.04767887188792229,0.764,0.7836
2,wp,WP,59,0.04825287300348282,0.04736785437464714,0.769,0.786
2,wp,WP,60,0.0479035961329937,0.046864029836654664,0.775,0.794
2,wp,WP,61,0.04768198695778847,0.04657555809020996,0.774,0.7914
2,wp,WP,62,0.048071704387664796,0.04688915798664093,0.774,0.7929
2,wp,WP,63,0.048024317383766175,0.04694480934739113,0.774,0.7917
2,wp,WP,64,0.047676179468631744,0.04663167267441749,0.7655,0.7883
2,wp,WP,65,0.047440811038017276,0.04662510784864426,0.772,0.7881
2,wp,WP,66,0.04737153086066246,0.04651834305524826,0.77,0.7859
2,wp,WP,67,0.046939623355865476,0.0459969952583313,0.759,0.778
2,wp,WP,68,0.04687286752462387,0.04594993891119957,0.78275,0.7944
2,wp,WP,69,0.04651152604818344,0.045524903094768525,0.787,0.8049
2,wp,WP,70,0.04628752326965332,0.0453424191236496,0.78525,0.8001
2,wp,WP,71,0.046335858047008516,0.0454202778339386,0.788,0.8018
2,wp,WP,72,0.04624704068899155,0.04529215871095657,0.784,0.8044
2,wp,WP,73,0.04629012802243233,0.04533940383195877,0.787,0.7982
2,wp,WP,74,0.045784872770309445,0.044806641340255735,0.79325,0.8064
2,wp,WP,75,0.045421353071928024,0.04451346571445465,0.7945,0.8088
2,wp,WP,76,0.04486201891303063,0.04404607149362564,0.79725,0.8055
2,wp,WP,77,0.04513626781105995,0.04418561613559723,0.793,0.8018
2,wp,WP,78,0.045092273473739626,0.044081485360860824,0.7975,0.8081
2,wp,WP,79,0.04520372730493546,0.044278801143169406,0.7975,0.8021
2,wp,WP,80,0.045119602143764495,0.04412660875916481,0.78725,0.8011
2,wp,WP,81,0.04435372558236122,0.04327401419281959,0.79225,0.8087
2,wp,WP,82,0.04429980218410492,0.04318715329170227,0.799,0.8108
2,wp,WP,83,0.04413958129286766,0.04309396669864655,0.792,0.8038
2,wp,WP,84,0.04367598366737366,0.042714440143108365,0.795,0.8077
2,wp,WP,85,0.04346260330080986,0.04231343756914139,0.796,0.8142
2,wp,WP,86,0.043840015590190885,0.0428503913462162,0.79575,0.8101
2,wp,WP,87,0.04404207247495651,0.04312038432955742,0.7965,0.8082
2,wp,WP,88,0.04368823078274727,0.04263533771634102,0.8025,0.8187
2,wp,WP,89,0.043693137049674986,0.042840307140350344,0.805,0.8104
2,wp,WP,90,0.043944357216358185,0.0431239066183567,0.80125,0.8106
2,wp,WP,91,0.04377349355816841,0.04280901327729225,0.80325,0.8119
2,wp,WP,92,0.043987036049366,0.04311884052753449,0.79425,0.8053
2,wp,WP,93,0.044084431111812594,0.04312493975758552,0.79975,0.8067
2,wp,WP,94,0.04421250438690186,0.0432083280980587,0.79525,0.8079
2,wp,WP,95,0.044158212542533874,0.04325379217863083,0.79575,0.8076
2,wp,WP,96,0.04434122917056084,0.04336775273680687,0.7965,0.8052
2,wp,WP,97,0.04418074271082878,0.04316713470220566,0.79525,0.8052
2,wp,WP,98,0.04402562776207924,0.043121411442756656,0.79825,0.81
2,wp,WP,99,0.04422195520997047,0.043279781812429426,0.8055,0.8134
2,wp,WP,100,0.044164736360311506,0.043087133646011355,0.80725,0.8138
2,wp,WP,101,0.043868756383657455,0.042785403728485105,0.811,0.8146
2,wp,WP,102,0.04418108209967613,0.043149779546260834,0.806,0.8124
2,wp,WP,103,0.04373383617401123,0.042754672110080716,0.805,0.8118
2,wp,WP,104,0.04336127761006355,0.042543677163124086,0.8095,0.8129
2,wp,WP,105,0.04346196854114533,0.04278940441608429,0.81,0.8142
2,wp,WP,106,0.043186787098646165,0.042424208176136013,0.8135,0.8169
2,wp,WP,107,0.043410288631916046,0.0426254922568798,0.81,0.8165
2,wp,WP,108,0.043980338513851164,0.04305948845744133,0.8035,0.811
2,wp,WP,109,0.043857612878084186,0.04309389649629593,0.796,0.8106
2,wp,WP,110,0.0440135104060173,0.0432243802011013,0.79975,0.8108
2,wp,WP,111,0.04405111575126648,0.04313665276765823,0.79275,0.8117
2,wp,WP,112,0.04399720767140389,0.04328526646494865,0.79175,0.81
2,wp,WP,113,0.0438395357131958,0.04319774085879326,0.798,0.8083
2,wp,WP,114,0.04340277960896492,0.042651797938346864,0.80275,0.8141
2,wp,WP,115,0.04344552245736122,0.04278625602722168,0.80675,0.8133
2,wp,WP,116,0.043958532333374024,0.04325250763297081,0.804,0.8077
2,wp,WP,117,0.043949736952781676,0.043134001964330676,0.802,0.8095
2,wp,WP,118,0.04368039989471435,0.04268564049601555,0.8055,0.8131
2,wp,WP,119,0.04361853563785553,0.042592230176925656,0.80275,0.8137
2,wp,WP,120,0.043779852598905565,0.04289958230257034,0.80125,0.8094
2,wp,WP,121,0.04319051951169968,0.042300575941801075,0.8055,0.8094
2,wp,WP,122,0.04306267523765564,0.04219758893251419,0.8025,0.8136
2,wp,WP,123,0.04303914806246757,0.04244780348539352,0.8085,0.8149
2,wp,WP,124,0.0432485436797142,0.042657898378372194,0.80825,0.8179
2,wp,WP,125,0.04306637853384018,0.04251917245984078,0.812,0.8158
2,wp,WP,126,0.04350275078415871,0.04278597317934036,0.809,0.8205
2,wp,WP,127,0.04291549092531204,0.04222942553758621,0.8135,0.8214
2,wp,WP,128,0.04283759853243828,0.042229737240076066,0.811,0.8186
2,wp,WP,129,0.04326951345801353,0.042629323256015775,0.8045,0.8142
2,wp,WP,130,0.043262735307216645,0.04251352100968361,0.80375,0.8171
2,wp,WP,131,0.04304400199651718,0.04244835817217827,0.80625,0.8177
2,wp,WP,132,0.043201447159051894,0.04269687309861183,0.80325,0.8132
2,wp,WP,133,0.04290055587887764,0.042329605782032015,0.803,0.8168
2,wp,WP,134,0.04281572997570038,0.04231622778773308,0.8095,0.8165
2,wp,WP,135,0.04317575505375862,0.0428667188167572,0.807,0.8123
2,wp,WP,136,0.04301480278372764,0.04266779999732971,0.80275,0.8122
2,wp,WP,137,0.04284808373451233,0.042495556455850604,0.8045,0.8157
2,wp,WP,138,0.042477136254310606,0.04207715039253235,0.79975,0.814
2,wp,WP,139,0.04261512592434883,0.04230503203868866,0.808,0.8116
2,wp,WP,140,0.042853383988142014,0.042595909762382506,0.80475,0.8043
2,wp,WP,141,0.04283431720733642,0.04254693736433983,0.79725,0.8071
2,wp,WP,142,0.04235566347837448,0.04172760838866234,0.801,0.8083
2,wp,WP,143,0.04298814681172371,0.042072927737236025,0.7955,0.8051
2,wp,WP,144,0.042698225110769275,0.04201762467622757,0.7995,0.8061
2,wp,WP,145,0.0432226254940033,0.04255007071495056,0.793,0.7979
2,wp,WP,146,0.04282982128858566,0.04218881927132607,0.7975,0.7988
2,wp,WP,147,0.042252208411693574,0.041640183275938034,0.80025,0.8038
2,wp,WP,148,0.04236052617430687,0.041746976518630984,0.7925,0.8029
2,wp,WP,149,0.042688322722911835,0.042105594462156296,0.78975,0.8016
2,wp,WP,150,0.04222701996564865,0.041422276955842975,0.79475,0.8056
2,wp,WP,151,0.04199656900763512,0.041054637706279755,0.794,0.8061
2,wp,WP,152,0.04224151512980461,0.04128241491913796,0.791,0.8064
2,wp,WP,153,0.04176489570736885,0.04082561233043671,0.79625,0.8059
2,wp,WP,154,0.04184806364774704,0.04104620122909546,0.799,0.8038
2,wp,WP,155,0.041773778557777405,0.04105820511579514,0.7995,0.8056
2,wp,WP,156,0.0416846370100975,0.04116514213681221,0.79575,0.804
2,wp,WP,157,0.04154561549425125,0.04107845056653023,0.7975,0.8012
2,wp,WP,158,0.04149296426773071,0.041165518379211424,0.8015,0.8027
2,wp,WP,159,0.041420848637819294,0.041085888069868085,0.80575,0.8018
2,wp,WP,160,0.04080305740237236,0.04042233043313027,0.8075,0.8059
2,wp,WP,161,0.04092528185248375,0.04052912199497223,0.80475,0.8038
2,wp,WP,162,0.04055592769384384,0.04031077760457993,0.8025,0.8054
2,wp,WP,163,0.04067599526047706,0.04065307891964912,0.80325,0.8047
2,wp,WP,164,0.04112576308846474,0.040881415939331055,0.8,0.8054
2,wp,WP,165,0.04131428414583206,0.040963607662916186,0.79525,0.8037
2,wp,WP,166,0.041549652755260465,0.04120899187922478,0.79975,0.8019
2,wp,WP,167,0.041777744501829146,0.04143109782934189,0.79925,0.8005
2,wp,WP,168,0.041599449187517165,0.041217522203922274,0.80175,0.8011
2,wp,WP,169,0.041620213210582735,0.04122601066231728,0.80225,0.7995
2,wp,WP,170,0.04163241714239121,0.0413370984852314,0.8015,0.7997
2,wp,WP,171,0.04162394690513611,0.04116940762400627,0.7975,0.8013
2,wp,WP,172,0.04132240518927574,0.04090082072019577,0.797,0.799
2,wp,WP,173,0.04127395316958427,0.040913673251867295,0.79675,0.8048
2,wp,WP,174,0.041221850126981735,0.04098178826570511,0.80025,0.8009
2,wp,WP,175,0.041562501549720764,0.04133550351858139,0.79225,0.7968
2,wp,WP,176,0.041195796847343445,0.04111323098540306,0.796,0.7997
2,wp,WP,177,0.04104108449816704,0.04104600512385368,0.80025,0.7987
2,wp,WP,178,0.04124173793196678,0.041179500758647916,0.8005,0.7984
2,wp,WP,179,0.041167177349328996,0.04116713451743126,0.8015,0.8003
2,wp,WP,180,0.041204607725143436,0.04114097682237625,0.79925,0.7982
2,wp,WP,181,0.04095833975076675,0.040807187342643735,0.79775,0.7958
2,wp,WP,182,0.040502700358629226,0.04040272711515427,0.80625,0.7984
2,wp,WP,183,0.04022689479589462,0.0402826044857502,0.805,0.8012
2,wp,WP,184,0.04042624878883362,0.04021532120108604,0.801,0.7993
2,wp,WP,185,0.040357730358839036,0.04015470730662346,0.8005,0.8021
2,wp,WP,186,0.04076562657952309,0.040591187101602554,0.8025,0.7994
2,wp,WP,187,0.04081854373216629,0.04068459575176239,0.80075,0.7977
2,wp,WP,188,0.04077669125795364,0.04077853105664253,0.79925,0.798
2,wp,WP,189,0.04038400059938431,0.040438594859838486,0.80325,0.7974
2,wp,WP,190,0.04027093976736069,0.04017468572258949,0.8015,0.7977
2,wp,WP,191,0.04013813588023186,0.0401010267496109,0.80625,0.7996
2,wp,WP,192,0.04020864993333816,0.04039699015021324,0.80325,0.8017
2,wp,WP,193,0.0398031750023365,0.04006527768969536,0.80425,0.8028
2,wp,WP,194,0.04009488388895988,0.040374356138706206,0.803,0.7996
2,wp,WP,195,0.03961768460273743,0.03987719387412071,0.80725,0.8113
2,wp,WP,196,0.03944637057185173,0.03966831332445145,0.80875,0.8081
2,wp,WP,197,0.03973163044452667,0.03996751406788826,0.8115,0.8063
2,wp,WP,198,0.03976345857977867,0.03992858118414879,0.811,0.8078
2,wp,WP,199,0.03982055300474167,0.03997726750969887,0.8075,0.8044
2,wp,WP,200,0.03954167401790619,0.03974156569242478,0.80925,0.8011
2,wp,WP,201,0.03956670930981636,0.03967137315273285,0.8095,0.7992
2,wp,WP,202,0.03996277290582657,0.03987438341379165,0.8025,0.798
2,wp,WP,203,0.039401033282279965,0.03959784141778946,0.80675,0.7947
2,wp,WP,204,0.03938226324319839,0.03945291551351547,0.80225,0.7965
2,wp,WP,205,0.039475141674280165,0.03953630095720291,0.803,0.798
2,wp,WP,206,0.039047124773263935,0.039068991446495054,0.8025,0.7997
2,wp,WP,207,0.039300390988588334,0.03948705598115921,0.8025,0.8006
2,wp,WP,208,0.03960746091604233,0.039772657364606855,0.79925,0.7978
2,wp,WP,209,0.03910236272215843,0.03921462591290474,0.80525,0.8054
2,wp,WP,210,0.03926870572566986,0.03935498651266098,0.8045,0.8024
2,wp,WP,211,0.039380056709051134,0.039603235745429996,0.79925,0.7997
2,wp,WP,212,0.03965644496679306,0.039770663875341415,0.80125,0.798
2,wp,WP,213,0.03918725711107254,0.03925656456947327,0.80225,0.8025
2,wp,WP,214,0.039027511686086654,0.03882454543709755,0.803,0.8043
2,wp,WP,215,0.038966967523097994,0.03879896467924118,0.801,0.8035
2,wp,WP,216,0.03893744850158692,0.03885686103105545,0.80275,0.8048
2,wp,WP,217,0.03909821617603302,0.03888270428776741,0.802,0.8093
2,wp,WP,218,0.03950558403134346,0.03920387907624245,0.799,0.8048
2,wp,WP,219,0.039597144305706024,0.039290633761882784,0.7995,0.8076
2,wp,WP,220,0.038870029777288435,0.03860546084046364,0.80675,0.8076
2,wp,WP,221,0.03852893280982971,0.038233460277318956,0.81375,0.8086
2,wp,WP,222,0.03877037248015404,0.03857531529068947,0.80875,0.809
2,wp,WP,223,0.03919931814074516,0.03887851659059525,0.80725,0.807
2,wp,WP,224,0.03879686409235,0.038571963143348695,0.808,0.8085
2,wp,WP,225,0.03834909063577652,0.03804754621386528,0.8095,0.8119
2,wp,WP,226,0.038593535393476486,0.0381815302670002,0.80775,0.811
2,wp,WP,227,0.03847984611988067,0.038113684999942776,0.81025,0.8151
2,wp,WP,228,0.03891603228449821,0.03856990028619766,0.806,0.8152
2,wp,WP,229,0.03877545315027237,0.03842342566847801,0.8015,0.8124
2,wp,WP,230,0.03869981718063355,0.03848927838206291,0.80175,0.8113
2,wp,WP,231,0.03884735313057899,0.038632786881923675,0.80175,0.8068
2,wp,WP,232,0.03853479847311973,0.03843981853723526,0.799,0.8056
2,wp,WP,233,0.038593263685703275,0.03824748992323875,0.803,0.8096
2,wp,WP,234,0.03864317429065704,0.03848848947286606,0.8035,0.8058
2,wp,WP,235,0.038408093333244325,0.03829964839816093,0.802,0.8034
2,wp,WP,236,0.03849768155813217,0.03836489014625549,0.802,0.801
2,wp,WP,237,0.038573617577552795,0.03855441797375679,0.80175,0.8027
2,wp,WP,238,0.039117453128099444,0.03904427281022072,0.799,0.8009
2,wp,WP,239,0.03825091263651848,0.03841563764810562,0.80525,0.8025
2,wp,WP,240,0.03902334234118462,0.03923215408325195,0.804,0.8011
2,wp,WP,241,0.038648178398609165,0.03889177975058555,0.809,0.8011
2,wp,WP,242,0.03856448867917061,0.03879069857001305,0.8105,0.8047
2,wp,WP,243,0.038893533408641816,0.039259132522344586,0.8025,0.7977
2,wp,WP,244,0.03850942972302437,0.038958627891540525,0.80675,0.8003
2,wp,WP,245,0.03804341986775398,0.038313572371006015,0.80975,0.806
2,wp,WP,246,0.03864322638511658,0.0389830493748188,0.808,0.7981
2,wp,WP,247,0.03842433542013168,0.03876204420924187,0.80475,0.7972
2,wp,WP,248,0.03830363276600838,0.038469507640600205,0.7995,0.797
2,wp,WP,249,0.037944764047861096,0.03811181845068932,0.7965,0.7981
2,wp,WP,250,0.03826495838165283,0.038343456810712814,0.79425,0.794
2,wp,WP,251,0.0380295008122921,0.03780201434493065,0.79825,0.8011
2,wp,WP,252,0.03826580756902695,0.03788454617261887,0.79725,0.8
2,wp,WP,253,0.03839276647567749,0.0380318445622921,0.79725,0.7976
2,wp,WP,254,0.038905405402183534,0.03839635103940964,0.7965,0.7978
2,wp,WP,255,0.03910570451617241,0.03857305896878242,0.79575,0.7992
2,wp,WP,256,0.03858623403310776,0.03798798103928566,0.79675,0.8006
2,wp,WP,257,0.038393330872058866,0.037685257744789126,0.79875,0.803
2,wp,WP,258,0.03849816012382507,0.03780126547813416,0.796,0.8021
2,wp,WP,259,0.03860884410142899,0.037906796807050704,0.797,0.7993
2,wp,WP,260,0.03835132223367691,0.037734825748205185,0.7975,0.8026
2,wp,WP,261,0.03885775572061539,0.038131459575891494,0.79925,0.8004
2,wp,WP,262,0.03903549528121948,0.03851739653348923,0.79675,0.8013
2,wp,WP,263,0.039211900264024734,0.0385584267437458,0.80075,0.8008
2,wp,WP,264,0.03916165134310722,0.03858478298187256,0.79525,0.7969
2,wp,WP,265,0.03875958880782127,0.03828977012634277,0.79875,0.7986
2,wp,WP,266,0.03901985052227974,0.03854613664746284,0.792,0.7964
2,wp,WP,267,0.03929378905892372,0.03870287276506424,0.79425,0.798
2,wp,WP,268,0.03974221140146256,0.03918978245854378,0.793,0.7941
2,wp,WP,269,0.03941662400960922,0.03890322019457817,0.79175,0.7939
2,wp,WP,270,0.039438315719366075,0.038950192350149154,0.787,0.7951
2,wp,WP,271,0.03927727034687996,0.03854726634025574,0.78825,0.7968
2,wp,WP,272,0.039067527890205386,0.038544214886426925,0.78625,0.795
2,wp,WP,273,0.03939566054940224,0.038963638359308245,0.7895,0.795
2,wp,WP,274,0.04013519781827927,0.039688992846012114,0.7785,0.7905
2,wp,WP,275,0.04015708556771278,0.03953607650995254,0.77925,0.7915
2,wp,WP,276,0.039505947649478915,0.03886655397415161,0.787,0.7946
2,wp,WP,277,0.039527482986450195,0.038973118025064465,0.78675,0.7941
2,wp,WP,278,0.03961585521697998,0.039154315370321276,0.785,0.7927
2,wp,WP,279,0.039756420105695724,0.039157720017433166,0.7865,0.7939
2,wp,WP,280,0.040258955627679824,0.03954753245711327,0.786,0.7976
2,wp,WP,281,0.04015369763970375,0.03950858232975006,0.788,0.7953
2,wp,WP,282,0.039915363162755964,0.0394821225464344,0.7895,0.7978
2,wp,WP,283,0.039746909707784654,0.039251392328739164,0.7865,0.7952
2,wp,WP,284,0.03987353295087814,0.03927258556485176,0.786,0.7948
2,wp,WP,285,0.04043848884105682,0.039995309966802596,0.78625,0.7924
2,wp,WP,286,0.04041237860918045,0.04000745037794113,0.78975,0.7942
2,wp,WP,287,0.041305167376995085,0.04109003030061722,0.78225,0.7865
2,wp,WP,288,0.04079772773385048,0.040601512664556506,0.78275,0.7852
2,wp,WP,289,0.04109055969119072,0.0407644084751606,0.78075,0.7863
2,wp,WP,290,0.041227078884840014,0.040890427386760714,0.77825,0.7859
2,wp,WP,291,0.041492698550224305,0.04128884395360947,0.777,0.7792
2,wp,WP,292,0.0415701290667057,0.041464255702495574,0.77,0.7793
2,wp,WP,293,0.04075318345427513,0.0406586448431015,0.774,0.7864
2,wp,WP,294,0.04134930163621903,0.04094112404584885,0.7795,0.7835
2,wp,WP,295,0.04169874501228332,0.041093249690532685,0.7705,0.7833
2,wp,WP,296,0.04190028285980225,0.04140605615973473,0.77225,0.7818
2,wp,WP,297,0.04136418122053146,0.04104376516342163,0.7725,0.7826
2,wp,WP,298,0.04167529281973839,0.04125026362538338,0.768,0.7775
2,wp,WP,299,0.04174759554862976,0.041401519817113874,0.77275,0.7763
2,wp,WP,300,0.04085306850075722,0.04053995041251183,0.7795,0.7801
2,wp,WP,301,0.04106537476181984,0.04097664101719856,0.7745,0.7725
2,wp,WP,302,0.04127200210094452,0.04125995165705681,0.77325,0.7724
2,wp,WP,303,0.041156801581382754,0.041133916538953784,0.77675,0.7729
2,wp,WP,304,0.04131248450279236,0.0412998965382576,0.7745,0.7741
2,wp,WP,305,0.04150681358575821,0.04129774992465973,0.7755,0.7748
2,wp,WP,306,0.041744019746780395,0.041330057793855665,0.768,0.7747
2,wp,WP,307,0.04275471156835556,0.041918132370710376,0.76025,0.7626
2,wp,WP,308,0.04249602022767067,0.041754289245605467,0.764,0.768
2,wp,WP,309,0.042112756341695784,0.04159152365922928,0.76975,0.7714
2,wp,WP,310,0.042029510855674745,0.04132171716690063,0.7625,0.7715
2,wp,WP,311,0.04195650464296341,0.04157224676609039,0.7705,0.7752
2,wp,WP,312,0.04183470544219017,0.041273420161008836,0.771,0.7721
2,wp,WP,313,0.04232148709893226,0.04197849514484406,0.76825,0.7702
2,wp,WP,314,0.04212282598018646,0.04159896939992905,0.768,0.7684
2,wp,WP,315,0.042212047696113586,0.04167768897414208,0.76675,0.7666
2,wp,WP,316,0.04176544436812401,0.04110370908379555,0.7715,0.7698
2,wp,WP,317,0.04209883224964142,0.04121986173391342,0.76775,0.7707
2,wp,WP,318,0.04192165410518646,0.041067281943559644,0.77325,0.7749
2,wp,WP,319,0.04152578458189964,0.040743732166290285,0.7725,0.7751
2,wp,WP,320,0.04147934454679489,0.041049046444892885,0.7825,0.7832
2,wp,WP,321,0.04198629429936409,0.04142588039040566,0.77225,0.7778
2,wp,WP,322,0.042143219083547595,0.0416349683046341,0.7705,0.7675
2,wp,WP,323,0.04210809025168419,0.04143499295115471,0.77175,0.7709
2,wp,WP,324,0.041798890352249145,0.04107481898069382,0.77125,0.7764
2,wp,WP,325,0.04206461027264595,0.04138811157345772,0.7765,0.7775
2,wp,WP,326,0.04200149565935135,0.041685126298666,0.77825,0.7767
2,wp,WP,327,0.04225778385996819,0.04223902227282524,0.77675,0.7813
2,wp,WP,328,0.041592287957668304,0.0414669033229351,0.77525,0.7811
2,wp,WP,329,0.04135265785455704,0.04102179615497589,0.77625,0.7844
2,wp,WP,330,0.040739877223968504,0.04054777977466583,0.788,0.7893
2,wp,WP,331,0.041296574532985686,0.04121252974867821,0.78325,0.782
2,wp,WP,332,0.04126390662789345,0.04093283025622368,0.7865,0.789
2,wp,WP,333,0.04153796970844269,0.04124036002755165,0.78675,0.7881
2,wp,WP,334,0.04211554777622223,0.04163726375102997,0.7865,0.7837
2,wp,WP,335,0.041885024279356003,0.04156706719398499,0.77775,0.7772
2,wp,WP,336,0.04140344798564911,0.041191400784254074,0.7785,0.78
2,wp,WP,337,0.04241277945041656,0.042071524995565414,0.77225,0.7716
2,wp,WP,338,0.04166563430428505,0.041417009681463245,0.77825,0.7795
2,wp,WP,339,0.04220046672224999,0.04210300720334053,0.7695,0.7656
2,wp,WP,340,0.042350388079881666,0.04211417194604874,0.766,0.7678
2,wp,WP,341,0.0415753467977047,0.04131525022387505,0.77875,0.7739
2,wp,WP,342,0.04179225406050682,0.041591010439395906,0.77625,0.7749
2,wp,WP,343,0.041828259646892546,0.04155893509984016,0.77325,0.7695
2,wp,WP,344,0.04203458645939827,0.04156725766658783,0.77425,0.7747
2,wp,WP,345,0.04218825274705887,0.04189807487726212,0.776,0.7788
2,wp,WP,346,0.0426971949338913,0.04245808555483818,0.77275,0.7728
2,wp,WP,347,0.042615638047456744,0.04244298158288002,0.76975,0.7722
2,wp,WP,348,0.043085141897201536,0.04295610476732254,0.7695,0.7686
2,wp,WP,349,0.0430471243262291,0.04276916613578796,0.7755,0.7756
2,wp,WP,350,0.043077730119228365,0.04302769148349762,0.77225,0.7752
2,wp,WP,351,0.043105443000793456,0.04292134538888931,0.764,0.7679
2,wp,WP,352,0.04354611259698868,0.04327732362151146,0.75475,0.7585
2,wp,WP,353,0.044032207489013674,0.04377831561565399,0.75325,0.7584
2,wp,WP,354,0.04409783700108528,0.04397883737683296,0.75275,0.7571
2,wp,WP,355,0.04376585829257965,0.043507252413034436,0.76575,0.7637
2,wp,WP,356,0.04348477241396904,0.04318077891469002,0.758,0.7639
2,wp,WP,357,0.043731957882642745,0.04325796501040459,0.75075,0.7576
2,wp,WP,358,0.04287951764464378,0.04252795559167862,0.7535,0.7628
2,wp,WP,359,0.04271691274642944,0.04203628335595131,0.75675,0.7649
2,wp,WP,360,0.04299369663000107,0.04226812520027161,0.75925,0.7642
2,wp,WP,361,0.042781375765800475,0.042233195513486865,0.75875,0.7623
2,wp,WP,362,0.043206235289573666,0.04259332762956619,0.757,0.7631
2,wp,WP,363,0.04279241165518761,0.042431969583034516,0.765,0.7663
2,wp,WP,364,0.04342810615897179,0.04337146503329277,0.76025,0.7605
2,wp,WP,365,0.04296379441022873,0.04290984060168266,0.75925,0.7582
2,wp,WP,366,0.04402993375062943,0.04404064804315567,0.75025,0.7526
2,wp,WP,367,0.04395416766405105,0.0439274549305439,0.753,0.7562
2,wp,WP,368,0.04444690904021263,0.04441456836462021,0.7465,0.7504
2,wp,WP,369,0.04356790575385094,0.04329288774728775,0.752,0.7587
2,wp,WP,370,0.043770516782999036,0.043531384617090225,0.74425,0.7472
2,wp,WP,371,0.04452351182699203,0.0439812807738781,0.7445,0.7517
2,wp,WP,372,0.044186238318681716,0.04377144336700439,0.74775,0.7566
2,wp,WP,373,0.043966759145259854,0.04355377018451691,0.75225,0.7605
2,wp,WP,374,0.04409787005186081,0.04352022817134857,0.749,0.7575
2,wp,WP,375,0.044430868923664095,0.04368189362883568,0.7495,0.757
2,wp,WP,376,0.044412066042423246,0.04380906438827515,0.751,0.7612
2,wp,WP,377,0.04419229963421822,0.04382014344930649,0.751,0.7601
2,wp,WP,378,0.044548140227794644,0.04436420277357101,0.74575,0.7493
2,wp,WP,379,0.043587959676980974,0.04292235904932022,0.75575,0.7641
2,wp,WP,380,0.044350268989801406,0.04348990039825439,0.74975,0.7575
2,wp,WP,381,0.044260018557310106,0.04355855244398117,0.74475,0.7546
2,wp,WP,382,0.04476291412115097,0.04405165181159973,0.739,0.7515
2,wp,WP,383,0.04387809354066849,0.04306724632978439,0.75025,0.7628
2,wp,WP,384,0.0440699631869793,0.043236012369394304,0.7545,0.7634
2,wp,WP,385,0.04396711593866348,0.043259838956594465,0.751,0.7613
2,wp,WP,386,0.044912375897169114,0.043999921894073486,0.74825,0.7558
2,wp,WP,387,0.04456858390569687,0.04380971628427505,0.74025,0.7566
2,wp,WP,388,0.04394399249553681,0.04339649804234505,0.75225,0.7587
2,wp,WP,389,0.04449973157048225,0.043849010848999025,0.74825,0.7606
2,wp,WP,390,0.04462975931167602,0.04410852057337761,0.745,0.7574
2,wp,WP,391,0.04497677129507065,0.04448984209895134,0.74175,0.7494
2,wp,WP,392,0.044619794100523,0.044154561907053,0.74925,0.7513
2,wp,WP,393,0.044567555993795395,0.044040712696313856,0.753,0.7573
2,wp,WP,394,0.045119927078485486,0.04456986839175224,0.75125,0.757
2,wp,WP,395,0.044366603136062624,0.04332628679871559,0.75675,0.76
2,wp,WP,396,0.04482302191853523,0.04382509961724281,0.746,0.757
2,wp,WP,397,0.045110353767871855,0.04392376368045807,0.7415,0.7531
2,wp,WP,398,0.04411575299501419,0.04311076110005379,0.744,0.7571
2,wp,WP,399,0.04472056388854981,0.04398775805830955,0.736,0.7492
2,wp,WP,400,0.04487982252240181,0.044033554124832154,0.743,0.7476
3,bp,BP,1,0.021796202570199968,0.02076925018131733,0.904,0.9179
3,bp,BP,2,0.015830986618995666,0.014989856228232384,0.93225,0.9392
3,bp,BP,3,0.013153359703719615,0.012513279995322228,0.94375,0.9498
3,bp,BP,4,0.01144193722307682,0.01098476252257824,0.95225,0.956
3,bp,BP,5,0.010222118347883224,0.00989541132003069,0.95925,0.9617
3,bp,BP,6,0.009293069772422313,0.009165733513236046,0.96325,0.9646
3,bp,BP,7,0.00851333113014698,0.008571284867823124,0.96675,0.9674
3,bp,BP,8,0.007932228453457356,0.008126028288900852,0.9695,0.9687
3,bp,BP,9,0.007454863123595714,0.0077042626388370995,0.97075,0.9699
3,bp,BP,10,0.006997828584164381,0.007368511733412742,0.97225,0.9711
3,bp,BP,11,0.006598655585199595,0.007054430720955134,0.97625,0.9725
3,bp,BP,12,0.006255843702703714,0.006799828666448593,0.9785,0.9734
3,bp,BP,13,0.005900867104530335,0.006493496894836426,0.97975,0.9753
3,bp,BP,14,0.005622425213456154,0.006323823334276676,0.982,0.9758
3,bp,BP,15,0.005381660077720881,0.0061264205083251,0.98275,0.9765
3,bp,BP,16,0.005142989598214626,0.0059541656270623204,0.9835,0.9769
3,bp,BP,17,0.004930516488850117,0.005838616825640202,0.98475,0.9772
3,bp,BP,18,0.004765811245888472,0.00577113348543644,0.98475,0.977
3,bp,BP,19,0.00463307448476553,0.005577376314252615,0.986,0.9776
3,bp,BP,20,0.004442161370068788,0.0055279997907578945,0.9865,0.9775
3,bp,BP,21,0.004265274628996849,0.005410880997776985,0.9875,0.9789
3,bp,BP,22,0.004131506338715553,0.005343156708776951,0.988,0.9785
3,bp,BP,23,0.003979255806654692,0.005206324379891157,0.9895,0.9796
3,bp,BP,24,0.003854929383844137,0.005148866389691829,0.99,0.98
3,bp,BP,25,0.003851314190775156,0.005160440223664045,0.98975,0.9802
3,bp,BP,26,0.003649212848395109,0.005029138915240765,0.9905,0.9799
3,bp,BP,27,0.003633711451664567,0.005019786836206913,0.99075,0.9806
3,bp,BP,28,0.0034554560370743275,0.00493112134411931,0.9905,0.9806
3,bp,BP,29,0.0034566901605576276,0.004910801497101784,0.99075,0.9817
3,bp,BP,30,0.003297478023916483,0.004800742176175117,0.99125,0.9816
3,bp,BP,31,0.003193427527323365,0.004760546792298556,0.99175,0.9815
3,bp,BP,32,0.003182067085057497,0.004728633366525173,0.992,0.9817
3,bp,BP,33,0.003124449392780662,0.004732223135977984,0.99175,0.9821
3,bp,BP,34,0.0029909340180456637,0.004626524237543344,0.99275,0.9827
3,bp,BP,35,0.0029564883187413217,0.004606697211414576,0.9925,0.9823
3,bp,BP,36,0.002871471308171749,0.004568664617091417,0.9935,0.9824
3,bp,BP,37,0.0028674339894205333,0.004581906597316265,0.99325,0.9828
3,bp,BP,38,0.002761184670031071,0.004544818060845137,0.99375,0.9821
3,bp,BP,39,0.002699568135663867,0.004503782643377781,0.994,0.9829
3,bp,BP,40,0.00266276341304183,0.004518143659830093,0.995,0.9823
3,bp,BP,41,0.0026107212863862514,0.0044713113397359845,0.99425,0.983
3,bp,BP,42,0.0025572632122784853,0.004462486355751753,0.9945,0.9836
3,bp,BP,43,0.002438196064904332,0.004390647441893816,0.9955,0.9832
3,bp,BP,44,0.0023978040218353273,0.004356647129356861,0.99475,0.9831
3,bp,BP,45,0.002468615781515837,0.004430622044950724,0.9955,0.9833
3,bp,BP,46,0.0023122565019875765,0.0043101472407579425,0.996,0.9835
3,bp,BP,47,0.002313307236880064,0.004339984263479709,0.996,0.9838
3,bp,BP,48,0.0022277423292398455,0.004243117320537567,0.9965,0.9838
3,bp,BP,49,0.0021906282771378756,0.0042855429612100124,0.99675,0.9833
3,bp,BP,50,0.002139142993837595,0.004261083629727364,0.99725,0.9838
3,bp,BP,51,0.0021105503626167774,0.004226479277014732,0.997,0.9841
3,bp,BP,52,0.0020740026626735924,0.004231679869443178,0.9965,0.9843
3,bp,BP,53,0.0021157619804143906,0.004271785788238049,0.997,0.9841
3,bp,BP,54,0.0020079321321099996,0.004170769622176886,0.998,0.9843
3,bp,BP,55,0.0019637911692261694,0.004184346140921116,0.998,0.9841
3,bp,BP,56,0.001909813104197383,0.004159779284894466,0.9975,0.9837
3,bp,BP,57,0.002002183387055993,0.0042418951496481895,0.99775,0.9836
3,bp,BP,58,0.00189260973688215,0.004161802402883768,0.99775,0.9839
3,bp,BP,59,0.0018345008408650757,0.004162789068371057,0.99875,0.9837
3,bp,BP,60,0.0018514394098892808,0.0041718885503709315,0.99875,0.9834
3,bp,BP,61,0.0017870219675824046,0.00413130589351058,0.998,0.9839
3,bp,BP,62,0.0017633471935987472,0.004132764338701964,0.99875,0.9839
3,bp,BP,63,0.0017903405828401447,0.004171726183593273,0.999,0.9844
3,bp,BP,64,0.0016985137863084674,0.004121605022251606,0.99925,0.9844
3,bp,BP,65,0.0016910519236698746,0.004128473937511444,0.99925,0.9842
3,bp,BP,66,0.0016736173368990422,0.004122152762860059,0.999,0.9842
3,bp,BP,67,0.0016186181763187051,0.004080017242580653,0.9995,0.9844
3,bp,BP,68,0.0016106463894248009,0.0040822413340210915,0.9995,0.9843
3,bp,BP,69,0.0015612797709181904,0.004049890556186438,0.9995,0.9838
3,bp,BP,70,0.001513855203986168,0.004038722395896911,0.9995,0.984
3,bp,BP,71,0.0015526427449658513,0.004123993679881096,0.9995,0.9841
3,bp,BP,72,0.0014992445446550845,0.004064700180292129,0.9995,0.9849
3,bp,BP,73,0.0014592680260539055,0.004051957263052464,0.9995,0.9846
3,bp,BP,74,0.0014559130324050785,0.004083292824029922,0.9995,0.9847
3,bp,BP,75,0.0014291437631472946,0.00406701223924756,0.9995,0.9848
3,bp,BP,76,0.0013932014619931579,0.004080782274156809,0.9995,0.984
3,bp,BP,77,0.0013784532928839326,0.004006653251498938,0.9995,0.9849
3,bp,BP,78,0.0013843390876427293,0.004052916235849261,0.9995,0.9846
3,bp,BP,79,0.0013303836360573768,0.00401356238797307,0.9995,0.9848
3,bp,BP,80,0.0013568692691624164,0.004079939602315426,0.99975,0.9841
3,bp,BP,81,0.0012991718063130975,0.004008077832683921,0.99975,0.9847
3,bp,BP,82,0.0013049798887223006,0.004055055333673954,0.99975,0.985
3,bp,BP,83,0.0012946506505832076,0.004059810058027506,0.99975,0.9846
3,bp,BP,84,0.0012571405982598662,0.003990284901857376,0.99975,0.9856
3,bp,BP,85,0.0012404544586315752,0.0040243843391537665,1.0,0.9846
3,bp,BP,86,0.0012162834759801627,0.004032606472074985,0.99975,0.9851
3,bp,BP,87,0.0012231332287192345,0.004016435750946403,1.0,0.985
3,bp,BP,88,0.001211518087424338,0.0040314104922115805,1.0,0.9846
3,bp,BP,89,0.0012450863802805543,0.004085914856940508,0.99975,0.9849
3,bp,BP,90,0.0011399187836796045,0.004010964849963784,1.0,0.9856
3,bp,BP,91,0.0011444766223430633,0.0040031668812036516,1.0,0.9853
3,bp,BP,92,0.001124651324003935,0.0040096200354397295,1.0,0.9851
3,bp,BP,93,0.0011498412815853954,0.004021560820564628,1.0,0.9852
3,bp,BP,94,0.0011217005196958781,0.004025099819153547,1.0,0.985
3,bp,BP,95,0.0011071267845109106,0.004046974818781018,1.0,0.9849
3,bp,BP,96,0.0010901263784617186,0.004029985052347183,1.0,0.9844
3,bp,BP,97,0.0010926418034359813,0.004005014733597636,1.0,0.9853
3,bp,BP,98,0.0010442156232893466,0.00397432374432683,1.0,0.9845
3,bp,BP,99,0.0010287066623568535,0.0039795998696237804,1.0,0.9846
3,bp,BP,100,0.0009974619601853191,0.003984520135074854,1.0,0.9852
3,bp,BP,101,0.0010416685892269016,0.003983396565541625,1.0,0.9853
3,bp,BP,102,0.0009976783199235797,0.004012208378687501,1.0,0.9847
3,bp,BP,103,0.0010808018343523144,0.0040960955858230595,1.0,0.9847
3,bp,BP,104,0.000983160506002605,0.004002774363011122,1.0,0.9845
3,bp,BP,105,0.0009366650213487446,0.003968127728998661,1.0,0.9851
3,bp,BP,106,0.0009882939113304019,0.004034243225306273,1.0,0.9847
3,bp,BP,107,0.0009445217750035227,0.004007865363359451,1.0,0.985
3,bp,BP,108,0.0009304511705413461,0.003995173654705286,1.0,0.985
3,bp,BP,109,0.0009344048914499581,0.004015950335562229,1.0,0.9847
3,bp,BP,110,0.0010200715577229858,0.004099879677593708,1.0,0.985
3,bp,BP,111,0.0009241003016941249,0.0040036127127707,1.0,0.9851
3,bp,BP,112,0.0009046343886293471,0.0040115068517625335,1.0,0.9845
3,bp,BP,113,0.0009278888879343867,0.004028768243640661,1.0,0.9846
3,bp,BP,114,0.0009978587506338954,0.004144750782102346,1.0,0.9847
3,bp,BP,115,0.000897394485771656,0.00401944297105074,1.0,0.9854
3,bp,BP,116,0.0008558870968408882,0.004018503086268901,1.0,0.9851
3,bp,BP,117,0.0008991038813255727,0.004057862166315317,1.0,0.9848
3,bp,BP,118,0.0008224936192855239,0.003980170726031065,1.0,0.9846
3,bp,BP,119,0.0008608359606005251,0.0040405323963612315,1.0,0.9848
3,bp,BP,120,0.0008246635156683624,0.004009439298510551,1.0,0.9849
3,bp,BP,121,0.0008183560096658766,0.004026291534304619,1.0,0.9855
3,bp,BP,122,0.0008106946940533816,0.004019955131411552,1.0,0.9844
3,bp,BP,123,0.0007794010550715029,0.00401914394274354,1.0,0.9847
3,bp,BP,124,0.0007926501757465303,0.004023929255455732,1.0,0.9848
3,bp,BP,125,0.0007780175167135894,0.00403954223766923,1.0,0.9847
3,bp,BP,126,0.0007732334276661277,0.004023891948908567,1.0,0.9842
3,bp,BP,127,0.0007784994184039533,0.004051214773207903,1.0,0.9845
3,bp,BP,128,0.0007848359565250575,0.0040632797516882415,1.0,0.9846
3,bp,BP,129,0.0007565634227357804,0.00402936956435442,1.0,0.9844
3,bp,BP,130,0.0007391510619781911,0.004023988606780767,1.0,0.9847
3,bp,BP,131,0.0007863128464668989,0.004070919471979142,1.0,0.9844
3,bp,BP,132,0.00072664188221097,0.0040349376007914545,1.0,0.9841
3,bp,BP,133,0.0007248046398162842,0.004048859030753374,1.0,0.9842
3,bp,BP,134,0.0007927462756633759,0.004109922472387552,1.0,0.9839
3,bp,BP,135,0.0007072756201960146,0.00402116789072752,1.0,0.9848
3,bp,BP,136,0.0007232024790719151,0.004050072982162237,1.0,0.9843
3,bp,BP,137,0.00068915327033028,0.00401941684409976,1.0,0.9847
3,bp,BP,138,0.0007337788939476013,0.0040826115265488626,1.0,0.9845
3,bp,BP,139,0.00069703877158463,0.0040490450762212275,1.0,0.9843
3,bp,BP,140,0.0006746088983491063,0.004035279589146376,1.0,0.9842
3,bp,BP,141,0.0006682325494475663,0.004058192877471447,1.0,0.9843
3,bp,BP,142,0.0006710212994366884,0.004030728965252638,1.0,0.9843
3,bp,BP,143,0.0006668845047242939,0.004035309551656246,1.0,0.9847
3,bp,BP,144,0.0006512555913068354,0.0040551743328571315,1.0,0.9844
3,bp,BP,145,0.000632768243085593,0.004010456304997205,1.0,0.9845
3,bp,BP,146,0.0006344000743702054,0.004038890242576599,1.0,0.984
3,bp,BP,147,0.0006188780912198126,0.004035577365010977,1.0,0.9839
3,bp,BP,148,0.0006395234619267284,0.004076678406447172,1.0,0.9848
3,bp,BP,149,0.0006404381715692579,0.004088720771670342,1.0,0.9846
3,bp,BP,150,0.0006231020134873688,0.00405736443400383,1.0,0.9845
3,bp,BP,151,0.0006186709948815405,0.004067833488434553,1.0,0.9841
3,bp,BP,152,0.000629001378081739,0.004089859347045421,1.0,0.9843
3,bp,BP,153,0.0005995623539201915,0.004054801398515702,1.0,0.9845
3,bp,BP,154,0.0006461961236782372,0.004092433916777372,1.0,0.9847
3,bp,BP,155,0.0005883428966626525,0.004073627649247646,1.0,0.9843
3,bp,BP,156,0.0005977786998264492,0.004068246827274561,1.0,0.9841
3,bp,BP,157,0.0006273117703385652,0.004092326478660107,1.0,0.9843
3,bp,BP,158,0.0005775619996711612,0.00404806986451149,1.0,0.9843
3,bp,BP,159,0.0005567643363028765,0.004048417171835899,1.0,0.9849
3,bp,BP,160,0.0005823107999749482,0.004087578844279051,1.0,0.9842
3,bp,BP,161,0.0005886349715292454,0.004074727781862021,1.0,0.9839
3,bp,BP,162,0.0006038401341065764,0.004109343277662992,1.0,0.9846
3,bp,BP,163,0.0005742431469261646,0.004104949522018433,1.0,0.9841
3,bp,BP,164,0.0005627532289363444,0.004078959180414676,1.0,0.9842
3,bp,BP,165,0.0005438302285037935,0.004084806511551142,1.0,0.9843
3,bp,BP,166,0.0005691043213009834,0.004104073482751846,1.0,0.9845
3,bp,BP,167,0.0005242850990034639,0.004059316757321358,1.0,0.9844
3,bp,BP,168,0.0005383784910663963,0.0040663502871990205,1.0,0.9844
3,bp,BP,169,0.000538953343173489,0.00407187813743949,1.0,0.9845
3,bp,BP,170,0.0005344523265957832,0.004085733934491873,1.0,0.9838
3,bp,BP,171,0.0005269128936342895,0.0040864251293241975,1.0,0.984
3,bp,BP,172,0.0005291691804304719,0.004082596565783024,1.0,0.9845
3,bp,BP,173,0.0005287392623722553,0.0040899693146348,1.0,0.9841
3,bp,BP,174,0.0005027766253333539,0.004066142998635769,1.0,0.9842
3,bp,BP,175,0.0004917343088891357,0.004066543284058571,1.0,0.9843
3,bp,BP,176,0.0005022111432626844,0.004086487837135792,1.0,0.9845
3,bp,BP,177,0.0004946845618542284,0.004085297164320946,1.0,0.9848
3,bp,BP,178,0.0005027390404138715,0.0041152255743741985,1.0,0.984
3,bp,BP,179,0.0004910621913149953,0.004082380913943052,1.0,0.9848
3,bp,BP,180,0.00048545541847124695,0.004108892948925495,1.0,0.9841
3,bp,BP,181,0.0005011964037548751,0.004101680804789066,1.0,0.9844
3,bp,BP,182,0.0005524080572649837,0.0041773389890789984,1.0,0.9842
3,bp,BP,183,0.0005110811225604266,0.004130223141610622,1.0,0.9843
3,bp,BP,184,0.00046002227207645775,0.004075885682553053,1.0,0.9843
3,bp,BP,185,0.000456695640925318,0.004087909077852964,1.0,0.9843
3,bp,BP,186,0.0004876460919622332,0.004094644625484943,1.0,0.9842
3,bp,BP,187,0.0004892832739278674,0.004115531572699547,1.0,0.9841
3,bp,BP,188,0.0004613364185206592,0.004109741261601448,1.0,0.9839
3,bp,BP,189,0.0004604879186954349,0.004100850627571344,1.0,0.9841
3,bp,BP,190,0.00045693536358885466,0.004083618662506342,1.0,0.9843
3,bp,BP,191,0.00046001494955271485,0.004099025942385197,1.0,0.9842
3,bp,BP,192,0.00046339410776272415,0.004136362136900425,1.0,0.9846
3,bp,BP,193,0.0004644413227215409,0.0041126892901957035,1.0,0.9839
3,bp,BP,194,0.0004772986916359514,0.004143464693427086,1.0,0.9842
3,bp,BP,195,0.00043851894116960465,0.004125107443332672,1.0,0.9845
3,bp,BP,196,0.000506802867166698,0.004174026607722044,1.0,0.9842
3,bp,BP,197,0.0004307755099143833,0.004103455366939306,1.0,0.984
3,bp,BP,198,0.00043377309339120984,0.004117859386652708,1.0,0.9839
3,bp,BP,199,0.0006305419350974262,0.004310242749750614,1.0,0.9841
3,bp,BP,200,0.0004221881388220936,0.004131635830551386,1.0,0.9838
3,bp,BP,201,0.0004229799057357013,0.004121307864040137,1.0,0.9843
3,bp,BP,202,0.00041644289786927404,0.004119243871420622,1.0,0.9839
3,bp,BP,203,0.00044379352359101175,0.00413619851320982,1.0,0.9845
3,bp,BP,204,0.000415818254230544,0.004122321396321058,1.0,0.9845
3,bp,BP,205,0.000408152318559587,0.004121064586937427,1.0,0.9844
3,bp,BP,206,0.0004158400041051209,0.004130209848284721,1.0,0.9843
3,bp,BP,207,0.0004008984593674541,0.004130972794443369,1.0,0.9841
3,bp,BP,208,0.0004109488921239972,0.004136685112118721,1.0,0.9841
3,bp,BP,209,0.00042836140072904526,0.004164155524969101,1.0,0.9844
3,bp,BP,210,0.0004248111618217081,0.0041509833097457885,1.0,0.9842
3,bp,BP,211,0.00040353960799984634,0.004145664118975401,1.0,0.984
3,bp,BP,212,0.000407793401973322,0.004158834125846624,1.0,0.984
3,bp,BP,213,0.00039892148482613263,0.004129855610430241,1.0,0.9839
3,bp,BP,214,0.00048330582911148667,0.00421229609772563,1.0,0.9841
3,bp,BP,215,0.0003744519411120564,0.004116978218406439,1.0,0.9843
3,bp,BP,216,0.0003961102175526321,0.004154002903401852,1.0,0.9844
3,bp,BP,217,0.00037977524404414,0.004125444763898849,1.0,0.9842
3,bp,BP,218,0.0003941332616377622,0.004155423326790333,1.0,0.9838
3,bp,BP,219,0.00038981077796779574,0.004151485039293766,1.0,0.9838
3,bp,BP,220,0.00039316217857412994,0.0041660495154559616,1.0,0.9839
3,bp,BP,221,0.0003712174242828041,0.004154277744144202,1.0,0.9843
3,bp,BP,222,0.00041751313977874815,0.00417713286280632,1.0,0.9845
3,bp,BP,223,0.0004173386651091278,0.0041756142936646935,1.0,0.9845
3,bp,BP,224,0.0003538143422920257,0.004136794339120388,1.0,0.984
3,bp,BP,225,0.00036591552337631583,0.004161529181152582,1.0,0.9841
3,bp,BP,226,0.0003897282520774752,0.004204819715023041,1.0,0.9842
3,bp,BP,227,0.0003740143852774054,0.004177662821114063,1.0,0.9841
3,bp,BP,228,0.00040779640967957676,0.004212347611039877,1.0,0.9841
3,bp,BP,229,0.00036412612232379616,0.00417509595528245,1.0,0.9839
3,bp,BP,230,0.00036793771455995736,0.004142396025359631,1.0,0.9841
3,bp,BP,231,0.00038256386131979526,0.004210441208630801,1.0,0.9844
3,bp,BP,232,0.0003676740729715675,0.004168788699060679,1.0,0.9844
3,bp,BP,233,0.00034862020798027515,0.004155599597096443,1.0,0.9842
3,bp,BP,234,0.0003512665024027228,0.004166636199504137,1.0,0.9842
3,bp,BP,235,0.00035638628993183374,0.004184695436060429,1.0,0.9837
3,bp,BP,236,0.0003588989730924368,0.004189538865536451,1.0,0.9843
3,bp,BP,237,0.0003440678296610713,0.004163980823755264,1.0,0.9842
3,bp,BP,238,0.00039724127925001086,0.0042100403249263766,1.0,0.9838
3,bp,BP,239,0.00033316678483970465,0.004166888806968927,1.0,0.984
3,bp,BP,240,0.0003340513512957841,0.004161420271545649,1.0,0.9839
3,bp,BP,241,0.0003271326054818928,0.004173947504162789,1.0,0.9839
3,bp,BP,242,0.00035226714122109116,0.004211649853736162,1.0,0.9839
3,bp,BP,243,0.00033768111211247745,0.004190672169625759,1.0,0.9835
3,bp,BP,244,0.00035445873672142626,0.004211078004539013,1.0,0.9838
3,bp,BP,245,0.00034612922789528964,0.004221669917553663,1.0,0.9837
3,bp,BP,246,0.00031774512026458976,0.004178402038663626,1.0,0.9841
3,bp,BP,247,0.00035819692560471594,0.004202893969416618,1.0,0.9841
3,bp,BP,248,0.00031781504629179835,0.004155173271149397,1.0,0.9845
3,bp,BP,249,0.0003368223649449646,0.004210918490588665,1.0,0.9837
3,bp,BP,250,0.00033732574246823785,0.00419584968611598,1.0,0.9838
3,bp,BP,251,0.00032846467569470406,0.004186474734544754,1.0,0.9839
3,bp,BP,252,0.0003103389497846365,0.004179516889899969,1.0,0.9839
3,bp,BP,253,0.00031625174288637934,0.004209580055624247,1.0,0.9838
3,bp,BP,254,0.00033262996026314794,0.004219885236024856,1.0,0.9838
3,bp,BP,255,0.0003321388987824321,0.004213777747750282,1.0,0.9836
3,bp,BP,256,0.00031250188918784263,0.004204715551435948,1.0,0.9837
3,bp,BP,257,0.00030357415578328073,0.004201858606189489,1.0,0.9837
3,bp,BP,258,0.00031788869993761183,0.004189259970933199,1.0,0.9837
3,bp,BP,259,0.00030732267489656806,0.004178919138759374,1.0,0.9837
3,bp,BP,260,0.00031376311462372544,0.004208791583031416,1.0,0.9838
3,bp,BP,261,0.0003102715341374278,0.004213734522461891,1.0,0.9839
3,bp,BP,262,0.0003477375996299088,0.004234719376266002,1.0,0.9838
3,bp,BP,263,0.0002948747263289988,0.0042019953526556495,1.0,0.9834
3,bp,BP,264,0.00029111105226911605,0.004204598219692707,1.0,0.9838
3,bp,BP,265,0.0003164366637356579,0.0042266079351305965,1.0,0.9833
3,bp,BP,266,0.00029600417264737187,0.004199375884234905,1.0,0.9837
3,bp,BP,267,0.00031146560958586635,0.004208368050307035,1.0,0.9839
3,bp,BP,268,0.0003111773992422968,0.0042342265747487545,1.0,0.9841
3,bp,BP,269,0.0002921100226230919,0.0042133418895304205,1.0,0.9839
3,bp,BP,270,0.00029054075921885667,0.004209706790745258,1.0,0.9838
3,bp,BP,271,0.00028875943971797826,0.004206445724517107,1.0,0.9839
3,bp,BP,272,0.00028370839322451504,0.0042151290379464626,1.0,0.9837
3,bp,BP,273,0.0002852310237940401,0.004213370528817177,1.0,0.9838
3,bp,BP,274,0.00028189195727463813,0.004225573471933603,1.0,0.9836
3,bp,BP,275,0.0003240652563981712,0.004268129203468561,1.0,0.9837
3,bp,BP,276,0.0002836023406125605,0.004233880226314068,1.0,0.9835
3,bp,BP,277,0.00026992066379170866,0.004212807335704565,1.0,0.9838
3,bp,BP,278,0.00027910862618591635,0.004235265479981899,1.0,0.9839
3,bp,BP,279,0.00027414095192216336,0.00423401091247797,1.0,0.9836
3,bp,BP,280,0.000262708684313111,0.004215757725387812,1.0,0.9835
3,bp,BP,281,0.00027010169660206886,0.004237880862504244,1.0,0.9836
3,bp,BP,282,0.00026557403709739447,0.004219466945528984,1.0,0.9834
3,bp,BP,283,0.00027307253412436693,0.004232199146598578,1.0,0.9835
3,bp,BP,284,0.00029519702913239596,0.004264542443305254,1.0,0.9835
3,bp,BP,285,0.00026846661418676376,0.004236199803650379,1.0,0.9833
3,bp,BP,286,0.00026424061215948316,0.004228564398735762,1.0,0.9834
3,bp,BP,287,0.00026056628150399774,0.004222858345508575,1.0,0.9838
3,bp,BP,288,0.0002692695427685976,0.004238650134950876,1.0,0.9836
3,bp,BP,289,0.00026835874491371216,0.0042529863871634006,1.0,0.9837
3,bp,BP,290,0.00027706904814112933,0.004241330721974373,1.0,0.9836
3,bp,BP,291,0.0002730433198157698,0.004252683852612973,1.0,0.9837
3,bp,BP,292,0.0002600291229318827,0.004235269705951214,1.0,0.9839
3,bp,BP,293,0.00026787397847510873,0.004254913121461868,1.0,0.9835
3,bp,BP,294,0.0002577959237387404,0.004247352418303489,1.0,0.9838
3,bp,BP,295,0.0002607937542488799,0.004255991333723068,1.0,0.9835
3,bp,BP,296,0.00028882674989290537,0.004284095060825348,1.0,0.9837
3,bp,BP,297,0.0002540533256251365,0.004246904093027115,1.0,0.9838
3,bp,BP,298,0.00025847575685475024,0.004262517566978931,1.0,0.9833
3,bp,BP,299,0.0002491348957410082,0.0042494412057101725,1.0,0.9832
3,bp,BP,300,0.00027593081700615584,0.004279175336658955,1.0,0.9834
3,bp,BP,301,0.0002472905901959166,0.004263254815340042,1.0,0.9835
3,bp,BP,302,0.0002536144994664937,0.004271646942943335,1.0,0.9836
3,bp,BP,303,0.0003007211401127279,0.004309798958897591,1.0,0.9836
3,bp,BP,304,0.0004639622925315052,0.004468692311644554,1.0,0.9839
3,bp,BP,305,0.00024853932741098107,0.004261927892267704,1.0,0.9835
3,bp,BP,306,0.0002432054467499256,0.004271894669532776,1.0,0.9835
3,bp,BP,307,0.0002483706108760089,0.004270725076645613,1.0,0.9837
3,bp,BP,308,0.00023325621546246112,0.004253914057463407,1.0,0.9836
3,bp,BP,309,0.00023734460223931818,0.004257328875362873,1.0,0.9836
3,bp,BP,310,0.00024149333371315153,0.004292158821225166,1.0,0.983
3,bp,BP,311,0.000264805584680289,0.004282180628180504,1.0,0.9836
3,bp,BP,312,0.00023122321092523633,0.004268810767680407,1.0,0.9833
3,bp,BP,313,0.00024063789809588342,0.0042597602158784866,1.0,0.9837
3,bp,BP,314,0.0002683509645285085,0.004297330760210752,1.0,0.9836
3,bp,BP,315,0.00026016474794596434,0.004294319147616625,1.0,0.9839
3,bp,BP,316,0.00024039187480229883,0.004283776640146971,1.0,0.9835
3,bp,BP,317,0.00023360687354579568,0.004260039418935776,1.0,0.9837
3,bp,BP,318,0.0002503404242452234,0.004295505435019732,1.0,0.9833
3,bp,BP,319,0.00023883558856323362,0.004284507144242525,1.0,0.9834
3,bp,BP,320,0.00026745730626862496,0.004345774512737989,1.0,0.9831
3,bp,BP,321,0.00022588984516914935,0.0042715627700090405,1.0,0.9833
3,bp,BP,322,0.0002513985193800181,0.004297114073485136,1.0,0.9835
3,bp,BP,323,0.00028091129928361624,0.004329687485843897,1.0,0.9832
3,bp,BP,324,0.00023284444177988916,0.004277535948902369,1.0,0.9837
3,bp,BP,325,0.0002281729334499687,0.004296574890613556,1.0,0.9834
3,bp,BP,326,0.0002236962845781818,0.004287639776617289,1.0,0.9831
3,bp,BP,327,0.0002310721012763679,0.004290498908609152,1.0,0.9834
3,bp,BP,328,0.00023256626853253691,0.00429971506819129,1.0,0.9836
3,bp,BP,329,0.00023509766231290995,0.004316441785544157,1.0,0.9836
3,bp,BP,330,0.00021804915007669478,0.004284851164370775,1.0,0.9832
3,bp,BP,331,0.00021988713624887169,0.004284756675362587,1.0,0.9834
3,bp,BP,332,0.00023098634788766505,0.004294069829583168,1.0,0.9834
3,bp,BP,333,0.0002192595024826005,0.004313085665553809,1.0,0.9834
3,bp,BP,334,0.0002226658700965345,0.004301317100226879,1.0,0.9836
3,bp,BP,335,0.00021555580978747458,0.004284058583527804,1.0,0.9831
3,bp,BP,336,0.00022947658656630664,0.004315235403180123,1.0,0.9834
3,bp,BP,337,0.00022618762217462062,0.004336100448668003,1.0,0.9831
3,bp,BP,338,0.00022669138992205263,0.004317617879807949,1.0,0.9835
3,bp,BP,339,0.00021958537772297858,0.004313046611845494,1.0,0.9836
3,bp,BP,340,0.00023025941487867386,0.004324070703238249,1.0,0.9833
3,bp,BP,341,0.00021158237289637327,0.004297714228928089,1.0,0.9836
3,bp,BP,342,0.00020593045256100595,0.004313603614270687,1.0,0.9833
3,bp,BP,343,0.00021449776983354242,0.004304830948263407,1.0,0.9833
3,bp,BP,344,0.00020192637550644577,0.004303592781722545,1.0,0.9832
3,bp,BP,345,0.00020577362389303744,0.0042987583644688125,1.0,0.9835
3,bp,BP,346,0.00021126549388282,0.004311912635713816,1.0,0.9834
3,bp,BP,347,0.00022168742248322815,0.0043211406826972965,1.0,0.9834
3,bp,BP,348,0.00022231531143188476,0.004328744577616453,1.0,0.9832
3,bp,BP,349,0.00020637311378959568,0.00432171502634883,1.0,0.9833
3,bp,BP,350,0.00022540602437220514,0.004344008410722017,1.0,0.983
3,bp,BP,351,0.000204682543175295,0.00430730612128973,1.0,0.9834
3,bp,BP,352,0.00019272592861671,0.004302944579720497,1.0,0.9834
3,bp,BP,353,0.00022647530620452017,0.004329550229758024,1.0,0.9832
3,bp,BP,354,0.0002124599798116833,0.004331362566351891,1.0,0.9835
3,bp,BP,355,0.00020544661080930382,0.004329647319763899,1.0,0.983
3,bp,BP,356,0.00020887396286707372,0.004321926938742399,1.0,0.9834
3,bp,BP,357,0.0002109646874014288,0.004322419661283493,1.0,0.9834
3,bp,BP,358,0.00020165023487061262,0.0043085450664162635,1.0,0.9834
3,bp,BP,359,0.00023643767519388348,0.004358237048983574,1.0,0.9828
3,bp,BP,360,0.00021214676741510629,0.004334791057556867,1.0,0.9835
3,bp,BP,361,0.00020551658561453222,0.004326920307427645,1.0,0.9838
3,bp,BP,362,0.000206919098040089,0.004335602078586817,1.0,0.9832
3,bp,BP,363,0.00020606227335520088,0.004332127673178911,1.0,0.9832
3,bp,BP,364,0.00019105216406751425,0.004322366105765104,1.0,0.9835
3,bp,BP,365,0.000212395052658394,0.004334600178152323,1.0,0.9836
3,bp,BP,366,0.00020579087326768786,0.004335366081446409,1.0,0.9838
3,bp,BP,367,0.0001993992612697184,0.004331475053727627,1.0,0.9832
3,bp,BP,368,0.0002047557875048369,0.004358540824055672,1.0,0.9834
3,bp,BP,369,0.00020478161552455276,0.00432887307330966,1.0,0.9838
3,bp,BP,370,0.00018561021552886814,0.0043273141779005524,1.0,0.9835
3,bp,BP,371,0.00018737208016682416,0.004336653988063335,1.0,0.9834
3,bp,BP,372,0.00018006546329706906,0.004336777442693711,1.0,0.9835
3,bp,BP,373,0.00018329724250361324,0.004336118879914284,1.0,0.9835
3,bp,BP,374,0.0001821407926036045,0.004324798577278853,1.0,0.9833
3,bp,BP,375,0.000181193660129793,0.004331221600621939,1.0,0.9831
3,bp,BP,376,0.00018255132646299898,0.004316904783993959,1.0,0.983
3,bp,BP,377,0.00017771953239571303,0.004336581203341484,1.0,0.9832
3,bp,BP,378,0.00018635948654264212,0.004335959561169147,1.0,0.9833
3,bp,BP,379,0.00018583319627214222,0.004334943970292807,1.0,0.9835
3,bp,BP,380,0.00017737276607658714,0.004347827525436878,1.0,0.9834
3,bp,BP,381,0.00018479947885498404,0.004354116024821997,1.0,0.9832
3,bp,BP,382,0.00018699964275583624,0.004343436962366104,1.0,0.9835
3,bp,BP,383,0.0001913225952303037,0.0043647897250950335,1.0,0.9835
3,bp,BP,384,0.00019092776405159383,0.0043490498445928095,1.0,0.9835
3,bp,BP,385,0.000173285937984474,0.004344707649946213,1.0,0.9835
3,bp,BP,386,0.00018774400278925895,0.004361691732704639,1.0,0.9834
3,bp,BP,387,0.0001862999456934631,0.004360632388293743,1.0,0.9831
3,bp,BP,388,0.00019409421761520208,0.004350861505419016,1.0,0.9838
3,bp,BP,389,0.0001853137934813276,0.004367124661803246,1.0,0.9832
3,bp,BP,390,0.00017737261881120502,0.004358556016534567,1.0,0.9833
3,bp,BP,391,0.0001865403384435922,0.004355798460543156,1.0,0.9833
3,bp,BP,392,0.0001891168493311852,0.0043889095231890675,1.0,0.9835
3,bp,BP,393,0.00019375041557941587,0.004375401584804058,1.0,0.9834
3,bp,BP,394,0.00017290410154964774,0.004358203209936619,1.0,0.9832
3,bp,BP,395,0.00017227150837425143,0.004365181593596936,1.0,0.9836
3,bp,BP,396,0.0001807653745636344,0.004374542850255966,1.0,0.9835
3,bp,BP,397,0.0001671371617121622,0.004365414841473103,1.0,0.9831
3,bp,BP,398,0.00017531480535399167,0.004367965772747994,1.0,0.9835
3,bp,BP,399,0.000187926547951065,0.004387622890621424,1.0,0.9836
3,bp,BP,400,0.0001812438633060083,0.004382865450531244,1.0,0.9835
3,np,IS NP,1,0.07985535049438476,0.07961975498199463,0.52325,0.5239
3,np,IS NP,2,0.06606658464670181,0.0655449015378952,0.622,0.6361
3,np,IS NP,3,0.057184207290410995,0.056638130921125414,0.661,0.6742
3,np,IS NP,4,0.05278147661685944,0.05228457604646683,0.735,0.7459
3,np,IS NP,5,0.046928977221250535,0.046316111582517625,0.71275,0.7253
3,np,IS NP,6,0.04449214339256287,0.043831325298547746,0.753,0.7746
3,np,IS NP,7,0.042011704683303834,0.04131346987485886,0.794,0.8069
3,np,IS NP,8,0.03996649917960167,0.03927323338389397,0.80025,0.8138
3,np,IS NP,9,0.03779204052686691,0.03704700733423233,0.822,0.8362
3,np,IS NP,10,0.035465193569660186,0.03442460795044899,0.82175,0.8429
3,np,IS NP,11,0.03415706351399422,0.03315176259875297,0.84475,0.8622
3,np,IS NP,12,0.031444532305002215,0.030602422350645066,0.86475,0.8805
3,np,IS NP,13,0.0314780877828598,0.03042825645506382,0.8605,0.8724
3,np,IS NP,14,0.030244335934519768,0.02931483570635319,0.867,0.8881
3,np,IS NP,15,0.027812628135085105,0.026892903101444245,0.877,0.8883
3,np,IS NP,16,0.027421166852116586,0.026481107556819917,0.87725,0.8898
3,np,IS NP,17,0.02725331373512745,0.02606776491999626,0.87375,0.8926
3,np,IS NP,18,0.025817898005247118,0.024865321657061578,0.8725,0.8879
3,np,IS NP,19,0.024969258740544318,0.02372385114133358,0.88175,0.8962
3,np,IS NP,20,0.024119584992527962,0.022863090777397156,0.88075,0.897
3,np,IS NP,21,0.023892760694026946,0.022777450978755952,0.8865,0.9016
3,np,IS NP,22,0.024020854264497758,0.022921943107247354,0.88675,0.9003
3,np,IS NP,23,0.023639094322919846,0.022748980432748794,0.88925,0.8995
3,np,IS NP,24,0.023619714230298995,0.02233566012084484,0.88825,0.9013
3,np,IS NP,25,0.023030684918165206,0.02171804454922676,0.8925,0.903
3,np,IS NP,26,0.022036266207695006,0.020993554890155794,0.89725,0.9086
3,np,IS NP,27,0.02183235323429108,0.020671231958270073,0.8965,0.9084
3,np,IS NP,28,0.02224915699660778,0.02102709702551365,0.895,0.9065
3,np,IS NP,29,0.021379370585083962,0.020266292145848273,0.898,0.9083
3,np,IS NP,30,0.021818740636110306,0.020768151339888574,0.8985,0.9108
3,np,IS NP,31,0.02065289029479027,0.019457674026489256,0.90125,0.9155
3,np,IS NP,32,0.021101262480020522,0.0201149255245924,0.9005,0.9113
3,np,IS NP,33,0.021551373705267905,0.020410807526111602,0.89425,0.9067
3,np,IS NP,34,0.020594343453645705,0.01956130650639534,0.90175,0.9143
3,np,IS NP,35,0.02093796582520008,0.020056696259975432,0.9,0.9121
3,np,IS NP,36,0.02004618936777115,0.019132766231894492,0.90225,0.9134
3,np,IS NP,37,0.01955350759625435,0.0186398932158947,0.90575,0.9167
3,np,IS NP,38,0.019871454775333405,0.01864565179646015,0.90925,0.9192
3,np,IS NP,39,0.019249193742871283,0.01840936453640461,0.91075,0.9204
3,np,IS NP,40,0.018916558369994164,0.01825492168366909,0.91275,0.9213
3,np,IS NP,41,0.019266400203108786,0.018410625806450844,0.91275,0.9225
3,np,IS NP,42,0.018564785853028298,0.017426066040992737,0.913,0.9272
3,np,IS NP,43,0.018199969500303267,0.017376246929168702,0.913,0.9257
3,np,IS NP,44,0.018470741763710975,0.017486925676465034,0.90925,0.9245
3,np,IS NP,45,0.018634473651647568,0.017684299913048745,0.912,0.9223
3,np,IS NP,46,0.01795208902657032,0.01710583228468895,0.91875,0.9283
3,np,IS NP,47,0.017998762011528016,0.01712429145872593,0.9155,0.9271
3,np,IS NP,48,0.01838889408111572,0.01737554144859314,0.9125,0.9243
3,np,IS NP,49,0.017882732570171356,0.016903264385461806,0.914,0.9278
3,np,IS NP,50,0.017656238868832587,0.016905096507072448,0.91975,0.9263
3,np,IS NP,51,0.0183996609300375,0.017389379215240478,0.913,0.9253
3,np,IS NP,52,0.018385085225105284,0.01749039322435856,0.91625,0.9259
3,np,IS NP,53,0.018361543267965318,0.017297351339459418,0.917,0.9265
3,np,IS NP,54,0.017614450469613074,0.016604686030745507,0.92025,0.9305
3,np,IS NP,55,0.01868931983411312,0.017262700381875037,0.9125,0.9257
3,np,IS NP,56,0.0178984207957983,0.016894935235381128,0.91425,0.9262
3,np,IS NP,57,0.017632788434624673,0.01642341504395008,0.91875,0.9304
3,np,IS NP,58,0.01754803766310215,0.01660277709364891,0.91725,0.9291
3,np,IS NP,59,0.017983169317245484,0.017012218642234803,0.91925,0.9282
3,np,IS NP,60,0.017292527481913567,0.016035275679826738,0.92025,0.9314
3,np,IS NP,61,0.01702937851846218,0.01602255180478096,0.92,0.9341
3,np,IS NP,62,0.01743651044368744,0.0165425153195858,0.91875,0.9303
3,np,IS NP,63,0.017110020115971566,0.016231320837140083,0.92,0.9319
3,np,IS NP,64,0.01720865221321583,0.016354018899798393,0.92075,0.9321
3,np,IS NP,65,0.017012816235423087,0.01631395790874958,0.92425,0.9324
3,np,IS NP,66,0.0167649667263031,0.016067935290932655,0.92425,0.9327
3,np,IS NP,67,0.017522802293300627,0.01665375724732876,0.9165,0.9285
3,np,IS NP,68,0.01715256656706333,0.01635440274477005,0.92475,0.9323
3,np,IS NP,69,0.01677378711104393,0.01586709379851818,0.92225,0.9298
3,np,IS NP,70,0.017032889023423196,0.01604171482026577,0.923,0.9319
3,np,IS NP,71,0.01643420611321926,0.0157400410592556,0.9245,0.9335
3,np,IS NP,72,0.016404303029179574,0.015599770477414131,0.92575,0.9358
3,np,IS NP,73,0.016425944432616232,0.01574680165052414,0.926,0.9355
3,np,IS NP,74,0.01683395566046238,0.01618869857788086,0.92425,0.9335
3,np,IS NP,75,0.01601278418302536,0.015594878932833671,0.92775,0.9315
3,np,IS NP,76,0.015861395478248597,0.015393146699666977,0.93125,0.935
3,np,IS NP,77,0.015428070947527885,0.014962973009049892,0.931,0.9348
3,np,IS NP,78,0.016287739768624306,0.01595899232327938,0.9295,0.9338
3,np,IS NP,79,0.015256874278187752,0.01458579442948103,0.9285,0.9365
3,np,IS NP,80,0.015143942028284074,0.014473243662714958,0.93225,0.9374
3,np,IS NP,81,0.01558853554725647,0.014740941432118416,0.93175,0.9374
3,np,IS NP,82,0.015651779860258102,0.014681961788237096,0.92925,0.9377
3,np,IS NP,83,0.01573617643117905,0.014843686601519584,0.9285,0.9378
3,np,IS NP,84,0.01502898332476616,0.01417251434624195,0.92675,0.9363
3,np,IS NP,85,0.015886552020907403,0.015091539707779884,0.92775,0.9368
3,np,IS NP,86,0.015613839671015739,0.014821977446973323,0.92725,0.9378
3,np,IS NP,87,0.015086121946573258,0.014328135661780834,0.92925,0.9389
3,np,IS NP,88,0.015776945382356643,0.015011433462798596,0.92725,0.9366
3,np,IS NP,89,0.015203584328293801,0.014695236320793628,0.93025,0.9358
3,np,IS NP,90,0.01562295788526535,0.015100700885057449,0.9325,0.934
3,np,IS NP,91,0.014543717160820962,0.013895151779055596,0.93225,0.9398
3,np,IS NP,92,0.015516041651368141,0.015093958380818367,0.928,0.9353
3,np,IS NP,93,0.014938049808144569,0.014405845111608506,0.9305,0.9366
3,np,IS NP,94,0.0148443274050951,0.014198456518352031,0.9295,0.939
3,np,IS NP,95,0.015213441863656044,0.014614185029268265,0.928,0.9372
3,np,IS NP,96,0.01446554347872734,0.013892619910836219,0.93325,0.9397
3,np,IS NP,97,0.014441756576299668,0.013963016711175441,0.9335,0.9397
3,np,IS NP,98,0.014626914359629154,0.013983014641702176,0.93475,0.9386
3,np,IS NP,99,0.014844592690467834,0.014416432446241379,0.93025,0.9381
3,np,IS NP,100,0.014428634196519852,0.014042428231239319,0.93475,0.9385
3,np,IS NP,101,0.014977799579501152,0.014568205919861793,0.932,0.938
3,np,IS NP,102,0.01438564320653677,0.013864678107202053,0.93325,0.9395
3,np,IS NP,103,0.014328553900122642,0.013873512826859951,0.935,0.9408
3,np,IS NP,104,0.014063830494880676,0.013469719871878625,0.93325,0.9398
3,np,IS NP,105,0.01434324610978365,0.01376578204780817,0.9325,0.9389
3,np,IS NP,106,0.014271316222846508,0.013807614190876484,0.93625,0.9406
3,np,IS NP,107,0.0139123315513134,0.013365940843522548,0.937,0.9401
3,np,IS NP,108,0.014143964849412442,0.013722156505286694,0.9345,0.9398
3,np,IS NP,109,0.014030234709382057,0.013671453629434109,0.9345,0.939
3,np,IS NP,110,0.014659384816884995,0.014384832148253918,0.9355,0.9395
3,np,IS NP,111,0.0142479492649436,0.013718312545120716,0.9375,0.9401
3,np,IS NP,112,0.01412710316479206,0.013730907894670963,0.93825,0.9427
3,np,IS NP,113,0.014331742256879807,0.01378031921684742,0.93525,0.9425
3,np,IS NP,114,0.013819918282330037,0.013274700792133809,0.93975,0.9418
3,np,IS NP,115,0.013838205084204674,0.013312921984493733,0.93725,0.942
3,np,IS NP,116,0.014009318612515927,0.013601878717541694,0.939,0.9408
3,np,IS NP,117,0.013832429923117161,0.013502283608913422,0.93775,0.9393
3,np,IS NP,118,0.013631316140294074,0.013209251852333546,0.93775,0.9409
3,np,IS NP,119,0.013888230092823505,0.013437884873151779,0.9365,0.9407
3,np,IS NP,120,0.013420123733580112,0.01294773425012827,0.93725,0.9426
3,np,IS NP,121,0.013376551069319249,0.012815000703930855,0.93825,0.9431
3,np,IS NP,122,0.013366337321698665,0.012856410510838032,0.93675,0.941
3,np,IS NP,123,0.013189830720424652,0.01268826019614935,0.93875,0.9442
3,np,IS NP,124,0.01325910720974207,0.012982953517138959,0.9375,0.9438
3,np,IS NP,125,0.013438778288662434,0.013241946214437484,0.939,0.94
3,np,IS NP,126,0.013357698678970338,0.013057009276747704,0.9385,0.9403
3,np,IS NP,127,0.013392500080168247,0.013180607761442661,0.9385,0.9402
3,np,IS NP,128,0.013797864735126496,0.013535760033130645,0.93575,0.9408
3,np,IS NP,129,0.013020524866878986,0.012857607045769692,0.9425,0.943
3,np,IS NP,130,0.013433683775365352,0.013384037996828557,0.941,0.9411
3,np,IS NP,131,0.013059164553880691,0.012973239454627037,0.94075,0.942
3,np,IS NP,132,0.013512032769620418,0.01322863599807024,0.941,0.9417
3,np,IS NP,133,0.013034455224871636,0.01271120699942112,0.94225,0.943
3,np,IS NP,134,0.013175212807953357,0.012805847664177418,0.94025,0.9435
3,np,IS NP,135,0.013616833433508873,0.013276046760380269,0.94125,0.9432
3,np,IS NP,136,0.013448519870638847,0.01310012228190899,0.94125,0.9415
3,np,IS NP,137,0.01336653483659029,0.013146574433147908,0.942,0.9444
3,np,IS NP,138,0.013222718827426434,0.012903895865380764,0.944,0.9432
3,np,IS NP,139,0.013216306291520595,0.012923461174964904,0.94125,0.9427
3,np,IS NP,140,0.013149744771420956,0.012804745402932168,0.94475,0.9445
3,np,IS NP,141,0.013145856551826,0.012661242614686489,0.94075,0.945
3,np,IS NP,142,0.013103896111249924,0.012631670071184636,0.94125,0.9451
3,np,IS NP,143,0.013706542834639549,0.013119399543106557,0.9425,0.9459
3,np,IS NP,144,0.013045554749667645,0.01243423252850771,0.942,0.9451
3,np,IS NP,145,0.013410052455961705,0.012934180319309235,0.942,0.944
3,np,IS NP,146,0.013247113160789014,0.012856111826002598,0.941,0.9438
3,np,IS NP,147,0.013471148438751697,0.013098449033498764,0.94175,0.9434
3,np,IS NP,148,0.013677410922944546,0.0133703762114048,0.94025,0.9413
3,np,IS NP,149,0.012855770513415337,0.012403907936811447,0.942,0.9458
3,np,IS NP,150,0.012781914062798024,0.012208156120777131,0.94175,0.9443
3,np,IS NP,151,0.012651684612035752,0.012213320073485374,0.93975,0.9456
3,np,IS NP,152,0.012717301718890668,0.012417241159081459,0.945,0.9451
3,np,IS NP,153,0.012625502258539199,0.012290944656729698,0.9465,0.946
3,np,IS NP,154,0.012433899961411954,0.0121356795206666,0.9455,0.9459
3,np,IS NP,155,0.012486873343586922,0.012149202032387257,0.94475,0.9472
3,np,IS NP,156,0.012483305543661118,0.01206920900940895,0.945,0.9477
3,np,IS NP,157,0.012391127288341523,0.012075254885852336,0.946,0.9465
3,np,IS NP,158,0.01235621401667595,0.012260558319091798,0.94525,0.9469
3,np,IS NP,159,0.012503104381263256,0.01229139484167099,0.9485,0.9494
3,np,IS NP,160,0.012364394523203374,0.012357052804529667,0.947,0.9482
3,np,IS NP,161,0.012033912912011146,0.012010182112455367,0.9495,0.9481
3,np,IS NP,162,0.011802801884710789,0.012014571079611779,0.94875,0.9474
3,np,IS NP,163,0.012345132693648338,0.012188718643784523,0.94825,0.9458
3,np,IS NP,164,0.012425369545817376,0.012393300731480122,0.947,0.9464
3,np,IS NP,165,0.011965845510363579,0.01165147112607956,0.94975,0.9476
3,np,IS NP,166,0.011970984429121017,0.011836723093688488,0.95275,0.9489
3,np,IS NP,167,0.0117529890909791,0.011754175888001919,0.95325,0.9484
3,np,IS NP,168,0.011775539331138134,0.01173791708946228,0.95225,0.9505
3,np,IS NP,169,0.011843469321727753,0.011940080752968788,0.9535,0.9495
3,np,IS NP,170,0.01186098288744688,0.012092619715631008,0.9525,0.9475
3,np,IS NP,171,0.011789315365254878,0.011998170918226242,0.951,0.9478
3,np,IS NP,172,0.012197386212646962,0.012188656128942967,0.95225,0.9484
3,np,IS NP,173,0.012235324271023274,0.012217793282866478,0.95,0.9481
3,np,IS NP,174,0.012350143358111382,0.012166977897286414,0.948,0.9485
3,np,IS NP,175,0.011893510721623897,0.011885685357451438,0.952,0.9499
3,np,IS NP,176,0.011890658617019653,0.011861046068370342,0.95,0.9488
3,np,IS NP,177,0.01193997922539711,0.01180729842185974,0.94775,0.95
3,np,IS NP,178,0.012024647779762745,0.01193067624270916,0.9505,0.9499
3,np,IS NP,179,0.011773593224585056,0.011696591833233834,0.95225,0.9497
3,np,IS NP,180,0.01183889365196228,0.011803597302734852,0.94875,0.9492
3,np,IS NP,181,0.012081503435969353,0.01200514445155859,0.9465,0.9484
3,np,IS NP,182,0.012190457299351693,0.011977128733694553,0.948,0.947
3,np,IS NP,183,0.012200801946222781,0.012029782944917678,0.947,0.9472
3,np,IS NP,184,0.012157166756689548,0.011972544150054455,0.94725,0.9469
3,np,IS NP,185,0.01175382949411869,0.011716352999210358,0.94875,0.9471
3,np,IS NP,186,0.011845354035496712,0.011623062904179096,0.9505,0.9499
3,np,IS NP,187,0.012129661157727241,0.011780183644592762,0.945,0.9477
3,np,IS NP,188,0.011786473020911216,0.011564029186964035,0.94825,0.9477
3,np,IS NP,189,0.01210180640220642,0.011811845156550408,0.94575,0.9467
3,np,IS NP,190,0.011841214187443256,0.011581410236656665,0.94725,0.9488
3,np,IS NP,191,0.011684826888144016,0.011487338458001614,0.94975,0.9493
3,np,IS NP,192,0.011725369594991207,0.01144276559650898,0.95025,0.9505
3,np,IS NP,193,0.011792449861764908,0.011644856029748917,0.95125,0.9495
3,np,IS NP,194,0.011435533314943314,0.011327744971215725,0.95175,0.9492
3,np,IS NP,195,0.011650400809943676,0.011618997672200202,0.95175,0.9498
3,np,IS NP,196,0.011578551977872848,0.011384881365299224,0.94875,0.9496
3,np,IS NP,197,0.011588352017104626,0.011412937259674072,0.9505,0.9507
3,np,IS NP,198,0.011975331962108612,0.01173150944262743,0.9495,0.9503
3,np,IS NP,199,0.01162235826998949,0.011361490812897682,0.951,0.9504
3,np,IS NP,200,0.011687796771526336,0.011467299525439739,0.94975,0.9494
3,np,IS NP,201,0.011515430830419063,0.011308707191050052,0.95175,0.9513
3,np,IS NP,202,0.011429708741605283,0.011216382645070553,0.95,0.9499
3,np,IS NP,203,0.011435667887330055,0.011093642838299275,0.9515,0.9539
3,np,IS NP,204,0.01219596168398857,0.01192844644933939,0.949,0.9516
3,np,IS NP,205,0.0116268759816885,0.011429264684021473,0.94675,0.9506
3,np,IS NP,206,0.01156724940240383,0.011493354627490043,0.95125,0.95
3,np,IS NP,207,0.011508533999323846,0.011310731862485409,0.9495,0.952
3,np,IS NP,208,0.011510044559836388,0.011131971961259842,0.94925,0.9535
3,np,IS NP,209,0.01213322986662388,0.011718989646434783,0.949,0.9514
3,np,IS NP,210,0.01190847997367382,0.011555356176197528,0.94675,0.9515
3,np,IS NP,211,0.011924454733729363,0.011636077930033207,0.94625,0.9486
3,np,IS NP,212,0.011863685861229897,0.011688658457994461,0.9505,0.9511
3,np,IS NP,213,0.011720715671777725,0.011498348486423492,0.9485,0.9497
3,np,IS NP,214,0.011630908824503421,0.011511956453323363,0.95175,0.9519
3,np,IS NP,215,0.011757227823138237,0.011544539181888103,0.95075,0.9517
3,np,IS NP,216,0.011679168589413166,0.011622208008170128,0.95375,0.9527
3,np,IS NP,217,0.011385180838406086,0.011301730039715767,0.95075,0.9514
3,np,IS NP,218,0.011386733375489712,0.011424645839631558,0.9515,0.9522
3,np,IS NP,219,0.011168125227093697,0.011182245959341527,0.95375,0.9516
3,np,IS NP,220,0.011657076738774776,0.011518864013254642,0.9535,0.9504
3,np,IS NP,221,0.010997826881706715,0.010861127103865147,0.95375,0.9535
3,np,IS NP,222,0.011247423872351647,0.011088108950853348,0.9525,0.952
3,np,IS NP,223,0.01135553877055645,0.011143567256629468,0.94925,0.9525
3,np,IS NP,224,0.010896741226315499,0.010848739396035671,0.952,0.9516
3,np,IS NP,225,0.011002840660512447,0.010943924400210381,0.9535,0.9531
3,np,IS NP,226,0.011213198900222779,0.011037321737408639,0.9505,0.9522
3,np,IS NP,227,0.011338924258947372,0.01127858822643757,0.955,0.9527
3,np,IS NP,228,0.01099915949255228,0.010824131655693054,0.953,0.9542
3,np,IS NP,229,0.011267393745481968,0.011163731655478477,0.95175,0.9541
3,np,IS NP,230,0.011021094262599946,0.011006645289063454,0.954,0.9551
3,np,IS NP,231,0.01102264529466629,0.010884997530281543,0.95475,0.956
3,np,IS NP,232,0.011058541893959046,0.011069169890880585,0.955,0.9549
3,np,IS NP,233,0.011139714777469636,0.011062346701323986,0.95175,0.9527
3,np,IS NP,234,0.011173693902790546,0.011267460365593434,0.9535,0.9526
3,np,IS NP,235,0.011167029477655887,0.01132274020910263,0.954,0.9513
3,np,IS NP,236,0.01102265527099371,0.011068011046946049,0.9525,0.952
3,np,IS NP,237,0.011137405931949616,0.011092493988573551,0.95175,0.9535
3,np,IS NP,238,0.01105800299346447,0.011013484755158424,0.95175,0.9508
3,np,IS NP,239,0.011223784916102887,0.011309195326268673,0.95175,0.9505
3,np,IS NP,240,0.010945772923529148,0.011184160763025284,0.953,0.9499
3,np,IS NP,241,0.011291106306016445,0.011448226922750474,0.95375,0.9515
3,np,IS NP,242,0.011065308801829815,0.011203950822353363,0.95475,0.9517
3,np,IS NP,243,0.0109223338291049,0.010939387486875058,0.95175,0.9533
3,np,IS NP,244,0.01114340191334486,0.011100511710345744,0.9535,0.953
3,np,IS NP,245,0.011151925161480903,0.01102706473916769,0.95325,0.9527
3,np,IS NP,246,0.011092045515775681,0.011143607617914676,0.9505,0.9534
3,np,IS NP,247,0.011035465344786643,0.011113278156518936,0.9525,0.9517
3,np,IS NP,248,0.011078394062817097,0.011052416869997979,0.95325,0.954
3,np,IS NP,249,0.010973369024693966,0.011033328539133072,0.95225,0.9525
3,np,IS NP,250,0.01150193427503109,0.011453200042247771,0.952,0.9511
3,np,IS NP,251,0.010927232161164284,0.010912654531002045,0.95,0.9511
3,np,IS NP,252,0.010936859466135502,0.010886677227914334,0.95175,0.9519
3,np,IS NP,253,0.011111629448831081,0.011009605556726455,0.95325,0.9524
3,np,IS NP,254,0.01095697696506977,0.010961130695044995,0.95375,0.9525
3,np,IS NP,255,0.011074540391564369,0.010853806632757187,0.9535,0.954
3,np,IS NP,256,0.011223516449332237,0.01114744509011507,0.953,0.9535
3,np,IS NP,257,0.011359574854373932,0.011147632180154323,0.9495,0.9525
3,np,IS NP,258,0.011285718396306038,0.010981447936594486,0.9505,0.9546
3,np,IS NP,259,0.01088983815163374,0.010821393942832947,0.95225,0.9523
3,np,IS NP,260,0.010996409140527248,0.010959137676656246,0.9535,0.9545
3,np,IS NP,261,0.010971116542816161,0.010910327440500259,0.953,0.9535
3,np,IS NP,262,0.0108594042211771,0.01080396455079317,0.9535,0.9524
3,np,IS NP,263,0.011280761174857616,0.011240843132138252,0.95425,0.9519
3,np,IS NP,264,0.011396802470088004,0.011418798212707042,0.9515,0.9526
3,np,IS NP,265,0.011038887485861779,0.011000172945857048,0.95275,0.9514
3,np,IS NP,266,0.011045370459556579,0.011042461682856082,0.9535,0.9513
3,np,IS NP,267,0.010849120281636714,0.010916633409261703,0.9575,0.9536
3,np,IS NP,268,0.01113021843880415,0.010939822025597096,0.95125,0.9542
3,np,IS NP,269,0.010774751879274845,0.010632671655714512,0.95325,0.9545
3,np,IS NP,270,0.010838753037154675,0.010727073992788792,0.9525,0.9557
3,np,IS NP,271,0.010962827898561954,0.010937193255126477,0.95375,0.9547
3,np,IS NP,272,0.010974302232265472,0.011062148323655128,0.95125,0.9529
3,np,IS NP,273,0.010773309759795666,0.010813079915940762,0.954,0.9542
3,np,IS NP,274,0.01047587002813816,0.010552872499823571,0.956,0.9547
3,np,IS NP,275,0.0108350939899683,0.010674041748046875,0.95325,0.9555
3,np,IS NP,276,0.010699319012463094,0.010580047456920146,0.953,0.954
3,np,IS NP,277,0.010591492928564549,0.01037681252360344,0.951,0.9554
3,np,IS NP,278,0.010724441476166248,0.010621974721550942,0.949,0.9524
3,np,IS NP,279,0.010590023331344128,0.010394935359060765,0.949,0.9533
3,np,IS NP,280,0.010834010861814023,0.010838228276371957,0.95425,0.9516
3,np,IS NP,281,0.010750781930983066,0.010662014773488045,0.94975,0.9527
3,np,IS NP,282,0.0109427560120821,0.01080927522778511,0.951,0.9546
3,np,IS NP,283,0.010829285256564618,0.01059558257162571,0.94875,0.9534
3,np,IS NP,284,0.010708973117172718,0.010653018590807915,0.95175,0.9537
3,np,IS NP,285,0.01057116039097309,0.01055926071703434,0.95175,0.9546
3,np,IS NP,286,0.010593251556158065,0.010635269828140736,0.953,0.954
3,np,IS NP,287,0.010377093277871608,0.01047184690386057,0.953,0.9544
3,np,IS NP,288,0.010309199832379818,0.010441063016653061,0.95425,0.9548
3,np,IS NP,289,0.010320432439446449,0.010432017132639885,0.954,0.9538
3,np,IS NP,290,0.01032173278927803,0.010465794572234153,0.953,0.9541
3,np,IS NP,291,0.010647337935864925,0.01073562103509903,0.9515,0.953
3,np,IS NP,292,0.010317421101033687,0.010369939297437668,0.9555,0.9566
3,np,IS NP,293,0.010128096476197243,0.010277427452802659,0.95625,0.9556
3,np,IS NP,294,0.010408575750887394,0.010718301275372506,0.95625,0.9551
3,np,IS NP,295,0.010173839703202247,0.010253815247118473,0.95525,0.9551
3,np,IS NP,296,0.010335787810385227,0.010296440708637238,0.95475,0.9555
3,np,IS NP,297,0.010778919421136379,0.010554062639176846,0.9535,0.9551
3,np,IS NP,298,0.010569449909031392,0.010594246791303158,0.956,0.9559
3,np,IS NP,299,0.010431122452020646,0.0105679392054677,0.95675,0.9554
3,np,IS NP,300,0.010030472561717033,0.010252352058887481,0.95575,0.9552
3,np,IS NP,301,0.010399532020092011,0.010505352269113064,0.95375,0.954
3,np,IS NP,302,0.010289179615676403,0.010440873511135578,0.95625,0.9541
3,np,IS NP,303,0.010420110277831554,0.010456274300813674,0.95325,0.9537
3,np,IS NP,304,0.010615508288145066,0.010624224224686623,0.952,0.9532
3,np,IS NP,305,0.010775254726409913,0.010684532956779003,0.95325,0.9536
3,np,IS NP,306,0.010515584528446198,0.010606615819036961,0.95575,0.953
3,np,IS NP,307,0.010727925069630146,0.010773878388106823,0.9565,0.9536
3,np,IS NP,308,0.010494898356497287,0.010553668867051601,0.9585,0.9544
3,np,IS NP,309,0.010472849778831004,0.010402491165697575,0.95775,0.9539
3,np,IS NP,310,0.010268468461930752,0.010311867080628872,0.957,0.9554
3,np,IS NP,311,0.010182644963264466,0.010257808104157448,0.95525,0.9539
3,np,IS NP,312,0.010388239994645119,0.01061605461537838,0.9545,0.9533
3,np,IS NP,313,0.010406501218676567,0.010419675253331661,0.95575,0.9558
3,np,IS NP,314,0.010469048671424388,0.010636782248318195,0.95475,0.9548
3,np,IS NP,315,0.010336829721927643,0.010571738475561141,0.955,0.955
3,np,IS NP,316,0.010331731870770454,0.01048777689486742,0.9555,0.9553
3,np,IS NP,317,0.010191878125071526,0.010314804473519325,0.95725,0.957
3,np,IS NP,318,0.01059458190202713,0.010623298469185829,0.95475,0.9533
3,np,IS NP,319,0.010399694561958312,0.010574075797200202,0.958,0.9548
3,np,IS NP,320,0.010280761696398258,0.010452420173585416,0.95775,0.9551
3,np,IS NP,321,0.010300430417060852,0.010376313011348247,0.95775,0.9544
3,np,IS NP,322,0.010622243955731392,0.010692592737078666,0.95625,0.953
3,np,IS NP,323,0.010733258306980133,0.010921756562590599,0.9535,0.9514
3,np,IS NP,324,0.010491330802440644,0.010761132834851741,0.95575,0.954
3,np,IS NP,325,0.010433391742408276,0.010805258297920227,0.95525,0.9529
3,np,IS NP,326,0.01026012472063303,0.01062841973900795,0.95575,0.9522
3,np,IS NP,327,0.010446594916284085,0.010645696999132634,0.95675,0.952
3,np,IS NP,328,0.010199956402182579,0.010427335470914841,0.956,0.9536
3,np,IS NP,329,0.010721351183950902,0.01111037513911724,0.95425,0.9497
3,np,IS NP,330,0.010783030457794666,0.010930498959124088,0.95475,0.9537
3,np,IS NP,331,0.010349305994808674,0.010535614968836307,0.9545,0.9538
3,np,IS NP,332,0.010223566047847271,0.01043388653844595,0.957,0.9551
3,np,IS NP,333,0.010305971592664718,0.010362036246061326,0.956,0.9546
3,np,IS NP,334,0.01037936433404684,0.010441731421649456,0.954,0.9534
3,np,IS NP,335,0.010372318021953106,0.010527596358954906,0.95575,0.9537
3,np,IS NP,336,0.01069071015715599,0.010965923117101192,0.9545,0.9533
3,np,IS NP,337,0.010231473773717881,0.01026580464541912,0.95525,0.9552
3,np,IS NP,338,0.010669421777129174,0.01070400926321745,0.955,0.9544
3,np,IS NP,339,0.010241480194032192,0.010164426144957543,0.95575,0.9573
3,np,IS NP,340,0.010039854899048805,0.01011642157137394,0.95625,0.9564
3,np,IS NP,341,0.010158396147191525,0.010193229866027833,0.9565,0.9584
3,np,IS NP,342,0.010128991931676865,0.01018434626609087,0.958,0.9573
3,np,IS NP,343,0.010466033175587653,0.010530530968308449,0.956,0.9573
3,np,IS NP,344,0.010083545006811618,0.010120873872935771,0.9575,0.9581
3,np,IS NP,345,0.0103139628469944,0.010513547259569168,0.95725,0.9555
3,np,IS NP,346,0.0102094442024827,0.010439248706400395,0.959,0.9574
3,np,IS NP,347,0.010088312327861787,0.010245256672799588,0.957,0.9556
3,np,IS NP,348,0.009877339258790016,0.010075819964706897,0.9545,0.9559
3,np,IS NP,349,0.01016751755774021,0.010327762010693551,0.9575,0.9565
3,np,IS NP,350,0.009951312504708766,0.010282235524058343,0.958,0.9579
3,np,IS NP,351,0.009946735724806786,0.010166186840832233,0.95925,0.9589
3,np,IS NP,352,0.009900494866073131,0.010085450363159179,0.95825,0.9566
3,np,IS NP,353,0.010046953223645688,0.01004475159496069,0.9565,0.9577
3,np,IS NP,354,0.0106287906691432,0.01043384458720684,0.953,0.9566
3,np,IS NP,355,0.010182462222874165,0.010133091987669467,0.95625,0.9581
3,np,IS NP,356,0.01028655269742012,0.010293012516200543,0.956,0.9579
3,np,IS NP,357,0.010475326344370843,0.010461135451495648,0.9555,0.9575
3,np,IS NP,358,0.010643218368291855,0.010622885514795781,0.95325,0.9573
3,np,IS NP,359,0.01094088426977396,0.011012242257595062,0.95725,0.9558
3,np,IS NP,360,0.010350887954235078,0.010234005352854729,0.95475,0.9556
3,np,IS NP,361,0.010031286284327506,0.009961308126151562,0.9555,0.9586
3,np,IS NP,362,0.009918823406100273,0.00997208136022091,0.957,0.9593
3,np,IS NP,363,0.01044024159759283,0.010449245668947697,0.95825,0.9581
3,np,IS NP,364,0.010224903143942357,0.010233813394606113,0.95625,0.9593
3,np,IS NP,365,0.00986218285560608,0.009901927617192269,0.95675,0.9577
3,np,IS NP,366,0.009951333843171596,0.010046868994832038,0.95775,0.9569
3,np,IS NP,367,0.009880443453788757,0.009833400823175907,0.95725,0.9572
3,np,IS NP,368,0.01051358725130558,0.010357586336135864,0.95625,0.9572
3,np,IS NP,369,0.01021623806655407,0.010213644814491272,0.9555,0.9573
3,np,IS NP,370,0.010592638075351716,0.010439058642089367,0.95425,0.9572
3,np,IS NP,371,0.010135343067348004,0.01011973388940096,0.955,0.9572
3,np,IS NP,372,0.010298173166811466,0.010295209616422654,0.95475,0.9562
3,np,IS NP,373,0.010433130107820035,0.010389618498086929,0.9545,0.9558
3,np,IS NP,374,0.010512006990611554,0.010540996672213077,0.95625,0.9569
3,np,IS NP,375,0.010296682052314281,0.010376705388724804,0.95525,0.957
3,np,IS NP,376,0.010299792483448983,0.010212062194943429,0.9535,0.9565
3,np,IS NP,377,0.01032674453407526,0.010094584657251835,0.95525,0.9584
3,np,IS NP,378,0.010138237230479717,0.01001797665655613,0.956,0.9593
3,np,IS NP,379,0.010200078710913657,0.01012412130087614,0.956,0.9581
3,np,IS NP,380,0.010218417525291443,0.010030695922672748,0.95475,0.959
3,np,IS NP,381,0.010030612587928771,0.009989269378781319,0.95475,0.9594
3,np,IS NP,382,0.009928291417658329,0.010051565890014172,0.95725,0.9578
3,np,IS NP,383,0.010158900052309036,0.01024140553921461,0.95625,0.9577
3,np,IS NP,384,0.010168970569968223,0.010207045832276345,0.9555,0.9568
3,np,IS NP,385,0.009967387713491916,0.010097029794752597,0.957,0.9585
3,np,IS NP,386,0.009945911332964897,0.010132795943319797,0.9565,0.959
3,np,IS NP,387,0.010207426615059375,0.010354604917764665,0.95475,0.9579
3,np,IS NP,388,0.009948651775717736,0.010039034928381443,0.956,0.9591
3,np,IS NP,389,0.009995945960283279,0.010209805902838707,0.95775,0.9588
3,np,IS NP,390,0.009705513693392277,0.009758830885589122,0.95625,0.9599
3,np,IS NP,391,0.009888737924396991,0.009998406614363194,0.956,0.9584
3,np,IS NP,392,0.009682132005691528,0.009762260501086712,0.9595,0.9609
3,np,IS NP,393,0.010159980081021786,0.010137201558053494,0.95625,0.96
3,np,IS NP,394,0.009795596070587635,0.009899561594426632,0.95575,0.9587
3,np,IS NP,395,0.01011189503967762,0.010197075611352921,0.95825,0.9588
3,np,IS NP,396,0.01007962492108345,0.010297936761379241,0.95875,0.9598
3,np,IS NP,397,0.010133358217775822,0.010345926427841186,0.95625,0.958
3,np,IS NP,398,0.010078797072172165,0.010224907721579074,0.9585,0.959
3,np,IS NP,399,0.010017661549150944,0.010115048187971116,0.959,0.9593
3,np,IS NP,400,0.009864577487111092,0.009882727085053921,0.9575,0.9587
3,np_fixed,Vanilla NP,1,0.09156395518779754,0.09151706043481826,0.13825,0.1352
3,np_fixed,Vanilla NP,2,0.08755777442455291,0.08751927616596222,0.25325,0.263
3,np_fixed,Vanilla NP,3,0.08528677445650101,0.08522675398588181,0.396,0.3983
3,np_fixed,Vanilla NP,4,0.08322549510002136,0.08319936586618423,0.47325,0.4635
3,np_fixed,Vanilla NP,5,0.08106546545028687,0.08097279118299484,0.53,0.5238
3,np_fixed,Vanilla NP,6,0.07850124436616898,0.07834652240276337,0.5845,0.5794
3,np_fixed,Vanilla NP,7,0.07573660397529602,0.07553268538713455,0.60625,0.6056
3,np_fixed,Vanilla NP,8,0.07294409149885178,0.07265265992879867,0.6415,0.6462
3,np_fixed,Vanilla NP,9,0.07059604448080063,0.07031493583917618,0.66,0.6652
3,np_fixed,Vanilla NP,10,0.06794315910339356,0.06766761001348495,0.677,0.6845
3,np_fixed,Vanilla NP,11,0.0657314173579216,0.0654446115732193,0.6865,0.7
3,np_fixed,Vanilla NP,12,0.06326347029209137,0.0629067483305931,0.695,0.7108
3,np_fixed,Vanilla NP,13,0.061173630088567736,0.06074354388713837,0.70775,0.7162
3,np_fixed,Vanilla NP,14,0.059345418244600295,0.0588862477004528,0.72575,0.7402
3,np_fixed,Vanilla NP,15,0.05771042945981026,0.0572785462975502,0.713,0.7278
3,np_fixed,Vanilla NP,16,0.05623256057500839,0.05572592363357544,0.72125,0.7379
3,np_fixed,Vanilla NP,17,0.054973080426454546,0.05441655004024506,0.73375,0.7489
3,np_fixed,Vanilla NP,18,0.053754415601491926,0.05316702891588211,0.74675,0.7657
3,np_fixed,Vanilla NP,19,0.05298558729887009,0.052469447177648544,0.7615,0.7776
3,np_fixed,Vanilla NP,20,0.0519151277244091,0.051362179255485536,0.74625,0.7635
3,np_fixed,Vanilla NP,21,0.05091260412335396,0.0503842688202858,0.762,0.7777
3,np_fixed,Vanilla NP,22,0.0498718179166317,0.04931041666269302,0.7715,0.7899
3,np_fixed,Vanilla NP,23,0.04901143151521683,0.048468851613998415,0.76975,0.7878
3,np_fixed,Vanilla NP,24,0.048491167008876804,0.047872295022010805,0.77775,0.7928
3,np_fixed,Vanilla NP,25,0.04788259792327881,0.04717824439406395,0.7805,0.795
3,np_fixed,Vanilla NP,26,0.046892676800489426,0.04614273992180824,0.782,0.7994
3,np_fixed,Vanilla NP,27,0.046414620488882063,0.04568745505213737,0.785,0.8027
3,np_fixed,Vanilla NP,28,0.0460002908706665,0.045156695199012754,0.79075,0.8066
3,np_fixed,Vanilla NP,29,0.04518961441516876,0.04441245156526565,0.80325,0.8185
3,np_fixed,Vanilla NP,30,0.04480142244696617,0.04396605419516563,0.782,0.7988
3,np_fixed,Vanilla NP,31,0.04439775350689888,0.04356858003735542,0.79775,0.8164
3,np_fixed,Vanilla NP,32,0.043936495691537854,0.043127643257379535,0.805,0.8159
3,np_fixed,Vanilla NP,33,0.04352353569865227,0.042822377401590346,0.8085,0.8246
3,np_fixed,Vanilla NP,34,0.04322319453954697,0.04228025853633881,0.80325,0.8196
3,np_fixed,Vanilla NP,35,0.04299566504359245,0.04208793931007385,0.81425,0.8345
3,np_fixed,Vanilla NP,36,0.042328416973352434,0.041382599687576294,0.81775,0.8355
3,np_fixed,Vanilla NP,37,0.04167468598484993,0.04071781973838806,0.81675,0.8347
3,np_fixed,Vanilla NP,38,0.04116941848397255,0.040064565563201905,0.8295,0.8526
3,np_fixed,Vanilla NP,39,0.04146830841898918,0.04041697953939438,0.82125,0.8437
3,np_fixed,Vanilla NP,40,0.0407895941734314,0.039707356190681456,0.82975,0.8503
3,np_fixed,Vanilla NP,41,0.040714057087898256,0.039779555004835127,0.82525,0.843
3,np_fixed,Vanilla NP,42,0.04050495961308479,0.039522188597917556,0.8225,0.8407
3,np_fixed,Vanilla NP,43,0.04037516948580742,0.03941100031733513,0.82275,0.8396
3,np_fixed,Vanilla NP,44,0.039860678344964984,0.0389611355304718,0.8215,0.842
3,np_fixed,Vanilla NP,45,0.03964307036995888,0.03866012768149376,0.8425,0.856
3,np_fixed,Vanilla NP,46,0.039426969170570376,0.038374626833200455,0.836,0.8515
3,np_fixed,Vanilla NP,47,0.03919204133749008,0.038262871438264845,0.83025,0.8484
3,np_fixed,Vanilla NP,48,0.03929378643631935,0.03830693320035934,0.8395,0.8554
3,np_fixed,Vanilla NP,49,0.03979472813010216,0.0388433635532856,0.83925,0.8507
3,np_fixed,Vanilla NP,50,0.03917269259691238,0.03799639750123024,0.826,0.844
3,np_fixed,Vanilla NP,51,0.038611533343791964,0.03755639017224312,0.834,0.8512
3,np_fixed,Vanilla NP,52,0.03827058520913124,0.03720658571124077,0.83575,0.8549
3,np_fixed,Vanilla NP,53,0.03841086056828499,0.03708099616765976,0.8375,0.8549
3,np_fixed,Vanilla NP,54,0.03751989448070526,0.036452729690074924,0.84125,0.8532
3,np_fixed,Vanilla NP,55,0.03776501142978668,0.03682837408185005,0.84125,0.8535
3,np_fixed,Vanilla NP,56,0.03741029939055443,0.036435327965021136,0.846,0.8621
3,np_fixed,Vanilla NP,57,0.036622413635253905,0.03572923825979233,0.85,0.8624
3,np_fixed,Vanilla NP,58,0.036986378133296964,0.03602776051163673,0.84575,0.8627
3,np_fixed,Vanilla NP,59,0.03656896758079529,0.03549576455950737,0.84925,0.8703
3,np_fixed,Vanilla NP,60,0.03625909808278084,0.035305230474472045,0.85575,0.8682
3,np_fixed,Vanilla NP,61,0.0364021800160408,0.03544308934807777,0.85275,0.87
3,np_fixed,Vanilla NP,62,0.03643574655056,0.0356371511220932,0.84975,0.8687
3,np_fixed,Vanilla NP,63,0.036134032398462294,0.03551598190069199,0.85825,0.8733
3,np_fixed,Vanilla NP,64,0.035234835416078567,0.03429960884451866,0.8575,0.8699
3,np_fixed,Vanilla NP,65,0.03642644757032394,0.0354968108355999,0.86075,0.8766
3,np_fixed,Vanilla NP,66,0.035094333976507186,0.03420755304098129,0.85575,0.8734
3,np_fixed,Vanilla NP,67,0.03544913583993912,0.03448409527540207,0.863,0.8777
3,np_fixed,Vanilla NP,68,0.035266940742731095,0.034435333567857745,0.86325,0.8718
3,np_fixed,Vanilla NP,69,0.03507110807299614,0.03419429333806038,0.8575,0.8757
3,np_fixed,Vanilla NP,70,0.03499273389577866,0.033993374121189114,0.8585,0.8762
3,np_fixed,Vanilla NP,71,0.03423666512966156,0.0331814241707325,0.868,0.8802
3,np_fixed,Vanilla NP,72,0.03362210491299629,0.03259833952784538,0.86675,0.8799
3,np_fixed,Vanilla NP,73,0.033736201226711275,0.03266449360847473,0.86275,0.8831
3,np_fixed,Vanilla NP,74,0.03438148981332779,0.0335253780066967,0.86275,0.8812
3,np_fixed,Vanilla NP,75,0.0339217794239521,0.03290489555001259,0.85875,0.8771
3,np_fixed,Vanilla NP,76,0.03390913274884224,0.032979517537355424,0.8725,0.8852
3,np_fixed,Vanilla NP,77,0.03389875856041908,0.03290613017082215,0.86475,0.8814
3,np_fixed,Vanilla NP,78,0.03368136170506477,0.03278545235395432,0.86875,0.8824
3,np_fixed,Vanilla NP,79,0.03333087876439095,0.03211978707313538,0.86475,0.8823
3,np_fixed,Vanilla NP,80,0.03308119907975197,0.0323509896159172,0.8695,0.8847
3,np_fixed,Vanilla NP,81,0.033213740587234496,0.03237313527464867,0.86925,0.8838
3,np_fixed,Vanilla NP,82,0.03273952305316925,0.03188691764473915,0.87425,0.8879
3,np_fixed,Vanilla NP,83,0.03256222555041313,0.03158660095334053,0.87275,0.8848
3,np_fixed,Vanilla NP,84,0.032963242173194886,0.03231869834065437,0.872,0.886
3,np_fixed,Vanilla NP,85,0.0325228388607502,0.03164306461215019,0.875,0.8874
3,np_fixed,Vanilla NP,86,0.03261681458353996,0.031830652272701265,0.86575,0.8804
3,np_fixed,Vanilla NP,87,0.03213590133190155,0.03118486005961895,0.86725,0.8873
3,np_fixed,Vanilla NP,88,0.03295193126797676,0.03194690015912056,0.87125,0.8867
3,np_fixed,Vanilla NP,89,0.03200267347693443,0.031048833641409875,0.86875,0.8857
3,np_fixed,Vanilla NP,90,0.03131085139513016,0.03035927248299122,0.87325,0.8866
3,np_fixed,Vanilla NP,91,0.0318252891600132,0.031073905086517334,0.87225,0.8846
3,np_fixed,Vanilla NP,92,0.031658900588750837,0.03058485408425331,0.8705,0.8865
3,np_fixed,Vanilla NP,93,0.032330780029296874,0.031457532608509066,0.86225,0.8813
3,np_fixed,Vanilla NP,94,0.031165319800376894,0.03016396963894367,0.86525,0.8794
3,np_fixed,Vanilla NP,95,0.03188941988348961,0.030952236753702164,0.87325,0.8904
3,np_fixed,Vanilla NP,96,0.031210544258356093,0.03024840247631073,0.873,0.8897
3,np_fixed,Vanilla NP,97,0.030768928959965705,0.029806583297252654,0.8745,0.8887
3,np_fixed,Vanilla NP,98,0.03155820435285568,0.030625131979584694,0.8705,0.8846
3,np_fixed,Vanilla NP,99,0.03113430228829384,0.030185106015205382,0.87725,0.892
3,np_fixed,Vanilla NP,100,0.030656399369239806,0.029689265829324723,0.87025,0.8863
3,np_fixed,Vanilla NP,101,0.03162925884127617,0.030566407480835913,0.874,0.8867
3,np_fixed,Vanilla NP,102,0.031166589111089705,0.030159021118283273,0.8785,0.8923
3,np_fixed,Vanilla NP,103,0.030479542389512063,0.029371685683727264,0.8735,0.8903
3,np_fixed,Vanilla NP,104,0.030038907259702683,0.028927823451161384,0.8765,0.8929
3,np_fixed,Vanilla NP,105,0.030605497300624847,0.02938762631416321,0.875,0.8917
3,np_fixed,Vanilla NP,106,0.030262899890542032,0.029284369546175002,0.87075,0.8872
3,np_fixed,Vanilla NP,107,0.029448954343795776,0.028236697307229042,0.87875,0.8974
3,np_fixed,Vanilla NP,108,0.029494113847613336,0.02848043862581253,0.87375,0.8913
3,np_fixed,Vanilla NP,109,0.02927809835970402,0.028140918484330178,0.883,0.8977
3,np_fixed,Vanilla NP,110,0.029705554395914078,0.028785023465752603,0.87825,0.8963
3,np_fixed,Vanilla NP,111,0.029762967243790628,0.028879096871614458,0.87275,0.8886
3,np_fixed,Vanilla NP,112,0.03013712964951992,0.0292804761081934,0.87625,0.8921
3,np_fixed,Vanilla NP,113,0.029573678269982338,0.028584097415208818,0.8785,0.8969
3,np_fixed,Vanilla NP,114,0.028774352982640267,0.027843631443381308,0.88125,0.895
3,np_fixed,Vanilla NP,115,0.028983778044581413,0.028079118275642394,0.87625,0.8936
3,np_fixed,Vanilla NP,116,0.02846165706217289,0.027535419580340385,0.87975,0.8955
3,np_fixed,Vanilla NP,117,0.02905238801240921,0.028090359207987785,0.8795,0.8962
3,np_fixed,Vanilla NP,118,0.029314596816897392,0.028593367365002634,0.88025,0.8944
3,np_fixed,Vanilla NP,119,0.027988165006041527,0.027012715736031534,0.88375,0.8986
3,np_fixed,Vanilla NP,120,0.029808987721800805,0.028996978825330734,0.87475,0.8875
3,np_fixed,Vanilla NP,121,0.02854253952205181,0.027955046591162682,0.88475,0.8968
3,np_fixed,Vanilla NP,122,0.027617042943835258,0.026761641293764113,0.88575,0.8996
3,np_fixed,Vanilla NP,123,0.02915293227136135,0.028394022712111472,0.88425,0.8961
3,np_fixed,Vanilla NP,124,0.028418927267193795,0.02747001484632492,0.886,0.8965
3,np_fixed,Vanilla NP,125,0.029557922318577765,0.028618991449475287,0.8805,0.8954
3,np_fixed,Vanilla NP,126,0.02995717042684555,0.029195044028759002,0.88025,0.8919
3,np_fixed,Vanilla NP,127,0.029976570755243303,0.0291391335695982,0.87025,0.8888
3,np_fixed,Vanilla NP,128,0.029623602226376534,0.029053263664245606,0.8795,0.8972
3,np_fixed,Vanilla NP,129,0.0276913673132658,0.026943915501236915,0.88925,0.9019
3,np_fixed,Vanilla NP,130,0.028011326238512994,0.027272079280018808,0.89175,0.9017
3,np_fixed,Vanilla NP,131,0.028779930591583253,0.028019916519522667,0.89275,0.9045
3,np_fixed,Vanilla NP,132,0.02716125275194645,0.02622468149960041,0.8875,0.9008
3,np_fixed,Vanilla NP,133,0.027438287571072577,0.026511075642704964,0.8925,0.9047
3,np_fixed,Vanilla NP,134,0.028771200478076936,0.027890987166762353,0.8835,0.8965
3,np_fixed,Vanilla NP,135,0.027453993797302245,0.026723517802357672,0.88675,0.9002
3,np_fixed,Vanilla NP,136,0.027809785529971123,0.02727300990819931,0.88525,0.8967
3,np_fixed,Vanilla NP,137,0.027325220078229902,0.026506325939297675,0.89,0.9045
3,np_fixed,Vanilla NP,138,0.02729657155275345,0.026488265052437784,0.88675,0.9021
3,np_fixed,Vanilla NP,139,0.0278078091442585,0.027155162382125855,0.8905,0.9019
3,np_fixed,Vanilla NP,140,0.027717359229922293,0.02688030172586441,0.888,0.8997
3,np_fixed,Vanilla NP,141,0.027289724171161652,0.026564463108778,0.887,0.8991
3,np_fixed,Vanilla NP,142,0.028707191348075867,0.027616177719831467,0.88475,0.8959
3,np_fixed,Vanilla NP,143,0.027573592737317087,0.02675172931551933,0.88425,0.9028
3,np_fixed,Vanilla NP,144,0.027747136384248732,0.026863759890198707,0.88825,0.9021
3,np_fixed,Vanilla NP,145,0.025965715155005457,0.025080039113759993,0.89275,0.9037
3,np_fixed,Vanilla NP,146,0.02712140294909477,0.02629264453947544,0.888,0.9044
3,np_fixed,Vanilla NP,147,0.026391899168491363,0.025674794739484787,0.88975,0.9017
3,np_fixed,Vanilla NP,148,0.026780798316001893,0.026150862440466882,0.88475,0.8965
3,np_fixed,Vanilla NP,149,0.026225739195942878,0.025518173494935036,0.889,0.9023
3,np_fixed,Vanilla NP,150,0.026641256749629975,0.025689683508872987,0.889,0.8982
3,np_fixed,Vanilla NP,151,0.027834785610437392,0.02675521100461483,0.88625,0.9025
3,np_fixed,Vanilla NP,152,0.027933554351329805,0.02719979941248894,0.88525,0.8967
3,np_fixed,Vanilla NP,153,0.026592523634433745,0.02577615214288235,0.8925,0.9071
3,np_fixed,Vanilla NP,154,0.028287128135561942,0.027760492807626724,0.886,0.9019
3,np_fixed,Vanilla NP,155,0.026483468562364578,0.025478613644838333,0.89625,0.91
3,np_fixed,Vanilla NP,156,0.02637696497142315,0.025539499378204347,0.89375,0.9081
3,np_fixed,Vanilla NP,157,0.02701549695432186,0.026016992032527924,0.89,0.9017
3,np_fixed,Vanilla NP,158,0.025892349883913993,0.025135301634669305,0.891,0.9035
3,np_fixed,Vanilla NP,159,0.026616533935070037,0.02577323566377163,0.8905,0.8995
3,np_fixed,Vanilla NP,160,0.025625671163201334,0.024847915452718736,0.8945,0.9023
3,np_fixed,Vanilla NP,161,0.025814076155424116,0.024914854216575622,0.8955,0.9077
3,np_fixed,Vanilla NP,162,0.025538875594735146,0.024711110880970954,0.89125,0.9021
3,np_fixed,Vanilla NP,163,0.02670936879515648,0.025921429362893104,0.89425,0.9018
3,np_fixed,Vanilla NP,164,0.0252902857363224,0.024623632591962815,0.891,0.9036
3,np_fixed,Vanilla NP,165,0.025932088747620582,0.02500264133512974,0.8945,0.9043
3,np_fixed,Vanilla NP,166,0.026448087111115456,0.025694502711296082,0.88875,0.9032
3,np_fixed,Vanilla NP,167,0.026895783334970474,0.026045360147953032,0.89325,0.9054
3,np_fixed,Vanilla NP,168,0.027702894613146782,0.027067507874965667,0.8865,0.8965
3,np_fixed,Vanilla NP,169,0.025879045516252516,0.0251098391354084,0.89175,0.9073
3,np_fixed,Vanilla NP,170,0.0260631310492754,0.02537401887178421,0.8935,0.904
3,np_fixed,Vanilla NP,171,0.026326781883835793,0.025298090168833734,0.8945,0.9044
3,np_fixed,Vanilla NP,172,0.02667835099995136,0.025955327400565147,0.892,0.9049
3,np_fixed,Vanilla NP,173,0.02508351980149746,0.0241212194442749,0.89325,0.9096
3,np_fixed,Vanilla NP,174,0.025249621585011484,0.024362426877021788,0.88925,0.9039
3,np_fixed,Vanilla NP,175,0.026293847784399985,0.025502457481622696,0.895,0.9072
3,np_fixed,Vanilla NP,176,0.025171597883105277,0.024400577166676523,0.89325,0.904
3,np_fixed,Vanilla NP,177,0.025834975466132164,0.024909322312474252,0.89275,0.9065
3,np_fixed,Vanilla NP,178,0.02548672604560852,0.024539349898695946,0.89125,0.9051
3,np_fixed,Vanilla NP,179,0.02609297174215317,0.025274908563494684,0.89,0.9019
3,np_fixed,Vanilla NP,180,0.024649202972650528,0.023718226647377015,0.894,0.911
3,np_fixed,Vanilla NP,181,0.024774154826998712,0.023813021621108054,0.8925,0.9102
3,np_fixed,Vanilla NP,182,0.02540180680155754,0.024460992845892905,0.894,0.9058
3,np_fixed,Vanilla NP,183,0.024506037637591363,0.02344769505262375,0.895,0.911
3,np_fixed,Vanilla NP,184,0.024381150513887406,0.023341705563664435,0.89575,0.9085
3,np_fixed,Vanilla NP,185,0.024208213567733766,0.023164437586069106,0.8945,0.9082
3,np_fixed,Vanilla NP,186,0.026107333615422248,0.02540975857377052,0.8955,0.9091
3,np_fixed,Vanilla NP,187,0.025208478331565858,0.023973784777522086,0.896,0.9113
3,np_fixed,Vanilla NP,188,0.023511462971568108,0.022318860253691675,0.896,0.9096
3,np_fixed,Vanilla NP,189,0.024646985098719598,0.02357604025900364,0.89475,0.9087
3,np_fixed,Vanilla NP,190,0.023155744463205338,0.02213707869052887,0.89925,0.9124
3,np_fixed,Vanilla NP,191,0.025075265273451806,0.024139508375525476,0.895,0.9093
3,np_fixed,Vanilla NP,192,0.023223650202155114,0.022117617425322533,0.89975,0.9152
3,np_fixed,Vanilla NP,193,0.02378067824244499,0.022950486969947816,0.9015,0.9139
3,np_fixed,Vanilla NP,194,0.024171015784144403,0.02298408849835396,0.8975,0.911
3,np_fixed,Vanilla NP,195,0.024511400490999223,0.023447125846147537,0.90075,0.9136
3,np_fixed,Vanilla NP,196,0.02433100038766861,0.023577996787428855,0.89925,0.9068
3,np_fixed,Vanilla NP,197,0.02329124167561531,0.022338610550761223,0.90175,0.9099
3,np_fixed,Vanilla NP,198,0.023727080136537553,0.022804001906514167,0.90225,0.913
3,np_fixed,Vanilla NP,199,0.02353328086435795,0.022333046713471413,0.9,0.9114
3,np_fixed,Vanilla NP,200,0.02480226853489876,0.02397747614681721,0.89975,0.9121
3,np_fixed,Vanilla NP,201,0.023364997059106826,0.022324222061038016,0.89625,0.91
3,np_fixed,Vanilla NP,202,0.02413542252779007,0.023403163921833038,0.896,0.9078
3,np_fixed,Vanilla NP,203,0.025156090170145036,0.02409687112569809,0.89,0.9052
3,np_fixed,Vanilla NP,204,0.024956146880984305,0.024208194971084594,0.90475,0.9136
3,np_fixed,Vanilla NP,205,0.025235866546630858,0.02450248405337334,0.89775,0.9086
3,np_fixed,Vanilla NP,206,0.02429179112613201,0.023250402343273163,0.8985,0.9136
3,np_fixed,Vanilla NP,207,0.026085765659809114,0.025472031223773957,0.89675,0.9093
3,np_fixed,Vanilla NP,208,0.025718085557222367,0.024959870752692223,0.8965,0.9069
3,np_fixed,Vanilla NP,209,0.022973611056804656,0.021872144770622253,0.9035,0.9132
3,np_fixed,Vanilla NP,210,0.023558739125728607,0.02276874462366104,0.90375,0.9127
3,np_fixed,Vanilla NP,211,0.025573854997754098,0.024468358993530274,0.899,0.9127
3,np_fixed,Vanilla NP,212,0.023183942049741744,0.022256970849633215,0.9015,0.9147
3,np_fixed,Vanilla NP,213,0.02452032105624676,0.023652490270137785,0.891,0.9094
3,np_fixed,Vanilla NP,214,0.02329428280889988,0.02243749902844429,0.8985,0.9127
3,np_fixed,Vanilla NP,215,0.022803925782442093,0.02187791845202446,0.8985,0.9115
3,np_fixed,Vanilla NP,216,0.02388444471359253,0.022916876351833343,0.90225,0.9157
3,np_fixed,Vanilla NP,217,0.024333621591329575,0.023325199490785598,0.902,0.913
3,np_fixed,Vanilla NP,218,0.024110083013772963,0.02304477666914463,0.90025,0.9096
3,np_fixed,Vanilla NP,219,0.02512253125011921,0.0242275821775198,0.897,0.9057
3,np_fixed,Vanilla NP,220,0.024600294530391694,0.023563647329807282,0.8965,0.9063
3,np_fixed,Vanilla NP,221,0.02382955588400364,0.022863899958133697,0.9,0.9148
3,np_fixed,Vanilla NP,222,0.024650636881589888,0.023671549233794213,0.90225,0.9146
3,np_fixed,Vanilla NP,223,0.025272742852568628,0.024383708539605142,0.9025,0.9108
3,np_fixed,Vanilla NP,224,0.02270445691049099,0.02210652332007885,0.90125,0.9138
3,np_fixed,Vanilla NP,225,0.023724922984838484,0.02288644340634346,0.90125,0.913
3,np_fixed,Vanilla NP,226,0.02660510842502117,0.025834793037176132,0.88975,0.9039
3,np_fixed,Vanilla NP,227,0.02518514144420624,0.024159236013889314,0.8955,0.9062
3,np_fixed,Vanilla NP,228,0.0245235530436039,0.02347725762426853,0.90025,0.909
3,np_fixed,Vanilla NP,229,0.026149918258190154,0.02526701400876045,0.8995,0.9133
3,np_fixed,Vanilla NP,230,0.024089238405227663,0.023268340945243837,0.90375,0.9148
3,np_fixed,Vanilla NP,231,0.022046900153160097,0.02105543211698532,0.90275,0.9138
3,np_fixed,Vanilla NP,232,0.023348063573241234,0.02220851883292198,0.9035,0.9166
3,np_fixed,Vanilla NP,233,0.02596455529332161,0.025405060681700706,0.90325,0.9139
3,np_fixed,Vanilla NP,234,0.022291672974824907,0.021374102634191514,0.89975,0.9158
3,np_fixed,Vanilla NP,235,0.025808831840753554,0.024980625849962235,0.8915,0.904
3,np_fixed,Vanilla NP,236,0.024135736107826232,0.02316923650801182,0.89875,0.9114
3,np_fixed,Vanilla NP,237,0.022165321961045266,0.02099951318204403,0.9035,0.9164
3,np_fixed,Vanilla NP,238,0.02227325677871704,0.02132354914844036,0.90275,0.9149
3,np_fixed,Vanilla NP,239,0.022703810766339302,0.021808627119660376,0.90225,0.9182
3,np_fixed,Vanilla NP,240,0.02303086493909359,0.022276345986127852,0.89775,0.909
3,np_fixed,Vanilla NP,241,0.023118338271975517,0.022384108081459998,0.90175,0.9105
3,np_fixed,Vanilla NP,242,0.024323652133345603,0.023677938488125803,0.903,0.9108
3,np_fixed,Vanilla NP,243,0.02235894228518009,0.021486995178461074,0.90125,0.9142
3,np_fixed,Vanilla NP,244,0.023066391468048095,0.022132644402980805,0.90425,0.9189
3,np_fixed,Vanilla NP,245,0.02355906628072262,0.022540715298056603,0.9025,0.9167
3,np_fixed,Vanilla NP,246,0.024452403008937834,0.02376366595029831,0.89875,0.9103
3,np_fixed,Vanilla NP,247,0.022683413565158843,0.02176518557369709,0.90325,0.9175
3,np_fixed,Vanilla NP,248,0.022480436712503434,0.02147254786789417,0.908,0.9187
3,np_fixed,Vanilla NP,249,0.021995157361030578,0.020998944154381752,0.9075,0.9174
3,np_fixed,Vanilla NP,250,0.022502918154001236,0.021637617853283882,0.90625,0.9165
3,np_fixed,Vanilla NP,251,0.021588562577962874,0.02054349559545517,0.9035,0.9196
3,np_fixed,Vanilla NP,252,0.02241676080226898,0.021374599561095237,0.90675,0.9186
3,np_fixed,Vanilla NP,253,0.02246471521258354,0.021498259842395784,0.90175,0.9199
3,np_fixed,Vanilla NP,254,0.021872359707951546,0.02086284882724285,0.9115,0.9219
3,np_fixed,Vanilla NP,255,0.022031639456748964,0.02100433396100998,0.9065,0.9194
3,np_fixed,Vanilla NP,256,0.022162183374166488,0.021171638920903207,0.90725,0.9193
3,np_fixed,Vanilla NP,257,0.02222655214369297,0.021220664077997206,0.903,0.9177
3,np_fixed,Vanilla NP,258,0.022603522568941117,0.021710543763637544,0.909,0.9198
3,np_fixed,Vanilla NP,259,0.024381437197327615,0.02345902641713619,0.90275,0.9115
3,np_fixed,Vanilla NP,260,0.021955626472830773,0.02101289130747318,0.906,0.9212
3,np_fixed,Vanilla NP,261,0.022834493979811667,0.02211961306333542,0.90625,0.9183
3,np_fixed,Vanilla NP,262,0.020727377474308015,0.019811002996563912,0.90425,0.9205
3,np_fixed,Vanilla NP,263,0.020668507382273674,0.019607042467594146,0.90925,0.9186
3,np_fixed,Vanilla NP,264,0.021921821549534797,0.021152330395579337,0.9065,0.9185
3,np_fixed,Vanilla NP,265,0.02181399394571781,0.020874214655160903,0.9055,0.9198
3,np_fixed,Vanilla NP,266,0.023135519683361052,0.022150219622254372,0.90125,0.9188
3,np_fixed,Vanilla NP,267,0.022988058134913444,0.02228514609634876,0.9025,0.9184
3,np_fixed,Vanilla NP,268,0.021684533655643462,0.020791295632719992,0.9025,0.9153
3,np_fixed,Vanilla NP,269,0.022494775503873826,0.02149906747639179,0.90675,0.9209
3,np_fixed,Vanilla NP,270,0.02160195828974247,0.020379514119029045,0.905,0.9204
3,np_fixed,Vanilla NP,271,0.02158750781416893,0.020468595683574675,0.9065,0.9188
3,np_fixed,Vanilla NP,272,0.021951196566224098,0.0209007833391428,0.90625,0.9189
3,np_fixed,Vanilla NP,273,0.02240837375819683,0.02134019917845726,0.906,0.9184
3,np_fixed,Vanilla NP,274,0.021849634781479835,0.02074304458796978,0.90675,0.9178
3,np_fixed,Vanilla NP,275,0.021512731567025184,0.020509117180109025,0.90175,0.9137
3,np_fixed,Vanilla NP,276,0.021708532005548477,0.020769008347392082,0.9045,0.9182
3,np_fixed,Vanilla NP,277,0.02134824860095978,0.02034159760773182,0.9095,0.9188
3,np_fixed,Vanilla NP,278,0.02286392252147198,0.021802736103534698,0.90875,0.9203
3,np_fixed,Vanilla NP,279,0.02224196307361126,0.021074470642209055,0.9035,0.918
3,np_fixed,Vanilla NP,280,0.023588701367378236,0.02264856630563736,0.90475,0.9171
3,np_fixed,Vanilla NP,281,0.021967817947268486,0.020776745864748956,0.90525,0.9224
3,np_fixed,Vanilla NP,282,0.021435647547245026,0.020186929750442506,0.909,0.9214
3,np_fixed,Vanilla NP,283,0.022418128669261933,0.021337946885824202,0.90475,0.9187
3,np_fixed,Vanilla NP,284,0.024054200559854508,0.022948635283112525,0.90675,0.9215
3,np_fixed,Vanilla NP,285,0.023151792213320734,0.02180130246281624,0.903,0.9173
3,np_fixed,Vanilla NP,286,0.021618234783411027,0.02061223539710045,0.913,0.9227
3,np_fixed,Vanilla NP,287,0.02367514742910862,0.022622833308577537,0.90225,0.9179
3,np_fixed,Vanilla NP,288,0.022796398892998695,0.0218982603341341,0.91175,0.9184
3,np_fixed,Vanilla NP,289,0.021992066890001296,0.02085707150697708,0.90675,0.9148
3,np_fixed,Vanilla NP,290,0.021662866562604903,0.020779957112669944,0.90925,0.9183
3,np_fixed,Vanilla NP,291,0.023043921858072282,0.02217871032357216,0.89825,0.9123
3,np_fixed,Vanilla NP,292,0.021593908324837683,0.02053441641628742,0.9105,0.9217
3,np_fixed,Vanilla NP,293,0.021447293058037758,0.020477234530448914,0.90225,0.9158
3,np_fixed,Vanilla NP,294,0.023101783588528633,0.02215283978283405,0.90975,0.9217
3,np_fixed,Vanilla NP,295,0.022601533815264703,0.021564619717001916,0.9015,0.9185
3,np_fixed,Vanilla NP,296,0.023353085711598397,0.02230279440879822,0.90075,0.9162
3,np_fixed,Vanilla NP,297,0.021376894459128378,0.020381155225634575,0.9045,0.9206
3,np_fixed,Vanilla NP,298,0.021996783062815665,0.020980462500452997,0.911,0.9227
3,np_fixed,Vanilla NP,299,0.020917081072926523,0.019939952179789545,0.9025,0.9157
3,np_fixed,Vanilla NP,300,0.02231824918091297,0.021397424152493478,0.91,0.9207
3,np_fixed,Vanilla NP,301,0.021953960970044137,0.020733133345842363,0.904,0.9215
3,np_fixed,Vanilla NP,302,0.022260700464248658,0.021240096509456633,0.90225,0.9194
3,np_fixed,Vanilla NP,303,0.02072286957502365,0.01951809855401516,0.9035,0.9204
3,np_fixed,Vanilla NP,304,0.02081020563840866,0.01972912248671055,0.909,0.9217
3,np_fixed,Vanilla NP,305,0.026504586800932883,0.025704767951369285,0.9035,0.9103
3,np_fixed,Vanilla NP,306,0.023520881742239,0.022158625641465188,0.89425,0.9159
3,np_fixed,Vanilla NP,307,0.0209195998609066,0.01971434814631939,0.90925,0.9229
3,np_fixed,Vanilla NP,308,0.021438162490725516,0.020354848968982698,0.90925,0.9237
3,np_fixed,Vanilla NP,309,0.02115737771987915,0.02002512505054474,0.91,0.9249
3,np_fixed,Vanilla NP,310,0.019841166108846665,0.018686121931672097,0.9105,0.9262
3,np_fixed,Vanilla NP,311,0.021168260335922243,0.020101897072792054,0.90625,0.9227
3,np_fixed,Vanilla NP,312,0.02033047404885292,0.019240753665566445,0.90925,0.9226
3,np_fixed,Vanilla NP,313,0.021937062710523605,0.02104528208076954,0.9085,0.9227
3,np_fixed,Vanilla NP,314,0.020551676407456396,0.019497549390792845,0.90925,0.9261
3,np_fixed,Vanilla NP,315,0.022584352970123293,0.021847960403561593,0.90675,0.9198
3,np_fixed,Vanilla NP,316,0.021489454343914985,0.020608279958367347,0.9105,0.9199
3,np_fixed,Vanilla NP,317,0.019600505337119104,0.01847507020831108,0.912,0.9244
3,np_fixed,Vanilla NP,318,0.020238875180482865,0.0191049628585577,0.91025,0.9217
3,np_fixed,Vanilla NP,319,0.02106204853951931,0.019897356414794922,0.90725,0.9223
3,np_fixed,Vanilla NP,320,0.019046624049544335,0.017999660390615464,0.912,0.9241
3,np_fixed,Vanilla NP,321,0.020587598621845244,0.019358535075187682,0.91,0.9267
3,np_fixed,Vanilla NP,322,0.02049216131865978,0.019327140200138093,0.91175,0.9246
3,np_fixed,Vanilla NP,323,0.019455665439367293,0.018305922016501427,0.91125,0.9251
3,np_fixed,Vanilla NP,324,0.02162137983739376,0.020618261051177977,0.9035,0.9191
3,np_fixed,Vanilla NP,325,0.02101930446922779,0.0200584635168314,0.91,0.923
3,np_fixed,Vanilla NP,326,0.01938881303369999,0.018366163584589958,0.913,0.9224
3,np_fixed,Vanilla NP,327,0.01981914681196213,0.018912081730365755,0.9115,0.9242
3,np_fixed,Vanilla NP,328,0.01939600248634815,0.018348650243878363,0.90975,0.9251
3,np_fixed,Vanilla NP,329,0.020577958568930625,0.019637003058195115,0.91075,0.9235
3,np_fixed,Vanilla NP,330,0.019522628039121626,0.018578359520435333,0.9115,0.9241
3,np_fixed,Vanilla NP,331,0.019831550866365434,0.019176378455758095,0.91275,0.9213
3,np_fixed,Vanilla NP,332,0.01974281880259514,0.018809622937440873,0.91225,0.9241
3,np_fixed,Vanilla NP,333,0.020714250728487968,0.019889505210518837,0.91075,0.9187
3,np_fixed,Vanilla NP,334,0.019486349180340767,0.018540385273098946,0.91275,0.9251
3,np_fixed,Vanilla NP,335,0.019219030395150185,0.01822675606608391,0.913,0.9253
3,np_fixed,Vanilla NP,336,0.021008408978581427,0.020161348620057105,0.9115,0.9231
3,np_fixed,Vanilla NP,337,0.019848258763551712,0.01897998850941658,0.91275,0.9254
3,np_fixed,Vanilla NP,338,0.02268052405118942,0.021619048264622687,0.9015,0.9221
3,np_fixed,Vanilla NP,339,0.02092266207933426,0.019807609307765962,0.91,0.9232
3,np_fixed,Vanilla NP,340,0.019623616605997086,0.018623750039935112,0.9115,0.9248
3,np_fixed,Vanilla NP,341,0.019781287133693697,0.0186795866638422,0.91225,0.9238
3,np_fixed,Vanilla NP,342,0.02070031240582466,0.019604047921299935,0.914,0.9259
3,np_fixed,Vanilla NP,343,0.020717924922704696,0.01963215886056423,0.91625,0.9249
3,np_fixed,Vanilla NP,344,0.02022256702184677,0.019188508155941964,0.9135,0.9252
3,np_fixed,Vanilla NP,345,0.018998936206102372,0.01795156013071537,0.91575,0.9236
3,np_fixed,Vanilla NP,346,0.01942845530807972,0.018413828319311144,0.91125,0.9234
3,np_fixed,Vanilla NP,347,0.02025760281085968,0.01922914659678936,0.9105,0.9255
3,np_fixed,Vanilla NP,348,0.019000305876135826,0.0177880326628685,0.9115,0.9263
3,np_fixed,Vanilla NP,349,0.01919479012489319,0.018044466802477836,0.91,0.924
3,np_fixed,Vanilla NP,350,0.021446559086441993,0.020437730911374092,0.91375,0.9244
3,np_fixed,Vanilla NP,351,0.019426643684506417,0.01863243456482887,0.91075,0.9252
3,np_fixed,Vanilla NP,352,0.01839193445444107,0.01731318834722042,0.91225,0.9262
3,np_fixed,Vanilla NP,353,0.018719798266887664,0.01764501047730446,0.914,0.924
3,np_fixed,Vanilla NP,354,0.018742253825068472,0.017728339990973473,0.911,0.9249
3,np_fixed,Vanilla NP,355,0.018487217232584955,0.017667831709980965,0.9145,0.9256
3,np_fixed,Vanilla NP,356,0.019202823758125306,0.018192597231268884,0.91175,0.9259
3,np_fixed,Vanilla NP,357,0.019444576233625412,0.018480198645591736,0.91325,0.9265
3,np_fixed,Vanilla NP,358,0.02079268844425678,0.02005313379764557,0.91575,0.9244
3,np_fixed,Vanilla NP,359,0.019910678029060363,0.018956578734517098,0.91525,0.9264
3,np_fixed,Vanilla NP,360,0.018928257435560227,0.017893417662382127,0.9155,0.9266
3,np_fixed,Vanilla NP,361,0.019917882055044175,0.01909153763949871,0.91625,0.9244
3,np_fixed,Vanilla NP,362,0.01921698023378849,0.01814451828300953,0.91475,0.9268
3,np_fixed,Vanilla NP,363,0.019627457201480864,0.018751107901334763,0.915,0.9272
3,np_fixed,Vanilla NP,364,0.019866351202130317,0.018950776156783103,0.91425,0.9259
3,np_fixed,Vanilla NP,365,0.018761924296617508,0.017744856929779052,0.915,0.9277
3,np_fixed,Vanilla NP,366,0.01870280373096466,0.017701766782999038,0.91675,0.9274
3,np_fixed,Vanilla NP,367,0.01892957764863968,0.017789702051877975,0.91275,0.9274
3,np_fixed,Vanilla NP,368,0.01869270843267441,0.017654714933037757,0.916,0.9271
3,np_fixed,Vanilla NP,369,0.02042201602458954,0.019512683585286142,0.91375,0.9251
3,np_fixed,Vanilla NP,370,0.018891908764839174,0.017954083847999572,0.9165,0.9265
3,np_fixed,Vanilla NP,371,0.018884580314159394,0.017952190375328064,0.91725,0.9282
3,np_fixed,Vanilla NP,372,0.01975384731590748,0.018705249294638633,0.91275,0.9284
3,np_fixed,Vanilla NP,373,0.018403069004416465,0.01717310462296009,0.91375,0.9288
3,np_fixed,Vanilla NP,374,0.019140395998954774,0.01817493280470371,0.9195,0.9305
3,np_fixed,Vanilla NP,375,0.018875210851430894,0.017870791167020797,0.915,0.9294
3,np_fixed,Vanilla NP,376,0.018897639006376265,0.017894163835048677,0.9125,0.9207
3,np_fixed,Vanilla NP,377,0.01937279590964317,0.0183971981048584,0.916,0.9247
3,np_fixed,Vanilla NP,378,0.018370316401124,0.017478383260965347,0.9205,0.9298
3,np_fixed,Vanilla NP,379,0.017734225794672966,0.016756657934188842,0.91825,0.929
3,np_fixed,Vanilla NP,380,0.01820226375758648,0.017289567109942436,0.918,0.9283
3,np_fixed,Vanilla NP,381,0.018072908997535705,0.017163366621732713,0.91925,0.9301
3,np_fixed,Vanilla NP,382,0.017970067739486693,0.017120576566457747,0.9185,0.9282
3,np_fixed,Vanilla NP,383,0.018606247872114182,0.01765792634189129,0.9195,0.9285
3,np_fixed,Vanilla NP,384,0.018476752892136575,0.01769530689716339,0.91575,0.9277
3,np_fixed,Vanilla NP,385,0.018081935748457907,0.01722026838064194,0.91775,0.93
3,np_fixed,Vanilla NP,386,0.017463228777050973,0.016568578749895094,0.9215,0.9301
3,np_fixed,Vanilla NP,387,0.018494933292269707,0.017681106427311896,0.917,0.9288
3,np_fixed,Vanilla NP,388,0.018493108034133912,0.0175113681524992,0.917,0.9281
3,np_fixed,Vanilla NP,389,0.019040605410933494,0.01819564447402954,0.92025,0.931
3,np_fixed,Vanilla NP,390,0.018306836396455764,0.01739184383749962,0.91875,0.9318
3,np_fixed,Vanilla NP,391,0.018031713604927065,0.01723330143690109,0.92125,0.9307
3,np_fixed,Vanilla NP,392,0.018533225923776625,0.017661349347233773,0.917,0.9295
3,np_fixed,Vanilla NP,393,0.01815599663555622,0.017222510734200478,0.9215,0.9307
3,np_fixed,Vanilla NP,394,0.01800989419221878,0.01714245180785656,0.921,0.9307
3,np_fixed,Vanilla NP,395,0.01877400988340378,0.01795482858419418,0.91975,0.9288
3,np_fixed,Vanilla NP,396,0.02071145610511303,0.02015639209151268,0.91875,0.9263
3,np_fixed,Vanilla NP,397,0.017878661260008814,0.017045473062992096,0.9175,0.9283
3,np_fixed,Vanilla NP,398,0.017880567997694014,0.017154190453886987,0.9215,0.9316
3,np_fixed,Vanilla NP,399,0.01837229731678963,0.017462507218122484,0.92125,0.9305
3,np_fixed,Vanilla NP,400,0.017565190598368644,0.01679383973777294,0.91925,0.9307
3,np_fan_in,Fan-in NP,1,0.08819484639167785,0.08812548968791961,0.2125,0.2123
3,np_fan_in,Fan-in NP,2,0.08432027262449264,0.08418489253520965,0.41275,0.4177
3,np_fan_in,Fan-in NP,3,0.0803921348452568,0.08021868193149567,0.53825,0.5358
3,np_fan_in,Fan-in NP,4,0.07551805156469345,0.0753009933590889,0.59375,0.5946
3,np_fan_in,Fan-in NP,5,0.07061551254987716,0.0702459859251976,0.62525,0.6264
3,np_fan_in,Fan-in NP,6,0.06563497769832612,0.06517168391942978,0.66925,0.6853
3,np_fan_in,Fan-in NP,7,0.061638152599334715,0.06117349147796631,0.687,0.7047
3,np_fan_in,Fan-in NP,8,0.05854692992568016,0.0580560084939003,0.712,0.7282
3,np_fan_in,Fan-in NP,9,0.056826587557792664,0.05637125185132027,0.72025,0.7335
3,np_fan_in,Fan-in NP,10,0.054205976665019986,0.05366220270395279,0.7285,0.7423
3,np_fan_in,Fan-in NP,11,0.05288863742351532,0.05240492329001427,0.73625,0.7564
3,np_fan_in,Fan-in NP,12,0.050654011577367784,0.050225048106908796,0.757,0.7716
3,np_fan_in,Fan-in NP,13,0.04948856303095817,0.04886688752770424,0.74125,0.7565
3,np_fan_in,Fan-in NP,14,0.04876821005344391,0.04816141714453697,0.7655,0.7787
3,np_fan_in,Fan-in NP,15,0.0471326944231987,0.04661959718465805,0.7395,0.7542
3,np_fan_in,Fan-in NP,16,0.046244603276252745,0.04555591089725494,0.7585,0.7788
3,np_fan_in,Fan-in NP,17,0.04543150100111961,0.04476474266052246,0.7735,0.7907
3,np_fan_in,Fan-in NP,18,0.04404415836930275,0.043494556295871734,0.7965,0.8091
3,np_fan_in,Fan-in NP,19,0.043805697083473205,0.04309270702600479,0.812,0.8302
3,np_fan_in,Fan-in NP,20,0.04305502444505691,0.0423227418422699,0.7755,0.791
3,np_fan_in,Fan-in NP,21,0.04243651023507118,0.041845715993642806,0.797,0.8127
3,np_fan_in,Fan-in NP,22,0.04189028340578079,0.04122898723483086,0.81675,0.8348
3,np_fan_in,Fan-in NP,23,0.04161112087965012,0.04100933036208153,0.80325,0.8228
3,np_fan_in,Fan-in NP,24,0.04079525530338288,0.04002134687304497,0.809,0.8284
3,np_fan_in,Fan-in NP,25,0.04035170319676399,0.039437232500314716,0.8265,0.8418
3,np_fan_in,Fan-in NP,26,0.038702044039964675,0.03769547628760338,0.82825,0.8472
3,np_fan_in,Fan-in NP,27,0.03840031158924103,0.0376045774102211,0.83475,0.8518
3,np_fan_in,Fan-in NP,28,0.037874969124794,0.03672907938957214,0.83525,0.8516
3,np_fan_in,Fan-in NP,29,0.03695187109708786,0.03581658663153648,0.843,0.8566
3,np_fan_in,Fan-in NP,30,0.036630126923322674,0.035457142859697345,0.82625,0.8484
3,np_fan_in,Fan-in NP,31,0.036454052984714505,0.03518178668618202,0.8465,0.8661
3,np_fan_in,Fan-in NP,32,0.03594939994812012,0.03484145710468292,0.8455,0.8583
3,np_fan_in,Fan-in NP,33,0.0354604104757309,0.034499205267429355,0.844,0.861
3,np_fan_in,Fan-in NP,34,0.03500560134649277,0.033784853154420855,0.8505,0.8705
3,np_fan_in,Fan-in NP,35,0.03480949649214744,0.03353749740123749,0.85375,0.877
3,np_fan_in,Fan-in NP,36,0.033345368534326555,0.03206232346892357,0.85875,0.8781
3,np_fan_in,Fan-in NP,37,0.033952926963567734,0.03308231169581413,0.85925,0.8727
3,np_fan_in,Fan-in NP,38,0.033809554576873777,0.03248455123901367,0.85975,0.8791
3,np_fan_in,Fan-in NP,39,0.033122055590152744,0.03200163885354996,0.858,0.8801
3,np_fan_in,Fan-in NP,40,0.03257341656088829,0.03151315827667713,0.86125,0.88
3,np_fan_in,Fan-in NP,41,0.033388326227664945,0.03237410447001457,0.85925,0.8781
3,np_fan_in,Fan-in NP,42,0.031719528049230575,0.03052359797358513,0.86,0.8796
3,np_fan_in,Fan-in NP,43,0.03222910365462303,0.031160355889797212,0.855,0.8726
3,np_fan_in,Fan-in NP,44,0.031002547949552536,0.029976950085163115,0.8695,0.8867
3,np_fan_in,Fan-in NP,45,0.031739237040281296,0.030592637291550637,0.872,0.8883
3,np_fan_in,Fan-in NP,46,0.03134888264536857,0.0303852789580822,0.8725,0.8878
3,np_fan_in,Fan-in NP,47,0.03033132629096508,0.029341880869865417,0.866,0.8853
3,np_fan_in,Fan-in NP,48,0.030614171549677847,0.02965360449850559,0.86875,0.8855
3,np_fan_in,Fan-in NP,49,0.03073044940829277,0.029632075867056847,0.86525,0.882
3,np_fan_in,Fan-in NP,50,0.030241125985980034,0.02894371046423912,0.86725,0.8848
3,np_fan_in,Fan-in NP,51,0.029477226972579956,0.028439566683769225,0.8745,0.8887
3,np_fan_in,Fan-in NP,52,0.02946361918747425,0.02837166750729084,0.874,0.8905
3,np_fan_in,Fan-in NP,53,0.029710976123809813,0.028514730429649353,0.879,0.8916
3,np_fan_in,Fan-in NP,54,0.027777941301465034,0.026718758645653724,0.87675,0.8925
3,np_fan_in,Fan-in NP,55,0.02872484251856804,0.02757940857112408,0.8685,0.8888
3,np_fan_in,Fan-in NP,56,0.03000057606399059,0.028955545762181283,0.88,0.8952
3,np_fan_in,Fan-in NP,57,0.027211482658982277,0.026298836866021157,0.87675,0.8918
3,np_fan_in,Fan-in NP,58,0.027335365608334543,0.026305377781391144,0.88175,0.8971
3,np_fan_in,Fan-in NP,59,0.028668259382247926,0.027713957291841507,0.874,0.8918
3,np_fan_in,Fan-in NP,60,0.028107815936207772,0.02709823442399502,0.87975,0.8937
3,np_fan_in,Fan-in NP,61,0.02748667608201504,0.026341765412688255,0.87775,0.8921
3,np_fan_in,Fan-in NP,62,0.027626522526144982,0.02661269356906414,0.879,0.895
3,np_fan_in,Fan-in NP,63,0.02818221053481102,0.02725489018857479,0.8765,0.8931
3,np_fan_in,Fan-in NP,64,0.026586664110422133,0.025367417827248575,0.88125,0.8983
3,np_fan_in,Fan-in NP,65,0.028363056376576424,0.027277092784643173,0.88275,0.8991
3,np_fan_in,Fan-in NP,66,0.02630250711739063,0.025143976810574533,0.8805,0.9004
3,np_fan_in,Fan-in NP,67,0.027961902022361755,0.026939675703644753,0.8825,0.8999
3,np_fan_in,Fan-in NP,68,0.026173359528183938,0.025128873589634896,0.88325,0.8974
3,np_fan_in,Fan-in NP,69,0.026109973430633544,0.025064984405040742,0.88,0.8956
3,np_fan_in,Fan-in NP,70,0.0262111786454916,0.025042188212275506,0.88075,0.8977
3,np_fan_in,Fan-in NP,71,0.024372946709394456,0.02316659763455391,0.8885,0.9026
3,np_fan_in,Fan-in NP,72,0.024607893571257592,0.023425661158561706,0.88375,0.8969
3,np_fan_in,Fan-in NP,73,0.02502669048309326,0.023987408369779587,0.889,0.903
3,np_fan_in,Fan-in NP,74,0.025083376199007034,0.02415663852393627,0.888,0.9003
3,np_fan_in,Fan-in NP,75,0.02522263430058956,0.024159030318260194,0.884,0.898
3,np_fan_in,Fan-in NP,76,0.024316474512219428,0.02323572255074978,0.893,0.9042
3,np_fan_in,Fan-in NP,77,0.024780079141259192,0.023675999799370767,0.88925,0.9047
3,np_fan_in,Fan-in NP,78,0.02399641652405262,0.02286758345067501,0.89375,0.9026
3,np_fan_in,Fan-in NP,79,0.02439924831688404,0.023128691893815993,0.89075,0.9038
3,np_fan_in,Fan-in NP,80,0.02476654125750065,0.023812440329790116,0.8905,0.9008
3,np_fan_in,Fan-in NP,81,0.02416897912323475,0.022960002782940865,0.892,0.9023
3,np_fan_in,Fan-in NP,82,0.02352788098156452,0.02227291876375675,0.893,0.9046
3,np_fan_in,Fan-in NP,83,0.023362682998180388,0.02222301872074604,0.89075,0.9027
3,np_fan_in,Fan-in NP,84,0.024576728343963624,0.02356728714108467,0.89225,0.9061
3,np_fan_in,Fan-in NP,85,0.02383597043156624,0.02277933550477028,0.8945,0.9043
3,np_fan_in,Fan-in NP,86,0.024372461587190627,0.02338095913231373,0.891,0.9037
3,np_fan_in,Fan-in NP,87,0.023498871147632598,0.02227392954826355,0.8945,0.909
3,np_fan_in,Fan-in NP,88,0.025126580238342286,0.023917693600058555,0.89125,0.9061
3,np_fan_in,Fan-in NP,89,0.02343951788544655,0.02235235945880413,0.893,0.909
3,np_fan_in,Fan-in NP,90,0.0228239686191082,0.021802145516872404,0.8945,0.9078
3,np_fan_in,Fan-in NP,91,0.02336308453977108,0.022218534010648727,0.89275,0.9052
3,np_fan_in,Fan-in NP,92,0.02357308366894722,0.02232701109945774,0.8925,0.9082
3,np_fan_in,Fan-in NP,93,0.023555544510483743,0.022469220459461214,0.89175,0.9054
3,np_fan_in,Fan-in NP,94,0.023431790828704835,0.022368433088064195,0.894,0.9031
3,np_fan_in,Fan-in NP,95,0.023819882407784463,0.022640724048018455,0.893,0.9065
3,np_fan_in,Fan-in NP,96,0.023231629908084868,0.0220887948513031,0.891,0.908
3,np_fan_in,Fan-in NP,97,0.023189009100198745,0.022028515139222146,0.896,0.9082
3,np_fan_in,Fan-in NP,98,0.023400029078125953,0.022177607336640356,0.8915,0.9062
3,np_fan_in,Fan-in NP,99,0.022863819286227226,0.021699694240093232,0.898,0.911
3,np_fan_in,Fan-in NP,100,0.022920639127492905,0.02165459390282631,0.89525,0.9101
3,np_fan_in,Fan-in NP,101,0.023337183296680452,0.022089416232705116,0.89675,0.9121
3,np_fan_in,Fan-in NP,102,0.02244374021887779,0.02113520193994045,0.90125,0.9127
3,np_fan_in,Fan-in NP,103,0.021777735039591788,0.020445445230603217,0.896,0.9142
3,np_fan_in,Fan-in NP,104,0.021955779924988747,0.020512207028269766,0.8975,0.9091
3,np_fan_in,Fan-in NP,105,0.022362042710185052,0.020977667382359504,0.90075,0.9108
3,np_fan_in,Fan-in NP,106,0.022551519080996514,0.021331032502651216,0.8965,0.9096
3,np_fan_in,Fan-in NP,107,0.021541673466563226,0.020154547104239463,0.9,0.913
3,np_fan_in,Fan-in NP,108,0.02093837620317936,0.01969935084581375,0.898,0.9117
3,np_fan_in,Fan-in NP,109,0.02155659566819668,0.020220159819722177,0.90375,0.9134
3,np_fan_in,Fan-in NP,110,0.022003242120146753,0.020837407854199408,0.9005,0.9137
3,np_fan_in,Fan-in NP,111,0.022158856391906737,0.02096202803850174,0.899,0.9114
3,np_fan_in,Fan-in NP,112,0.02167587223649025,0.02047788550555706,0.89925,0.9129
3,np_fan_in,Fan-in NP,113,0.02079688061773777,0.019647878929972648,0.90325,0.9153
3,np_fan_in,Fan-in NP,114,0.021011561706662178,0.019765878945589066,0.903,0.9154
3,np_fan_in,Fan-in NP,115,0.021143179029226303,0.01998779963552952,0.898,0.9109
3,np_fan_in,Fan-in NP,116,0.02109533154964447,0.020078291702270507,0.9035,0.9128
3,np_fan_in,Fan-in NP,117,0.021386918544769287,0.02025326629281044,0.89875,0.9113
3,np_fan_in,Fan-in NP,118,0.022219001829624177,0.02111799544095993,0.90225,0.9155
3,np_fan_in,Fan-in NP,119,0.020649563685059547,0.019372647175192832,0.90475,0.9169
3,np_fan_in,Fan-in NP,120,0.022820256024599077,0.021673363357782364,0.8985,0.9122
3,np_fan_in,Fan-in NP,121,0.02054022966325283,0.019395214650034905,0.9045,0.9162
3,np_fan_in,Fan-in NP,122,0.020256839662790297,0.019072541719675064,0.90675,0.9164
3,np_fan_in,Fan-in NP,123,0.022386384159326554,0.021218799629807474,0.904,0.9154
3,np_fan_in,Fan-in NP,124,0.020739091962575913,0.01946907515823841,0.90375,0.9164
3,np_fan_in,Fan-in NP,125,0.02232333733141422,0.020986266380548478,0.9015,0.9147
3,np_fan_in,Fan-in NP,126,0.022470512554049492,0.021217126938700676,0.90025,0.9124
3,np_fan_in,Fan-in NP,127,0.02263798101246357,0.02169637311398983,0.90425,0.9141
3,np_fan_in,Fan-in NP,128,0.02111161483824253,0.02006987159848213,0.906,0.9187
3,np_fan_in,Fan-in NP,129,0.019464045763015747,0.018345311653614044,0.90725,0.919
3,np_fan_in,Fan-in NP,130,0.0208643978536129,0.01986608801782131,0.91025,0.9189
3,np_fan_in,Fan-in NP,131,0.021088015809655188,0.02001229849755764,0.90975,0.9217
3,np_fan_in,Fan-in NP,132,0.020276420816779137,0.019099514761567116,0.9085,0.9164
3,np_fan_in,Fan-in NP,133,0.020109526336193086,0.0189988908469677,0.9105,0.9198
3,np_fan_in,Fan-in NP,134,0.02031583847105503,0.019176996982097627,0.91125,0.9166
3,np_fan_in,Fan-in NP,135,0.020675842389464377,0.019699691712856293,0.9095,0.9185
3,np_fan_in,Fan-in NP,136,0.020453185513615607,0.019588921159505845,0.9085,0.9164
3,np_fan_in,Fan-in NP,137,0.020061378002166747,0.019102061527967455,0.907,0.9167
3,np_fan_in,Fan-in NP,138,0.019424570530653,0.01852126971781254,0.91025,0.9176
3,np_fan_in,Fan-in NP,139,0.020458175957202913,0.019623770636320113,0.913,0.9191
3,np_fan_in,Fan-in NP,140,0.02108230124413967,0.02001115099787712,0.9095,0.9182
3,np_fan_in,Fan-in NP,141,0.019786492004990577,0.018912772619724273,0.913,0.9201
3,np_fan_in,Fan-in NP,142,0.02143526177108288,0.020259939014911653,0.90725,0.9167
3,np_fan_in,Fan-in NP,143,0.021462038069963454,0.020478000685572623,0.912,0.9212
3,np_fan_in,Fan-in NP,144,0.01964327734708786,0.01840619177520275,0.90775,0.9195
3,np_fan_in,Fan-in NP,145,0.019004953637719153,0.017742645129561425,0.9095,0.922
3,np_fan_in,Fan-in NP,146,0.01962372489273548,0.018443222972750663,0.911,0.9209
3,np_fan_in,Fan-in NP,147,0.01962346664071083,0.01844103727340698,0.912,0.9211
3,np_fan_in,Fan-in NP,148,0.019514400109648705,0.018423588728904722,0.91125,0.9214
3,np_fan_in,Fan-in NP,149,0.01905737663805485,0.017894873064756393,0.909,0.9208
3,np_fan_in,Fan-in NP,150,0.019182560727000236,0.018011194264888765,0.907,0.918
3,np_fan_in,Fan-in NP,151,0.019263971865177153,0.018135067346692086,0.9095,0.9209
3,np_fan_in,Fan-in NP,152,0.019563226133584976,0.01863995900452137,0.91175,0.9212
3,np_fan_in,Fan-in NP,153,0.020147527977824212,0.019149898061156273,0.9135,0.926
3,np_fan_in,Fan-in NP,154,0.0204740139991045,0.019817894995212554,0.90975,0.9206
3,np_fan_in,Fan-in NP,155,0.018919226691126823,0.01793691768348217,0.9145,0.9233
3,np_fan_in,Fan-in NP,156,0.019339213997125626,0.018408103847503663,0.91075,0.9211
3,np_fan_in,Fan-in NP,157,0.019096093520522116,0.018189601600170135,0.913,0.9232
3,np_fan_in,Fan-in NP,158,0.018749543160200118,0.017890075701475144,0.91125,0.9213
3,np_fan_in,Fan-in NP,159,0.019720725804567338,0.01876975585222244,0.91175,0.9211
3,np_fan_in,Fan-in NP,160,0.01891514578461647,0.0179551972001791,0.91225,0.9235
3,np_fan_in,Fan-in NP,161,0.02007342131435871,0.019033603286743164,0.90725,0.922
3,np_fan_in,Fan-in NP,162,0.018897475123405456,0.01791614707112312,0.911,0.9215
3,np_fan_in,Fan-in NP,163,0.019387701213359834,0.018482748392224312,0.91125,0.9226
3,np_fan_in,Fan-in NP,164,0.01870844520628452,0.01782875719666481,0.9135,0.9221
3,np_fan_in,Fan-in NP,165,0.01925051060318947,0.018185600200295447,0.91025,0.9247
3,np_fan_in,Fan-in NP,166,0.01904287298023701,0.01802871663570404,0.91125,0.924
3,np_fan_in,Fan-in NP,167,0.019241821825504303,0.018187238174676896,0.9145,0.9258
3,np_fan_in,Fan-in NP,168,0.019975930020213126,0.01904018279016018,0.912,0.9251
3,np_fan_in,Fan-in NP,169,0.01859446482360363,0.017608133310079575,0.916,0.9268
3,np_fan_in,Fan-in NP,170,0.018772589847445488,0.017797383499145506,0.913,0.9257
3,np_fan_in,Fan-in NP,171,0.01885002064704895,0.01777586974799633,0.91625,0.9255
3,np_fan_in,Fan-in NP,172,0.019628834784030914,0.018728317111730574,0.914,0.9262
3,np_fan_in,Fan-in NP,173,0.018204178392887117,0.01716026715040207,0.91375,0.9263
3,np_fan_in,Fan-in NP,174,0.018525504723191262,0.017462659600377083,0.91175,0.926
3,np_fan_in,Fan-in NP,175,0.019072816655039786,0.018117113137245178,0.91575,0.9294
3,np_fan_in,Fan-in NP,176,0.017828402042388915,0.016812404802441595,0.9145,0.9284
3,np_fan_in,Fan-in NP,177,0.018118568629026412,0.01699171568453312,0.91725,0.9261
3,np_fan_in,Fan-in NP,178,0.019000078573822975,0.01792260325551033,0.91525,0.9265
3,np_fan_in,Fan-in NP,179,0.01791671422123909,0.016933863312005998,0.9195,0.9272
3,np_fan_in,Fan-in NP,180,0.017979170396924017,0.01688859412074089,0.918,0.9278
3,np_fan_in,Fan-in NP,181,0.018013893157243728,0.01691032024025917,0.91475,0.9284
3,np_fan_in,Fan-in NP,182,0.018124244689941407,0.017001294684410095,0.91325,0.929
3,np_fan_in,Fan-in NP,183,0.01748957924544811,0.01639664072394371,0.9185,0.9291
3,np_fan_in,Fan-in NP,184,0.018365498036146163,0.0173235543936491,0.917,0.9309
3,np_fan_in,Fan-in NP,185,0.01763986164331436,0.016640386721491814,0.9185,0.9295
3,np_fan_in,Fan-in NP,186,0.018249277487397193,0.017264965376257897,0.9145,0.9304
3,np_fan_in,Fan-in NP,187,0.018647104158997535,0.017441815665364267,0.91325,0.9275
3,np_fan_in,Fan-in NP,188,0.017573758229613302,0.01637410849928856,0.915,0.9286
3,np_fan_in,Fan-in NP,189,0.017929785236716272,0.016787041291594505,0.918,0.929
3,np_fan_in,Fan-in NP,190,0.017596021771430968,0.01655177879333496,0.92,0.9325
3,np_fan_in,Fan-in NP,191,0.018328793704509735,0.017403108316659928,0.91925,0.9292
3,np_fan_in,Fan-in NP,192,0.01765623714029789,0.01655239904820919,0.9185,0.9332
3,np_fan_in,Fan-in NP,193,0.017329267904162407,0.016327921411395073,0.91675,0.9315
3,np_fan_in,Fan-in NP,194,0.0173651435226202,0.016230988413095473,0.91575,0.9312
3,np_fan_in,Fan-in NP,195,0.01809115669131279,0.017126044842600822,0.91825,0.9296
3,np_fan_in,Fan-in NP,196,0.016967895671725273,0.016132469803094865,0.92075,0.9304
3,np_fan_in,Fan-in NP,197,0.01696030831336975,0.01598141634762287,0.91825,0.9315
3,np_fan_in,Fan-in NP,198,0.01727494393289089,0.016345427212119103,0.918,0.9289
3,np_fan_in,Fan-in NP,199,0.0170944659113884,0.015995116090774537,0.91675,0.9309
3,np_fan_in,Fan-in NP,200,0.017022741481661798,0.01605903263390064,0.91925,0.9324
3,np_fan_in,Fan-in NP,201,0.016770638525485992,0.01581559892296791,0.9165,0.9304
3,np_fan_in,Fan-in NP,202,0.0170607141405344,0.016251323628425598,0.92075,0.9312
3,np_fan_in,Fan-in NP,203,0.01731494662165642,0.016268834739923476,0.9165,0.9318
3,np_fan_in,Fan-in NP,204,0.018135169848799707,0.017218607300519943,0.91875,0.9311
3,np_fan_in,Fan-in NP,205,0.016864114344120027,0.015919387367367744,0.91975,0.933
3,np_fan_in,Fan-in NP,206,0.01663446556031704,0.015512495452165603,0.91875,0.9325
3,np_fan_in,Fan-in NP,207,0.017568082317709923,0.01663301506638527,0.9205,0.9308
3,np_fan_in,Fan-in NP,208,0.017831208750605582,0.01692359207868576,0.9185,0.9308
3,np_fan_in,Fan-in NP,209,0.016648394286632538,0.015557805049419404,0.91975,0.933
3,np_fan_in,Fan-in NP,210,0.01664361523091793,0.015697070214152335,0.9215,0.9331
3,np_fan_in,Fan-in NP,211,0.016955619424581528,0.01602437157034874,0.92025,0.9313
3,np_fan_in,Fan-in NP,212,0.01650571857392788,0.01568698454797268,0.923,0.9343
3,np_fan_in,Fan-in NP,213,0.01679415775835514,0.015745912170410156,0.9185,0.9326
3,np_fan_in,Fan-in NP,214,0.016723132342100145,0.015738186088204383,0.9205,0.9325
3,np_fan_in,Fan-in NP,215,0.016251865729689598,0.015265261873602868,0.9205,0.9324
3,np_fan_in,Fan-in NP,216,0.016797636702656746,0.015969909262657164,0.92375,0.9359
3,np_fan_in,Fan-in NP,217,0.016513150557875632,0.015620210239291192,0.922,0.9356
3,np_fan_in,Fan-in NP,218,0.01647805315256119,0.015493264070153237,0.92025,0.9351
3,np_fan_in,Fan-in NP,219,0.017673854887485504,0.016708386769890785,0.9205,0.9332
3,np_fan_in,Fan-in NP,220,0.016754534900188446,0.015737883579730987,0.92175,0.9351
3,np_fan_in,Fan-in NP,221,0.016077776804566384,0.01515611508488655,0.9245,0.9372
3,np_fan_in,Fan-in NP,222,0.01625998216867447,0.015285969498753547,0.9225,0.9357
3,np_fan_in,Fan-in NP,223,0.01681087177991867,0.01585872858464718,0.9215,0.9345
3,np_fan_in,Fan-in NP,224,0.016038038283586502,0.015185165205597878,0.92275,0.9351
3,np_fan_in,Fan-in NP,225,0.015969083845615385,0.015099323131144047,0.92175,0.9345
3,np_fan_in,Fan-in NP,226,0.01744135436415672,0.016632895651459693,0.92,0.9338
3,np_fan_in,Fan-in NP,227,0.016639228194952012,0.015733134824037553,0.9195,0.9326
3,np_fan_in,Fan-in NP,228,0.016395844012498856,0.01552161665558815,0.9225,0.9362
3,np_fan_in,Fan-in NP,229,0.01722279077768326,0.016384042918682097,0.92225,0.9346
3,np_fan_in,Fan-in NP,230,0.016490947648882866,0.01569093743264675,0.92425,0.9358
3,np_fan_in,Fan-in NP,231,0.015883264914155006,0.015039357237517833,0.92275,0.9336
3,np_fan_in,Fan-in NP,232,0.016817313134670258,0.016011615893244742,0.923,0.9349
3,np_fan_in,Fan-in NP,233,0.016579491406679154,0.015813846796751022,0.924,0.937
3,np_fan_in,Fan-in NP,234,0.01622228918969631,0.015398398983478546,0.92325,0.9353
3,np_fan_in,Fan-in NP,235,0.01725838616490364,0.016340669217705727,0.91825,0.9297
3,np_fan_in,Fan-in NP,236,0.017063321858644485,0.016140336591005326,0.91975,0.9323
3,np_fan_in,Fan-in NP,237,0.016037946164608,0.015000661675632,0.9215,0.9351
3,np_fan_in,Fan-in NP,238,0.01569683611392975,0.01477504909336567,0.9215,0.9357
3,np_fan_in,Fan-in NP,239,0.01594091434776783,0.015041320137679576,0.92125,0.9347
3,np_fan_in,Fan-in NP,240,0.01577606374025345,0.014895774656534196,0.919,0.9323
3,np_fan_in,Fan-in NP,241,0.01608497601747513,0.015289788138866424,0.92125,0.9342
3,np_fan_in,Fan-in NP,242,0.016218535423278807,0.015428379634022714,0.925,0.9339
3,np_fan_in,Fan-in NP,243,0.016309870198369027,0.015406482410430909,0.922,0.9363
3,np_fan_in,Fan-in NP,244,0.01590287071466446,0.015016104230284691,0.9225,0.9342
3,np_fan_in,Fan-in NP,245,0.01624916557967663,0.015402470895648003,0.92325,0.9333
3,np_fan_in,Fan-in NP,246,0.016476079627871513,0.01578762732744217,0.92325,0.9335
3,np_fan_in,Fan-in NP,247,0.015340437695384025,0.014595990368723869,0.92575,0.9359
3,np_fan_in,Fan-in NP,248,0.016381469577550888,0.015562521159648896,0.92625,0.9371
3,np_fan_in,Fan-in NP,249,0.016286525264382363,0.015493491542339324,0.9275,0.936
3,np_fan_in,Fan-in NP,250,0.015971884772181512,0.015203277778625488,0.92675,0.9371
3,np_fan_in,Fan-in NP,251,0.015510526999831199,0.01458101152330637,0.9245,0.9369
3,np_fan_in,Fan-in NP,252,0.01553498113155365,0.014647534154355525,0.92525,0.9391
3,np_fan_in,Fan-in NP,253,0.01565935330092907,0.014776250949501992,0.92675,0.9406
3,np_fan_in,Fan-in NP,254,0.01597022420167923,0.015118238279223442,0.9295,0.9399
3,np_fan_in,Fan-in NP,255,0.015422343954443932,0.014516542971134186,0.92925,0.9405
3,np_fan_in,Fan-in NP,256,0.016038575157523154,0.0151971489533782,0.929,0.9391
3,np_fan_in,Fan-in NP,257,0.015594268649816513,0.014726173801720142,0.9285,0.9389
3,np_fan_in,Fan-in NP,258,0.015748511269688605,0.015021515357494354,0.9305,0.9394
3,np_fan_in,Fan-in NP,259,0.015649681702256203,0.01497415284216404,0.9265,0.9364
3,np_fan_in,Fan-in NP,260,0.0156254470795393,0.014855127193033696,0.9305,0.9393
3,np_fan_in,Fan-in NP,261,0.015465493753552436,0.014762708432972432,0.92975,0.9405
3,np_fan_in,Fan-in NP,262,0.014768708162009717,0.014066089026629924,0.93175,0.9398
3,np_fan_in,Fan-in NP,263,0.0153421531021595,0.014585406471788883,0.92925,0.9381
3,np_fan_in,Fan-in NP,264,0.01477330832183361,0.014187658981978893,0.931,0.9398
3,np_fan_in,Fan-in NP,265,0.015365241855382919,0.014629447098076344,0.926,0.9387
3,np_fan_in,Fan-in NP,266,0.015572720050811768,0.014814426778256893,0.92675,0.9387
3,np_fan_in,Fan-in NP,267,0.01564697203040123,0.015081070397794247,0.9275,0.9399
3,np_fan_in,Fan-in NP,268,0.014948030948638917,0.014169880557060241,0.92775,0.9384
3,np_fan_in,Fan-in NP,269,0.015358117297291756,0.01464958156645298,0.92925,0.9403
3,np_fan_in,Fan-in NP,270,0.015245322659611702,0.014501518921554088,0.92875,0.9388
3,np_fan_in,Fan-in NP,271,0.015136499270796775,0.014320532046258449,0.93225,0.9381
3,np_fan_in,Fan-in NP,272,0.015641628742218017,0.014895346063375474,0.9275,0.9393
3,np_fan_in,Fan-in NP,273,0.01521858686208725,0.014415598013997078,0.93,0.9391
3,np_fan_in,Fan-in NP,274,0.014987831190228462,0.014269000846147538,0.93125,0.9398
3,np_fan_in,Fan-in NP,275,0.014682628855109214,0.014015685564279557,0.93,0.9381
3,np_fan_in,Fan-in NP,276,0.01557603657245636,0.014930200324952602,0.92975,0.9376
3,np_fan_in,Fan-in NP,277,0.014704657204449178,0.014045846894383431,0.9325,0.9395
3,np_fan_in,Fan-in NP,278,0.014960706144571304,0.01421310049444437,0.93125,0.9404
3,np_fan_in,Fan-in NP,279,0.015134517952799798,0.014385136087238789,0.9315,0.9403
3,np_fan_in,Fan-in NP,280,0.01529357074201107,0.014585251942276955,0.93025,0.9381
3,np_fan_in,Fan-in NP,281,0.015208654254674912,0.014333505539596081,0.9305,0.9402
3,np_fan_in,Fan-in NP,282,0.015099868610501289,0.014208130039274692,0.93375,0.9415
3,np_fan_in,Fan-in NP,283,0.01539854745566845,0.014564292250573634,0.92925,0.9387
3,np_fan_in,Fan-in NP,284,0.015407164797186852,0.014482164779305457,0.932,0.9403
3,np_fan_in,Fan-in NP,285,0.014764075092971325,0.013863943703472614,0.92975,0.9408
3,np_fan_in,Fan-in NP,286,0.014467534177005291,0.013712413294613361,0.933,0.9412
3,np_fan_in,Fan-in NP,287,0.015155725315213203,0.014404183326661588,0.93025,0.9413
3,np_fan_in,Fan-in NP,288,0.015191630706191063,0.01456614992171526,0.935,0.9397
3,np_fan_in,Fan-in NP,289,0.014584699288010598,0.013853301644325257,0.93325,0.9413
3,np_fan_in,Fan-in NP,290,0.014031496867537498,0.013383613905310631,0.93425,0.9407
3,np_fan_in,Fan-in NP,291,0.014532835245132446,0.013941632477939128,0.936,0.9406
3,np_fan_in,Fan-in NP,292,0.014481460787355899,0.013734694977104663,0.93425,0.9413
3,np_fan_in,Fan-in NP,293,0.014226840935647488,0.01355178350508213,0.93475,0.9422
3,np_fan_in,Fan-in NP,294,0.014789994612336158,0.01409470389187336,0.932,0.9414
3,np_fan_in,Fan-in NP,295,0.014359336622059345,0.01366403136998415,0.9345,0.9418
3,np_fan_in,Fan-in NP,296,0.014726778477430343,0.013958388620615006,0.93025,0.9401
3,np_fan_in,Fan-in NP,297,0.014657379798591138,0.013883175745606423,0.93225,0.9414
3,np_fan_in,Fan-in NP,298,0.014597106255590915,0.013824302817881107,0.9345,0.9435
3,np_fan_in,Fan-in NP,299,0.01394180005043745,0.013171230448782444,0.93175,0.9422
3,np_fan_in,Fan-in NP,300,0.01450382635742426,0.013787844644486904,0.9325,0.9422
3,np_fan_in,Fan-in NP,301,0.014067672066390514,0.01326887741535902,0.93475,0.9434
3,np_fan_in,Fan-in NP,302,0.014963837802410125,0.014264152766764165,0.93325,0.9418
3,np_fan_in,Fan-in NP,303,0.014132446557283402,0.013364743860065937,0.93375,0.9428
3,np_fan_in,Fan-in NP,304,0.014209284961223602,0.01350509512424469,0.93725,0.9448
3,np_fan_in,Fan-in NP,305,0.015314112946391106,0.014576721639931203,0.9345,0.9422
3,np_fan_in,Fan-in NP,306,0.014393098257482051,0.013606999358534813,0.9335,0.9434
3,np_fan_in,Fan-in NP,307,0.013948641248047351,0.013173655194044114,0.9355,0.9441
3,np_fan_in,Fan-in NP,308,0.014008681774139404,0.013271434681117534,0.9355,0.9435
3,np_fan_in,Fan-in NP,309,0.014455746203660965,0.013644046702980995,0.9375,0.9437
3,np_fan_in,Fan-in NP,310,0.013937185451388358,0.013223115183413028,0.93575,0.9442
3,np_fan_in,Fan-in NP,311,0.014222773782908916,0.013407337714731694,0.93325,0.9432
3,np_fan_in,Fan-in NP,312,0.014259314052760602,0.01352057150453329,0.9385,0.944
3,np_fan_in,Fan-in NP,313,0.014473212219774724,0.01380573840290308,0.93525,0.9431
3,np_fan_in,Fan-in NP,314,0.014697800680994988,0.01403538475483656,0.93675,0.9442
3,np_fan_in,Fan-in NP,315,0.013921313248574733,0.01326909681558609,0.93725,0.9428
3,np_fan_in,Fan-in NP,316,0.014063525058329106,0.013377783268690109,0.93775,0.9434
3,np_fan_in,Fan-in NP,317,0.013878955192863942,0.013103318348526955,0.93625,0.9446
3,np_fan_in,Fan-in NP,318,0.014033919520676136,0.013148730289936066,0.934,0.9453
3,np_fan_in,Fan-in NP,319,0.014380427703261376,0.013645499330759049,0.93625,0.9458
3,np_fan_in,Fan-in NP,320,0.013450943142175674,0.012739719268679619,0.93525,0.9451
3,np_fan_in,Fan-in NP,321,0.013984372876584529,0.013205956511199475,0.9355,0.9441
3,np_fan_in,Fan-in NP,322,0.014132201343774796,0.013414996749162675,0.9345,0.9434
3,np_fan_in,Fan-in NP,323,0.013527352184057236,0.012813809943199158,0.9355,0.9438
3,np_fan_in,Fan-in NP,324,0.014039360739290714,0.01332233900129795,0.93625,0.9438
3,np_fan_in,Fan-in NP,325,0.014339562304317951,0.01365745221376419,0.93475,0.9449
3,np_fan_in,Fan-in NP,326,0.01345432859659195,0.01272387719154358,0.9375,0.9448
3,np_fan_in,Fan-in NP,327,0.013383536577224731,0.012784194271266461,0.93725,0.9444
3,np_fan_in,Fan-in NP,328,0.013708855628967285,0.012996393539011478,0.93675,0.9449
3,np_fan_in,Fan-in NP,329,0.014110418260097504,0.013526185043156147,0.93625,0.9437
3,np_fan_in,Fan-in NP,330,0.013632172100245952,0.01298900633007288,0.93775,0.9434
3,np_fan_in,Fan-in NP,331,0.013393816739320755,0.012744907143712044,0.9375,0.9456
3,np_fan_in,Fan-in NP,332,0.013487557433545589,0.012822222912311554,0.93575,0.9446
3,np_fan_in,Fan-in NP,333,0.013987829387187957,0.013419466300308705,0.9365,0.9434
3,np_fan_in,Fan-in NP,334,0.013475244015455246,0.01275540120601654,0.936,0.9451
3,np_fan_in,Fan-in NP,335,0.01367656634747982,0.013007376183569432,0.93625,0.9444
3,np_fan_in,Fan-in NP,336,0.014060401111841201,0.013453065106272697,0.937,0.9431
3,np_fan_in,Fan-in NP,337,0.013365222416818142,0.012665461970865726,0.9375,0.9442
3,np_fan_in,Fan-in NP,338,0.015051696375012398,0.014226682177186012,0.934,0.9439
3,np_fan_in,Fan-in NP,339,0.013936983913183213,0.013040571519732475,0.93425,0.9457
3,np_fan_in,Fan-in NP,340,0.013258102968335152,0.012436855775117875,0.93725,0.9456
3,np_fan_in,Fan-in NP,341,0.013409877538681031,0.01254654396623373,0.93925,0.9468
3,np_fan_in,Fan-in NP,342,0.01383551850169897,0.012985709121823312,0.93775,0.9477
3,np_fan_in,Fan-in NP,343,0.013739427857100963,0.012948827375471593,0.93825,0.946
3,np_fan_in,Fan-in NP,344,0.013164263784885406,0.012394034524261952,0.9395,0.9467
3,np_fan_in,Fan-in NP,345,0.013372846595942975,0.012580266766250134,0.93875,0.9456
3,np_fan_in,Fan-in NP,346,0.013522597260773182,0.012783084174990654,0.94025,0.9469
3,np_fan_in,Fan-in NP,347,0.013082290008664132,0.012297491973638535,0.934,0.9459
3,np_fan_in,Fan-in NP,348,0.013845509201288223,0.01305944136083126,0.94025,0.9453
3,np_fan_in,Fan-in NP,349,0.013316182382404805,0.012508058768510818,0.93725,0.9435
3,np_fan_in,Fan-in NP,350,0.014124550722539425,0.013457557260990143,0.94,0.9452
3,np_fan_in,Fan-in NP,351,0.01305549307912588,0.01234863534271717,0.93825,0.9457
3,np_fan_in,Fan-in NP,352,0.012951141439378262,0.012245819680392742,0.93775,0.9453
3,np_fan_in,Fan-in NP,353,0.013326818816363812,0.012464484955370426,0.93675,0.9452
3,np_fan_in,Fan-in NP,354,0.013202118769288063,0.012413739427924156,0.93525,0.9452
3,np_fan_in,Fan-in NP,355,0.013149882674217224,0.012446636320650578,0.9375,0.9451
3,np_fan_in,Fan-in NP,356,0.013291968159377575,0.012587466137111187,0.9375,0.946
3,np_fan_in,Fan-in NP,357,0.013146875262260436,0.012556212770938874,0.94025,0.9467
3,np_fan_in,Fan-in NP,358,0.013128588385879993,0.01257832073867321,0.93875,0.9469
3,np_fan_in,Fan-in NP,359,0.013146369852125644,0.012481091886758805,0.939,0.9456
3,np_fan_in,Fan-in NP,360,0.01303097365796566,0.012382086439430715,0.93925,0.9458
3,np_fan_in,Fan-in NP,361,0.013187136292457581,0.01260230662971735,0.94025,0.9459
3,np_fan_in,Fan-in NP,362,0.01325247573852539,0.012641425481438637,0.94025,0.948
3,np_fan_in,Fan-in NP,363,0.013430201098322868,0.012867846219241618,0.94125,0.9464
3,np_fan_in,Fan-in NP,364,0.013374119460582734,0.012805488163232803,0.94025,0.9479
3,np_fan_in,Fan-in NP,365,0.013197670392692089,0.01253668333441019,0.94125,0.9472
3,np_fan_in,Fan-in NP,366,0.012907775223255157,0.01225160822570324,0.93975,0.9466
3,np_fan_in,Fan-in NP,367,0.013228388980031014,0.012496602003276349,0.938,0.9466
3,np_fan_in,Fan-in NP,368,0.013192364662885666,0.012484803642332554,0.9385,0.9465
3,np_fan_in,Fan-in NP,369,0.013648231282830239,0.013055038172006607,0.9415,0.9469
3,np_fan_in,Fan-in NP,370,0.013027739465236663,0.012381017465889453,0.941,0.947
3,np_fan_in,Fan-in NP,371,0.01322553988546133,0.012698753762245179,0.94325,0.9468
3,np_fan_in,Fan-in NP,372,0.013319715969264507,0.012604002559185028,0.94125,0.9463
3,np_fan_in,Fan-in NP,373,0.01322668395936489,0.012490694415569305,0.943,0.9473
3,np_fan_in,Fan-in NP,374,0.013194508820772171,0.012611209739744663,0.94425,0.9476
3,np_fan_in,Fan-in NP,375,0.012893066190183163,0.012273950237035751,0.945,0.9461
3,np_fan_in,Fan-in NP,376,0.012819625973701477,0.012203022620081902,0.9415,0.9455
3,np_fan_in,Fan-in NP,377,0.01318085753172636,0.012635787637531757,0.9425,0.9458
3,np_fan_in,Fan-in NP,378,0.01259204164892435,0.012050995004177093,0.94425,0.9471
3,np_fan_in,Fan-in NP,379,0.012432680442929268,0.011892683924734592,0.945,0.9474
3,np_fan_in,Fan-in NP,380,0.012641097582876683,0.012109559682011604,0.94475,0.9476
3,np_fan_in,Fan-in NP,381,0.012533987440168858,0.011947712497413158,0.9445,0.9484
3,np_fan_in,Fan-in NP,382,0.012524785257875919,0.011944713580608368,0.94575,0.9472
3,np_fan_in,Fan-in NP,383,0.012667769990861416,0.012007908740639686,0.94425,0.95
3,np_fan_in,Fan-in NP,384,0.012753991544246673,0.0121715430483222,0.94025,0.9479
3,np_fan_in,Fan-in NP,385,0.01247335059940815,0.011868459311127663,0.94325,0.9494
3,np_fan_in,Fan-in NP,386,0.01228637532889843,0.011654992108047008,0.94425,0.9497
3,np_fan_in,Fan-in NP,387,0.012812544129788876,0.012205067880451679,0.9445,0.9503
3,np_fan_in,Fan-in NP,388,0.012763947740197183,0.012131658925116062,0.94175,0.9487
3,np_fan_in,Fan-in NP,389,0.013087237179279327,0.01244572976231575,0.944,0.9506
3,np_fan_in,Fan-in NP,390,0.013046626530587673,0.01238983981013298,0.943,0.9501
3,np_fan_in,Fan-in NP,391,0.01270021715015173,0.012138475728034974,0.94525,0.9499
3,np_fan_in,Fan-in NP,392,0.012696490369737148,0.012019201481342315,0.943,0.9483
3,np_fan_in,Fan-in NP,393,0.012708493135869503,0.01209942256361246,0.94575,0.9494
3,np_fan_in,Fan-in NP,394,0.012386305578052998,0.0118477634832263,0.944,0.9476
3,np_fan_in,Fan-in NP,395,0.012594871647655964,0.011944695948064327,0.94225,0.9488
3,np_fan_in,Fan-in NP,396,0.013428445264697076,0.01293560066372156,0.94575,0.9501
3,np_fan_in,Fan-in NP,397,0.012419903807342052,0.011876611937582493,0.9435,0.9499
3,np_fan_in,Fan-in NP,398,0.01217676679044962,0.011640330801904202,0.946,0.9501
3,np_fan_in,Fan-in NP,399,0.012461616978049279,0.011812955334782601,0.94525,0.9513
3,np_fan_in,Fan-in NP,400,0.012323697634041309,0.011754565052688121,0.94425,0.9491
3,wp,WP,1,0.09424919605255128,0.09421375381946563,0.123,0.1273
3,wp,WP,2,0.08953680342435837,0.08951114816665649,0.23425,0.2323
3,wp,WP,3,0.08738604021072388,0.08733603733778,0.3145,0.3152
3,wp,WP,4,0.08608127075433732,0.086030715239048,0.39275,0.3821
3,wp,WP,5,0.08491628950834275,0.08477665928602218,0.41575,0.4178
3,wp,WP,6,0.08376637923717499,0.08360295040607453,0.4745,0.4759
3,wp,WP,7,0.08246599298715591,0.08229184770584107,0.50625,0.5043
3,wp,WP,8,0.0811752844452858,0.08094657946825028,0.5375,0.5373
3,wp,WP,9,0.07977081954479218,0.07955288571119308,0.5695,0.5679
3,wp,WP,10,0.07852979636192321,0.07830025161504746,0.5835,0.5862
3,wp,WP,11,0.07744462156295777,0.07725058747529984,0.58325,0.5796
3,wp,WP,12,0.07606510013341904,0.0758144597530365,0.5915,0.5876
3,wp,WP,13,0.07462525272369384,0.07436802390813828,0.6015,0.6015
3,wp,WP,14,0.07316527152061462,0.0728823940873146,0.6085,0.6085
3,wp,WP,15,0.07163346630334855,0.07140148196220399,0.629,0.6296
3,wp,WP,16,0.06976545363664627,0.06955121607780457,0.638,0.6414
3,wp,WP,17,0.06829765129089356,0.06805700726509094,0.631,0.641
3,wp,WP,18,0.06702938133478165,0.0667280345439911,0.6565,0.6649
3,wp,WP,19,0.06587401109933853,0.06561227943897248,0.65575,0.6651
3,wp,WP,20,0.06434372562170029,0.06403498960733414,0.66375,0.6717
3,wp,WP,21,0.06367469084262847,0.06340282603502273,0.6785,0.688
3,wp,WP,22,0.06255515325069427,0.06226326004862785,0.68525,0.6998
3,wp,WP,23,0.06121812894940376,0.060917779660224915,0.67825,0.699
3,wp,WP,24,0.06029782268404961,0.06009901784658432,0.7005,0.7162
3,wp,WP,25,0.059190184950828555,0.0590040787756443,0.689,0.7074
3,wp,WP,26,0.058607697278261185,0.05841715072989464,0.68825,0.7082
3,wp,WP,27,0.05760665187239647,0.05730781745314598,0.69825,0.7175
3,wp,WP,28,0.05674485352635383,0.056527896463871005,0.70225,0.7243
3,wp,WP,29,0.05618687999248505,0.055968191355466844,0.7155,0.7371
3,wp,WP,30,0.05542450061440468,0.05514541783332825,0.716,0.7356
3,wp,WP,31,0.05491202309727669,0.05467747092247009,0.73775,0.751
3,wp,WP,32,0.054371528059244154,0.05430297929644585,0.73775,0.7545
3,wp,WP,33,0.05417250782251358,0.054030864679813384,0.72525,0.7439
3,wp,WP,34,0.053838364332914355,0.05362123880982399,0.72075,0.7372
3,wp,WP,35,0.0537744103372097,0.05343056611418724,0.7185,0.7381
3,wp,WP,36,0.05323142781853676,0.0529040927529335,0.73225,0.7508
3,wp,WP,37,0.053017494052648544,0.05267677132487297,0.71325,0.7347
3,wp,WP,38,0.052387123614549634,0.05206561788916588,0.71625,0.7315
3,wp,WP,39,0.052133209049701694,0.0516784358561039,0.727,0.7453
3,wp,WP,40,0.05165367567539215,0.05114193118214607,0.7315,0.7475
3,wp,WP,41,0.05106592926383018,0.05051281563043594,0.74325,0.7677
3,wp,WP,42,0.0506140918135643,0.04999126899242401,0.72975,0.758
3,wp,WP,43,0.05017874383926391,0.049577049046754834,0.739,0.7603
3,wp,WP,44,0.04995180147886276,0.049321176505088805,0.73675,0.7634
3,wp,WP,45,0.049570663094520566,0.04900594018101692,0.747,0.7741
3,wp,WP,46,0.04913337779045105,0.048485257011651996,0.74675,0.7672
3,wp,WP,47,0.04917631879448891,0.04854504439234734,0.75,0.7692
3,wp,WP,48,0.048692257463932034,0.047917654699087146,0.7615,0.7841
3,wp,WP,49,0.04844079566001892,0.04761128697991371,0.7665,0.7865
3,wp,WP,50,0.048255827963352205,0.04736973013281822,0.7565,0.7817
3,wp,WP,51,0.04795695343613625,0.047045593351125715,0.75575,0.781
3,wp,WP,52,0.047640980333089826,0.046621753799915316,0.75825,0.7797
3,wp,WP,53,0.04773299786448479,0.046749383687973024,0.75425,0.7789
3,wp,WP,54,0.04710312208533287,0.0462189778149128,0.76075,0.7838
3,wp,WP,55,0.04673197665810585,0.04585162914991379,0.772,0.7914
3,wp,WP,56,0.04693762168288231,0.04592143822312355,0.77425,0.7928
3,wp,WP,57,0.04648429545760155,0.04565388386249542,0.77425,0.7903
3,wp,WP,58,0.04690563690662384,0.045907713198661805,0.7835,0.7924
3,wp,WP,59,0.047087644338607786,0.046153867554664614,0.7785,0.7962
3,wp,WP,60,0.04665219324827194,0.04577718440294266,0.79225,0.8068
3,wp,WP,61,0.046511313259601596,0.04545329257845879,0.78875,0.8041
3,wp,WP,62,0.04644111040234566,0.04526561480164528,0.79525,0.8103
3,wp,WP,63,0.046161219924688336,0.04497803491353989,0.79275,0.8104
3,wp,WP,64,0.04608692342042923,0.044981475222110746,0.787,0.8051
3,wp,WP,65,0.0461170899271965,0.044980974262952805,0.78675,0.808
3,wp,WP,66,0.0461899376809597,0.04516224272251129,0.79,0.806
3,wp,WP,67,0.045979153752326966,0.045002582424879076,0.78525,0.8053
3,wp,WP,68,0.04625758254528046,0.04522864106893539,0.78775,0.8107
3,wp,WP,69,0.04603084602952003,0.04505629010200501,0.7935,0.8122
3,wp,WP,70,0.0460275442302227,0.045024068266153336,0.787,0.8108
3,wp,WP,71,0.04594950479269028,0.04481399325728416,0.78375,0.8042
3,wp,WP,72,0.04541317397356033,0.044204180592298505,0.78975,0.8106
3,wp,WP,73,0.045611396789550784,0.044401052302122115,0.7875,0.8067
3,wp,WP,74,0.045637519419193265,0.04444545480012894,0.792,0.8074
3,wp,WP,75,0.04497238630056381,0.04365032759308815,0.78975,0.8098
3,wp,WP,76,0.044700000077486035,0.04352534692883492,0.78825,0.806
3,wp,WP,77,0.044578506588935855,0.04353805673718453,0.7825,0.8067
3,wp,WP,78,0.04453288218379021,0.04349266967177391,0.78775,0.806
3,wp,WP,79,0.044906966507434844,0.04389523055553436,0.7905,0.807
3,wp,WP,80,0.04467057853937149,0.04369538607597351,0.7915,0.8061
3,wp,WP,81,0.04455047869682312,0.04352412936687469,0.7845,0.8069
3,wp,WP,82,0.04424148082733154,0.04319992498755455,0.78925,0.8106
3,wp,WP,83,0.04431953912973404,0.0432275870859623,0.79325,0.8144
3,wp,WP,84,0.04427021494507789,0.04335730177760124,0.79825,0.8112
3,wp,WP,85,0.044153620034456255,0.04326148344874382,0.7975,0.8144
3,wp,WP,86,0.04408386266231537,0.043144866502285,0.7915,0.8101
3,wp,WP,87,0.04344911229610443,0.042591075068712236,0.79675,0.8104
3,wp,WP,88,0.04352987322211266,0.04272350335121155,0.79575,0.8064
3,wp,WP,89,0.0433623768389225,0.04263713148236275,0.7935,0.8057
3,wp,WP,90,0.043820587307214734,0.043062646484375,0.789,0.8017
3,wp,WP,91,0.04349321836233139,0.04274567962288856,0.78925,0.8037
3,wp,WP,92,0.043631339520215986,0.042813437926769254,0.796,0.8083
3,wp,WP,93,0.04381677085161209,0.04300651175379753,0.79275,0.8052
3,wp,WP,94,0.04360453027486801,0.04267601994276047,0.7935,0.8059
3,wp,WP,95,0.043423362523317334,0.042423172813653945,0.79575,0.8078
3,wp,WP,96,0.043806416630744936,0.04281524215936661,0.79425,0.8046
3,wp,WP,97,0.04399055787920952,0.04306704177260399,0.78575,0.7963
3,wp,WP,98,0.04367003864049911,0.042793603324890135,0.79825,0.8068
3,wp,WP,99,0.04340045714378357,0.04256410531997681,0.79425,0.8034
3,wp,WP,100,0.04367339819669724,0.04292403110861778,0.79125,0.7953
3,wp,WP,101,0.043693113118410114,0.042873218035697935,0.78825,0.7966
3,wp,WP,102,0.04419596502184868,0.04319510556459427,0.79,0.7981
3,wp,WP,103,0.044317767381668094,0.04335640490055084,0.78775,0.7988
3,wp,WP,104,0.04450349128246307,0.043701134139299394,0.77925,0.7894
3,wp,WP,105,0.044853252410888673,0.043868106019496915,0.78,0.7943
3,wp,WP,106,0.04411250180006027,0.04318311653733253,0.78725,0.7968
3,wp,WP,107,0.04416681650280953,0.04324933150410652,0.79475,0.8026
3,wp,WP,108,0.04387751480937004,0.04298512977361679,0.79575,0.803
3,wp,WP,109,0.04393563708662987,0.04312770870923996,0.794,0.8
3,wp,WP,110,0.04410850995779037,0.043316854566335675,0.794,0.7986
3,wp,WP,111,0.04432786154747009,0.04369080601334572,0.79225,0.7941
3,wp,WP,112,0.04404134050011635,0.04340533918142319,0.791,0.7964
3,wp,WP,113,0.04402466642856598,0.04340082671046257,0.79275,0.7926
3,wp,WP,114,0.044148673474788666,0.04346406816840172,0.78475,0.789
3,wp,WP,115,0.04437856757640839,0.043684266304969785,0.7815,0.7835
3,wp,WP,116,0.04396266308426857,0.04325257693529129,0.785,0.7889
3,wp,WP,117,0.043822565495967865,0.04318925939798355,0.789,0.7929
3,wp,WP,118,0.04373864242434502,0.043068112075328825,0.78625,0.791
3,wp,WP,119,0.04367723917961121,0.042981911492347716,0.78025,0.791
3,wp,WP,120,0.04353690850734711,0.04305761204957962,0.78225,0.7865
3,wp,WP,121,0.04334211444854736,0.04288639559149742,0.78425,0.7873
3,wp,WP,122,0.0434865380525589,0.042961138546466826,0.78575,0.7928
3,wp,WP,123,0.04340865489840508,0.04283524903059006,0.787,0.7951
3,wp,WP,124,0.04340904951095581,0.04280086306333542,0.78875,0.7928
3,wp,WP,125,0.04273055863380432,0.04196175853013992,0.785,0.8006
3,wp,WP,126,0.04279234710335732,0.04190380859375,0.78975,0.8009
3,wp,WP,127,0.04306779927015304,0.04201237034797668,0.78425,0.7958
3,wp,WP,128,0.0430632016658783,0.041978766721487044,0.78075,0.7959
3,wp,WP,129,0.04319241401553154,0.04213877010345459,0.781,0.7959
3,wp,WP,130,0.04313196197152138,0.042216309958696366,0.78175,0.7947
3,wp,WP,131,0.04366347938776016,0.04268389983177185,0.78025,0.7939
3,wp,WP,132,0.043198002904653546,0.04232155940532684,0.7835,0.7939
3,wp,WP,133,0.04289763540029526,0.042123770612478253,0.78025,0.7958
3,wp,WP,134,0.04355286559462547,0.04264638221859932,0.78075,0.7923
3,wp,WP,135,0.042962024301290515,0.0421982181429863,0.7835,0.796
3,wp,WP,136,0.04296939918398857,0.04212480501532555,0.78575,0.797
3,wp,WP,137,0.04294500556588173,0.042027433162927626,0.78075,0.7982
3,wp,WP,138,0.04279599094390869,0.04179142589569092,0.7875,0.7995
3,wp,WP,139,0.04316548109054565,0.04209243203997612,0.78325,0.7966
3,wp,WP,140,0.042610917001962664,0.04134603886604309,0.7905,0.8007
3,wp,WP,141,0.04275765243172645,0.04140026761889458,0.7875,0.802
3,wp,WP,142,0.04262927928566933,0.041019183045625685,0.78375,0.8014
3,wp,WP,143,0.04235357853770256,0.041018214929103854,0.78325,0.7995
3,wp,WP,144,0.04234134656190872,0.0409299208521843,0.78125,0.801
3,wp,WP,145,0.04251528158783913,0.041101546692848205,0.7845,0.8016
3,wp,WP,146,0.04246536633372307,0.04104256453514099,0.7835,0.8029
3,wp,WP,147,0.04239020594954491,0.04100729470849037,0.7835,0.8015
3,wp,WP,148,0.042363614976406096,0.04085344692468643,0.786,0.8008
3,wp,WP,149,0.042147262126207355,0.04083182128071785,0.787,0.8023
3,wp,WP,150,0.042094032526016234,0.040767046225070956,0.7895,0.8054
3,wp,WP,151,0.04217405617237091,0.04087396333813667,0.7875,0.8012
3,wp,WP,152,0.04203108429908752,0.04082331008315086,0.7915,0.8011
3,wp,WP,153,0.042157082319259645,0.04084758676290512,0.78875,0.8008
3,wp,WP,154,0.04166710484027863,0.04041103710532189,0.792,0.8038
3,wp,WP,155,0.04136128917336464,0.040098191553354263,0.788,0.8063
3,wp,WP,156,0.041464581698179244,0.04017868496179581,0.78825,0.8041
3,wp,WP,157,0.04183498004078865,0.04030687454342842,0.77875,0.7964
3,wp,WP,158,0.04208624073863029,0.04047856624722481,0.779,0.8001
3,wp,WP,159,0.04225263896584511,0.04081048377752304,0.778,0.7966
3,wp,WP,160,0.04186489668488502,0.040455037987232205,0.78025,0.7992
3,wp,WP,161,0.04201178875565529,0.040533632558584214,0.78525,0.8001
3,wp,WP,162,0.042418478846549985,0.04092730600237846,0.78425,0.796
3,wp,WP,163,0.04231985902786255,0.04078790390491486,0.78325,0.7994
3,wp,WP,164,0.042105289965867994,0.04080790176987648,0.78825,0.7971
3,wp,WP,165,0.04172255352139473,0.0404162989795208,0.79225,0.7963
3,wp,WP,166,0.041650259971618656,0.04053139724135399,0.7895,0.7942
3,wp,WP,167,0.04138797342777252,0.040236435461044315,0.78475,0.7957
3,wp,WP,168,0.041696094304323195,0.04066631276607514,0.7805,0.7891
3,wp,WP,169,0.04207483559846878,0.04097455099821091,0.77575,0.7893
3,wp,WP,170,0.0418024200797081,0.040663743549585345,0.78125,0.7917
3,wp,WP,171,0.04177747491002083,0.0404513718187809,0.788,0.7973
3,wp,WP,172,0.0418239209651947,0.04060831788778305,0.78425,0.796
3,wp,WP,173,0.04177519312500954,0.040597695767879485,0.7865,0.7935
3,wp,WP,174,0.041433480381965634,0.04049221031665802,0.78925,0.7965
3,wp,WP,175,0.04122529509663582,0.04028692010045051,0.78875,0.7952
3,wp,WP,176,0.04076231053471565,0.03981826527118683,0.7925,0.7993
3,wp,WP,177,0.040964312851428986,0.04011042141914368,0.78575,0.7971
3,wp,WP,178,0.04050104823708534,0.03999806179404259,0.789,0.7919
3,wp,WP,179,0.041515260368585584,0.04096193740367889,0.78225,0.7825
3,wp,WP,180,0.04183573159575462,0.04134812577366829,0.77875,0.7834
3,wp,WP,181,0.041541549354791645,0.04117013813853264,0.7795,0.7814
3,wp,WP,182,0.04148277133703232,0.04121509680747986,0.7825,0.7808
3,wp,WP,183,0.04213582018017769,0.041636284953355786,0.7745,0.7783
3,wp,WP,184,0.04173291358351707,0.04141995798945427,0.777,0.7804
3,wp,WP,185,0.04192656421661377,0.04143911779522896,0.773,0.7784
3,wp,WP,186,0.042094081372022626,0.041625858682394025,0.76975,0.7752
3,wp,WP,187,0.04154954195022583,0.040948680651187896,0.776,0.7791
3,wp,WP,188,0.04186485022306442,0.04120614234209061,0.773,0.7814
3,wp,WP,189,0.042367047131061555,0.041465784466266635,0.77275,0.7823
3,wp,WP,190,0.04223725610971451,0.041337455809116366,0.7715,0.7799
3,wp,WP,191,0.04181388220191002,0.041006189012527464,0.776,0.7829
3,wp,WP,192,0.04139697194099426,0.04060943315625191,0.773,0.7871
3,wp,WP,193,0.04142791378498077,0.0405378820002079,0.7765,0.7864
3,wp,WP,194,0.040883865505456925,0.039983059948682786,0.774,0.7936
3,wp,WP,195,0.04092458161711693,0.03995109348297119,0.7765,0.791
3,wp,WP,196,0.04160183650255203,0.04055013830065727,0.7715,0.7883
3,wp,WP,197,0.04167164769768715,0.04057065509557724,0.7745,0.7907
3,wp,WP,198,0.04215859568119049,0.04091634118556976,0.768,0.7869
3,wp,WP,199,0.04164150249958038,0.040519213795661924,0.768,0.786
3,wp,WP,200,0.04150315970182419,0.04023501202464104,0.77275,0.7907
3,wp,WP,201,0.04134392943978309,0.040079520201683046,0.778,0.7923
3,wp,WP,202,0.04157481616735458,0.040549996834993364,0.77375,0.787
3,wp,WP,203,0.041917089015245435,0.04054829698204994,0.76925,0.783
3,wp,WP,204,0.04220418062806129,0.04088771399259567,0.77525,0.7848
3,wp,WP,205,0.042423604398965836,0.041002915978431705,0.7735,0.7866
3,wp,WP,206,0.04216090014576912,0.040983641362190244,0.77475,0.7878
3,wp,WP,207,0.042057333707809445,0.040957563072443005,0.7725,0.7862
3,wp,WP,208,0.042428921312093734,0.04144232339859009,0.7685,0.7805
3,wp,WP,209,0.04260531148314476,0.041748212081193926,0.766,0.7786
3,wp,WP,210,0.0428465473651886,0.04211370633840561,0.76075,0.7724
3,wp,WP,211,0.042604725390672685,0.04184284968972206,0.7655,0.7787
3,wp,WP,212,0.04279942855238914,0.04189219311475754,0.7675,0.7773
3,wp,WP,213,0.04311959448456764,0.042018638396263124,0.76125,0.773
3,wp,WP,214,0.043543344050645826,0.042256646180152894,0.762,0.776
3,wp,WP,215,0.04347988447546959,0.04226737005710602,0.76375,0.7806
3,wp,WP,216,0.04356564033031464,0.04219166090488434,0.76175,0.7786
3,wp,WP,217,0.04292916163802147,0.041682086724042895,0.76475,0.7774
3,wp,WP,218,0.04383473393321037,0.04230025767683983,0.7565,0.7741
3,wp,WP,219,0.04383237501978874,0.04221111980676651,0.76275,0.7762
3,wp,WP,220,0.043933675736188886,0.04206973595619202,0.75825,0.7754
3,wp,WP,221,0.04378300353884697,0.04218645763993263,0.7565,0.7727
3,wp,WP,222,0.04371515104174614,0.04257101918458939,0.757,0.7667
3,wp,WP,223,0.04281262168288231,0.04195609287619591,0.76325,0.777
3,wp,WP,224,0.04292899432778358,0.04212390595078468,0.75825,0.7743
3,wp,WP,225,0.042816909611225126,0.041970246303081514,0.761,0.7711
3,wp,WP,226,0.043289752900600435,0.04243696708679199,0.7505,0.7683
3,wp,WP,227,0.04365792015194893,0.04277148746848106,0.757,0.768
3,wp,WP,228,0.04372982829809189,0.042777068203687665,0.75575,0.7653
3,wp,WP,229,0.043334714323282245,0.04224983441233635,0.75725,0.7669
3,wp,WP,230,0.04361408093571663,0.04260419024825096,0.753,0.7612
3,wp,WP,231,0.043575224310159685,0.04267427273392677,0.755,0.7676
3,wp,WP,232,0.04444693157076836,0.04319941318035126,0.74775,0.7625
3,wp,WP,233,0.04345398965477944,0.04231826808452606,0.754,0.7691
3,wp,WP,234,0.043720778048038485,0.04255716609954834,0.7505,0.7687
3,wp,WP,235,0.043839425563812255,0.04259260482192039,0.75075,0.7686
3,wp,WP,236,0.04345495942234993,0.04214505653977394,0.75475,0.7679
3,wp,WP,237,0.04344544306397438,0.04246257199645043,0.76,0.7693
3,wp,WP,238,0.0441124133169651,0.04315062566995621,0.76225,0.7666
3,wp,WP,239,0.04416333320736885,0.04317466128468513,0.75425,0.7648
3,wp,WP,240,0.044262471795082095,0.04335974264144898,0.75575,0.7622
3,wp,WP,241,0.0436818665266037,0.042808417344093325,0.757,0.7654
3,wp,WP,242,0.043517755210399627,0.04261226648688316,0.75575,0.7717
3,wp,WP,243,0.04325295141339302,0.0422145487844944,0.75925,0.7717
3,wp,WP,244,0.04328287613391876,0.042104579520225525,0.75725,0.7765
3,wp,WP,245,0.04370037230849266,0.04235443100333214,0.7555,0.7767
3,wp,WP,246,0.04311820125579834,0.042036303794384,0.75675,0.7753
3,wp,WP,247,0.043498934030532836,0.04221807054281235,0.753,0.7752
3,wp,WP,248,0.04356469893455505,0.04221876126527786,0.747,0.7738
3,wp,WP,249,0.04420591202378273,0.042703436237573625,0.74425,0.7642
3,wp,WP,250,0.0447017422914505,0.043276084131002424,0.7445,0.7671
3,wp,WP,251,0.044748543709516524,0.04360416846275329,0.74575,0.7644
3,wp,WP,252,0.045173370897769925,0.0439817626953125,0.74275,0.7588
3,wp,WP,253,0.04441834649443627,0.04326835689544678,0.747,0.7615
3,wp,WP,254,0.04417163062095642,0.04276739815473556,0.7445,0.7612
3,wp,WP,255,0.0443341418504715,0.04330932584404945,0.748,0.7603
3,wp,WP,256,0.044545644789934155,0.04323973263502121,0.7465,0.7611
3,wp,WP,257,0.04444613581895828,0.04295839485526085,0.7575,0.7745
3,wp,WP,258,0.04451200696825981,0.04331044850945473,0.7535,0.7688
3,wp,WP,259,0.04419710806012154,0.04299700256586075,0.75575,0.7651
3,wp,WP,260,0.04395591795444489,0.042478429043293,0.75625,0.7678
3,wp,WP,261,0.04394801419973374,0.04242856289744377,0.74925,0.7661
3,wp,WP,262,0.044045094341039655,0.04253497873544693,0.748,0.7629
3,wp,WP,263,0.044110802590847015,0.04255285135507584,0.74975,0.761
3,wp,WP,264,0.04441525828838348,0.04267569055557251,0.74925,0.7654
3,wp,WP,265,0.044827716678380966,0.04327553881406784,0.7485,0.761
3,wp,WP,266,0.04449781459569931,0.04291251493096351,0.744,0.7584
3,wp,WP,267,0.04375419196486473,0.042218932569026944,0.7525,0.7699
3,wp,WP,268,0.0437516006231308,0.04238777552843094,0.756,0.7716
3,wp,WP,269,0.04309680262207985,0.04193463401198387,0.7595,0.7714
3,wp,WP,270,0.04349457111954689,0.04233859931230545,0.759,0.767
3,wp,WP,271,0.043963453382253645,0.04261178422570228,0.753,0.7697
3,wp,WP,272,0.044271866589784624,0.04301952131390572,0.75175,0.7621
3,wp,WP,273,0.043648008435964586,0.04275284560918808,0.75325,0.763
3,wp,WP,274,0.04317293766140938,0.04231850426793098,0.75925,0.7702
3,wp,WP,275,0.04312912341952324,0.0422070931494236,0.765,0.7735
3,wp,WP,276,0.04313865715265274,0.04210015552043915,0.7605,0.7803
3,wp,WP,277,0.04315752390027046,0.04197478829026222,0.76175,0.7711
3,wp,WP,278,0.04320428165793419,0.04193141322135925,0.75525,0.7676
3,wp,WP,279,0.043523392111063,0.042079309380054476,0.7555,0.771
3,wp,WP,280,0.04279236218333244,0.041540238147974015,0.75325,0.7736
3,wp,WP,281,0.04297222039103508,0.04167120434641838,0.7515,0.7749
3,wp,WP,282,0.04334360036253929,0.04206000481247902,0.75525,0.7734
3,wp,WP,283,0.04361280027031898,0.04239946940541267,0.75675,0.7704
3,wp,WP,284,0.04344566255807877,0.04217725611329079,0.75775,0.7729
3,wp,WP,285,0.042925480276346205,0.0418201701760292,0.75625,0.771
3,wp,WP,286,0.042963399678468704,0.041828806245327,0.7565,0.7771
3,wp,WP,287,0.042749530375003814,0.04148333583474159,0.7595,0.77
3,wp,WP,288,0.04294235894083977,0.041493432348966595,0.749,0.7657
3,wp,WP,289,0.043248864889144895,0.04164330547451973,0.74875,0.7664
3,wp,WP,290,0.043147729903459546,0.04163268162608147,0.75325,0.7663
3,wp,WP,291,0.042416540026664735,0.04114534252882004,0.75375,0.7644
3,wp,WP,292,0.04242405885457993,0.04128707078099251,0.75675,0.763
3,wp,WP,293,0.04277611535787582,0.041520461916923525,0.7495,0.7624
3,wp,WP,294,0.04317097961902618,0.04201864491701126,0.75,0.7612
3,wp,WP,295,0.043498732596635815,0.04226250423789024,0.75525,0.7652
3,wp,WP,296,0.04291195690631867,0.041620126080513,0.7585,0.7659
3,wp,WP,297,0.04331508216261864,0.042104182142019275,0.7555,0.7645
3,wp,WP,298,0.04384543159604073,0.042492563217878344,0.75525,0.7639
3,wp,WP,299,0.043575423747301105,0.04253887888193131,0.759,0.7575
3,wp,WP,300,0.043659121185541154,0.04235183702707291,0.76,0.7628
3,wp,WP,301,0.04307489693164825,0.041797245222330096,0.758,0.7696
3,wp,WP,302,0.043233516991138456,0.041953888285160064,0.75175,0.7651
3,wp,WP,303,0.04411434009671211,0.0426945017516613,0.752,0.7616
3,wp,WP,304,0.042973955512046816,0.041977545076608655,0.75775,0.7668
3,wp,WP,305,0.043642952054739,0.042677201795578004,0.75075,0.7573
3,wp,WP,306,0.043198366940021514,0.04225321998596191,0.75275,0.76
3,wp,WP,307,0.042542434692382815,0.041923248213529586,0.757,0.7583
3,wp,WP,308,0.042964783281087875,0.042462755453586576,0.7555,0.7559
3,wp,WP,309,0.043039200484752654,0.042437954586744306,0.7615,0.7583
3,wp,WP,310,0.04319961261749267,0.04256722507476807,0.76,0.7626
3,wp,WP,311,0.04359026050567627,0.04294476734399796,0.75575,0.7597
3,wp,WP,312,0.04364329868555069,0.04290623950958252,0.76225,0.7658
3,wp,WP,313,0.04317179101705551,0.042463098096847535,0.76025,0.7637
3,wp,WP,314,0.04332584258913994,0.042798963809013366,0.7625,0.7619
3,wp,WP,315,0.043897360116243365,0.04350576903223991,0.76225,0.7605
3,wp,WP,316,0.04374584314227104,0.043049367582798,0.75625,0.7612
3,wp,WP,317,0.043992447286844254,0.04330373883843422,0.75675,0.7596
3,wp,WP,318,0.045308634161949156,0.04481973066329956,0.7445,0.7516
3,wp,WP,319,0.043351102113723755,0.04294152081608772,0.753,0.7579
3,wp,WP,320,0.043834849148988726,0.04343426288962364,0.75175,0.7552
3,wp,WP,321,0.044081193715333936,0.04369795297384262,0.7485,0.7533
3,wp,WP,322,0.04418136754631996,0.043800225001573566,0.74575,0.7526
3,wp,WP,323,0.044737152874469756,0.044096803551912304,0.74475,0.751
3,wp,WP,324,0.045136548191308974,0.044476732844114304,0.7355,0.7447
3,wp,WP,325,0.04570997199416161,0.04515287212729454,0.73375,0.741
3,wp,WP,326,0.04529232481122017,0.04488912878036499,0.7425,0.7441
3,wp,WP,327,0.044903363913297654,0.04436840093135834,0.74675,0.749
3,wp,WP,328,0.04518681767582893,0.04477001619935036,0.744,0.7478
3,wp,WP,329,0.04534427273273468,0.04485864301323891,0.74625,0.7508
3,wp,WP,330,0.04536296516656876,0.04502762517929077,0.73975,0.75
3,wp,WP,331,0.046023419022560116,0.04524430976510048,0.73975,0.7472
3,wp,WP,332,0.04596263602375984,0.04501580446362496,0.74075,0.7499
3,wp,WP,333,0.046535778373479844,0.045723191368579864,0.73675,0.7419
3,wp,WP,334,0.046474013179540634,0.04602849360704422,0.7295,0.74
3,wp,WP,335,0.045742993086576464,0.04545837806463242,0.7365,0.7417
3,wp,WP,336,0.0461524561047554,0.04569929686188698,0.73475,0.7414
3,wp,WP,337,0.04670893996953964,0.04574690107107163,0.7325,0.7391
3,wp,WP,338,0.0462807936668396,0.044861594527959826,0.732,0.7436
3,wp,WP,339,0.04523412355780602,0.043909786850214,0.7405,0.7505
3,wp,WP,340,0.04547980871796608,0.044399018210172655,0.735,0.7453
3,wp,WP,341,0.044682871252298355,0.04380195788741112,0.7455,0.7518
3,wp,WP,342,0.04618044486641884,0.045233710330724715,0.72875,0.7399
3,wp,WP,343,0.0458041590154171,0.04517887489199638,0.7245,0.7396
3,wp,WP,344,0.04558170908689499,0.045031010907888414,0.73675,0.7398
3,wp,WP,345,0.04609715202450752,0.045201514357328415,0.727,0.7359
3,wp,WP,346,0.046985715180635455,0.04614773536324501,0.72325,0.7287
3,wp,WP,347,0.04725501284003258,0.046501060950756075,0.71975,0.7261
3,wp,WP,348,0.0475401014983654,0.04691001164913178,0.72125,0.7273
3,wp,WP,349,0.047825843304395675,0.04722399210333824,0.717,0.7206
3,wp,WP,350,0.046334470808506015,0.04608688846826553,0.727,0.7325
3,wp,WP,351,0.04670642474293709,0.04627058818936348,0.7085,0.7189
3,wp,WP,352,0.04618295550346375,0.04599658954739571,0.71125,0.7244
3,wp,WP,353,0.04661642986536026,0.04626019349098206,0.72025,0.7243
3,wp,WP,354,0.04680226573348045,0.04674072032570839,0.72,0.7289
3,wp,WP,355,0.0472272013425827,0.047182385456562045,0.71725,0.7299
3,wp,WP,356,0.0478586742579937,0.047918542671203615,0.71875,0.7241
3,wp,WP,357,0.04694595617055893,0.04730213559269905,0.731,0.7334
3,wp,WP,358,0.04683720961213112,0.04713291382789612,0.72875,0.7338
3,wp,WP,359,0.04707621124386788,0.04741896463632583,0.725,0.7317
3,wp,WP,360,0.04596306794881821,0.04620345101952553,0.73175,0.7351
3,wp,WP,361,0.04618869498372078,0.046274062281847,0.72725,0.7373
3,wp,WP,362,0.0465754502415657,0.046521002739667895,0.731,0.7351
3,wp,WP,363,0.04694546255469322,0.046658692497015,0.72625,0.7366
3,wp,WP,364,0.04788948774337769,0.047568912744522095,0.72575,0.7312
3,wp,WP,365,0.047272065192461014,0.04665041844248772,0.7225,0.7302
3,wp,WP,366,0.04645448151230812,0.046057090240716934,0.73325,0.7377
3,wp,WP,367,0.04750366434454918,0.046834873932600024,0.72025,0.7295
3,wp,WP,368,0.04691463044285774,0.0466738795042038,0.72625,0.7331
3,wp,WP,369,0.0466848119199276,0.046600270819664,0.7255,0.733
3,wp,WP,370,0.047598506420850756,0.04715637331008911,0.7035,0.7169
3,wp,WP,371,0.04717403328418732,0.04672151485085487,0.71875,0.7309
3,wp,WP,372,0.047057821959257125,0.04675080935955048,0.7255,0.7371
3,wp,WP,373,0.04744567421078682,0.046847175401449205,0.71775,0.7329
3,wp,WP,374,0.047070381164550784,0.04639824849963188,0.71675,0.7308
3,wp,WP,375,0.046555400431156156,0.04604753801822662,0.719,0.7334
3,wp,WP,376,0.04704582419991493,0.04656723497509956,0.72525,0.7362
3,wp,WP,377,0.046868887841701505,0.04649612160921097,0.718,0.7302
3,wp,WP,378,0.04651173061132431,0.0463331926882267,0.71675,0.7301
3,wp,WP,379,0.04663853317499161,0.04655472823381424,0.7325,0.7431
3,wp,WP,380,0.047181622624397276,0.04683846052289009,0.7305,0.7417
3,wp,WP,381,0.04786212512850761,0.04755390852689743,0.72875,0.7391
3,wp,WP,382,0.0479412462413311,0.0479485043823719,0.72375,0.7317
3,wp,WP,383,0.04794912815093994,0.04796013379096985,0.7255,0.7367
3,wp,WP,384,0.0465774958729744,0.0464663367331028,0.73725,0.7415
3,wp,WP,385,0.04647571974992752,0.046406931495666506,0.72225,0.7256
3,wp,WP,386,0.04748498809337616,0.04729418219923973,0.73275,0.7365
3,wp,WP,387,0.046919998556375506,0.04674764744639397,0.73475,0.7398
3,wp,WP,388,0.04721810364723206,0.047116405361890795,0.7385,0.7386
3,wp,WP,389,0.04804502701759338,0.04735817224383354,0.737,0.7403
3,wp,WP,390,0.04931692597270012,0.048643094128370284,0.69725,0.7117
3,wp,WP,391,0.04877628922462463,0.04837991023659706,0.732,0.7349
3,wp,WP,392,0.0491945943236351,0.048920323580503466,0.6975,0.705
3,wp,WP,393,0.04885257235169411,0.04828986299037934,0.7295,0.7358
3,wp,WP,394,0.048494057685136795,0.0480738981127739,0.708,0.7229
3,wp,WP,395,0.04808240342140198,0.04758248248696327,0.71525,0.7263
3,wp,WP,396,0.04949699905514717,0.048971043986082076,0.70475,0.7177
3,wp,WP,397,0.049211689889431,0.048512979310750964,0.715,0.7314
3,wp,WP,398,0.04848820334672928,0.04805657605528831,0.733,0.7376
3,wp,WP,399,0.04826152929663658,0.047682908982038495,0.7265,0.7341
3,wp,WP,400,0.04914695954322815,0.048547287952899934,0.72275,0.7307
4,bp,BP,1,0.021830859437584876,0.020852254021167756,0.9045,0.9177
4,bp,BP,2,0.015996928721666335,0.015155705836415291,0.93375,0.9397
4,bp,BP,3,0.013266491375863552,0.012636166027188301,0.94125,0.9482
4,bp,BP,4,0.011546538956463338,0.011116118595004082,0.954,0.9563
4,bp,BP,5,0.010285253077745438,0.010096847048401832,0.95975,0.9619
4,bp,BP,6,0.009368568867444992,0.009267369611561299,0.96275,0.965
4,bp,BP,7,0.008530826687812805,0.008541805352270603,0.96775,0.9673
4,bp,BP,8,0.007945332124829292,0.0080206048309803,0.97025,0.9698
4,bp,BP,9,0.00755526539683342,0.007706984429061413,0.97225,0.9712
4,bp,BP,10,0.006977408025413752,0.007201208187639713,0.973,0.9729
4,bp,BP,11,0.006573557835072279,0.006947589335590601,0.978,0.9735
4,bp,BP,12,0.006251706406474113,0.0066879544213414195,0.9775,0.9742
4,bp,BP,13,0.006077290888875723,0.006566755504906177,0.98,0.9755
4,bp,BP,14,0.0056925278380513195,0.006297690177708864,0.9815,0.9757
4,bp,BP,15,0.005484883543103934,0.006194618836045265,0.98325,0.9765
4,bp,BP,16,0.005244244500994683,0.005964458982646466,0.9845,0.9774
4,bp,BP,17,0.005056623470038176,0.005842260083556175,0.9845,0.9777
4,bp,BP,18,0.004923458892852068,0.005736354773491621,0.98625,0.9787
4,bp,BP,19,0.004725117541849613,0.005616279220581054,0.98525,0.9787
4,bp,BP,20,0.004541758880019188,0.005510154420882463,0.987,0.9789
4,bp,BP,21,0.004362442869693041,0.005383799882978201,0.987,0.9797
4,bp,BP,22,0.004237351033836603,0.005293468032032251,0.9875,0.9808
4,bp,BP,23,0.004090700600296259,0.00520195227637887,0.98825,0.9808
4,bp,BP,24,0.00393282638117671,0.0051003850802779195,0.9885,0.9813
4,bp,BP,25,0.0038210054095834493,0.005054302033036947,0.989,0.981
4,bp,BP,26,0.0037068165969103574,0.005022367257624865,0.9895,0.9808
4,bp,BP,27,0.00364210956171155,0.004931199269741774,0.98925,0.9818
4,bp,BP,28,0.0035847481954842807,0.004879021645337343,0.98925,0.9812
4,bp,BP,29,0.003491525588557124,0.0048492700167000295,0.99075,0.9823
4,bp,BP,30,0.003369269974529743,0.00479446933940053,0.99075,0.9823
4,bp,BP,31,0.0032892293874174357,0.0046957066521048545,0.991,0.9827
4,bp,BP,32,0.0032975374609231947,0.004725232688337564,0.99175,0.9833
4,bp,BP,33,0.003095327951014042,0.0046504531227052216,0.99225,0.9835
4,bp,BP,34,0.0030193584728986024,0.0045720561005175115,0.99225,0.9828
4,bp,BP,35,0.0031141686309129,0.004695795791596174,0.99175,0.9836
4,bp,BP,36,0.0029066482223570347,0.004488965634256601,0.9915,0.9832
4,bp,BP,37,0.002878508673980832,0.004524390001595021,0.992,0.9837
4,bp,BP,38,0.0027788383290171625,0.004438298986107111,0.99275,0.9835
4,bp,BP,39,0.0027424471881240605,0.0044427064262330535,0.993,0.9836
4,bp,BP,40,0.002733400020748377,0.004442209129780531,0.99175,0.9824
4,bp,BP,41,0.002618672354146838,0.004402291522920132,0.99325,0.9843
4,bp,BP,42,0.0025422930270433425,0.0043471056774258615,0.993,0.9836
4,bp,BP,43,0.0025018683671951293,0.0043866919778287414,0.99375,0.9838
4,bp,BP,44,0.002410290936008096,0.004317534926533699,0.994,0.9839
4,bp,BP,45,0.0024505289662629364,0.004405491162091494,0.9945,0.9838
4,bp,BP,46,0.0023867780715227127,0.004302425686269999,0.99375,0.9838
4,bp,BP,47,0.002444946164265275,0.004378890217840672,0.994,0.9841
4,bp,BP,48,0.002299318812787533,0.004273803145438433,0.9945,0.9839
4,bp,BP,49,0.0022463592626154423,0.004287702508270741,0.995,0.984
4,bp,BP,50,0.0022225528843700885,0.004239861715584993,0.99425,0.9841
4,bp,BP,51,0.002143832540139556,0.004218747024983168,0.99525,0.984
4,bp,BP,52,0.002098814634606242,0.004191622260212898,0.995,0.9842
4,bp,BP,53,0.002087335592135787,0.0041848244585096835,0.99525,0.9847
4,bp,BP,54,0.0020229750517755745,0.004162042111903429,0.9955,0.9844
4,bp,BP,55,0.0020155464597046376,0.004199982045590877,0.99575,0.9839
4,bp,BP,56,0.0019718706123530863,0.004150079129636288,0.99525,0.9846
4,bp,BP,57,0.0019473101310431957,0.004145245017111302,0.99575,0.9844
4,bp,BP,58,0.0018767487369477749,0.004129971438646317,0.99625,0.9847
4,bp,BP,59,0.001868218770250678,0.0041074703559279445,0.99625,0.9843
4,bp,BP,60,0.0018083131220191717,0.004123228426277638,0.997,0.9841
4,bp,BP,61,0.0017940272465348244,0.0040920977756381035,0.9965,0.9846
4,bp,BP,62,0.0017427866216748952,0.00407339621335268,0.997,0.9845
4,bp,BP,63,0.0017531112730503082,0.00410360492169857,0.997,0.9848
4,bp,BP,64,0.0017540657026693224,0.004139207296818495,0.99725,0.9845
4,bp,BP,65,0.001682145893573761,0.004062417463958264,0.99675,0.9843
4,bp,BP,66,0.0017028291821479797,0.004116206891089678,0.99675,0.9851
4,bp,BP,67,0.0016500342944636942,0.004072975219786167,0.997,0.9842
4,bp,BP,68,0.0016085807839408518,0.004126998783648014,0.9975,0.9843
4,bp,BP,69,0.0015830665389075876,0.0040371301241219045,0.99775,0.9848
4,bp,BP,70,0.0016123612839728594,0.004059635122865438,0.99725,0.9846
4,bp,BP,71,0.001554577318020165,0.0040972688853740695,0.998,0.9841
4,bp,BP,72,0.0014968537855893373,0.004039372026920319,0.99825,0.9844
4,bp,BP,73,0.001548156563192606,0.004082675011456012,0.998,0.9847
4,bp,BP,74,0.0016767930975183844,0.004197404407709837,0.997,0.9843
4,bp,BP,75,0.0014653796516358852,0.003980544127523899,0.998,0.9851
4,bp,BP,76,0.0014374504871666432,0.0040313114024698735,0.998,0.9847
4,bp,BP,77,0.001475694304332137,0.004087769374251366,0.9985,0.985
4,bp,BP,78,0.0014197637662291527,0.004058712934702635,0.9985,0.9845
4,bp,BP,79,0.0013507564356550574,0.004023790966719389,0.9985,0.9847
4,bp,BP,80,0.0013691511582583189,0.003994285064190626,0.9985,0.9852
4,bp,BP,81,0.0013136651068925858,0.004026651930063963,0.99875,0.9844
4,bp,BP,82,0.0013760661548003555,0.0040555081479251385,0.999,0.9847
4,bp,BP,83,0.001327646741643548,0.004034651619940996,0.999,0.9848
4,bp,BP,84,0.001279966650530696,0.0040112805433571335,0.99925,0.9848
4,bp,BP,85,0.001250872758217156,0.003987134210020304,0.9995,0.9847
4,bp,BP,86,0.001239979825913906,0.003961903966963291,0.9995,0.9852
4,bp,BP,87,0.0012897126656025648,0.004078865823894739,0.999,0.9849
4,bp,BP,88,0.001288619540631771,0.004038495030254125,0.999,0.9852
4,bp,BP,89,0.0012115833442658186,0.0040201844625174996,0.99975,0.9848
4,bp,BP,90,0.001202153503894806,0.00403743472546339,0.9995,0.9846
4,bp,BP,91,0.0011935137771070003,0.004025571420043707,0.9995,0.9849
4,bp,BP,92,0.0011551210172474383,0.003992935393750668,0.9995,0.9844
4,bp,BP,93,0.0011730856783688068,0.004053400442749262,0.9995,0.9839
4,bp,BP,94,0.0011414881646633148,0.004045232901722193,0.9995,0.9841
4,bp,BP,95,0.0011452251747250558,0.004021020366996527,0.99975,0.9847
4,bp,BP,96,0.001202550433576107,0.004152008430659771,0.99975,0.9841
4,bp,BP,97,0.0010972127942368388,0.003961734011024237,0.99975,0.9848
4,bp,BP,98,0.0010727576250210405,0.0039931259803473946,0.9995,0.9846
4,bp,BP,99,0.001123547898605466,0.004043450057506562,1.0,0.9843
4,bp,BP,100,0.0011097062230110168,0.004005780011415482,0.9995,0.985
4,bp,BP,101,0.0010961055643856526,0.004053870230168104,0.99925,0.985
4,bp,BP,102,0.0010603142939507961,0.004043038960546255,0.9995,0.9845
4,bp,BP,103,0.0010123064797371627,0.004007614497095346,0.9995,0.9844
4,bp,BP,104,0.0009828618364408613,0.0039919661700725554,0.9995,0.9848
4,bp,BP,105,0.0009791390118189156,0.004000575415045023,0.9995,0.9849
4,bp,BP,106,0.0009529500668868422,0.003983380893617869,0.9995,0.9847
4,bp,BP,107,0.0009914681343361736,0.004018588259071112,0.9995,0.9847
4,bp,BP,108,0.0009493760722689331,0.003969119027256966,0.99975,0.9848
4,bp,BP,109,0.0009270788440480829,0.003965530549734831,0.99975,0.9847
4,bp,BP,110,0.0009335868610069155,0.004036588837951422,0.9995,0.9842
4,bp,BP,111,0.0009064007611013949,0.003996536723524332,0.99975,0.9847
4,bp,BP,112,0.0009302284214645624,0.0039822824649512764,0.99975,0.9853
4,bp,BP,113,0.0009176895297132433,0.004025754404067993,0.9995,0.9848
4,bp,BP,114,0.0008815232650376856,0.003963611346483231,0.9995,0.9848
4,bp,BP,115,0.0008636491200886666,0.003956298971176148,0.99975,0.9846
4,bp,BP,116,0.0008643304221332074,0.003968978407233954,0.99975,0.985
4,bp,BP,117,0.00086963971843943,0.00398070110976696,1.0,0.9849
4,bp,BP,118,0.0008577585737220943,0.004012397764623165,0.99975,0.9846
4,bp,BP,119,0.0008536004018969834,0.003990137661993504,0.99975,0.9845
4,bp,BP,120,0.0008283683815971017,0.0040038479834795,0.99975,0.9849
4,bp,BP,121,0.0008912400496192276,0.004036597247421741,0.99975,0.9848
4,bp,BP,122,0.000799424990080297,0.003991926608979702,0.9995,0.9844
4,bp,BP,123,0.0008633569860830903,0.0040581591725349425,0.9995,0.9847
4,bp,BP,124,0.0008185897432267666,0.004013809859752655,0.99975,0.9843
4,bp,BP,125,0.000815332277212292,0.004022714632004499,1.0,0.9844
4,bp,BP,126,0.0007723813862539828,0.004015366104245186,0.99975,0.9847
4,bp,BP,127,0.0008516349205747247,0.00405988322198391,1.0,0.9846
4,bp,BP,128,0.0007432488678023219,0.0039745076850056646,0.99975,0.9847
4,bp,BP,129,0.0007528751865029335,0.003977013389021158,1.0,0.9846
4,bp,BP,130,0.0007482105763629078,0.004026369640231132,0.99975,0.9846
4,bp,BP,131,0.0007551956064999104,0.003998020315170288,0.9995,0.9845
4,bp,BP,132,0.0007263040887191892,0.004003075505048036,0.9995,0.9846
4,bp,BP,133,0.0007325678868219256,0.0040132498778402805,1.0,0.9843
4,bp,BP,134,0.0007505947933532297,0.004038087046146393,0.9995,0.9845
4,bp,BP,135,0.0007475827038288116,0.003998000708222389,0.99975,0.9849
4,bp,BP,136,0.0007114012073725462,0.0040355586856603625,0.99975,0.9844
4,bp,BP,137,0.0007099724467843771,0.004035591070353985,0.99975,0.9841
4,bp,BP,138,0.0006862802058458328,0.00398618406355381,0.99975,0.9845
4,bp,BP,139,0.0007734295921400189,0.004081327655911446,0.9995,0.9853
4,bp,BP,140,0.0006766110821627081,0.003992930073291063,0.99975,0.9844
4,bp,BP,141,0.0007177747888490558,0.004042691263556481,0.99975,0.9848
4,bp,BP,142,0.0006932609798386693,0.004040371398627758,0.99975,0.9842
4,bp,BP,143,0.0006584426504559815,0.003975802195817232,0.99975,0.9846
4,bp,BP,144,0.0006651605437509716,0.0040111493147909644,0.99975,0.9847
4,bp,BP,145,0.0007063484154641628,0.004066650366038084,1.0,0.9846
4,bp,BP,146,0.0007194974585436285,0.004057241930812598,0.99975,0.9849
4,bp,BP,147,0.0006446278505027294,0.004049572278559208,1.0,0.9842
4,bp,BP,148,0.0006456875782459975,0.0040292115613818165,0.99975,0.9847
4,bp,BP,149,0.0006429730313830078,0.0040418323338031765,1.0,0.9844
4,bp,BP,150,0.0006208427073433995,0.004027133377641439,1.0,0.9841
4,bp,BP,151,0.000652335926424712,0.004016962710767984,0.99975,0.9848
4,bp,BP,152,0.0006467876471579075,0.004065310794860125,0.99975,0.9847
4,bp,BP,153,0.0006321460357867181,0.004062953186035156,1.0,0.984
4,bp,BP,154,0.0006130051757209003,0.0040373270787298675,1.0,0.9841
4,bp,BP,155,0.0006021804977208376,0.00403191469013691,0.99975,0.9847
4,bp,BP,156,0.0005847245426848531,0.004039066381752491,1.0,0.9845
4,bp,BP,157,0.0005829612561501562,0.004025813353806734,0.99975,0.9845
4,bp,BP,158,0.0006009092493914068,0.0040728837884962555,0.99975,0.9844
4,bp,BP,159,0.0005795882199890912,0.004024417867511511,1.0,0.9843
4,bp,BP,160,0.0005894639366306365,0.00407074773684144,0.99975,0.9845
4,bp,BP,161,0.0005604098835028708,0.004029976961761713,0.99975,0.9846
4,bp,BP,162,0.0005794215425848961,0.00403366299495101,1.0,0.9843
4,bp,BP,163,0.0005839337878860533,0.004055979584157467,0.99975,0.9845
4,bp,BP,164,0.0005729418783448636,0.0040795528128743175,1.0,0.9847
4,bp,BP,165,0.0005841565686278045,0.004107954148203134,0.99975,0.9842
4,bp,BP,166,0.0005589531213045121,0.004031710888445377,1.0,0.9848
4,bp,BP,167,0.0005670687570236623,0.004084325866401195,1.0,0.9843
4,bp,BP,168,0.0005458060163073242,0.004053316846489906,1.0,0.9842
4,bp,BP,169,0.0005437344512902201,0.004068300993740559,1.0,0.9847
4,bp,BP,170,0.0005533251701854169,0.0040779913671314715,0.99975,0.9848
4,bp,BP,171,0.0005610091271810233,0.004096089361608028,0.99975,0.984
4,bp,BP,172,0.0005370056056417525,0.004090524830669164,1.0,0.9845
4,bp,BP,173,0.0005177056069951505,0.004075879702717066,1.0,0.9844
4,bp,BP,174,0.0005239644129760564,0.004080062671750784,1.0,0.9848
4,bp,BP,175,0.0005156060545705259,0.004078322786092758,1.0,0.9845
4,bp,BP,176,0.0005118114892393351,0.0040767285875976085,1.0,0.9847
4,bp,BP,177,0.0004842489778529853,0.004056863226741553,1.0,0.9845
4,bp,BP,178,0.0005139527372084558,0.004078238642960787,1.0,0.9844
4,bp,BP,179,0.0005555675588548183,0.004127022022753954,1.0,0.9846
4,bp,BP,180,0.0004839452218730003,0.0040857506491243836,1.0,0.9844
4,bp,BP,181,0.0005320362290367484,0.00413114464879036,0.99975,0.9841
4,bp,BP,182,0.00048314366745762525,0.004085212511569261,1.0,0.9843
4,bp,BP,183,0.0004833332318812609,0.004090040511637926,1.0,0.9841
4,bp,BP,184,0.00046262119337916373,0.0040804526321589945,1.0,0.9846
4,bp,BP,185,0.0004794848156161606,0.0041020273320376876,1.0,0.9842
4,bp,BP,186,0.00048819201416336,0.00407968275398016,1.0,0.9845
4,bp,BP,187,0.0005006406423635781,0.004127755819261074,1.0,0.9843
4,bp,BP,188,0.00046817260957323015,0.004103628302365541,0.99975,0.9845
4,bp,BP,189,0.0004606274142861366,0.0040941221222281455,1.0,0.9847
4,bp,BP,190,0.0004891622012946755,0.004135880564153194,1.0,0.9834
4,bp,BP,191,0.0004571014237590134,0.004105110736936331,1.0,0.9845
4,bp,BP,192,0.00044978473917581144,0.004115241983532906,1.0,0.9841
4,bp,BP,193,0.0004543087386991829,0.004091305650025606,1.0,0.9846
4,bp,BP,194,0.0004499229290522635,0.004104886232316494,1.0,0.9842
4,bp,BP,195,0.000455403525615111,0.004104828000813723,1.0,0.9844
4,bp,BP,196,0.000443066295934841,0.004101914913207293,1.0,0.9842
4,bp,BP,197,0.00043472196557559073,0.004096173472702503,1.0,0.9841
4,bp,BP,198,0.00044668725063093005,0.004115577644109726,1.0,0.9845
4,bp,BP,199,0.00042740093590691683,0.0041096883133053775,1.0,0.9844
4,bp,BP,200,0.00041883505997247994,0.0040908213019371035,1.0,0.9841
4,bp,BP,201,0.00042747783358208834,0.004126474763453007,1.0,0.9843
4,bp,BP,202,0.00042751425341702997,0.0041194215007126335,1.0,0.9842
4,bp,BP,203,0.0004069887911900878,0.004099772414565086,1.0,0.984
4,bp,BP,204,0.0004198919639457017,0.0041036603584885594,1.0,0.9842
4,bp,BP,205,0.0004348856022115797,0.004122017747908831,1.0,0.984
4,bp,BP,206,0.00040659141074866055,0.004127267991751432,1.0,0.9842
4,bp,BP,207,0.0005187484254129231,0.004223132497072219,1.0,0.9841
4,bp,BP,208,0.0004155956113245338,0.004117958177626133,1.0,0.9841
4,bp,BP,209,0.0004252021450083703,0.004152837123721838,1.0,0.9842
4,bp,BP,210,0.0004410828505642712,0.0041529760211706165,0.99975,0.9838
4,bp,BP,211,0.0003934652018360794,0.004123272097110748,1.0,0.9841
4,bp,BP,212,0.000403757066000253,0.004139626723527908,1.0,0.984
4,bp,BP,213,0.0004238068666309118,0.004163719503581524,1.0,0.9838
4,bp,BP,214,0.0004113534677308053,0.00414009914919734,0.99975,0.9842
4,bp,BP,215,0.0003991114583332092,0.0041446122579276564,1.0,0.9839
4,bp,BP,216,0.00039121165312826635,0.004127085302025079,1.0,0.9845
4,bp,BP,217,0.0003781801471486688,0.0041313518889248375,1.0,0.9843
4,bp,BP,218,0.00037942770030349493,0.004139442014694214,1.0,0.9844
4,bp,BP,219,0.0004342109770514071,0.0041972774796187875,1.0,0.984
4,bp,BP,220,0.00042856554291211067,0.004200434525310993,1.0,0.9838
4,bp,BP,221,0.0003859918850939721,0.004150652232021094,1.0,0.9843
4,bp,BP,222,0.00040354351163841785,0.004146702178567648,1.0,0.9841
4,bp,BP,223,0.00037116703158244493,0.004116811878234148,1.0,0.9838
4,bp,BP,224,0.0003674330129288137,0.004149802421033383,1.0,0.9835
4,bp,BP,225,0.0004087402776349336,0.0041707328669726845,1.0,0.9843
4,bp,BP,226,0.0003908658241853118,0.004190707831084728,1.0,0.9839
4,bp,BP,227,0.0003544430157635361,0.0041344699114561085,1.0,0.9839
4,bp,BP,228,0.00037174824741669,0.004182804802805185,1.0,0.9836
4,bp,BP,229,0.0003542945967055857,0.00414306365698576,1.0,0.9839
4,bp,BP,230,0.0003568115467205644,0.004139842636883259,1.0,0.9842
4,bp,BP,231,0.000361943235155195,0.004160978267341852,1.0,0.9836
4,bp,BP,232,0.0003569472162052989,0.004172443821281195,1.0,0.9838
4,bp,BP,233,0.00034913183865137396,0.0041310857638716695,1.0,0.9838
4,bp,BP,234,0.00034217086411081257,0.004161191330105066,1.0,0.984
4,bp,BP,235,0.00033977983566001055,0.004157460133731365,1.0,0.984
4,bp,BP,236,0.0003384998484980315,0.004157503411173821,1.0,0.9839
4,bp,BP,237,0.000339477103902027,0.004142688141018152,1.0,0.9837
4,bp,BP,238,0.000367799392901361,0.004163204983621836,1.0,0.9839
4,bp,BP,239,0.0003724329564720392,0.004191819785535336,1.0,0.9838
4,bp,BP,240,0.0003330946422647685,0.0041468293927609924,1.0,0.9838
4,bp,BP,241,0.0003759735124185681,0.004187242253869772,1.0,0.9839
4,bp,BP,242,0.0003406844702549279,0.004164153700321913,1.0,0.9839
4,bp,BP,243,0.00032765508140437304,0.004158151965588331,1.0,0.9833
4,bp,BP,244,0.00033683668426238,0.004158653675764799,1.0,0.984
4,bp,BP,245,0.00033550550695508717,0.0041685041584074494,1.0,0.9839
4,bp,BP,246,0.0003390076090581715,0.004195634169131517,1.0,0.984
4,bp,BP,247,0.000325406905496493,0.004162197648733854,1.0,0.9839
4,bp,BP,248,0.0003168196917977184,0.004164889042079449,1.0,0.984
4,bp,BP,249,0.00031518589262850583,0.004164681880176067,1.0,0.9838
4,bp,BP,250,0.00031812739605084064,0.004177283487468958,1.0,0.9836
4,bp,BP,251,0.0003106579033192247,0.004159021952748298,1.0,0.9839
4,bp,BP,252,0.00032255145139060916,0.00418982956558466,1.0,0.9841
4,bp,BP,253,0.0003374245245940983,0.004198756746202707,1.0,0.9841
4,bp,BP,254,0.0003171495597343892,0.004188585737347603,1.0,0.9835
4,bp,BP,255,0.00030260183522477747,0.004165174455195666,1.0,0.9839
4,bp,BP,256,0.00034427272900938987,0.00418718514367938,1.0,0.9836
4,bp,BP,257,0.0003368547449354082,0.004191686782985925,1.0,0.9839
4,bp,BP,258,0.00029789478913880887,0.004166841324418783,1.0,0.9843
4,bp,BP,259,0.00030920861032791435,0.004192398793250322,1.0,0.984
4,bp,BP,260,0.00030410110182128847,0.004173852417618036,1.0,0.9839
4,bp,BP,261,0.0002959110978990793,0.004173489169776439,1.0,0.9835
4,bp,BP,262,0.00029588389443233607,0.004201039365679025,1.0,0.984
4,bp,BP,263,0.0003287441316060722,0.004222547995299101,1.0,0.9838
4,bp,BP,264,0.00031827515666373073,0.004214453283697367,1.0,0.984
4,bp,BP,265,0.00029460047441534696,0.0041878682993352415,1.0,0.9838
4,bp,BP,266,0.000303306077606976,0.0041900314927101135,1.0,0.9836
4,bp,BP,267,0.000305519710527733,0.0042039265342056755,1.0,0.9837
4,bp,BP,268,0.00030355506110936405,0.004197751484811306,1.0,0.9836
4,bp,BP,269,0.0003133150110952556,0.00422713648378849,1.0,0.9839
4,bp,BP,270,0.00031253248872235417,0.004239541030675173,1.0,0.984
4,bp,BP,271,0.0002826885253889486,0.004176795408129692,1.0,0.9839
4,bp,BP,272,0.000285756403580308,0.004191534546762705,1.0,0.9839
4,bp,BP,273,0.0002941688734572381,0.004194769988954067,1.0,0.9837
4,bp,BP,274,0.0002768973279744387,0.0041996087580919265,1.0,0.9838
4,bp,BP,275,0.0002783566329162568,0.004194009090214968,1.0,0.9839
4,bp,BP,276,0.00026836849038954825,0.004205368953943253,1.0,0.9833
4,bp,BP,277,0.0002689093500375748,0.004194693642854691,1.0,0.9838
4,bp,BP,278,0.0002708550379611552,0.00419612575173378,1.0,0.9838
4,bp,BP,279,0.00031627734936773776,0.004248220880329609,1.0,0.9835
4,bp,BP,280,0.0002803437020629644,0.0042103216804564,1.0,0.9842
4,bp,BP,281,0.00027325812017079445,0.004204807590693235,1.0,0.9838
4,bp,BP,282,0.0002866937343496829,0.004210050009936094,1.0,0.9836
4,bp,BP,283,0.0003506706564221531,0.0042830431163311,1.0,0.9837
4,bp,BP,284,0.000331978996982798,0.00427222388163209,1.0,0.9836
4,bp,BP,285,0.00029425227246247234,0.004219804027676582,1.0,0.984
4,bp,BP,286,0.0002478227858664468,0.00420266974568367,1.0,0.9837
4,bp,BP,287,0.0002545456930529326,0.004220656292140484,1.0,0.9837
4,bp,BP,288,0.0002670376140158623,0.0042320780135691165,1.0,0.9829
4,bp,BP,289,0.00027365969482343646,0.004235780780762434,1.0,0.9836
4,bp,BP,290,0.0002607976598665118,0.004210308516770601,1.0,0.9838
4,bp,BP,291,0.00027571667404845357,0.004235218206048012,1.0,0.9838
4,bp,BP,292,0.00024505995586514474,0.004199310587346554,1.0,0.9834
4,bp,BP,293,0.0002573930894723162,0.004223551630228758,1.0,0.9836
4,bp,BP,294,0.0002502411970635876,0.0042099855966866015,1.0,0.9835
4,bp,BP,295,0.00027252541133202614,0.004246320696920157,1.0,0.9837
4,bp,BP,296,0.0002452394003048539,0.004210769000649452,1.0,0.9833
4,bp,BP,297,0.00025726253865286707,0.004222230049222708,1.0,0.9834
4,bp,BP,298,0.00026670056558214127,0.004227678319811821,1.0,0.9834
4,bp,BP,299,0.000246470088372007,0.004241711861640215,1.0,0.9839
4,bp,BP,300,0.00024614188715349884,0.0042178969494998456,1.0,0.9836
4,bp,BP,301,0.0002431441635126248,0.004211650206893683,1.0,0.9834
4,bp,BP,302,0.0002497500308090821,0.0042225061826407905,1.0,0.9834
4,bp,BP,303,0.000231838982203044,0.004217206040024757,1.0,0.9836
4,bp,BP,304,0.00025554962968453763,0.004256951552629471,1.0,0.9834
4,bp,BP,305,0.00023943544935900717,0.004217382299900055,1.0,0.9836
4,bp,BP,306,0.00023588251834735275,0.004223201283812523,1.0,0.9832
4,bp,BP,307,0.00024922506068833175,0.004235708692669869,1.0,0.9838
4,bp,BP,308,0.00024760345218237487,0.004228657573461533,1.0,0.9833
4,bp,BP,309,0.00025267746893223374,0.0042597480863332746,1.0,0.9834
4,bp,BP,310,0.00030206724908202887,0.004282287997752428,1.0,0.9834
4,bp,BP,311,0.0002328997632721439,0.0042402508251369,1.0,0.9836
4,bp,BP,312,0.00027555569133255633,0.004279259426146746,1.0,0.983
4,bp,BP,313,0.00024494677013717594,0.004274416908621788,1.0,0.9835
4,bp,BP,314,0.00022791295393835754,0.004235194699466228,1.0,0.9835
4,bp,BP,315,0.00024355326918885112,0.004250495481491089,1.0,0.9833
4,bp,BP,316,0.00024167621100787073,0.00424524849280715,1.0,0.9832
4,bp,BP,317,0.0002457923397887498,0.004246238929778337,1.0,0.9833
4,bp,BP,318,0.00022620522766374053,0.004234623634070158,1.0,0.9834
4,bp,BP,319,0.0002396191970910877,0.004268728042393923,1.0,0.983
4,bp,BP,320,0.00022462616360280664,0.004244996866583824,1.0,0.9831
4,bp,BP,321,0.00021706529229413717,0.0042403914891183375,1.0,0.9832
4,bp,BP,322,0.00026301999669522047,0.004271217802166939,1.0,0.9834
4,bp,BP,323,0.00023083029966801405,0.004263203554600477,1.0,0.9831
4,bp,BP,324,0.00021667156752664597,0.004230973568558693,1.0,0.9834
4,bp,BP,325,0.00022637427190784365,0.004251588903367519,1.0,0.9832
4,bp,BP,326,0.00023426219238899647,0.0042574353210628035,1.0,0.983
4,bp,BP,327,0.00021357461588922887,0.004237663716822862,1.0,0.9829
4,bp,BP,328,0.00022444755129981785,0.004260088624805212,1.0,0.9828
4,bp,BP,329,0.0002168906853767112,0.004247504392266273,1.0,0.9826
4,bp,BP,330,0.0002242054153466597,0.0042439314618706704,1.0,0.9835
4,bp,BP,331,0.00021300847956445067,0.004255767773091793,1.0,0.9832
4,bp,BP,332,0.00022216247057076544,0.0042545654848217965,1.0,0.9833
4,bp,BP,333,0.00020961730089038612,0.004254776562005282,1.0,0.9829
4,bp,BP,334,0.0002099731988273561,0.00424633052945137,1.0,0.9834
4,bp,BP,335,0.00023645812831819056,0.004260150175541639,1.0,0.983
4,bp,BP,336,0.00020453102805186062,0.00424162195622921,1.0,0.9831
4,bp,BP,337,0.00021691664902027697,0.004256303633749485,1.0,0.983
4,bp,BP,338,0.00021347952098585665,0.004260906974971295,1.0,0.983
4,bp,BP,339,0.00021982833743095398,0.004275218947976828,1.0,0.9828
4,bp,BP,340,0.0002065128416288644,0.004272689540684223,1.0,0.9835
4,bp,BP,341,0.0001991604210343212,0.0042448783241212365,1.0,0.9829
4,bp,BP,342,0.00022307212359737604,0.004271768493950367,1.0,0.9829
4,bp,BP,343,0.00023343735933303834,0.004278136332333088,1.0,0.9834
4,bp,BP,344,0.00020341173908673227,0.004260328076034784,1.0,0.983
4,bp,BP,345,0.0002001948655815795,0.004255725185573101,1.0,0.9831
4,bp,BP,346,0.00020566791645251214,0.004272214014828205,1.0,0.9834
4,bp,BP,347,0.00022885520732961596,0.00429659396559,1.0,0.983
4,bp,BP,348,0.0002060040346113965,0.004268764297664165,1.0,0.9831
4,bp,BP,349,0.00022751210734713823,0.00428280423283577,1.0,0.983
4,bp,BP,350,0.00021943421417381615,0.004283443165570498,1.0,0.9829
4,bp,BP,351,0.00019043064850848167,0.004248404562473297,1.0,0.9832
4,bp,BP,352,0.0002164615022484213,0.0042751072615385055,1.0,0.9829
4,bp,BP,353,0.00020164051931351423,0.004272240047901869,1.0,0.9833
4,bp,BP,354,0.00019662207853980362,0.004263635040074587,1.0,0.9827
4,bp,BP,355,0.00020564460882451386,0.004287113683670759,1.0,0.9829
4,bp,BP,356,0.00019790946971625089,0.004277689182013273,1.0,0.983
4,bp,BP,357,0.000197791644372046,0.004274722735583782,1.0,0.9827
4,bp,BP,358,0.00020374374801758677,0.004295711398869753,1.0,0.983
4,bp,BP,359,0.00019590786984190344,0.004277184219658375,1.0,0.9826
4,bp,BP,360,0.00020638362294994294,0.004296387711912393,1.0,0.9829
4,bp,BP,361,0.00019548581214621664,0.004273789197206497,1.0,0.9832
4,bp,BP,362,0.00018222643004264682,0.004265663960576057,1.0,0.9833
4,bp,BP,363,0.00020277625042945145,0.004283923660218716,1.0,0.983
4,bp,BP,364,0.00019626993429847062,0.004286813498288393,1.0,0.9827
4,bp,BP,365,0.00019338836823590099,0.004281388948112726,1.0,0.9829
4,bp,BP,366,0.0001874148033093661,0.004287569603323937,1.0,0.9828
4,bp,BP,367,0.00019513373274821787,0.00428292490914464,1.0,0.9828
4,bp,BP,368,0.0001908297825139016,0.00428682511523366,1.0,0.9824
4,bp,BP,369,0.00020107265072874726,0.004309310565888882,1.0,0.9829
4,bp,BP,370,0.00018387146049644797,0.0042674464650452135,1.0,0.9828
4,bp,BP,371,0.00019648368377238513,0.004294667716324329,1.0,0.9826
4,bp,BP,372,0.0001774609899148345,0.004275436556339264,1.0,0.9827
4,bp,BP,373,0.00018575033429078759,0.0042990407332777975,1.0,0.9827
4,bp,BP,374,0.00018276962637901305,0.0042827472917735575,1.0,0.9827
4,bp,BP,375,0.00019167345971800388,0.004296587724983692,1.0,0.9826
4,bp,BP,376,0.0002273904049070552,0.00433944433182478,1.0,0.9832
4,bp,BP,377,0.00019094025681260974,0.004294406390935182,1.0,0.9825
4,bp,BP,378,0.00017655318637844176,0.004288434575498104,1.0,0.9825
4,bp,BP,379,0.0001858485387638211,0.004304460120201111,1.0,0.9825
4,bp,BP,380,0.00017060307261999698,0.004290623999387026,1.0,0.9826
4,bp,BP,381,0.00021708115108776837,0.00433724245801568,1.0,0.9826
4,bp,BP,382,0.00019811871030833573,0.0043157171532511715,1.0,0.9828
4,bp,BP,383,0.00018178104516118764,0.004289820262789726,1.0,0.9827
4,bp,BP,384,0.00019118263316340745,0.004308061680942774,1.0,0.9826
4,bp,BP,385,0.00016859387420117855,0.00428637398853898,1.0,0.983
4,bp,BP,386,0.00017597176961135118,0.004281472551822662,1.0,0.9829
4,bp,BP,387,0.00019010421191342176,0.004316983549296856,1.0,0.9827
4,bp,BP,388,0.00018041942699346692,0.004303300589323044,1.0,0.9825
4,bp,BP,389,0.00017922385362908243,0.004308702446520329,1.0,0.9829
4,bp,BP,390,0.0001719238025834784,0.004300365123897791,1.0,0.9826
4,bp,BP,391,0.00018126777978613972,0.004306609831750393,1.0,0.9827
4,bp,BP,392,0.00019028974021784961,0.004315897258371114,1.0,0.9827
4,bp,BP,393,0.00017056486976798623,0.004289195984601975,1.0,0.9828
4,bp,BP,394,0.00017010215274058281,0.00430271432697773,1.0,0.9823
4,bp,BP,395,0.00017689805664122105,0.004303708567470312,1.0,0.9827
4,bp,BP,396,0.000178749511949718,0.004301727497577667,1.0,0.9828
4,bp,BP,397,0.00016941438720095901,0.004300903251767158,1.0,0.9827
4,bp,BP,398,0.00018521613534539937,0.004322108349204063,1.0,0.9825
4,bp,BP,399,0.00016658558836206793,0.004304705511778593,1.0,0.9823
4,bp,BP,400,0.00015988956321962177,0.004313880848139525,1.0,0.9822
4,np,IS NP,1,0.08106670141220093,0.08073889646530151,0.4295,0.4412
4,np,IS NP,2,0.06713363039493561,0.0667633603811264,0.63775,0.6587
4,np,IS NP,3,0.057762142091989516,0.057284541642665866,0.72725,0.7361
4,np,IS NP,4,0.052228219121694563,0.05160595613121986,0.756,0.7651
4,np,IS NP,5,0.04805759614706039,0.04740168096423149,0.7825,0.7836
4,np,IS NP,6,0.04489790576696396,0.04400884038209915,0.797,0.8127
4,np,IS NP,7,0.041968330949544906,0.04109203196167946,0.803,0.8152
4,np,IS NP,8,0.039773123294115066,0.038863370090723035,0.83375,0.8417
4,np,IS NP,9,0.03702272501587868,0.03600675521492958,0.82875,0.8406
4,np,IS NP,10,0.03543145188689232,0.03455617418289184,0.83675,0.8452
4,np,IS NP,11,0.03486055752635002,0.034183363956213,0.85175,0.8604
4,np,IS NP,12,0.03245870903134346,0.031460854306817054,0.8695,0.875
4,np,IS NP,13,0.030957399517297746,0.03017678450345993,0.8735,0.883
4,np,IS NP,14,0.02870658014714718,0.027926466363668443,0.87375,0.8818
4,np,IS NP,15,0.02772366917133331,0.0268640937179327,0.878,0.8862
4,np,IS NP,16,0.0285224516838789,0.02754377854168415,0.88,0.8881
4,np,IS NP,17,0.026609103813767434,0.025489493805170058,0.88175,0.8914
4,np,IS NP,18,0.026378043025732042,0.025436720976233482,0.878,0.8913
4,np,IS NP,19,0.02527834802865982,0.024262834003567695,0.8845,0.895
4,np,IS NP,20,0.02472679950296879,0.02360149772465229,0.88725,0.8944
4,np,IS NP,21,0.024548539608716963,0.023586879479885102,0.8905,0.8988
4,np,IS NP,22,0.02313674657046795,0.02199841760098934,0.8915,0.9023
4,np,IS NP,23,0.02293100044131279,0.021888963508605957,0.89,0.9026
4,np,IS NP,24,0.022846942782402038,0.021920877048373224,0.8915,0.9015
4,np,IS NP,25,0.022969915702939034,0.022094000259041787,0.89075,0.9005
4,np,IS NP,26,0.02243143151700497,0.021445270147919655,0.893,0.9045
4,np,IS NP,27,0.022332888156175613,0.021294978296756743,0.89275,0.9017
4,np,IS NP,28,0.023200862184166907,0.022198679399490356,0.89075,0.903
4,np,IS NP,29,0.02164810672402382,0.020482955691218375,0.89775,0.9078
4,np,IS NP,30,0.02133693204820156,0.020277532607316972,0.902,0.9116
4,np,IS NP,31,0.02104962933063507,0.02013933760523796,0.89825,0.9091
4,np,IS NP,32,0.020452715158462524,0.019093778625130654,0.89825,0.9161
4,np,IS NP,33,0.02046651704609394,0.01933830402493477,0.90375,0.9123
4,np,IS NP,34,0.020428102239966394,0.01941955133378506,0.906,0.9158
4,np,IS NP,35,0.020723666027188302,0.019866925075650216,0.9015,0.9124
4,np,IS NP,36,0.020097839593887327,0.019217696091532708,0.9035,0.9154
4,np,IS NP,37,0.020800814658403395,0.019609124502539634,0.9025,0.912
4,np,IS NP,38,0.02024369689822197,0.01897750913798809,0.905,0.9164
4,np,IS NP,39,0.020004499822854994,0.018853064227104185,0.90575,0.9179
4,np,IS NP,40,0.020238477304577826,0.019186630138754844,0.90825,0.9163
4,np,IS NP,41,0.019741727337241173,0.01843992953002453,0.90675,0.9182
4,np,IS NP,42,0.01931255780160427,0.018264789083600044,0.90825,0.9161
4,np,IS NP,43,0.01937374359369278,0.01858881072103977,0.91175,0.9158
4,np,IS NP,44,0.019622757494449614,0.018692120867967607,0.90775,0.9156
4,np,IS NP,45,0.018900539726018906,0.018133486741781234,0.91325,0.9155
4,np,IS NP,46,0.018831123188138007,0.017986479011178017,0.907,0.916
4,np,IS NP,47,0.01897831454873085,0.018006175619363785,0.912,0.9196
4,np,IS NP,48,0.018872094601392747,0.01793091378211975,0.9145,0.9218
4,np,IS NP,49,0.018780624091625214,0.017705291762948036,0.915,0.923
4,np,IS NP,50,0.019086984172463416,0.017986700624227525,0.91275,0.9182
4,np,IS NP,51,0.01791533297300339,0.016992642557621004,0.914,0.9217
4,np,IS NP,52,0.017534280598163605,0.016756925427913665,0.9175,0.9245
4,np,IS NP,53,0.01749069918692112,0.016677806532382964,0.9155,0.9255
4,np,IS NP,54,0.017692638158798218,0.01683710808455944,0.9165,0.9257
4,np,IS NP,55,0.01740193036198616,0.016349281176924704,0.91875,0.9264
4,np,IS NP,56,0.017577212810516357,0.016660478469729425,0.91525,0.9256
4,np,IS NP,57,0.01757895565032959,0.016638983327150345,0.917,0.9262
4,np,IS NP,58,0.017702867612242698,0.016742414236068724,0.9165,0.9254
4,np,IS NP,59,0.017215061277151108,0.01628352299630642,0.91825,0.9228
4,np,IS NP,60,0.017164381220936775,0.016248194727301598,0.92125,0.9291
4,np,IS NP,61,0.01649136945605278,0.015768358197808266,0.92325,0.9289
4,np,IS NP,62,0.017367770105600356,0.016860806629061698,0.91675,0.9249
4,np,IS NP,63,0.0173278529047966,0.016539303520321846,0.92375,0.929
4,np,IS NP,64,0.017328719571232797,0.01644593109488487,0.918,0.9277
4,np,IS NP,65,0.016688345968723296,0.015864751464128496,0.92125,0.9289
4,np,IS NP,66,0.017099038764834405,0.01646204333603382,0.92125,0.9297
4,np,IS NP,67,0.017812653675675392,0.01703054248392582,0.917,0.9248
4,np,IS NP,68,0.017009558513760566,0.016065320014953612,0.91825,0.9274
4,np,IS NP,69,0.01699981887638569,0.016106428316235544,0.92025,0.9316
4,np,IS NP,70,0.017427086442708968,0.016651271158456802,0.92175,0.9298
4,np,IS NP,71,0.01634550932049751,0.015622338710725308,0.92075,0.9294
4,np,IS NP,72,0.016511039644479752,0.015553419810533523,0.92275,0.9328
4,np,IS NP,73,0.016305174127221107,0.01532492152452469,0.927,0.9332
4,np,IS NP,74,0.015546163260936737,0.014639310294389725,0.9295,0.9358
4,np,IS NP,75,0.016101582914590837,0.015417152401804924,0.92825,0.9346
4,np,IS NP,76,0.01569126655161381,0.014932370474934578,0.92975,0.9344
4,np,IS NP,77,0.015399385094642639,0.0147450419485569,0.92825,0.9327
4,np,IS NP,78,0.015445064038038255,0.014700360555946828,0.926,0.9341
4,np,IS NP,79,0.01597363556921482,0.015074395744502544,0.92525,0.9352
4,np,IS NP,80,0.015783523991703987,0.015058053641021252,0.92625,0.9337
4,np,IS NP,81,0.015289202690124511,0.014686275607347489,0.92875,0.9358
4,np,IS NP,82,0.015397674098610878,0.01472180491834879,0.92825,0.937
4,np,IS NP,83,0.015356221944093704,0.014703552477061748,0.92825,0.9358
4,np,IS NP,84,0.01602424058318138,0.015193164972960948,0.92875,0.9367
4,np,IS NP,85,0.016192078679800034,0.015208285409212112,0.93,0.936
4,np,IS NP,86,0.015544919043779373,0.014680458137392998,0.93075,0.9367
4,np,IS NP,87,0.015623560935258865,0.014550990967452526,0.92775,0.9369
4,np,IS NP,88,0.015791446834802627,0.015066074360907077,0.9275,0.9361
4,np,IS NP,89,0.015673179268836976,0.014763460104167462,0.92775,0.9382
4,np,IS NP,90,0.01563758261501789,0.014743203668296337,0.92675,0.9354
4,np,IS NP,91,0.015023090302944183,0.014385024704039098,0.9285,0.9352
4,np,IS NP,92,0.014766815721988678,0.014159403690695762,0.92875,0.9367
4,np,IS NP,93,0.015107610523700713,0.014631113517284394,0.926,0.9341
4,np,IS NP,94,0.014730318740010262,0.014108741307258607,0.9325,0.9362
4,np,IS NP,95,0.01506287007033825,0.014192048986256122,0.929,0.9381
4,np,IS NP,96,0.015105155110359193,0.014405362248420716,0.9315,0.9382
4,np,IS NP,97,0.01496702667325735,0.014393388947844506,0.932,0.9396
4,np,IS NP,98,0.014771981991827488,0.014074895659089088,0.92975,0.9388
4,np,IS NP,99,0.014454423353075981,0.013812152343988419,0.92975,0.9381
4,np,IS NP,100,0.014554184332489967,0.013920478159189224,0.92925,0.9386
4,np,IS NP,101,0.014583015568554401,0.013956808273494244,0.93025,0.939
4,np,IS NP,102,0.014703531056642532,0.014242073222994804,0.931,0.9392
4,np,IS NP,103,0.014190911047160625,0.013670429545640945,0.93,0.9387
4,np,IS NP,104,0.014495025172829627,0.014025075820088386,0.92975,0.9377
4,np,IS NP,105,0.014246415451169014,0.013720610179007053,0.93025,0.9393
4,np,IS NP,106,0.01426373080164194,0.013837147089838981,0.9295,0.937
4,np,IS NP,107,0.014317417822778225,0.0140955820068717,0.93,0.9369
4,np,IS NP,108,0.01401035938411951,0.01359844827502966,0.93175,0.9399
4,np,IS NP,109,0.014182343572378159,0.013510853865742684,0.92925,0.9388
4,np,IS NP,110,0.014337623067200184,0.013889412884414197,0.92825,0.9401
4,np,IS NP,111,0.013867331884801389,0.01342663730531931,0.9335,0.9427
4,np,IS NP,112,0.013869435086846352,0.013313753880560398,0.9355,0.9429
4,np,IS NP,113,0.014174041144549846,0.013933292603492737,0.938,0.9409
4,np,IS NP,114,0.013624401807785035,0.013325997158885002,0.9335,0.9417
4,np,IS NP,115,0.013653436504304409,0.013327286820113658,0.9375,0.9414
4,np,IS NP,116,0.013469381295144557,0.013120808520913125,0.93625,0.9424
4,np,IS NP,117,0.013106530286371708,0.012903817597031594,0.937,0.9421
4,np,IS NP,118,0.013647024244070053,0.013547141993045807,0.9355,0.9398
4,np,IS NP,119,0.013941230349242687,0.01376035367846489,0.93975,0.9411
4,np,IS NP,120,0.014024490840733051,0.013766189178824426,0.9335,0.9392
4,np,IS NP,121,0.01381162567436695,0.013351106151938439,0.93475,0.9406
4,np,IS NP,122,0.01357023948431015,0.012992802833020687,0.93425,0.9421
4,np,IS NP,123,0.014101205229759215,0.013491954372823238,0.933,0.9412
4,np,IS NP,124,0.013765121459960937,0.013213687348365784,0.93475,0.9406
4,np,IS NP,125,0.013909638196229935,0.013404865825176238,0.9365,0.9424
4,np,IS NP,126,0.013769802160561085,0.013319386857748031,0.93625,0.9441
4,np,IS NP,127,0.014034919433295727,0.013533688616752625,0.93675,0.9434
4,np,IS NP,128,0.013518503047525882,0.012961596836149692,0.93675,0.9422
4,np,IS NP,129,0.013809290826320647,0.013180432888865471,0.93825,0.9436
4,np,IS NP,130,0.013795313484966754,0.013372664211690427,0.938,0.9458
4,np,IS NP,131,0.013791808009147644,0.013266851773858071,0.93825,0.9446
4,np,IS NP,132,0.013454079329967499,0.012926967146992683,0.942,0.9472
4,np,IS NP,133,0.013615048862993718,0.01336434374153614,0.9375,0.9441
4,np,IS NP,134,0.013832905478775501,0.013343859656155109,0.938,0.9441
4,np,IS NP,135,0.013167491041123866,0.012739388646185398,0.9385,0.944
4,np,IS NP,136,0.013494142904877663,0.013244106529653072,0.935,0.9432
4,np,IS NP,137,0.013238615855574608,0.012919767683744431,0.93725,0.943
4,np,IS NP,138,0.013608879506587982,0.013242043919861318,0.93575,0.9433
4,np,IS NP,139,0.013153532691299916,0.013056073275208474,0.9375,0.9437
4,np,IS NP,140,0.01288395217806101,0.012638279911875725,0.937,0.9442
4,np,IS NP,141,0.013009424269199371,0.012660965985059738,0.93925,0.943
4,np,IS NP,142,0.013062793575227261,0.012717803303897381,0.93925,0.9462
4,np,IS NP,143,0.012550231531262397,0.01228876719623804,0.94375,0.9473
4,np,IS NP,144,0.012758283108472825,0.012535740219056606,0.94275,0.9464
4,np,IS NP,145,0.013202336058020592,0.013051801937818528,0.9425,0.9454
4,np,IS NP,146,0.013550101287662982,0.013340552519261837,0.94,0.9441
4,np,IS NP,147,0.01278505552560091,0.012572239504754543,0.94125,0.9457
4,np,IS NP,148,0.013092795565724373,0.012908581545948983,0.94,0.9433
4,np,IS NP,149,0.012977101944386959,0.012869802340865134,0.943,0.9445
4,np,IS NP,150,0.012729079097509383,0.012592320810258389,0.94425,0.9456
4,np,IS NP,151,0.01243313977867365,0.012283470061421395,0.9445,0.9454
4,np,IS NP,152,0.012784891277551651,0.012479365558922291,0.9415,0.9478
4,np,IS NP,153,0.01303546380996704,0.012803385700285434,0.943,0.9468
4,np,IS NP,154,0.013026379726827145,0.01277812741100788,0.942,0.9445
4,np,IS NP,155,0.012837807849049568,0.012552619855105878,0.94225,0.945
4,np,IS NP,156,0.012849739886820316,0.012552219608426094,0.943,0.9477
4,np,IS NP,157,0.012773942559957504,0.012286505798995494,0.943,0.9498
4,np,IS NP,158,0.012723244108259677,0.01226925079524517,0.9435,0.9492
4,np,IS NP,159,0.012613707393407822,0.012425219969451427,0.94625,0.9471
4,np,IS NP,160,0.012389144487679004,0.012186332653462887,0.94325,0.9477
4,np,IS NP,161,0.01261102481931448,0.012329774223268032,0.94575,0.9481
4,np,IS NP,162,0.012697364561259746,0.012397885318100453,0.941,0.9468
4,np,IS NP,163,0.012467186257243157,0.012034126900136471,0.94575,0.9496
4,np,IS NP,164,0.012360607139766217,0.012032499538362025,0.943,0.9505
4,np,IS NP,165,0.01253846788406372,0.012122275145351887,0.94125,0.949
4,np,IS NP,166,0.012291665002703667,0.012056183218955994,0.94425,0.9497
4,np,IS NP,167,0.012057012140750886,0.011822805711627006,0.94175,0.9484
4,np,IS NP,168,0.011987423628568649,0.011717188628017903,0.94425,0.9498
4,np,IS NP,169,0.012109536774456501,0.011804749006032943,0.9425,0.9479
4,np,IS NP,170,0.01247402299195528,0.011969942863285541,0.94475,0.9488
4,np,IS NP,171,0.012607263498008251,0.012120230901241303,0.94575,0.9501
4,np,IS NP,172,0.011995195716619491,0.011644442999362946,0.946,0.9502
4,np,IS NP,173,0.012297488130629062,0.01173344347923994,0.94575,0.951
4,np,IS NP,174,0.011941767051815986,0.01149845718741417,0.94625,0.9507
4,np,IS NP,175,0.012317473739385605,0.011911927066743374,0.944,0.9491
4,np,IS NP,176,0.011831087440252304,0.011347385583817959,0.948,0.9515
4,np,IS NP,177,0.012005952343344688,0.011554512684047223,0.9465,0.9517
4,np,IS NP,178,0.011935009948909283,0.011640990127623081,0.94775,0.9516
4,np,IS NP,179,0.012083099693059922,0.011821720145642757,0.9475,0.9492
4,np,IS NP,180,0.012359626933932305,0.01220435297191143,0.94825,0.9478
4,np,IS NP,181,0.012756342262029648,0.012445433884859086,0.94325,0.9483
4,np,IS NP,182,0.012312514692544936,0.011961407063901424,0.9445,0.9491
4,np,IS NP,183,0.012632984086871147,0.012381667201220989,0.945,0.948
4,np,IS NP,184,0.011824162065982819,0.011562936960160732,0.94575,0.95
4,np,IS NP,185,0.012252312257885933,0.011851322028040887,0.945,0.9479
4,np,IS NP,186,0.012213589631021022,0.012002252936363221,0.94375,0.9471
4,np,IS NP,187,0.012105380795896053,0.011918591578304768,0.9445,0.9478
4,np,IS NP,188,0.01188154400140047,0.011726678778231144,0.946,0.9502
4,np,IS NP,189,0.012135669395327568,0.011982837300002575,0.94525,0.9486
4,np,IS NP,190,0.012065804600715636,0.011994118337333203,0.9455,0.9474
4,np,IS NP,191,0.012072237700223924,0.01215837205350399,0.948,0.9472
4,np,IS NP,192,0.011927758507430554,0.011724507677555084,0.94675,0.9488
4,np,IS NP,193,0.011537824541330337,0.011525181326270104,0.946,0.9491
4,np,IS NP,194,0.011664530843496322,0.011621534717082977,0.94575,0.9483
4,np,IS NP,195,0.011594328008592128,0.011632203471660614,0.94825,0.9515
4,np,IS NP,196,0.011819113969802857,0.011629292805492878,0.948,0.9514
4,np,IS NP,197,0.012121865652501583,0.012053659093379975,0.9475,0.9499
4,np,IS NP,198,0.01191297461092472,0.01183055203706026,0.948,0.9483
4,np,IS NP,199,0.01186763359606266,0.011947831159830093,0.94875,0.9504
4,np,IS NP,200,0.012312116838991641,0.012242066298425197,0.94375,0.9491
4,np,IS NP,201,0.011890329234302045,0.011742822581529618,0.9455,0.9492
4,np,IS NP,202,0.01144139550626278,0.011241223374009133,0.9495,0.9508
4,np,IS NP,203,0.012073471479117871,0.011999931928515435,0.94675,0.9485
4,np,IS NP,204,0.01173821745067835,0.011740311026573181,0.94825,0.9483
4,np,IS NP,205,0.011814858317375183,0.011749549429118633,0.94825,0.9493
4,np,IS NP,206,0.011827265292406082,0.011838999310135842,0.9495,0.951
4,np,IS NP,207,0.01180857516825199,0.011685437306761741,0.94675,0.9493
4,np,IS NP,208,0.011785921201109887,0.011586032338440418,0.95025,0.9509
4,np,IS NP,209,0.012100028045475483,0.011918777011334897,0.94875,0.9506
4,np,IS NP,210,0.0117379360049963,0.011469941613078117,0.94875,0.9506
4,np,IS NP,211,0.011745029449462891,0.011375047147274017,0.95025,0.9509
4,np,IS NP,212,0.011280235111713409,0.011125548925995826,0.95,0.9505
4,np,IS NP,213,0.011511651456356048,0.011350283306837083,0.94625,0.9505
4,np,IS NP,214,0.011302384167909622,0.011069196762144566,0.95025,0.9511
4,np,IS NP,215,0.01102110170572996,0.010884112215042114,0.95,0.9529
4,np,IS NP,216,0.011025616273283958,0.01097608240544796,0.953,0.9516
4,np,IS NP,217,0.011294833302497864,0.011219072690606118,0.95025,0.9526
4,np,IS NP,218,0.011220643073320389,0.01124809836000204,0.95275,0.9502
4,np,IS NP,219,0.011474931769073009,0.011510904997587204,0.9535,0.9493
4,np,IS NP,220,0.011387596420943736,0.011377262842655183,0.949,0.9502
4,np,IS NP,221,0.011218218378722668,0.011309553916752339,0.95025,0.949
4,np,IS NP,222,0.011198160514235497,0.011125729624927043,0.9515,0.9511
4,np,IS NP,223,0.011259611047804355,0.011217066897451878,0.94875,0.9515
4,np,IS NP,224,0.011264109134674072,0.011230258011817932,0.9485,0.9528
4,np,IS NP,225,0.011226461559534074,0.01108046698719263,0.94875,0.9521
4,np,IS NP,226,0.011126401640474796,0.011017236751317978,0.94825,0.9538
4,np,IS NP,227,0.011503950275480746,0.011545128871500492,0.95275,0.9526
4,np,IS NP,228,0.011295268252491952,0.011350552776455879,0.949,0.9526
4,np,IS NP,229,0.01156117368489504,0.011495150211453437,0.95275,0.9536
4,np,IS NP,230,0.011265394158661365,0.011155830433964729,0.9495,0.9508
4,np,IS NP,231,0.011240304291248322,0.011005232512950897,0.94975,0.953
4,np,IS NP,232,0.011204155474901199,0.01112024022191763,0.9535,0.9539
4,np,IS NP,233,0.011364609442651271,0.011241955849528312,0.9515,0.9535
4,np,IS NP,234,0.011198959030210972,0.010862074133753776,0.95025,0.9556
4,np,IS NP,235,0.011176214538514613,0.01093962187319994,0.95,0.9565
4,np,IS NP,236,0.011054713122546673,0.010988524734973908,0.94975,0.953
4,np,IS NP,237,0.011178520940244198,0.011034901069104671,0.94975,0.9538
4,np,IS NP,238,0.011593021370470524,0.011433466467261314,0.94775,0.954
4,np,IS NP,239,0.011189460933208465,0.010930839033424854,0.9475,0.9536
4,np,IS NP,240,0.01108920169621706,0.01082711207717657,0.94825,0.9546
4,np,IS NP,241,0.011570081509649754,0.01142887051254511,0.9475,0.953
4,np,IS NP,242,0.01108180845528841,0.010910307489335537,0.94675,0.9511
4,np,IS NP,243,0.011504166841506958,0.01136334097981453,0.9475,0.9523
4,np,IS NP,244,0.011239811338484288,0.011052671946585178,0.94575,0.9514
4,np,IS NP,245,0.011410030752420426,0.011095055136084556,0.94525,0.9524
4,np,IS NP,246,0.0114435755610466,0.011193218633532525,0.945,0.9527
4,np,IS NP,247,0.011538644708693027,0.01133665203601122,0.9475,0.952
4,np,IS NP,248,0.011710738465189933,0.011338967388868332,0.9445,0.9516
4,np,IS NP,249,0.01130639335513115,0.011062824665009975,0.94725,0.953
4,np,IS NP,250,0.011606074184179306,0.011473472721874715,0.9485,0.9514
4,np,IS NP,251,0.011738051548600198,0.01169447155445814,0.94675,0.9509
4,np,IS NP,252,0.010879636302590371,0.010752355401217937,0.949,0.9536
4,np,IS NP,253,0.011376879781484604,0.011196824210882186,0.9465,0.952
4,np,IS NP,254,0.011646366097033024,0.011345954199135304,0.94575,0.9507
4,np,IS NP,255,0.011432549901306628,0.01109974260777235,0.94875,0.9517
4,np,IS NP,256,0.011464978434145451,0.011007610794901848,0.948,0.9538
4,np,IS NP,257,0.011381359472870826,0.011067154441773891,0.94575,0.9522
4,np,IS NP,258,0.011449141964316368,0.011130303233861924,0.947,0.9537
4,np,IS NP,259,0.011228056848049164,0.010933090820908547,0.9475,0.9522
4,np,IS NP,260,0.011203216768801212,0.01088526469618082,0.948,0.9557
4,np,IS NP,261,0.011166026271879672,0.010881551578640937,0.9505,0.9551
4,np,IS NP,262,0.010873492561280727,0.0105063850954175,0.9515,0.9568
4,np,IS NP,263,0.011443774230778218,0.011049751460552216,0.95025,0.9549
4,np,IS NP,264,0.010851655155420303,0.01061897664964199,0.95175,0.9549
4,np,IS NP,265,0.011027557864785195,0.010610393273830414,0.95,0.9546
4,np,IS NP,266,0.010915509693324566,0.010600369015336036,0.948,0.9537
4,np,IS NP,267,0.011365821488201618,0.01099471764564514,0.94775,0.9545
4,np,IS NP,268,0.010984439574182034,0.010630445823073388,0.947,0.9544
4,np,IS NP,269,0.011160724639892578,0.010703567755222321,0.9495,0.9556
4,np,IS NP,270,0.011199685402214526,0.010779138168692588,0.949,0.9538
4,np,IS NP,271,0.011118044465780259,0.01087925339192152,0.95025,0.9542
4,np,IS NP,272,0.010943524345755577,0.010541095006465911,0.95075,0.9551
4,np,IS NP,273,0.011213473230600356,0.010807220685482025,0.95,0.9546
4,np,IS NP,274,0.01124238907545805,0.010812970046699047,0.952,0.9554
4,np,IS NP,275,0.010989018738269806,0.010645889542996884,0.94975,0.9555
4,np,IS NP,276,0.0110693216919899,0.010896747413277626,0.94975,0.9522
4,np,IS NP,277,0.010912759281694889,0.010674696549773216,0.95,0.9543
4,np,IS NP,278,0.010885822460055351,0.010604433560371399,0.953,0.954
4,np,IS NP,279,0.010968107752501965,0.010629802983999253,0.95175,0.9554
4,np,IS NP,280,0.011360547959804535,0.010925360415875912,0.9495,0.9549
4,np,IS NP,281,0.010648935437202453,0.010351087705790997,0.955,0.956
4,np,IS NP,282,0.010726868100464344,0.01063827301710844,0.95575,0.9556
4,np,IS NP,283,0.010780766770243646,0.010636189103126525,0.95475,0.9555
4,np,IS NP,284,0.011144673012197018,0.01086291736215353,0.9525,0.9544
4,np,IS NP,285,0.01123146129399538,0.011084919047355651,0.95025,0.9535
4,np,IS NP,286,0.010834419019520283,0.010648734425008298,0.952,0.9526
4,np,IS NP,287,0.010619216792285443,0.01051036721765995,0.952,0.9549
4,np,IS NP,288,0.010675642266869545,0.01050607473552227,0.954,0.9568
4,np,IS NP,289,0.01055075304210186,0.010372396731376647,0.9525,0.9572
4,np,IS NP,290,0.010349481165409088,0.010321142004430295,0.953,0.9569
4,np,IS NP,291,0.010799627266824246,0.010588557821512223,0.95525,0.9564
4,np,IS NP,292,0.010694481313228607,0.010543015241622924,0.9545,0.9562
4,np,IS NP,293,0.010345814175903797,0.010153635407984257,0.95475,0.959
4,np,IS NP,294,0.010627078242599964,0.010396318000555039,0.952,0.9571
4,np,IS NP,295,0.01039293946325779,0.010154208287596703,0.95425,0.9561
4,np,IS NP,296,0.01072583069652319,0.010542239463329316,0.95375,0.9578
4,np,IS NP,297,0.010916512243449687,0.010625204674899578,0.95325,0.9577
4,np,IS NP,298,0.010810267977416516,0.010521844919025898,0.95375,0.9569
4,np,IS NP,299,0.010626724109053612,0.01064298609048128,0.9555,0.9562
4,np,IS NP,300,0.010941149577498435,0.010981666991114617,0.9545,0.9546
4,np,IS NP,301,0.010507115222513675,0.010437193743884564,0.95675,0.9569
4,np,IS NP,302,0.010564638383686542,0.010469906888902187,0.95425,0.9548
4,np,IS NP,303,0.010632294066250323,0.010442193573713303,0.95575,0.9561
4,np,IS NP,304,0.010572489820420743,0.010338981272280216,0.954,0.9559
4,np,IS NP,305,0.010744184225797654,0.010570348066091537,0.9505,0.9546
4,np,IS NP,306,0.01047660893201828,0.010386996056139469,0.9535,0.9551
4,np,IS NP,307,0.010694617547094823,0.010525200848281383,0.95375,0.9567
4,np,IS NP,308,0.010532974757254124,0.010392565712332725,0.9535,0.9552
4,np,IS NP,309,0.01036635360866785,0.010171843262016773,0.95575,0.9567
4,np,IS NP,310,0.010687556944787503,0.01052912698239088,0.95425,0.9554
4,np,IS NP,311,0.01084079035371542,0.010611682179570198,0.95225,0.953
4,np,IS NP,312,0.010522524386644364,0.010368410196900367,0.95025,0.9551
4,np,IS NP,313,0.010575357861816882,0.010354097217321397,0.9525,0.9557
4,np,IS NP,314,0.010327227726578712,0.010120911246538163,0.9525,0.9569
4,np,IS NP,315,0.010498362690210343,0.010288692909479142,0.95025,0.957
4,np,IS NP,316,0.010384712785482407,0.010195096212625503,0.953,0.9572
4,np,IS NP,317,0.010396042004227639,0.010086950609087944,0.953,0.9591
4,np,IS NP,318,0.010427434101700783,0.010063497951626778,0.95125,0.9589
4,np,IS NP,319,0.010675634413957595,0.010215044072270394,0.95,0.9587
4,np,IS NP,320,0.010563333570957184,0.010116689211130143,0.9505,0.9581
4,np,IS NP,321,0.010901833325624466,0.01046243100464344,0.95,0.957
4,np,IS NP,322,0.010716784842312336,0.010384274289011956,0.953,0.959
4,np,IS NP,323,0.010365264825522899,0.01013093546628952,0.95325,0.9586
4,np,IS NP,324,0.01073888973146677,0.010255761843919754,0.95125,0.958
4,np,IS NP,325,0.01072751833498478,0.01030686082392931,0.95175,0.9576
4,np,IS NP,326,0.010674662187695503,0.010333204835653306,0.95225,0.9577
4,np,IS NP,327,0.01059983467310667,0.010243804332613946,0.956,0.9571
4,np,IS NP,328,0.010392149955034256,0.010113423755764961,0.95375,0.9577
4,np,IS NP,329,0.010165120132267474,0.009958763520419597,0.95575,0.9569
4,np,IS NP,330,0.010377641797065735,0.010169559086859226,0.958,0.957
4,np,IS NP,331,0.010182292014360429,0.01013077829927206,0.95675,0.9578
4,np,IS NP,332,0.010343896016478539,0.010246783618628979,0.95775,0.9556
4,np,IS NP,333,0.010099006831645966,0.010126671400666237,0.95725,0.9559
4,np,IS NP,334,0.010255566284060479,0.010263600504398345,0.958,0.9568
4,np,IS NP,335,0.010165403865277768,0.010111165119707584,0.956,0.9561
4,np,IS NP,336,0.010232665069401264,0.010116139732301235,0.956,0.956
4,np,IS NP,337,0.010439010605216027,0.010274526870250702,0.9545,0.9573
4,np,IS NP,338,0.010312980324029922,0.010200062270462513,0.957,0.9559
4,np,IS NP,339,0.01062476073205471,0.010333353014290333,0.95325,0.955
4,np,IS NP,340,0.010341897010803222,0.010186578692495823,0.9525,0.9548
4,np,IS NP,341,0.01013231661170721,0.010029244692623616,0.9545,0.9575
4,np,IS NP,342,0.010058420971035957,0.010055364085733891,0.95725,0.9578
4,np,IS NP,343,0.010361527405679225,0.010241230623424052,0.9555,0.9585
4,np,IS NP,344,0.01011886216700077,0.010066987071931361,0.95675,0.9576
4,np,IS NP,345,0.009836322151124477,0.00988115722388029,0.954,0.959
4,np,IS NP,346,0.010039951831102371,0.010092093744874001,0.9545,0.9575
4,np,IS NP,347,0.010143360279500484,0.01017752380669117,0.9555,0.9562
4,np,IS NP,348,0.010118326418101788,0.01009916699975729,0.95425,0.9563
4,np,IS NP,349,0.01000304962694645,0.00989083697795868,0.95475,0.9567
4,np,IS NP,350,0.010141749642789364,0.009958832249045372,0.95375,0.957
4,np,IS NP,351,0.010182903811335563,0.010122933414578438,0.9565,0.9587
4,np,IS NP,352,0.010129390269517898,0.01008814212679863,0.95725,0.9587
4,np,IS NP,353,0.009806628108024597,0.009929614813625812,0.957,0.9566
4,np,IS NP,354,0.010207566671073436,0.010102241010963917,0.95675,0.9571
4,np,IS NP,355,0.010301255904138088,0.010117077380418777,0.9565,0.9575
4,np,IS NP,356,0.010007210917770862,0.00984832743257284,0.955,0.9574
4,np,IS NP,357,0.009810700662434101,0.00956465055346489,0.9565,0.961
4,np,IS NP,358,0.010105111174285412,0.009842461530864238,0.95525,0.9597
4,np,IS NP,359,0.00976565908640623,0.009578843295574188,0.95675,0.9592
4,np,IS NP,360,0.010090958870947362,0.009859822675585746,0.95325,0.9577
4,np,IS NP,361,0.010085871577262878,0.009838579416275025,0.95375,0.9582
4,np,IS NP,362,0.010202717490494251,0.009930143408477306,0.9555,0.959
4,np,IS NP,363,0.009975433014333249,0.00964664361178875,0.955,0.9595
4,np,IS NP,364,0.010115882769227027,0.009848000128567218,0.9535,0.9587
4,np,IS NP,365,0.010346304662525653,0.010145709057152272,0.95375,0.9592
4,np,IS NP,366,0.00980408651381731,0.00954949587881565,0.9555,0.9593
4,np,IS NP,367,0.010090699270367622,0.009848428243398667,0.95625,0.9594
4,np,IS NP,368,0.010190266966819763,0.009789956441521645,0.954,0.9598
4,np,IS NP,369,0.010555830009281635,0.01032442268282175,0.95475,0.9589
4,np,IS NP,370,0.010119271025061608,0.009932923738658428,0.95725,0.9593
4,np,IS NP,371,0.010608531937003136,0.010371054175496101,0.9565,0.9605
4,np,IS NP,372,0.01004905028641224,0.009930204798281193,0.957,0.959
4,np,IS NP,373,0.010199357159435748,0.01016145082563162,0.95325,0.9576
4,np,IS NP,374,0.010220644228160382,0.0100726778075099,0.95475,0.9588
4,np,IS NP,375,0.010089304842054845,0.009939739303290843,0.95425,0.9593
4,np,IS NP,376,0.010430086627602577,0.010261769394576549,0.95475,0.9604
4,np,IS NP,377,0.009925149969756603,0.009817479084432125,0.95625,0.9591
4,np,IS NP,378,0.010176986895501613,0.009974866418540477,0.9555,0.9585
4,np,IS NP,379,0.009909949176013469,0.009714754623174667,0.95425,0.9591
4,np,IS NP,380,0.00999311038851738,0.009973126712441445,0.95675,0.9572
4,np,IS NP,381,0.01015711073577404,0.010073830576241016,0.95525,0.9562
4,np,IS NP,382,0.009998274825513362,0.009817635217308999,0.95525,0.9562
4,np,IS NP,383,0.01021773497760296,0.009961169356107712,0.9535,0.9564
4,np,IS NP,384,0.010136878229677676,0.00997084968239069,0.95475,0.9569
4,np,IS NP,385,0.009955772116780282,0.009906243446469306,0.954,0.9567
4,np,IS NP,386,0.009929720446467399,0.009785973663628102,0.9575,0.9588
4,np,IS NP,387,0.01017415964603424,0.00995098880827427,0.956,0.9578
4,np,IS NP,388,0.010134663641452789,0.009791523331403732,0.955,0.9591
4,np,IS NP,389,0.010136808037757874,0.009979044392704963,0.95675,0.9603
4,np,IS NP,390,0.00975466039776802,0.009647015249729156,0.95625,0.9582
4,np,IS NP,391,0.009827463500201703,0.009724581718444824,0.95675,0.9582
4,np,IS NP,392,0.009901292741298676,0.0097948197722435,0.95625,0.959
4,np,IS NP,393,0.009994006350636481,0.009778839991986752,0.95675,0.9581
4,np,IS NP,394,0.010137375459074975,0.00981843840777874,0.956,0.9593
4,np,IS NP,395,0.01019266226887703,0.009953034786880015,0.955,0.9579
4,np,IS NP,396,0.010102936536073685,0.009748016139864922,0.95475,0.9596
4,np,IS NP,397,0.010437462285161018,0.010005046677589417,0.9525,0.9595
4,np,IS NP,398,0.009919403210282327,0.009748854506015777,0.95425,0.9596
4,np,IS NP,399,0.010036559134721757,0.009816254533827305,0.9555,0.9606
4,np,IS NP,400,0.009800455257296562,0.009695616619288921,0.9575,0.9602
4,np_fixed,Vanilla NP,1,0.09050683546066284,0.09022740750312805,0.12175,0.1374
4,np_fixed,Vanilla NP,2,0.0874917396903038,0.08719221404790878,0.266,0.2696
4,np_fixed,Vanilla NP,3,0.085520094871521,0.08521615278720855,0.378,0.3802
4,np_fixed,Vanilla NP,4,0.08340226083993912,0.08306322729587555,0.43875,0.4467
4,np_fixed,Vanilla NP,5,0.08142057484388351,0.0810337888598442,0.4805,0.4936
4,np_fixed,Vanilla NP,6,0.07880469870567322,0.0783214980006218,0.54975,0.5672
4,np_fixed,Vanilla NP,7,0.07604564344882965,0.07545783079862595,0.616,0.6333
4,np_fixed,Vanilla NP,8,0.07371454828977585,0.07311376085281372,0.664,0.6757
4,np_fixed,Vanilla NP,9,0.07070257389545441,0.07011533485651016,0.67925,0.6943
4,np_fixed,Vanilla NP,10,0.06826818263530732,0.06766710569858551,0.68725,0.7119
4,np_fixed,Vanilla NP,11,0.06523940205574036,0.06461406220197678,0.6985,0.7222
4,np_fixed,Vanilla NP,12,0.06355461013317108,0.0629391627907753,0.70925,0.7249
4,np_fixed,Vanilla NP,13,0.061820189446210864,0.061254996252059934,0.72425,0.7407
4,np_fixed,Vanilla NP,14,0.059546331346035,0.05902774971723557,0.73625,0.7506
4,np_fixed,Vanilla NP,15,0.05789342081546783,0.05733091329932213,0.7535,0.7664
4,np_fixed,Vanilla NP,16,0.05641651520133018,0.055859675419330596,0.749,0.7603
4,np_fixed,Vanilla NP,17,0.05482276076078415,0.05422551583647728,0.764,0.7774
4,np_fixed,Vanilla NP,18,0.053738965690135955,0.0532124211370945,0.76625,0.7853
4,np_fixed,Vanilla NP,19,0.05271597042679787,0.052174774193763734,0.76725,0.7826
4,np_fixed,Vanilla NP,20,0.05192741885781288,0.0513618479013443,0.76775,0.781
4,np_fixed,Vanilla NP,21,0.05088378262519837,0.05034993115663528,0.77775,0.7897
4,np_fixed,Vanilla NP,22,0.04983640718460083,0.04932665730714798,0.78225,0.7978
4,np_fixed,Vanilla NP,23,0.04905294939875603,0.04857695021033287,0.7825,0.7952
4,np_fixed,Vanilla NP,24,0.04862691703438759,0.048047063022851944,0.7995,0.8138
4,np_fixed,Vanilla NP,25,0.047857669413089755,0.0472423480451107,0.8015,0.8184
4,np_fixed,Vanilla NP,26,0.04714166074991226,0.04654238940477371,0.805,0.8191
4,np_fixed,Vanilla NP,27,0.04653283157944679,0.04578249692320824,0.8105,0.8284
4,np_fixed,Vanilla NP,28,0.04625374463200569,0.04561195785403252,0.8155,0.8304
4,np_fixed,Vanilla NP,29,0.04562399479746818,0.044884197449684145,0.8115,0.8313
4,np_fixed,Vanilla NP,30,0.045494921326637267,0.04473908984065056,0.811,0.8302
4,np_fixed,Vanilla NP,31,0.04527886363863945,0.044547117829322816,0.806,0.8253
4,np_fixed,Vanilla NP,32,0.044888643085956574,0.044183409559726716,0.805,0.8186
4,np_fixed,Vanilla NP,33,0.04436686056852341,0.04363580339550972,0.82275,0.8384
4,np_fixed,Vanilla NP,34,0.04364116576313973,0.04287019481658935,0.81975,0.8344
4,np_fixed,Vanilla NP,35,0.04346167361736298,0.04263926171660423,0.821,0.8382
4,np_fixed,Vanilla NP,36,0.04294063928723335,0.0420407451748848,0.81375,0.8305
4,np_fixed,Vanilla NP,37,0.042696149557828904,0.04198482016324997,0.8215,0.8408
4,np_fixed,Vanilla NP,38,0.042348392099142075,0.041429444444179536,0.828,0.8445
4,np_fixed,Vanilla NP,39,0.042184408873319625,0.041321255177259444,0.82475,0.8399
4,np_fixed,Vanilla NP,40,0.04170730021595955,0.04090710587501526,0.8375,0.8469
4,np_fixed,Vanilla NP,41,0.041032004743814465,0.04030601258277893,0.833,0.8457
4,np_fixed,Vanilla NP,42,0.04092022171616554,0.039965361607074736,0.83725,0.8514
4,np_fixed,Vanilla NP,43,0.04070650735497475,0.03977488117814064,0.84125,0.8563
4,np_fixed,Vanilla NP,44,0.04010193672776222,0.03936749704480171,0.8415,0.8557
4,np_fixed,Vanilla NP,45,0.039646207451820376,0.03888315761089325,0.8435,0.8565
4,np_fixed,Vanilla NP,46,0.03950584653019905,0.03862037596702576,0.843,0.8565
4,np_fixed,Vanilla NP,47,0.03916875484585762,0.03826065494418144,0.838,0.855
4,np_fixed,Vanilla NP,48,0.03942195376753807,0.03868917977213859,0.842,0.8552
4,np_fixed,Vanilla NP,49,0.0387188800573349,0.03787102453112602,0.84025,0.8528
4,np_fixed,Vanilla NP,50,0.03835404852032662,0.03757087187170982,0.843,0.8601
4,np_fixed,Vanilla NP,51,0.03800322082638741,0.03718660317659378,0.8445,0.8647
4,np_fixed,Vanilla NP,52,0.0381154904961586,0.03722519891858101,0.8525,0.8656
4,np_fixed,Vanilla NP,53,0.037943349152803424,0.037119279783964156,0.85175,0.8676
4,np_fixed,Vanilla NP,54,0.037625852018594745,0.036797784978151324,0.85,0.8626
4,np_fixed,Vanilla NP,55,0.036863882154226306,0.03599700329303741,0.84875,0.8673
4,np_fixed,Vanilla NP,56,0.0368594776391983,0.03616870084404945,0.85275,0.8693
4,np_fixed,Vanilla NP,57,0.036602817952632906,0.035772269034385684,0.85475,0.8732
4,np_fixed,Vanilla NP,58,0.03624559128284454,0.035548684310913084,0.854,0.8689
4,np_fixed,Vanilla NP,59,0.03585738557577133,0.0350629637658596,0.85525,0.8697
4,np_fixed,Vanilla NP,60,0.03578575301170349,0.03486446732282639,0.8545,0.8693
4,np_fixed,Vanilla NP,61,0.035877691775560376,0.0350763566493988,0.855,0.8688
4,np_fixed,Vanilla NP,62,0.035356312215328214,0.0345135099709034,0.855,0.8673
4,np_fixed,Vanilla NP,63,0.03499512577056885,0.03422417652010918,0.859,0.8699
4,np_fixed,Vanilla NP,64,0.03487483161687851,0.03393398258090019,0.861,0.8769
4,np_fixed,Vanilla NP,65,0.034874190270900725,0.0340015560567379,0.85775,0.8724
4,np_fixed,Vanilla NP,66,0.03386639806628227,0.03309929370880127,0.86375,0.8778
4,np_fixed,Vanilla NP,67,0.03367972564697266,0.032894147074222564,0.86375,0.8751
4,np_fixed,Vanilla NP,68,0.03395714473724365,0.03311712902784347,0.86275,0.8781
4,np_fixed,Vanilla NP,69,0.03404388523101807,0.033103565597534176,0.858,0.875
4,np_fixed,Vanilla NP,70,0.034875459909439084,0.03388740091919899,0.858,0.8764
4,np_fixed,Vanilla NP,71,0.03398489397764206,0.033183767729997635,0.868,0.8798
4,np_fixed,Vanilla NP,72,0.034042375922203064,0.033151807045936586,0.86375,0.8783
4,np_fixed,Vanilla NP,73,0.03377074864506722,0.03277567885518074,0.86475,0.8805
4,np_fixed,Vanilla NP,74,0.033350686341524126,0.0322685625076294,0.86375,0.8818
4,np_fixed,Vanilla NP,75,0.033066333085298535,0.032033418315649036,0.86525,0.8796
4,np_fixed,Vanilla NP,76,0.03295306238532066,0.031953583973646164,0.86725,0.8859
4,np_fixed,Vanilla NP,77,0.03254451063275337,0.031736318844556806,0.868,0.88
4,np_fixed,Vanilla NP,78,0.032868750542402264,0.03188562594652176,0.87175,0.8854
4,np_fixed,Vanilla NP,79,0.03224385339021683,0.031281594210863115,0.8675,0.8847
4,np_fixed,Vanilla NP,80,0.03208932238817215,0.03112954695224762,0.8725,0.8824
4,np_fixed,Vanilla NP,81,0.03171614226698875,0.0308026084035635,0.87375,0.8842
4,np_fixed,Vanilla NP,82,0.03236883661150932,0.031385210302472114,0.872,0.888
4,np_fixed,Vanilla NP,83,0.032176886081695555,0.031305475360155106,0.87025,0.8826
4,np_fixed,Vanilla NP,84,0.03126607131958008,0.030380907145142556,0.876,0.8864
4,np_fixed,Vanilla NP,85,0.031055031895637512,0.030169453963637353,0.87775,0.8869
4,np_fixed,Vanilla NP,86,0.03160066360235214,0.030795245525240898,0.87325,0.8854
4,np_fixed,Vanilla NP,87,0.03109948155283928,0.030097419986128807,0.8725,0.8855
4,np_fixed,Vanilla NP,88,0.03125967890024185,0.03044443805217743,0.8785,0.8868
4,np_fixed,Vanilla NP,89,0.030694173157215118,0.029887879902124406,0.8775,0.8889
4,np_fixed,Vanilla NP,90,0.030603176847100257,0.029691358864307404,0.87625,0.8869
4,np_fixed,Vanilla NP,91,0.03064805632829666,0.029751509961485862,0.87525,0.8922
4,np_fixed,Vanilla NP,92,0.030462572664022445,0.02938064293563366,0.872,0.89
4,np_fixed,Vanilla NP,93,0.030381045773625374,0.029533020266890527,0.879,0.8915
4,np_fixed,Vanilla NP,94,0.03038948330283165,0.029583993893861772,0.87425,0.8899
4,np_fixed,Vanilla NP,95,0.029854210302233695,0.028893494802713394,0.87775,0.8931
4,np_fixed,Vanilla NP,96,0.029762686774134635,0.028955460572242738,0.877,0.8922
4,np_fixed,Vanilla NP,97,0.030040738016366957,0.02924712090194225,0.882,0.8922
4,np_fixed,Vanilla NP,98,0.030008598074316977,0.029306116661429404,0.88275,0.8942
4,np_fixed,Vanilla NP,99,0.02995071579515934,0.029158514973521232,0.8815,0.8937
4,np_fixed,Vanilla NP,100,0.030088965848088265,0.029239233607053758,0.8775,0.8948
4,np_fixed,Vanilla NP,101,0.02939237156510353,0.028619124165177347,0.87925,0.895
4,np_fixed,Vanilla NP,102,0.02931707751750946,0.028455396819114687,0.88225,0.8958
4,np_fixed,Vanilla NP,103,0.02926311135292053,0.028386094835400583,0.88125,0.8975
4,np_fixed,Vanilla NP,104,0.028992222860455514,0.028310420858860017,0.88425,0.8951
4,np_fixed,Vanilla NP,105,0.02975783811509609,0.028999107638001443,0.887,0.8941
4,np_fixed,Vanilla NP,106,0.029650639072060586,0.028778664016723632,0.88525,0.896
4,np_fixed,Vanilla NP,107,0.029145393580198287,0.02819974016547203,0.88225,0.8945
4,np_fixed,Vanilla NP,108,0.028684374675154688,0.027883977702260018,0.88475,0.8973
4,np_fixed,Vanilla NP,109,0.029004434674978256,0.02809631732106209,0.88075,0.8954
4,np_fixed,Vanilla NP,110,0.029349289268255235,0.02844612222313881,0.878,0.898
4,np_fixed,Vanilla NP,111,0.0288558349609375,0.027981413060426712,0.878,0.8956
4,np_fixed,Vanilla NP,112,0.028884284391999245,0.028112881752848626,0.8835,0.8961
4,np_fixed,Vanilla NP,113,0.028790111258625985,0.027983252286911012,0.88725,0.898
4,np_fixed,Vanilla NP,114,0.02867998118698597,0.02782016589343548,0.8825,0.895
4,np_fixed,Vanilla NP,115,0.027998181849718095,0.027188929817080498,0.88225,0.8993
4,np_fixed,Vanilla NP,116,0.027951522305607795,0.027162332907319068,0.88575,0.8993
4,np_fixed,Vanilla NP,117,0.027892817199230195,0.027284901532530784,0.8805,0.8943
4,np_fixed,Vanilla NP,118,0.028426719337701797,0.027641141226887704,0.884,0.8945
4,np_fixed,Vanilla NP,119,0.02846442422270775,0.02772501848936081,0.8865,0.9007
4,np_fixed,Vanilla NP,120,0.027693226277828217,0.027076322585344315,0.891,0.8991
4,np_fixed,Vanilla NP,121,0.0278243066072464,0.027282727959752083,0.89125,0.8981
4,np_fixed,Vanilla NP,122,0.028008790284395218,0.02714900675415993,0.88675,0.9026
4,np_fixed,Vanilla NP,123,0.0276068654358387,0.026717416709661483,0.88775,0.9027
4,np_fixed,Vanilla NP,124,0.027014862582087518,0.026331608471274377,0.88925,0.9004
4,np_fixed,Vanilla NP,125,0.02717898015677929,0.02635399350523949,0.882,0.8966
4,np_fixed,Vanilla NP,126,0.02710112063586712,0.0262313247859478,0.891,0.9019
4,np_fixed,Vanilla NP,127,0.027660066947340967,0.026779132014513016,0.88525,0.899
4,np_fixed,Vanilla NP,128,0.028021777167916297,0.027217631286382674,0.89125,0.9011
4,np_fixed,Vanilla NP,129,0.027093924954533576,0.02649168135523796,0.886,0.8994
4,np_fixed,Vanilla NP,130,0.027170185804367065,0.026513273125886916,0.88475,0.901
4,np_fixed,Vanilla NP,131,0.02817592157423496,0.027498024418950082,0.889,0.9024
4,np_fixed,Vanilla NP,132,0.028183231383562088,0.027337241327762603,0.8845,0.8999
4,np_fixed,Vanilla NP,133,0.02745150537788868,0.02688545799255371,0.88475,0.9001
4,np_fixed,Vanilla NP,134,0.027376728400588034,0.02665884403884411,0.8935,0.9052
4,np_fixed,Vanilla NP,135,0.02650531794130802,0.025703790372610093,0.89225,0.9025
4,np_fixed,Vanilla NP,136,0.02690323308110237,0.02633976944386959,0.8875,0.9036
4,np_fixed,Vanilla NP,137,0.02645389896631241,0.0256711378544569,0.887,0.9002
4,np_fixed,Vanilla NP,138,0.027508479312062264,0.02669533869922161,0.88525,0.8995
4,np_fixed,Vanilla NP,139,0.026742934703826906,0.025979553925991057,0.888,0.9005
4,np_fixed,Vanilla NP,140,0.0279712023884058,0.027395483857393266,0.88475,0.8971
4,np_fixed,Vanilla NP,141,0.026973142847418786,0.026095044082403183,0.887,0.9029
4,np_fixed,Vanilla NP,142,0.027410734102129936,0.0265125384837389,0.888,0.9028
4,np_fixed,Vanilla NP,143,0.027249485731124876,0.026487640953063964,0.887,0.9014
4,np_fixed,Vanilla NP,144,0.027269191443920135,0.026367572996020317,0.8895,0.9056
4,np_fixed,Vanilla NP,145,0.02661913503706455,0.025944607466459275,0.89225,0.9059
4,np_fixed,Vanilla NP,146,0.026035751521587373,0.025316107177734377,0.893,0.9066
4,np_fixed,Vanilla NP,147,0.026274634078145027,0.02535853605568409,0.89275,0.905
4,np_fixed,Vanilla NP,148,0.027239008963108064,0.026391784659028052,0.89625,0.9041
4,np_fixed,Vanilla NP,149,0.02692793892323971,0.026084295105934144,0.89325,0.9072
4,np_fixed,Vanilla NP,150,0.027024888560175896,0.026184300208091735,0.89625,0.9045
4,np_fixed,Vanilla NP,151,0.025552941471338273,0.02485863439440727,0.89475,0.907
4,np_fixed,Vanilla NP,152,0.02615599864721298,0.02548314496874809,0.89375,0.9065
4,np_fixed,Vanilla NP,153,0.0258495152592659,0.025024890395998953,0.895,0.9062
4,np_fixed,Vanilla NP,154,0.027492758244276046,0.026556056547164916,0.88925,0.8988
4,np_fixed,Vanilla NP,155,0.02615312296152115,0.025319332852959633,0.8955,0.9058
4,np_fixed,Vanilla NP,156,0.025690932303667067,0.02490698402225971,0.891,0.9024
4,np_fixed,Vanilla NP,157,0.026639184445142745,0.025943469819426537,0.89375,0.9015
4,np_fixed,Vanilla NP,158,0.026991779655218123,0.026287753853201867,0.89675,0.9039
4,np_fixed,Vanilla NP,159,0.02571136365830898,0.024985621917247774,0.89575,0.9037
4,np_fixed,Vanilla NP,160,0.025144460886716843,0.024470525953173637,0.88925,0.8991
4,np_fixed,Vanilla NP,161,0.025822136864066123,0.025209966346621513,0.89675,0.9063
4,np_fixed,Vanilla NP,162,0.025346368476748468,0.024603298804163933,0.893,0.9027
4,np_fixed,Vanilla NP,163,0.025319324046373368,0.0247411485850811,0.8935,0.9057
4,np_fixed,Vanilla NP,164,0.025040281668305398,0.024446709981560708,0.8935,0.9079
4,np_fixed,Vanilla NP,165,0.02631656688451767,0.025475125378370284,0.8955,0.905
4,np_fixed,Vanilla NP,166,0.025405063435435294,0.024630735123157502,0.897,0.9035
4,np_fixed,Vanilla NP,167,0.026267429873347282,0.025510674968361853,0.89675,0.9089
4,np_fixed,Vanilla NP,168,0.024922832056879996,0.023969022423028945,0.895,0.9035
4,np_fixed,Vanilla NP,169,0.025641765862703322,0.024836966142058374,0.8945,0.9076
4,np_fixed,Vanilla NP,170,0.025671803325414657,0.024817526710033417,0.89475,0.9057
4,np_fixed,Vanilla NP,171,0.024723366305232048,0.024090906697511672,0.89325,0.9049
4,np_fixed,Vanilla NP,172,0.025216651663184167,0.024282570797204972,0.8945,0.9081
4,np_fixed,Vanilla NP,173,0.025808543473482132,0.025100738650560377,0.8935,0.9057
4,np_fixed,Vanilla NP,174,0.02531899167597294,0.024511479744315147,0.89275,0.9065
4,np_fixed,Vanilla NP,175,0.024352307841181756,0.023430442979931833,0.89475,0.9094
4,np_fixed,Vanilla NP,176,0.025327667862176894,0.024536220988631247,0.89725,0.9079
4,np_fixed,Vanilla NP,177,0.024887897580862045,0.024037071788311003,0.8995,0.9115
4,np_fixed,Vanilla NP,178,0.025908943369984627,0.02517000207901001,0.89525,0.9063
4,np_fixed,Vanilla NP,179,0.024751353695988656,0.024073804399371148,0.903,0.9122
4,np_fixed,Vanilla NP,180,0.02391537344455719,0.023203087732195853,0.90175,0.9113
4,np_fixed,Vanilla NP,181,0.024773160740733147,0.02396643314063549,0.8955,0.911
4,np_fixed,Vanilla NP,182,0.024368008121848108,0.02341190265119076,0.89825,0.9129
4,np_fixed,Vanilla NP,183,0.024214150354266165,0.02327877145707607,0.8975,0.9095
4,np_fixed,Vanilla NP,184,0.023812396511435508,0.0228685777425766,0.8995,0.9133
4,np_fixed,Vanilla NP,185,0.024494657054543494,0.023693487325310708,0.90025,0.9113
4,np_fixed,Vanilla NP,186,0.02410452465713024,0.023199216535687447,0.895,0.908
4,np_fixed,Vanilla NP,187,0.026492280259728433,0.025549191522598266,0.89725,0.9102
4,np_fixed,Vanilla NP,188,0.023748560562729837,0.022858003109693527,0.89925,0.9126
4,np_fixed,Vanilla NP,189,0.02512143141031265,0.024140512949228286,0.891,0.9052
4,np_fixed,Vanilla NP,190,0.02462192587554455,0.023582855370640754,0.8975,0.9127
4,np_fixed,Vanilla NP,191,0.024257763624191284,0.02351374689936638,0.8965,0.9094
4,np_fixed,Vanilla NP,192,0.023548111006617547,0.022729390406608582,0.89675,0.9128
4,np_fixed,Vanilla NP,193,0.02334292180836201,0.022777124205231668,0.89725,0.9067
4,np_fixed,Vanilla NP,194,0.023601944997906684,0.022957684269547463,0.9025,0.9149
4,np_fixed,Vanilla NP,195,0.023318544879555703,0.0224432745218277,0.899,0.9106
4,np_fixed,Vanilla NP,196,0.024234881415963173,0.023531719094514847,0.90025,0.912
4,np_fixed,Vanilla NP,197,0.023629764929413797,0.02282174314558506,0.8975,0.9102
4,np_fixed,Vanilla NP,198,0.024874765396118163,0.024129213842749596,0.89875,0.9127
4,np_fixed,Vanilla NP,199,0.02282329826056957,0.02203007543385029,0.9005,0.914
4,np_fixed,Vanilla NP,200,0.023564975693821908,0.022732023841142656,0.891,0.9083
4,np_fixed,Vanilla NP,201,0.023757260158658026,0.022969550466537477,0.89425,0.9083
4,np_fixed,Vanilla NP,202,0.02307412964105606,0.02232384603023529,0.8995,0.9097
4,np_fixed,Vanilla NP,203,0.023250921696424485,0.02264237272441387,0.90025,0.9095
4,np_fixed,Vanilla NP,204,0.025103012949228287,0.024160610270500184,0.897,0.9092
4,np_fixed,Vanilla NP,205,0.024176102504134177,0.02341303780078888,0.89825,0.9111
4,np_fixed,Vanilla NP,206,0.023584009900689124,0.022689846786856652,0.89125,0.9042
4,np_fixed,Vanilla NP,207,0.024559411346912384,0.02401686260998249,0.896,0.9049
4,np_fixed,Vanilla NP,208,0.0226710637062788,0.02185617291331291,0.8985,0.9107
4,np_fixed,Vanilla NP,209,0.023123722732067108,0.02211807070672512,0.89875,0.9157
4,np_fixed,Vanilla NP,210,0.022900271773338317,0.02183396908938885,0.8995,0.9118
4,np_fixed,Vanilla NP,211,0.023119403421878813,0.02242027095556259,0.90225,0.9134
4,np_fixed,Vanilla NP,212,0.023909457355737688,0.023335662740468978,0.9025,0.9159
4,np_fixed,Vanilla NP,213,0.02453981989622116,0.02379149278998375,0.89825,0.9138
4,np_fixed,Vanilla NP,214,0.0259902406334877,0.025398563560843468,0.89475,0.9098
4,np_fixed,Vanilla NP,215,0.02613490803539753,0.025268099334836005,0.897,0.9125
4,np_fixed,Vanilla NP,216,0.022249858409166337,0.021425511392951013,0.903,0.9151
4,np_fixed,Vanilla NP,217,0.02708160397410393,0.02642495522201061,0.9005,0.9108
4,np_fixed,Vanilla NP,218,0.022977076828479766,0.022029969748854638,0.90175,0.9169
4,np_fixed,Vanilla NP,219,0.025634101405739785,0.025064057728648184,0.8965,0.9095
4,np_fixed,Vanilla NP,220,0.024888338759541512,0.024334232652187347,0.89875,0.909
4,np_fixed,Vanilla NP,221,0.02409876322746277,0.0233378521412611,0.89975,0.9132
4,np_fixed,Vanilla NP,222,0.02378315258026123,0.02295758517384529,0.90075,0.912
4,np_fixed,Vanilla NP,223,0.023287074819207193,0.022539246183633805,0.904,0.9158
4,np_fixed,Vanilla NP,224,0.02382444058358669,0.02334461680650711,0.9045,0.9157
4,np_fixed,Vanilla NP,225,0.024407681748270987,0.023724569690227508,0.89925,0.912
4,np_fixed,Vanilla NP,226,0.02559301695227623,0.025130177068710326,0.899,0.9065
4,np_fixed,Vanilla NP,227,0.02229146546125412,0.02151377005279064,0.903,0.9087
4,np_fixed,Vanilla NP,228,0.023401134237647055,0.02256328708231449,0.89775,0.9084
4,np_fixed,Vanilla NP,229,0.024673304244875908,0.024194080370664596,0.90375,0.9087
4,np_fixed,Vanilla NP,230,0.0228159714192152,0.022127231070399284,0.9045,0.9169
4,np_fixed,Vanilla NP,231,0.022492235898971556,0.021791233798861505,0.90625,0.9155
4,np_fixed,Vanilla NP,232,0.023162561044096946,0.022504976093769072,0.9025,0.9112
4,np_fixed,Vanilla NP,233,0.02178349159657955,0.021090717679262162,0.90575,0.916
4,np_fixed,Vanilla NP,234,0.023764459371566772,0.02304464891552925,0.90125,0.9115
4,np_fixed,Vanilla NP,235,0.024410930708050727,0.023500652328133583,0.89625,0.9103
4,np_fixed,Vanilla NP,236,0.023840115651488303,0.023077213224768637,0.9035,0.9146
4,np_fixed,Vanilla NP,237,0.024720725417137147,0.023972448205947877,0.89725,0.9094
4,np_fixed,Vanilla NP,238,0.02320093595981598,0.02246842737197876,0.90325,0.9116
4,np_fixed,Vanilla NP,239,0.024504727751016617,0.02342904421389103,0.901,0.9142
4,np_fixed,Vanilla NP,240,0.022308757573366166,0.02137402841448784,0.905,0.9136
4,np_fixed,Vanilla NP,241,0.023592702999711036,0.02288028392791748,0.90225,0.9128
4,np_fixed,Vanilla NP,242,0.022000670313835145,0.021022652396559715,0.9015,0.9159
4,np_fixed,Vanilla NP,243,0.02349960498511791,0.02244391805231571,0.8985,0.9117
4,np_fixed,Vanilla NP,244,0.022271822795271873,0.021103290989995003,0.89875,0.9153
4,np_fixed,Vanilla NP,245,0.02200617216527462,0.020963007792830467,0.899,0.9142
4,np_fixed,Vanilla NP,246,0.023560824364423753,0.022674276742339135,0.90375,0.9134
4,np_fixed,Vanilla NP,247,0.02335686968266964,0.022436060243844987,0.90175,0.9146
4,np_fixed,Vanilla NP,248,0.024248667344450952,0.02332798692584038,0.90075,0.9156
4,np_fixed,Vanilla NP,249,0.024222486853599547,0.02323494818508625,0.897,0.9104
4,np_fixed,Vanilla NP,250,0.024006999462842942,0.022938516855239868,0.89925,0.9085
4,np_fixed,Vanilla NP,251,0.02359530444443226,0.0225113041639328,0.89925,0.9115
4,np_fixed,Vanilla NP,252,0.023056327521800996,0.022181987676024438,0.90925,0.9174
4,np_fixed,Vanilla NP,253,0.023065410673618315,0.022282813623547552,0.90225,0.9123
4,np_fixed,Vanilla NP,254,0.022985480546951292,0.02201666531264782,0.90125,0.9122
4,np_fixed,Vanilla NP,255,0.024230377346277237,0.02361022942662239,0.903,0.9151
4,np_fixed,Vanilla NP,256,0.021860138162970544,0.020848856610059738,0.9045,0.9125
4,np_fixed,Vanilla NP,257,0.023982728436589242,0.023210271432995797,0.90225,0.9143
4,np_fixed,Vanilla NP,258,0.022350492596626283,0.021327662974596023,0.90575,0.9167
4,np_fixed,Vanilla NP,259,0.02078773434460163,0.01987825962007046,0.904,0.9187
4,np_fixed,Vanilla NP,260,0.021654868960380554,0.0207995926707983,0.90725,0.9187
4,np_fixed,Vanilla NP,261,0.02114380516111851,0.020139977246522903,0.9075,0.9152
4,np_fixed,Vanilla NP,262,0.022699856981635094,0.02183215764462948,0.903,0.9138
4,np_fixed,Vanilla NP,263,0.023405087754130364,0.022621924144029616,0.9075,0.9174
4,np_fixed,Vanilla NP,264,0.023654950216412545,0.02297259428203106,0.90675,0.9149
4,np_fixed,Vanilla NP,265,0.021566357240080835,0.020660315907001497,0.90975,0.9161
4,np_fixed,Vanilla NP,266,0.02265343126654625,0.02188376603126526,0.90175,0.9092
4,np_fixed,Vanilla NP,267,0.023287637546658517,0.02244713411927223,0.908,0.9153
4,np_fixed,Vanilla NP,268,0.021280694380402566,0.02040878900885582,0.911,0.919
4,np_fixed,Vanilla NP,269,0.022911305233836173,0.022031729885935783,0.91125,0.9216
4,np_fixed,Vanilla NP,270,0.022774281561374666,0.022025062713027,0.90075,0.9106
4,np_fixed,Vanilla NP,271,0.022018805503845214,0.021351941907405855,0.90575,0.9161
4,np_fixed,Vanilla NP,272,0.021350424140691757,0.020190969812870024,0.901,0.9149
4,np_fixed,Vanilla NP,273,0.022396533474326134,0.02126539299786091,0.9035,0.9135
4,np_fixed,Vanilla NP,274,0.021683603763580323,0.020662421303987502,0.9075,0.9176
4,np_fixed,Vanilla NP,275,0.020989974930882453,0.019864836463332175,0.90725,0.9169
4,np_fixed,Vanilla NP,276,0.023000130131840706,0.022129589110612868,0.9045,0.9132
4,np_fixed,Vanilla NP,277,0.02194640985131264,0.020990762022137642,0.9105,0.917
4,np_fixed,Vanilla NP,278,0.022263672202825546,0.0215593655616045,0.91,0.9174
4,np_fixed,Vanilla NP,279,0.0224008207321167,0.02160620078742504,0.90825,0.9135
4,np_fixed,Vanilla NP,280,0.020931088387966156,0.02006909728348255,0.90875,0.9175
4,np_fixed,Vanilla NP,281,0.02217811270058155,0.02131060410439968,0.907,0.9172
4,np_fixed,Vanilla NP,282,0.021889753326773644,0.021096634107828142,0.909,0.9202
4,np_fixed,Vanilla NP,283,0.023883846148848534,0.022979894480109214,0.91125,0.9187
4,np_fixed,Vanilla NP,284,0.02096572671830654,0.02011053479015827,0.9095,0.9191
4,np_fixed,Vanilla NP,285,0.02088606736063957,0.019919209748506545,0.90375,0.9166
4,np_fixed,Vanilla NP,286,0.021366082042455672,0.020515015831589697,0.90575,0.9156
4,np_fixed,Vanilla NP,287,0.022445219948887825,0.021587855964899063,0.9045,0.9113
4,np_fixed,Vanilla NP,288,0.021583560720086097,0.02054997513592243,0.90875,0.9207
4,np_fixed,Vanilla NP,289,0.022416621387004853,0.021766229605674745,0.90675,0.9157
4,np_fixed,Vanilla NP,290,0.02148708052933216,0.02074907599389553,0.9095,0.9205
4,np_fixed,Vanilla NP,291,0.022095611050724984,0.021192966762185097,0.91075,0.9202
4,np_fixed,Vanilla NP,292,0.024696038231253624,0.024071192383766173,0.90625,0.9157
4,np_fixed,Vanilla NP,293,0.021156044527888298,0.020389939841628076,0.90925,0.9176
4,np_fixed,Vanilla NP,294,0.021240126505494117,0.020495468246936797,0.909,0.917
4,np_fixed,Vanilla NP,295,0.021008446902036668,0.02000070827007294,0.90975,0.9173
4,np_fixed,Vanilla NP,296,0.02043646438419819,0.01951951145529747,0.9085,0.921
4,np_fixed,Vanilla NP,297,0.021523004278540613,0.020559240332245828,0.9025,0.9142
4,np_fixed,Vanilla NP,298,0.021265245735645293,0.02034487583041191,0.9055,0.9189
4,np_fixed,Vanilla NP,299,0.02194879561662674,0.020936551436781883,0.90525,0.9192
4,np_fixed,Vanilla NP,300,0.021676366180181504,0.020811437797546385,0.9065,0.9192
4,np_fixed,Vanilla NP,301,0.019875680208206178,0.019056271249055862,0.908,0.9196
4,np_fixed,Vanilla NP,302,0.02025617028772831,0.01926825746893883,0.90775,0.9187
4,np_fixed,Vanilla NP,303,0.021227790489792824,0.020382753932476044,0.907,0.918
4,np_fixed,Vanilla NP,304,0.020889445051550864,0.0200330113530159,0.9115,0.9185
4,np_fixed,Vanilla NP,305,0.020595376670360564,0.01985599556565285,0.90925,0.9185
4,np_fixed,Vanilla NP,306,0.01968652342259884,0.01886432943046093,0.91225,0.9215
4,np_fixed,Vanilla NP,307,0.02235174785554409,0.021696336430311203,0.9115,0.9217
4,np_fixed,Vanilla NP,308,0.020322235718369483,0.019526036339998245,0.90825,0.9184
4,np_fixed,Vanilla NP,309,0.0233667746335268,0.022619620287418367,0.90725,0.9185
4,np_fixed,Vanilla NP,310,0.0209964709430933,0.020119404461979865,0.90925,0.9192
4,np_fixed,Vanilla NP,311,0.020928942173719406,0.020346393182873727,0.91175,0.9197
4,np_fixed,Vanilla NP,312,0.020077355295419694,0.019348602366447448,0.91425,0.9196
4,np_fixed,Vanilla NP,313,0.020516053378582002,0.019644167578220368,0.91275,0.9202
4,np_fixed,Vanilla NP,314,0.02230662725865841,0.021464721783995628,0.9095,0.9179
4,np_fixed,Vanilla NP,315,0.02017750310897827,0.0193749754935503,0.91125,0.9237
4,np_fixed,Vanilla NP,316,0.020432620048522948,0.0197324131578207,0.91275,0.9226
4,np_fixed,Vanilla NP,317,0.020835390254855157,0.020198066624999046,0.91325,0.9219
4,np_fixed,Vanilla NP,318,0.01992973832786083,0.01918830141425133,0.91325,0.9206
4,np_fixed,Vanilla NP,319,0.020671444922685623,0.020024470496177674,0.9115,0.9187
4,np_fixed,Vanilla NP,320,0.02099109959602356,0.02027181130349636,0.9125,0.9224
4,np_fixed,Vanilla NP,321,0.023189036086201667,0.02270272744297981,0.9075,0.9179
4,np_fixed,Vanilla NP,322,0.020713891699910163,0.019966769629716875,0.91175,0.9204
4,np_fixed,Vanilla NP,323,0.02102933643758297,0.020188383507728575,0.91025,0.9179
4,np_fixed,Vanilla NP,324,0.021544936537742615,0.020887745288014414,0.913,0.9213
4,np_fixed,Vanilla NP,325,0.02130420891940594,0.020680229336023332,0.912,0.9216
4,np_fixed,Vanilla NP,326,0.02018971139192581,0.01945649015903473,0.9125,0.9219
4,np_fixed,Vanilla NP,327,0.01956742277741432,0.0188432266831398,0.9155,0.9194
4,np_fixed,Vanilla NP,328,0.02014193557202816,0.019281856736540794,0.909,0.9163
4,np_fixed,Vanilla NP,329,0.022071419790387153,0.021323305332660674,0.91125,0.9172
4,np_fixed,Vanilla NP,330,0.019038788199424745,0.018210375800728797,0.91425,0.9221
4,np_fixed,Vanilla NP,331,0.021512160137295722,0.020824281445145608,0.9135,0.9199
4,np_fixed,Vanilla NP,332,0.020775657638907433,0.019863476398587227,0.90975,0.9189
4,np_fixed,Vanilla NP,333,0.02028171846270561,0.019399941864609718,0.91375,0.924
4,np_fixed,Vanilla NP,334,0.019642640948295594,0.018739479804039002,0.9135,0.924
4,np_fixed,Vanilla NP,335,0.02059994462132454,0.01939381119608879,0.9065,0.9167
4,np_fixed,Vanilla NP,336,0.01975211925804615,0.018740995961427687,0.91025,0.9218
4,np_fixed,Vanilla NP,337,0.019641510486602783,0.018697367826104164,0.9115,0.9238
4,np_fixed,Vanilla NP,338,0.02090369249880314,0.02010966840386391,0.91575,0.9228
4,np_fixed,Vanilla NP,339,0.019810458675026895,0.018822761589288712,0.91075,0.9204
4,np_fixed,Vanilla NP,340,0.01904549303650856,0.01826201741695404,0.91425,0.9234
4,np_fixed,Vanilla NP,341,0.02061365854740143,0.020088731628656386,0.90825,0.9174
4,np_fixed,Vanilla NP,342,0.0208787546902895,0.01983336686193943,0.90875,0.9193
4,np_fixed,Vanilla NP,343,0.020271050319075584,0.0192266291230917,0.9065,0.9168
4,np_fixed,Vanilla NP,344,0.02153195469081402,0.02057008932828903,0.90475,0.9152
4,np_fixed,Vanilla NP,345,0.019324331775307655,0.018465626177191736,0.91275,0.9235
4,np_fixed,Vanilla NP,346,0.02003266453742981,0.01933162759244442,0.9125,0.9238
4,np_fixed,Vanilla NP,347,0.019815624088048937,0.019158267483115197,0.91575,0.924
4,np_fixed,Vanilla NP,348,0.019263764530420304,0.018414122065901758,0.90925,0.9237
4,np_fixed,Vanilla NP,349,0.02132491831481457,0.02070479998290539,0.906,0.9196
4,np_fixed,Vanilla NP,350,0.02005312740802765,0.019427189406752587,0.913,0.9235
4,np_fixed,Vanilla NP,351,0.020857267037034034,0.020010816526412963,0.91325,0.9209
4,np_fixed,Vanilla NP,352,0.01869506584107876,0.017896883097290994,0.91425,0.9235
4,np_fixed,Vanilla NP,353,0.02054975651204586,0.019555584782361985,0.91075,0.9209
4,np_fixed,Vanilla NP,354,0.019257644459605216,0.018218935659527778,0.91275,0.924
4,np_fixed,Vanilla NP,355,0.020229176610708235,0.019476968935132028,0.911,0.9199
4,np_fixed,Vanilla NP,356,0.02144749028980732,0.02059775510430336,0.91175,0.921
4,np_fixed,Vanilla NP,357,0.02062832747399807,0.02004896257817745,0.91325,0.9206
4,np_fixed,Vanilla NP,358,0.020561582699418067,0.01976167716085911,0.911,0.9244
4,np_fixed,Vanilla NP,359,0.01916977173089981,0.01842657398581505,0.91225,0.9249
4,np_fixed,Vanilla NP,360,0.021536907747387885,0.020518885841965675,0.9075,0.9194
4,np_fixed,Vanilla NP,361,0.01946268044412136,0.018423014864325522,0.91125,0.9229
4,np_fixed,Vanilla NP,362,0.022338668704032897,0.021329069703817368,0.903,0.9139
4,np_fixed,Vanilla NP,363,0.019170559123158456,0.018353453877568246,0.91175,0.9225
4,np_fixed,Vanilla NP,364,0.020033591225743295,0.01920763939023018,0.9105,0.921
4,np_fixed,Vanilla NP,365,0.02055768473446369,0.01946484264731407,0.90875,0.9194
4,np_fixed,Vanilla NP,366,0.019910622149705886,0.018984368392825128,0.91275,0.924
4,np_fixed,Vanilla NP,367,0.020023628413677216,0.019212962841987608,0.90925,0.9226
4,np_fixed,Vanilla NP,368,0.01955639635026455,0.018645293420553207,0.913,0.923
4,np_fixed,Vanilla NP,369,0.019828733742237092,0.019044951209425925,0.91,0.9205
4,np_fixed,Vanilla NP,370,0.02125059625506401,0.02033435527086258,0.9085,0.9244
4,np_fixed,Vanilla NP,371,0.019929987385869027,0.019103351736068724,0.91475,0.9248
4,np_fixed,Vanilla NP,372,0.019901724815368654,0.019139449384808542,0.91,0.9209
4,np_fixed,Vanilla NP,373,0.02122298365831375,0.020304652044177054,0.90725,0.9222
4,np_fixed,Vanilla NP,374,0.021329692631959916,0.020431165543198584,0.912,0.9257
4,np_fixed,Vanilla NP,375,0.020451596811413765,0.019621695238351822,0.911,0.9245
4,np_fixed,Vanilla NP,376,0.02162964914739132,0.020928270477056504,0.91125,0.9222
4,np_fixed,Vanilla NP,377,0.019280398547649385,0.018509726098179816,0.9145,0.9246
4,np_fixed,Vanilla NP,378,0.018725672468543054,0.017792993277311327,0.91475,0.9264
4,np_fixed,Vanilla NP,379,0.01898306153714657,0.018197294223308562,0.914,0.9213
4,np_fixed,Vanilla NP,380,0.020123230919241904,0.019328230687975883,0.91425,0.9231
4,np_fixed,Vanilla NP,381,0.01914487798511982,0.01833490452170372,0.91575,0.9255
4,np_fixed,Vanilla NP,382,0.018275516405701638,0.017363082003593443,0.9175,0.9254
4,np_fixed,Vanilla NP,383,0.01877524471282959,0.01782862796485424,0.9145,0.925
4,np_fixed,Vanilla NP,384,0.018567262083292006,0.017564965349435805,0.91675,0.9239
4,np_fixed,Vanilla NP,385,0.019424784258008004,0.01848396544754505,0.91525,0.924
4,np_fixed,Vanilla NP,386,0.01899202796816826,0.017876624765992166,0.91125,0.9229
4,np_fixed,Vanilla NP,387,0.017844551891088484,0.01692045491337776,0.91725,0.9252
4,np_fixed,Vanilla NP,388,0.018896509066224098,0.01788091625571251,0.9175,0.926
4,np_fixed,Vanilla NP,389,0.01888074854016304,0.01786917895078659,0.91525,0.9241
4,np_fixed,Vanilla NP,390,0.02203547728061676,0.02136562525033951,0.90925,0.9196
4,np_fixed,Vanilla NP,391,0.01895134676992893,0.01802148935496807,0.913,0.9206
4,np_fixed,Vanilla NP,392,0.019206939041614534,0.018329030176997184,0.91225,0.9222
4,np_fixed,Vanilla NP,393,0.018547189220786096,0.017682430049777032,0.91775,0.9232
4,np_fixed,Vanilla NP,394,0.01907303461432457,0.01807923738360405,0.9175,0.9265
4,np_fixed,Vanilla NP,395,0.019401964083313943,0.01853507410287857,0.9175,0.9256
4,np_fixed,Vanilla NP,396,0.018332546189427375,0.01740096907913685,0.91725,0.9258
4,np_fixed,Vanilla NP,397,0.020251723617315292,0.019391467422246934,0.9145,0.9257
4,np_fixed,Vanilla NP,398,0.01995757657289505,0.01917426355779171,0.91675,0.9254
4,np_fixed,Vanilla NP,399,0.019690600380301477,0.01910383318066597,0.917,0.9217
4,np_fixed,Vanilla NP,400,0.01870159909129143,0.017975793531537054,0.91825,0.9247
4,np_fan_in,Fan-in NP,1,0.08879391008615493,0.08848888138532639,0.231,0.2392
4,np_fan_in,Fan-in NP,2,0.08493909484148025,0.0845561688899994,0.3875,0.4036
4,np_fan_in,Fan-in NP,3,0.08140575051307679,0.08095634654760361,0.51475,0.5257
4,np_fan_in,Fan-in NP,4,0.07700502860546111,0.07647231303453446,0.58425,0.6052
4,np_fan_in,Fan-in NP,5,0.07272424340248108,0.07210977439880371,0.632,0.6427
4,np_fan_in,Fan-in NP,6,0.06778139513731003,0.06708731143474579,0.69475,0.7049
4,np_fan_in,Fan-in NP,7,0.06351588892936706,0.0628108134508133,0.73075,0.7434
4,np_fan_in,Fan-in NP,8,0.060074107468128204,0.059307020711898806,0.76275,0.7725
4,np_fan_in,Fan-in NP,9,0.056141071528196335,0.055461559200286864,0.765,0.7742
4,np_fan_in,Fan-in NP,10,0.054159135341644286,0.05345900459289551,0.7735,0.78
4,np_fan_in,Fan-in NP,11,0.05217462533712387,0.05149436530470848,0.76975,0.7839
4,np_fan_in,Fan-in NP,12,0.0509696988761425,0.05020499468445778,0.79325,0.8024
4,np_fan_in,Fan-in NP,13,0.04979312893748283,0.049119101524353025,0.7975,0.8106
4,np_fan_in,Fan-in NP,14,0.04819447603821755,0.04758550322651863,0.7945,0.8057
4,np_fan_in,Fan-in NP,15,0.04733635058999062,0.04664697209596634,0.80275,0.8173
4,np_fan_in,Fan-in NP,16,0.04637971431016922,0.045615821033716204,0.8075,0.8178
4,np_fan_in,Fan-in NP,17,0.04544035789370537,0.04467219796180725,0.807,0.8174
4,np_fan_in,Fan-in NP,18,0.044978307485580446,0.044373882585763934,0.81425,0.8275
4,np_fan_in,Fan-in NP,19,0.043669699549674985,0.042968806481361387,0.811,0.8212
4,np_fan_in,Fan-in NP,20,0.04369646206498146,0.042999503743648526,0.80925,0.8226
4,np_fan_in,Fan-in NP,21,0.042415495961904526,0.04165388010144234,0.82475,0.8388
4,np_fan_in,Fan-in NP,22,0.04165627285838127,0.04093504393696785,0.82875,0.8433
4,np_fan_in,Fan-in NP,23,0.040801948606967925,0.04010167788863182,0.81225,0.8298
4,np_fan_in,Fan-in NP,24,0.04018321767449379,0.039414907848834994,0.839,0.8503
4,np_fan_in,Fan-in NP,25,0.04042642185091972,0.03959271553754806,0.83375,0.8494
4,np_fan_in,Fan-in NP,26,0.03942620077729225,0.038706079870462415,0.84475,0.8583
4,np_fan_in,Fan-in NP,27,0.03917977023124695,0.038152555871009824,0.8505,0.8635
4,np_fan_in,Fan-in NP,28,0.03861883968114853,0.037841738802194595,0.85475,0.8658
4,np_fan_in,Fan-in NP,29,0.03777508348226547,0.03682950729727745,0.8475,0.8621
4,np_fan_in,Fan-in NP,30,0.03803731018304825,0.037391117590665816,0.84225,0.8564
4,np_fan_in,Fan-in NP,31,0.03746268942952156,0.03657270277738571,0.83875,0.855
4,np_fan_in,Fan-in NP,32,0.03649699354171753,0.03553485506176948,0.84825,0.866
4,np_fan_in,Fan-in NP,33,0.03669384822249413,0.03584197070598602,0.8605,0.8731
4,np_fan_in,Fan-in NP,34,0.03491180181503296,0.034128128099441525,0.85275,0.8682
4,np_fan_in,Fan-in NP,35,0.03601596260070801,0.0350249169588089,0.8615,0.8742
4,np_fan_in,Fan-in NP,36,0.03432646346092224,0.033557382595539094,0.86075,0.8755
4,np_fan_in,Fan-in NP,37,0.03455766350030899,0.03390581778883934,0.862,0.875
4,np_fan_in,Fan-in NP,38,0.035058911442756656,0.03411272196173668,0.86775,0.8776
4,np_fan_in,Fan-in NP,39,0.03462908837199211,0.03383808051347732,0.868,0.8797
4,np_fan_in,Fan-in NP,40,0.03354303282499314,0.03266735792756081,0.86525,0.8805
4,np_fan_in,Fan-in NP,41,0.032503427237272266,0.03175308642983437,0.86375,0.879
4,np_fan_in,Fan-in NP,42,0.033471055895090106,0.03241273298859596,0.868,0.8812
4,np_fan_in,Fan-in NP,43,0.03282274734973908,0.03192239941358566,0.86825,0.8826
4,np_fan_in,Fan-in NP,44,0.032363662600517276,0.031757030168175694,0.8725,0.8839
4,np_fan_in,Fan-in NP,45,0.030873456954956056,0.030049469837546347,0.867,0.8865
4,np_fan_in,Fan-in NP,46,0.03127673688530922,0.030395264422893524,0.87175,0.883
4,np_fan_in,Fan-in NP,47,0.03092303690314293,0.030118384638428686,0.87375,0.8904
4,np_fan_in,Fan-in NP,48,0.03055876512825489,0.02988340555727482,0.876,0.8887
4,np_fan_in,Fan-in NP,49,0.029766842544078825,0.02883331371843815,0.8745,0.885
4,np_fan_in,Fan-in NP,50,0.029183841347694396,0.028360585778951643,0.8715,0.8888
4,np_fan_in,Fan-in NP,51,0.028952996492385863,0.027969669300317763,0.87725,0.8918
4,np_fan_in,Fan-in NP,52,0.028865555867552756,0.027778678432106973,0.87775,0.8938
4,np_fan_in,Fan-in NP,53,0.02939770942926407,0.028522127452492715,0.8805,0.8922
4,np_fan_in,Fan-in NP,54,0.028550195068120957,0.02756210893690586,0.879,0.8912
4,np_fan_in,Fan-in NP,55,0.02790376606583595,0.026736431056261063,0.8775,0.8906
4,np_fan_in,Fan-in NP,56,0.027923834189772605,0.02713256603181362,0.87825,0.892
4,np_fan_in,Fan-in NP,57,0.02759847255051136,0.026645147973299026,0.8805,0.8955
4,np_fan_in,Fan-in NP,58,0.027936590954661368,0.027060644361376764,0.874,0.8886
4,np_fan_in,Fan-in NP,59,0.027124485448002816,0.02623461925089359,0.8845,0.8966
4,np_fan_in,Fan-in NP,60,0.026957987874746323,0.02598768852353096,0.8795,0.8929
4,np_fan_in,Fan-in NP,61,0.027590467691421507,0.02670181822180748,0.88225,0.8946
4,np_fan_in,Fan-in NP,62,0.027566804245114325,0.02679554581940174,0.88525,0.8971
4,np_fan_in,Fan-in NP,63,0.027090866267681122,0.02628535347878933,0.89025,0.8986
4,np_fan_in,Fan-in NP,64,0.026907240375876426,0.025999688121676447,0.88775,0.9
4,np_fan_in,Fan-in NP,65,0.026302334278821945,0.025584085869789122,0.88975,0.8981
4,np_fan_in,Fan-in NP,66,0.026118935450911523,0.02531025265157223,0.88925,0.9005
4,np_fan_in,Fan-in NP,67,0.025465577393770217,0.0246015438079834,0.887,0.8994
4,np_fan_in,Fan-in NP,68,0.026020775094628332,0.024924341264367104,0.8885,0.9011
4,np_fan_in,Fan-in NP,69,0.025664867475628853,0.02447668461203575,0.88475,0.8987
4,np_fan_in,Fan-in NP,70,0.02626528890430927,0.02526750012040138,0.886,0.8998
4,np_fan_in,Fan-in NP,71,0.02538750033080578,0.024436140811443328,0.88975,0.9033
4,np_fan_in,Fan-in NP,72,0.025457207202911378,0.024498941099643706,0.88825,0.9027
4,np_fan_in,Fan-in NP,73,0.025451798498630523,0.024336503916978836,0.8885,0.9027
4,np_fan_in,Fan-in NP,74,0.024712817683815957,0.023609196457266807,0.88975,0.9041
4,np_fan_in,Fan-in NP,75,0.02488505659997463,0.0238996031999588,0.89125,0.9056
4,np_fan_in,Fan-in NP,76,0.02424479804933071,0.023160398599505423,0.8885,0.9047
4,np_fan_in,Fan-in NP,77,0.024262518852949142,0.023258272451162337,0.888,0.9038
4,np_fan_in,Fan-in NP,78,0.025074781402945518,0.023927881526947022,0.892,0.9035
4,np_fan_in,Fan-in NP,79,0.02466917234659195,0.023478803107142447,0.89025,0.9052
4,np_fan_in,Fan-in NP,80,0.024820239156484604,0.023750539618730544,0.8845,0.9001
4,np_fan_in,Fan-in NP,81,0.024175759807229042,0.023071089896559715,0.8935,0.9034
4,np_fan_in,Fan-in NP,82,0.0248918908983469,0.023853141480684282,0.889,0.9059
4,np_fan_in,Fan-in NP,83,0.02426024515926838,0.023311440169811248,0.89125,0.9053
4,np_fan_in,Fan-in NP,84,0.023741112664341927,0.02279733695089817,0.89225,0.9043
4,np_fan_in,Fan-in NP,85,0.02390712444484234,0.022770281419157982,0.89375,0.9047
4,np_fan_in,Fan-in NP,86,0.024637354657053946,0.02351416124999523,0.8945,0.9053
4,np_fan_in,Fan-in NP,87,0.023308933064341546,0.02215141825079918,0.89425,0.9089
4,np_fan_in,Fan-in NP,88,0.023628341794013977,0.02259845257997513,0.89425,0.9038
4,np_fan_in,Fan-in NP,89,0.023681806311011314,0.022714947694540025,0.898,0.9081
4,np_fan_in,Fan-in NP,90,0.023539318710565568,0.022519659519195556,0.89625,0.9063
4,np_fan_in,Fan-in NP,91,0.022925184816122057,0.022025147753953932,0.89575,0.9061
4,np_fan_in,Fan-in NP,92,0.023541054263710975,0.022426224276423455,0.89575,0.9067
4,np_fan_in,Fan-in NP,93,0.023044211581349373,0.02217341873347759,0.89275,0.9067
4,np_fan_in,Fan-in NP,94,0.023644563600420953,0.022674904012680054,0.89275,0.9063
4,np_fan_in,Fan-in NP,95,0.02257269684970379,0.021542638540267944,0.89725,0.9083
4,np_fan_in,Fan-in NP,96,0.02340868966281414,0.02258076842725277,0.8965,0.9109
4,np_fan_in,Fan-in NP,97,0.023640876084566116,0.022727009314298628,0.896,0.908
4,np_fan_in,Fan-in NP,98,0.02264994502067566,0.02184017440378666,0.89625,0.9079
4,np_fan_in,Fan-in NP,99,0.023386179164052008,0.022395943701267244,0.8945,0.9079
4,np_fan_in,Fan-in NP,100,0.02293912707269192,0.021836298874020575,0.89675,0.9096
4,np_fan_in,Fan-in NP,101,0.02273739795386791,0.021866130635142325,0.89575,0.9085
4,np_fan_in,Fan-in NP,102,0.023251131266355515,0.02231386722624302,0.8965,0.908
4,np_fan_in,Fan-in NP,103,0.022022579446434976,0.02099675205051899,0.89775,0.9152
4,np_fan_in,Fan-in NP,104,0.022214482337236406,0.02126344901919365,0.8985,0.9118
4,np_fan_in,Fan-in NP,105,0.023194143533706666,0.022224565944075583,0.90175,0.911
4,np_fan_in,Fan-in NP,106,0.023010771185159682,0.021978665021061897,0.8965,0.9105
4,np_fan_in,Fan-in NP,107,0.021953889042139053,0.020841948994994162,0.8925,0.9079
4,np_fan_in,Fan-in NP,108,0.022144442990422248,0.02109926553070545,0.8955,0.9108
4,np_fan_in,Fan-in NP,109,0.022846702665090562,0.021813636264204978,0.89425,0.9083
4,np_fan_in,Fan-in NP,110,0.023172410920262336,0.022067092591524125,0.892,0.9094
4,np_fan_in,Fan-in NP,111,0.022013568758964538,0.020852830895781518,0.8965,0.9108
4,np_fan_in,Fan-in NP,112,0.02228494268655777,0.02118666323721409,0.89275,0.9129
4,np_fan_in,Fan-in NP,113,0.022591490000486374,0.021565164479613305,0.8995,0.9112
4,np_fan_in,Fan-in NP,114,0.021444721549749374,0.020452967432141304,0.896,0.9103
4,np_fan_in,Fan-in NP,115,0.022133569985628126,0.021157367691397668,0.89725,0.9122
4,np_fan_in,Fan-in NP,116,0.02242875564098358,0.021477579045295715,0.8985,0.9118
4,np_fan_in,Fan-in NP,117,0.022362014934420586,0.021474692288041115,0.8925,0.908
4,np_fan_in,Fan-in NP,118,0.022998952150344847,0.02194892984330654,0.89075,0.9068
4,np_fan_in,Fan-in NP,119,0.022288014262914657,0.02112188550233841,0.897,0.9108
4,np_fan_in,Fan-in NP,120,0.02156810349225998,0.020400267297029494,0.898,0.9104
4,np_fan_in,Fan-in NP,121,0.02302379061281681,0.022030674400925637,0.8985,0.9097
4,np_fan_in,Fan-in NP,122,0.02396395306289196,0.02269106636941433,0.89875,0.9105
4,np_fan_in,Fan-in NP,123,0.02221502211689949,0.02105080356001854,0.903,0.9159
4,np_fan_in,Fan-in NP,124,0.02082343527674675,0.019763647973537444,0.90175,0.9144
4,np_fan_in,Fan-in NP,125,0.022418704882264138,0.02130329335927963,0.89775,0.9118
4,np_fan_in,Fan-in NP,126,0.02161117547750473,0.020437994620203973,0.90225,0.9163
4,np_fan_in,Fan-in NP,127,0.02241042247414589,0.02113612765967846,0.8985,0.9127
4,np_fan_in,Fan-in NP,128,0.021497598335146903,0.020463817819952965,0.90125,0.913
4,np_fan_in,Fan-in NP,129,0.022417039513587953,0.02141297632753849,0.896,0.9107
4,np_fan_in,Fan-in NP,130,0.021566271215677262,0.020494280859827994,0.90175,0.9129
4,np_fan_in,Fan-in NP,131,0.02290375204384327,0.021691663810610773,0.901,0.9155
4,np_fan_in,Fan-in NP,132,0.023588215082883834,0.022449559956789017,0.89925,0.9154
4,np_fan_in,Fan-in NP,133,0.021198646977543832,0.020243593072891235,0.898,0.9139
4,np_fan_in,Fan-in NP,134,0.02139722169935703,0.02029585730433464,0.90325,0.9194
4,np_fan_in,Fan-in NP,135,0.021375193446874618,0.02019558149576187,0.90125,0.9122
4,np_fan_in,Fan-in NP,136,0.021652654290199278,0.020673052251338957,0.9025,0.9135
4,np_fan_in,Fan-in NP,137,0.02100625567138195,0.020031650388240813,0.8995,0.9125
4,np_fan_in,Fan-in NP,138,0.021735747516155243,0.02062593196928501,0.905,0.9165
4,np_fan_in,Fan-in NP,139,0.021536465793848037,0.020398325523734093,0.89925,0.9123
4,np_fan_in,Fan-in NP,140,0.022123132094740868,0.02106796371638775,0.898,0.9142
4,np_fan_in,Fan-in NP,141,0.021474016681313515,0.02036785159409046,0.90025,0.9163
4,np_fan_in,Fan-in NP,142,0.02154552611708641,0.020341764438152315,0.90675,0.9189
4,np_fan_in,Fan-in NP,143,0.021252426132559777,0.020117339411377905,0.903,0.9159
4,np_fan_in,Fan-in NP,144,0.02120708367228508,0.02007162500023842,0.9035,0.9173
4,np_fan_in,Fan-in NP,145,0.020910748928785323,0.019950852566957472,0.90225,0.9181
4,np_fan_in,Fan-in NP,146,0.020340436294674875,0.01924361384809017,0.90325,0.9174
4,np_fan_in,Fan-in NP,147,0.020390200406312942,0.01926385272145271,0.90275,0.9194
4,np_fan_in,Fan-in NP,148,0.02163684968650341,0.02062349120080471,0.90375,0.9162
4,np_fan_in,Fan-in NP,149,0.02108558039367199,0.020032754871249198,0.90275,0.9179
4,np_fan_in,Fan-in NP,150,0.019884281054139138,0.018695345592498778,0.907,0.9216
4,np_fan_in,Fan-in NP,151,0.019480819568037988,0.01845826678276062,0.9045,0.9191
4,np_fan_in,Fan-in NP,152,0.020743282586336134,0.01970030819773674,0.9025,0.9188
4,np_fan_in,Fan-in NP,153,0.02041143622994423,0.019192332565784453,0.905,0.9185
4,np_fan_in,Fan-in NP,154,0.0214203477203846,0.020156033024191857,0.90175,0.915
4,np_fan_in,Fan-in NP,155,0.019859846875071526,0.01868003763258457,0.908,0.9204
4,np_fan_in,Fan-in NP,156,0.0197497960627079,0.018581344893574714,0.904,0.9172
4,np_fan_in,Fan-in NP,157,0.02121680772304535,0.020137384325265885,0.90675,0.9182
4,np_fan_in,Fan-in NP,158,0.020627449199557304,0.019414450794458388,0.90575,0.9187
4,np_fan_in,Fan-in NP,159,0.020452468261122705,0.019442190152406693,0.9075,0.9175
4,np_fan_in,Fan-in NP,160,0.019588261470198633,0.018516185370087625,0.9015,0.9184
4,np_fan_in,Fan-in NP,161,0.01996714323759079,0.01900700130164623,0.90625,0.9191
4,np_fan_in,Fan-in NP,162,0.01969145926833153,0.018568499407172204,0.905,0.9184
4,np_fan_in,Fan-in NP,163,0.02053837414085865,0.019472723677754402,0.90475,0.917
4,np_fan_in,Fan-in NP,164,0.020205520734190942,0.01928012385070324,0.90775,0.9196
4,np_fan_in,Fan-in NP,165,0.019835654616355895,0.018658720365166664,0.90675,0.9198
4,np_fan_in,Fan-in NP,166,0.0208290506452322,0.019925971511006356,0.908,0.9195
4,np_fan_in,Fan-in NP,167,0.020909719720482826,0.019919821146130563,0.90775,0.9219
4,np_fan_in,Fan-in NP,168,0.01970863148570061,0.01858373351097107,0.9045,0.917
4,np_fan_in,Fan-in NP,169,0.020229228377342225,0.019167863529920576,0.908,0.919
4,np_fan_in,Fan-in NP,170,0.020617345854640007,0.019499794209003447,0.908,0.9188
4,np_fan_in,Fan-in NP,171,0.020119270220398902,0.019063026598095893,0.90575,0.9182
4,np_fan_in,Fan-in NP,172,0.019566009446978568,0.018483494395017622,0.908,0.9213
4,np_fan_in,Fan-in NP,173,0.01994639816880226,0.018752475905418398,0.9075,0.922
4,np_fan_in,Fan-in NP,174,0.019757358461618423,0.01855802577137947,0.90575,0.9208
4,np_fan_in,Fan-in NP,175,0.01961530502140522,0.018486149299144744,0.906,0.9193
4,np_fan_in,Fan-in NP,176,0.020509212598204613,0.01937152023613453,0.90825,0.9208
4,np_fan_in,Fan-in NP,177,0.01974062582850456,0.018651894515752793,0.91,0.9216
4,np_fan_in,Fan-in NP,178,0.020069286793470382,0.01901976294517517,0.90975,0.9199
4,np_fan_in,Fan-in NP,179,0.01928557300567627,0.018293974313139914,0.91125,0.9222
4,np_fan_in,Fan-in NP,180,0.019091041401028633,0.01820828994810581,0.91375,0.9226
4,np_fan_in,Fan-in NP,181,0.01969267985224724,0.018725578904151916,0.91,0.9207
4,np_fan_in,Fan-in NP,182,0.019520646661520005,0.018445323634147644,0.908,0.9218
4,np_fan_in,Fan-in NP,183,0.018851020589470864,0.01785689582526684,0.9085,0.921
4,np_fan_in,Fan-in NP,184,0.018441574037075043,0.01744312750697136,0.91125,0.9222
4,np_fan_in,Fan-in NP,185,0.019220161557197572,0.01809665898680687,0.90875,0.9227
4,np_fan_in,Fan-in NP,186,0.019134467989206313,0.01806369282901287,0.90725,0.921
4,np_fan_in,Fan-in NP,187,0.021106918707489968,0.02007067977488041,0.90975,0.9239
4,np_fan_in,Fan-in NP,188,0.018595899283885955,0.017593288373947143,0.91025,0.926
4,np_fan_in,Fan-in NP,189,0.02000675356388092,0.019087024176120758,0.90725,0.9189
4,np_fan_in,Fan-in NP,190,0.01948628003895283,0.018302259647846222,0.90925,0.924
4,np_fan_in,Fan-in NP,191,0.018959757924079897,0.01800388145148754,0.91075,0.9229
4,np_fan_in,Fan-in NP,192,0.01849110981822014,0.01742638698220253,0.9095,0.9237
4,np_fan_in,Fan-in NP,193,0.01965593458712101,0.018744196552038194,0.91025,0.9215
4,np_fan_in,Fan-in NP,194,0.018682833984494208,0.017762010660767557,0.912,0.9269
4,np_fan_in,Fan-in NP,195,0.0183170535415411,0.017317521247267723,0.915,0.9262
4,np_fan_in,Fan-in NP,196,0.019136966198682784,0.018026479753851892,0.912,0.9247
4,np_fan_in,Fan-in NP,197,0.018872976899147034,0.017856990975141526,0.90975,0.9236
4,np_fan_in,Fan-in NP,198,0.019734114050865174,0.018801640379428865,0.912,0.9264
4,np_fan_in,Fan-in NP,199,0.017947806477546693,0.016934507474303244,0.91325,0.9266
4,np_fan_in,Fan-in NP,200,0.018413141265511513,0.017346433112025262,0.91075,0.9245
4,np_fan_in,Fan-in NP,201,0.01934022302925587,0.018348612982034683,0.90575,0.9229
4,np_fan_in,Fan-in NP,202,0.01855475077033043,0.017503415352106096,0.9115,0.9266
4,np_fan_in,Fan-in NP,203,0.018605601578950883,0.0175478481143713,0.91275,0.9257
4,np_fan_in,Fan-in NP,204,0.0193152706772089,0.01815419671535492,0.91125,0.9259
4,np_fan_in,Fan-in NP,205,0.01843549592792988,0.017468639954924585,0.914,0.9249
4,np_fan_in,Fan-in NP,206,0.018751451075077058,0.017728866028785706,0.91375,0.9255
4,np_fan_in,Fan-in NP,207,0.018878539845347403,0.018036867159605025,0.91325,0.9255
4,np_fan_in,Fan-in NP,208,0.017872309550642968,0.016993631225824354,0.917,0.9289
4,np_fan_in,Fan-in NP,209,0.01900518500804901,0.01794070971906185,0.9145,0.9284
4,np_fan_in,Fan-in NP,210,0.017786316856741907,0.016789209389686584,0.9155,0.928
4,np_fan_in,Fan-in NP,211,0.018058753281831742,0.017156559011340142,0.9155,0.9291
4,np_fan_in,Fan-in NP,212,0.018652401253581048,0.017790564823150636,0.918,0.9293
4,np_fan_in,Fan-in NP,213,0.018769963920116425,0.01775488083064556,0.913,0.9293
4,np_fan_in,Fan-in NP,214,0.020477751791477202,0.01955079874098301,0.91275,0.9277
4,np_fan_in,Fan-in NP,215,0.020084395468235015,0.019111899411678315,0.91475,0.9281
4,np_fan_in,Fan-in NP,216,0.01722379718720913,0.016256322360038756,0.91625,0.9285
4,np_fan_in,Fan-in NP,217,0.019561177194118498,0.018445550087094306,0.9155,0.9293
4,np_fan_in,Fan-in NP,218,0.01753777165710926,0.016515752175450326,0.91675,0.9291
4,np_fan_in,Fan-in NP,219,0.020318317651748657,0.019417975181341172,0.91425,0.9279
4,np_fan_in,Fan-in NP,220,0.018389342188835145,0.017367811757326126,0.9145,0.9274
4,np_fan_in,Fan-in NP,221,0.01796939255297184,0.016817268612980843,0.91475,0.9281
4,np_fan_in,Fan-in NP,222,0.018095069244503974,0.017162274065613745,0.9145,0.9269
4,np_fan_in,Fan-in NP,223,0.01819252945482731,0.017275403627753257,0.9175,0.9292
4,np_fan_in,Fan-in NP,224,0.018287886157631873,0.01761601528823376,0.92,0.9298
4,np_fan_in,Fan-in NP,225,0.018018600717186927,0.017157496431469917,0.9195,0.9296
4,np_fan_in,Fan-in NP,226,0.01971572294831276,0.018945102831721305,0.91775,0.9273
4,np_fan_in,Fan-in NP,227,0.01765334564447403,0.016782916432619095,0.91775,0.9284
4,np_fan_in,Fan-in NP,228,0.017427605047822,0.016387625473737715,0.915,0.928
4,np_fan_in,Fan-in NP,229,0.01866639633476734,0.0178808411359787,0.91975,0.929
4,np_fan_in,Fan-in NP,230,0.016875373929739,0.01596951923072338,0.91925,0.9301
4,np_fan_in,Fan-in NP,231,0.01726743657886982,0.016422109639644623,0.921,0.9306
4,np_fan_in,Fan-in NP,232,0.01696715947985649,0.016104110422730446,0.92,0.9295
4,np_fan_in,Fan-in NP,233,0.016521629959344863,0.015668292462825775,0.92175,0.9323
4,np_fan_in,Fan-in NP,234,0.01792023915052414,0.017041207653284072,0.9205,0.93
4,np_fan_in,Fan-in NP,235,0.0175937485396862,0.016503024384379388,0.9195,0.9306
4,np_fan_in,Fan-in NP,236,0.017331318765878678,0.016569142085313796,0.921,0.9281
4,np_fan_in,Fan-in NP,237,0.0173208194822073,0.01621030937731266,0.92075,0.9301
4,np_fan_in,Fan-in NP,238,0.017580897077918052,0.016626922646164895,0.92025,0.9315
4,np_fan_in,Fan-in NP,239,0.017465509161353112,0.016328064253926276,0.9185,0.9299
4,np_fan_in,Fan-in NP,240,0.01690054401755333,0.01585081953406334,0.9215,0.9306
4,np_fan_in,Fan-in NP,241,0.017732128262519836,0.016738721936941148,0.9225,0.9315
4,np_fan_in,Fan-in NP,242,0.017078831002116202,0.015981192737817763,0.92225,0.9326
4,np_fan_in,Fan-in NP,243,0.017498608738183975,0.01653324196636677,0.91875,0.929
4,np_fan_in,Fan-in NP,244,0.0168296607285738,0.015702989068627358,0.918,0.9305
4,np_fan_in,Fan-in NP,245,0.016647925913333892,0.01565744386613369,0.92,0.9319
4,np_fan_in,Fan-in NP,246,0.01760542704164982,0.016762664911150933,0.92175,0.9312
4,np_fan_in,Fan-in NP,247,0.01693585641682148,0.01585044865012169,0.919,0.9324
4,np_fan_in,Fan-in NP,248,0.016721541106700898,0.015597697484493255,0.91925,0.9319
4,np_fan_in,Fan-in NP,249,0.017753427729010583,0.016595777520537376,0.9145,0.9298
4,np_fan_in,Fan-in NP,250,0.01744238241016865,0.016416968849301338,0.9205,0.9307
4,np_fan_in,Fan-in NP,251,0.017678192615509035,0.016543456676602362,0.9195,0.9327
4,np_fan_in,Fan-in NP,252,0.01733928392827511,0.016192867290973665,0.92,0.9339
4,np_fan_in,Fan-in NP,253,0.017129479393362998,0.016081465035676958,0.92,0.9329
4,np_fan_in,Fan-in NP,254,0.017140017375349998,0.01602738191485405,0.91775,0.9305
4,np_fan_in,Fan-in NP,255,0.017574136197566988,0.01654423838853836,0.92075,0.9327
4,np_fan_in,Fan-in NP,256,0.01642369982600212,0.015364876006543637,0.91925,0.932
4,np_fan_in,Fan-in NP,257,0.017365939617156982,0.01638236254453659,0.922,0.9327
4,np_fan_in,Fan-in NP,258,0.01631917129456997,0.015256965728104114,0.92275,0.9342
4,np_fan_in,Fan-in NP,259,0.01592473064363003,0.014847989369928837,0.9225,0.935
4,np_fan_in,Fan-in NP,260,0.016712439879775047,0.015737906244397165,0.9245,0.9353
4,np_fan_in,Fan-in NP,261,0.016464427784085273,0.015378101688623429,0.92425,0.9363
4,np_fan_in,Fan-in NP,262,0.016362730190157892,0.015428907710313798,0.924,0.934
4,np_fan_in,Fan-in NP,263,0.017033737391233445,0.016125053390860556,0.9225,0.9356
4,np_fan_in,Fan-in NP,264,0.018207508474588394,0.017389099261164664,0.9245,0.9353
4,np_fan_in,Fan-in NP,265,0.016444931894540788,0.015476178778707982,0.9265,0.9342
4,np_fan_in,Fan-in NP,266,0.01660565370321274,0.015675646355748175,0.92325,0.9313
4,np_fan_in,Fan-in NP,267,0.017504136011004447,0.01650538192689419,0.92225,0.9334
4,np_fan_in,Fan-in NP,268,0.015733236625790598,0.014704575699567795,0.92425,0.9363
4,np_fan_in,Fan-in NP,269,0.0163461647182703,0.015344682815670967,0.92275,0.9345
4,np_fan_in,Fan-in NP,270,0.01682836839556694,0.01598011481165886,0.92575,0.9352
4,np_fan_in,Fan-in NP,271,0.016692572176456453,0.015837363651394844,0.92725,0.9346
4,np_fan_in,Fan-in NP,272,0.016367270052433013,0.015409026369452477,0.92225,0.9309
4,np_fan_in,Fan-in NP,273,0.016257773250341414,0.015236653286218644,0.9255,0.9334
4,np_fan_in,Fan-in NP,274,0.016555000588297845,0.015501897692680358,0.92575,0.9339
4,np_fan_in,Fan-in NP,275,0.01616579470038414,0.01507967639118433,0.92225,0.9316
4,np_fan_in,Fan-in NP,276,0.016480296581983567,0.015662025740742682,0.926,0.9331
4,np_fan_in,Fan-in NP,277,0.01611717353761196,0.015241912885010242,0.92675,0.9356
4,np_fan_in,Fan-in NP,278,0.01593056319653988,0.015168134945631026,0.931,0.9365
4,np_fan_in,Fan-in NP,279,0.015876452788710593,0.015149807633459567,0.928,0.9359
4,np_fan_in,Fan-in NP,280,0.016153238609433174,0.01529429794549942,0.92575,0.9352
4,np_fan_in,Fan-in NP,281,0.01601353871822357,0.015096432714164257,0.926,0.9361
4,np_fan_in,Fan-in NP,282,0.015564256727695465,0.01474082899838686,0.9265,0.9357
4,np_fan_in,Fan-in NP,283,0.016440429583191873,0.015500869309902191,0.92775,0.9374
4,np_fan_in,Fan-in NP,284,0.015758811861276627,0.014733273866772652,0.9275,0.9382
4,np_fan_in,Fan-in NP,285,0.015700732976198197,0.014691130276024342,0.926,0.9351
4,np_fan_in,Fan-in NP,286,0.015984009072184564,0.015078463359177112,0.92725,0.9365
4,np_fan_in,Fan-in NP,287,0.01591130982339382,0.014940532784163952,0.928,0.9384
4,np_fan_in,Fan-in NP,288,0.015529803708195686,0.014550820250809192,0.92575,0.9389
4,np_fan_in,Fan-in NP,289,0.016163597270846368,0.015252195070683957,0.92725,0.9391
4,np_fan_in,Fan-in NP,290,0.015622293025255203,0.014755780465900897,0.93075,0.9387
4,np_fan_in,Fan-in NP,291,0.016376640036702157,0.015370794822275638,0.92725,0.9392
4,np_fan_in,Fan-in NP,292,0.01644719697535038,0.015604076361656189,0.92825,0.9387
4,np_fan_in,Fan-in NP,293,0.016002510830760003,0.015075657920539378,0.9305,0.9386
4,np_fan_in,Fan-in NP,294,0.01581122802197933,0.014880807226896286,0.9265,0.9382
4,np_fan_in,Fan-in NP,295,0.01570528647303581,0.01474208724796772,0.9285,0.9381
4,np_fan_in,Fan-in NP,296,0.015862556546926497,0.014914044767618179,0.92625,0.936
4,np_fan_in,Fan-in NP,297,0.0157500781416893,0.01480233224183321,0.925,0.9358
4,np_fan_in,Fan-in NP,298,0.015899039685726167,0.015074985989928246,0.9265,0.9371
4,np_fan_in,Fan-in NP,299,0.01620707115530968,0.015234310813248157,0.92875,0.9365
4,np_fan_in,Fan-in NP,300,0.01583182980120182,0.014961862921714782,0.92725,0.9399
4,np_fan_in,Fan-in NP,301,0.015569404438138009,0.014680171139538288,0.92625,0.9379
4,np_fan_in,Fan-in NP,302,0.01564815452694893,0.014751120826601983,0.9255,0.9376
4,np_fan_in,Fan-in NP,303,0.015775088503956796,0.014833506080508232,0.92825,0.938
4,np_fan_in,Fan-in NP,304,0.015607072710990906,0.014681236708164215,0.92825,0.9377
4,np_fan_in,Fan-in NP,305,0.015386536344885826,0.014541072934865952,0.9305,0.9369
4,np_fan_in,Fan-in NP,306,0.014973306730389595,0.01413519131988287,0.92875,0.9388
4,np_fan_in,Fan-in NP,307,0.01565991921722889,0.014771502161026,0.92975,0.939
4,np_fan_in,Fan-in NP,308,0.015562276661396026,0.014634281887114048,0.93,0.9366
4,np_fan_in,Fan-in NP,309,0.016001550287008285,0.015088081923127175,0.927,0.9385
4,np_fan_in,Fan-in NP,310,0.015199413627386093,0.014265155172348023,0.926,0.9391
4,np_fan_in,Fan-in NP,311,0.015207020089030266,0.014386037203669547,0.92775,0.9381
4,np_fan_in,Fan-in NP,312,0.01500359733402729,0.014279744689166545,0.92825,0.9386
4,np_fan_in,Fan-in NP,313,0.015145662948489189,0.014272164878249168,0.927,0.94
4,np_fan_in,Fan-in NP,314,0.016253723993897438,0.015342605847120286,0.924,0.9379
4,np_fan_in,Fan-in NP,315,0.015732231587171554,0.014843136994540691,0.9255,0.9395
4,np_fan_in,Fan-in NP,316,0.015152372285723687,0.014294156721234321,0.9255,0.9387
4,np_fan_in,Fan-in NP,317,0.01514748740196228,0.014442938505113126,0.9265,0.9384
4,np_fan_in,Fan-in NP,318,0.014919074177742004,0.014143101803958415,0.926,0.9407
4,np_fan_in,Fan-in NP,319,0.015318201899528504,0.014456783024966717,0.92525,0.9387
4,np_fan_in,Fan-in NP,320,0.015109361097216606,0.01433329591602087,0.92825,0.9393
4,np_fan_in,Fan-in NP,321,0.015809410065412522,0.015089386349916458,0.92775,0.9384
4,np_fan_in,Fan-in NP,322,0.015341444835066796,0.014493015684187413,0.92975,0.9405
4,np_fan_in,Fan-in NP,323,0.014849811680614949,0.014040371596813202,0.9305,0.9389
4,np_fan_in,Fan-in NP,324,0.015206604152917863,0.014367325900495052,0.9305,0.9405
4,np_fan_in,Fan-in NP,325,0.015334502317011356,0.014561253787577152,0.9305,0.9414
4,np_fan_in,Fan-in NP,326,0.014841375522315502,0.014122110874950886,0.929,0.9401
4,np_fan_in,Fan-in NP,327,0.0147233946621418,0.01396209554374218,0.93,0.94
4,np_fan_in,Fan-in NP,328,0.014640975549817085,0.013809788754582405,0.928,0.9397
4,np_fan_in,Fan-in NP,329,0.015253296971321106,0.014394729264080525,0.9255,0.9383
4,np_fan_in,Fan-in NP,330,0.014575463734567166,0.013749223744869232,0.92725,0.9374
4,np_fan_in,Fan-in NP,331,0.01565890420973301,0.014868605440855026,0.92725,0.9386
4,np_fan_in,Fan-in NP,332,0.015112775579094887,0.01429035715162754,0.9275,0.9393
4,np_fan_in,Fan-in NP,333,0.014787634685635567,0.013985218833386898,0.928,0.9411
4,np_fan_in,Fan-in NP,334,0.014694412507116795,0.013858259227871894,0.9285,0.9404
4,np_fan_in,Fan-in NP,335,0.01526309362053871,0.014336742193996907,0.927,0.9383
4,np_fan_in,Fan-in NP,336,0.014631732322275638,0.013710388520359993,0.928,0.9397
4,np_fan_in,Fan-in NP,337,0.014699767842888832,0.013772675767540932,0.929,0.9395
4,np_fan_in,Fan-in NP,338,0.015031567245721817,0.014200817584991456,0.92875,0.9393
4,np_fan_in,Fan-in NP,339,0.014856848806142808,0.013961009360849857,0.9285,0.9381
4,np_fan_in,Fan-in NP,340,0.014754127658903599,0.01388677274286747,0.9285,0.9398
4,np_fan_in,Fan-in NP,341,0.014765874199569226,0.014032185396552085,0.93,0.9412
4,np_fan_in,Fan-in NP,342,0.014904031582176685,0.014107371160387993,0.93,0.9403
4,np_fan_in,Fan-in NP,343,0.014878993488848209,0.014021955974400044,0.92825,0.9399
4,np_fan_in,Fan-in NP,344,0.015247496232390403,0.014375352643430234,0.9275,0.9383
4,np_fan_in,Fan-in NP,345,0.014439562559127808,0.013621872055530547,0.92975,0.9408
4,np_fan_in,Fan-in NP,346,0.014469959244132042,0.013702761575579644,0.93025,0.9408
4,np_fan_in,Fan-in NP,347,0.014833509169518947,0.014019935917854309,0.93075,0.9419
4,np_fan_in,Fan-in NP,348,0.014238794073462487,0.013416980940103532,0.92925,0.9424
4,np_fan_in,Fan-in NP,349,0.014745179757475853,0.01391965551674366,0.9305,0.9406
4,np_fan_in,Fan-in NP,350,0.01465459956973791,0.01383437317609787,0.928,0.94
4,np_fan_in,Fan-in NP,351,0.014933111846446991,0.014017038169503213,0.931,0.9413
4,np_fan_in,Fan-in NP,352,0.014306609526276588,0.013395143803954124,0.93,0.9412
4,np_fan_in,Fan-in NP,353,0.014636272564530373,0.013749681422114373,0.93,0.9416
4,np_fan_in,Fan-in NP,354,0.014580499082803726,0.013693644441664219,0.929,0.9423
4,np_fan_in,Fan-in NP,355,0.014728527873754501,0.013857557980716228,0.9295,0.9404
4,np_fan_in,Fan-in NP,356,0.015169824369251728,0.014329942917823791,0.9315,0.9409
4,np_fan_in,Fan-in NP,357,0.014954027958214282,0.014171452724933625,0.9305,0.9407
4,np_fan_in,Fan-in NP,358,0.014625970862805843,0.013878442013263702,0.931,0.9415
4,np_fan_in,Fan-in NP,359,0.01443695443868637,0.013646141809225082,0.931,0.9418
4,np_fan_in,Fan-in NP,360,0.014588630512356758,0.013734385392069816,0.93075,0.9424
4,np_fan_in,Fan-in NP,361,0.014414966255426407,0.013679004774987697,0.9325,0.9411
4,np_fan_in,Fan-in NP,362,0.014928145557641983,0.014200431981682778,0.929,0.9393
4,np_fan_in,Fan-in NP,363,0.014519798927009105,0.013920027497410774,0.932,0.942
4,np_fan_in,Fan-in NP,364,0.014840874768793583,0.014034651736915111,0.9295,0.9428
4,np_fan_in,Fan-in NP,365,0.015116237595677377,0.014319291204214097,0.932,0.9397
4,np_fan_in,Fan-in NP,366,0.014487078286707401,0.013760326027870178,0.93175,0.9401
4,np_fan_in,Fan-in NP,367,0.014377119138836861,0.013602382871508598,0.9315,0.9415
4,np_fan_in,Fan-in NP,368,0.014177403904497624,0.01335209627598524,0.9315,0.9435
4,np_fan_in,Fan-in NP,369,0.01448393926769495,0.013687359736859799,0.9295,0.9426
4,np_fan_in,Fan-in NP,370,0.014740707322955132,0.014012816065549851,0.92975,0.9427
4,np_fan_in,Fan-in NP,371,0.014379242449998856,0.013701774269342423,0.931,0.942
4,np_fan_in,Fan-in NP,372,0.014313183322548866,0.013639500485360622,0.9315,0.9421
4,np_fan_in,Fan-in NP,373,0.014234335124492646,0.013546631601452827,0.934,0.9425
4,np_fan_in,Fan-in NP,374,0.014354659885168075,0.013604515609145164,0.93375,0.9429
4,np_fan_in,Fan-in NP,375,0.01525402195751667,0.014489725272357463,0.9285,0.9421
4,np_fan_in,Fan-in NP,376,0.014894687630236148,0.01434389985948801,0.93275,0.942
4,np_fan_in,Fan-in NP,377,0.014088832981884479,0.013492860996723175,0.93275,0.9432
4,np_fan_in,Fan-in NP,378,0.013813408017158508,0.013155179953575135,0.93125,0.9435
4,np_fan_in,Fan-in NP,379,0.014268037870526313,0.013663127179443835,0.933,0.9424
4,np_fan_in,Fan-in NP,380,0.014528263181447983,0.013899684023857117,0.93075,0.9413
4,np_fan_in,Fan-in NP,381,0.013904686018824577,0.013256512892246247,0.934,0.9428
4,np_fan_in,Fan-in NP,382,0.01359866388142109,0.012924720023572445,0.9335,0.9436
4,np_fan_in,Fan-in NP,383,0.013755108430981636,0.01309908693432808,0.93525,0.9439
4,np_fan_in,Fan-in NP,384,0.013676840163767337,0.0129515969440341,0.9325,0.9455
4,np_fan_in,Fan-in NP,385,0.014113574221730232,0.01338543266505003,0.93425,0.9452
4,np_fan_in,Fan-in NP,386,0.014057988233864307,0.013352243085205554,0.93125,0.944
4,np_fan_in,Fan-in NP,387,0.013628369703888893,0.01285582761913538,0.93225,0.9448
4,np_fan_in,Fan-in NP,388,0.013920943297445774,0.013195063872635365,0.93375,0.9445
4,np_fan_in,Fan-in NP,389,0.013648830212652683,0.012858660371601582,0.93175,0.9448
4,np_fan_in,Fan-in NP,390,0.014264356657862663,0.013548020002245902,0.93325,0.9436
4,np_fan_in,Fan-in NP,391,0.013585200734436512,0.01284951269030571,0.93375,0.9455
4,np_fan_in,Fan-in NP,392,0.014053352616727351,0.013332516989111901,0.93425,0.9446
4,np_fan_in,Fan-in NP,393,0.013642772078514099,0.012944041195511818,0.93675,0.9444
4,np_fan_in,Fan-in NP,394,0.013659539744257926,0.012945080813765527,0.934,0.9449
4,np_fan_in,Fan-in NP,395,0.01410899107158184,0.01352119927406311,0.9355,0.9468
4,np_fan_in,Fan-in NP,396,0.013684046141803265,0.013036516682803631,0.93575,0.9463
4,np_fan_in,Fan-in NP,397,0.014652613781392574,0.013893887557089328,0.9345,0.9471
4,np_fan_in,Fan-in NP,398,0.01397473779320717,0.013323760588467121,0.93725,0.9466
4,np_fan_in,Fan-in NP,399,0.014286021508276462,0.01357896544933319,0.93425,0.9453
4,np_fan_in,Fan-in NP,400,0.013821714609861374,0.013150288197398186,0.93575,0.9459
4,wp,WP,1,0.09211170160770417,0.0919317090511322,0.084,0.0892
4,wp,WP,2,0.08974981665611267,0.08954619936943055,0.169,0.1785
4,wp,WP,3,0.0882072422504425,0.08791344115734101,0.2705,0.2866
4,wp,WP,4,0.08711180305480958,0.08680827387571335,0.328,0.3458
4,wp,WP,5,0.08594144296646118,0.08559024208784104,0.369,0.3871
4,wp,WP,6,0.08498773181438446,0.08460239588022232,0.41575,0.426
4,wp,WP,7,0.08392301714420318,0.08354547024965286,0.45,0.4634
4,wp,WP,8,0.08291133743524551,0.08252801320552826,0.4705,0.4907
4,wp,WP,9,0.08159814912080765,0.08118808443546295,0.51325,0.5315
4,wp,WP,10,0.08053066158294678,0.08005077146291732,0.543,0.5647
4,wp,WP,11,0.07952594637870788,0.07903374407291412,0.53575,0.5607
4,wp,WP,12,0.0784351499080658,0.07795674910545349,0.56275,0.5854
4,wp,WP,13,0.07701584458351135,0.0764780809044838,0.56925,0.5932
4,wp,WP,14,0.07549125689268112,0.07488406286239624,0.58075,0.6011
4,wp,WP,15,0.07411002820730209,0.07348776512145996,0.62175,0.6445
4,wp,WP,16,0.07271532553434372,0.07206952476501464,0.62375,0.6448
4,wp,WP,17,0.07143270760774613,0.07075808289051055,0.63825,0.6509
4,wp,WP,18,0.0700523591041565,0.06938607298135757,0.65375,0.6714
4,wp,WP,19,0.06900487232208252,0.06837738690376281,0.66575,0.6786
4,wp,WP,20,0.06780525058507919,0.06716316859722138,0.6705,0.6832
4,wp,WP,21,0.06654709577560425,0.06591281629800796,0.6895,0.6999
4,wp,WP,22,0.06548132967948914,0.06487726970911026,0.6925,0.6959
4,wp,WP,23,0.06464732360839844,0.06408683264255524,0.697,0.6999
4,wp,WP,24,0.0636915426850319,0.06305199078321456,0.6945,0.7005
4,wp,WP,25,0.06270068442821503,0.06198490715026855,0.69675,0.7069
4,wp,WP,26,0.061739883810281754,0.06102883034944534,0.69975,0.7098
4,wp,WP,27,0.060542937487363814,0.05980507711172104,0.70825,0.7233
4,wp,WP,28,0.05980965232849121,0.059019116520881654,0.728,0.7451
4,wp,WP,29,0.058689303934574125,0.05789641374945641,0.7305,0.7408
4,wp,WP,30,0.05854343387484551,0.057713696914911274,0.7295,0.7452
4,wp,WP,31,0.0577388636469841,0.056941097795963284,0.71475,0.725
4,wp,WP,32,0.056969927549362184,0.05618238384723663,0.73,0.734
4,wp,WP,33,0.056107054978609086,0.05536279605031014,0.73925,0.7502
4,wp,WP,34,0.05573751947283745,0.0550773792386055,0.74075,0.7535
4,wp,WP,35,0.05482349246740341,0.054091565507650374,0.742,0.7539
4,wp,WP,36,0.05431180122494698,0.05354591807126999,0.7335,0.747
4,wp,WP,37,0.05445532611012459,0.05365563425421715,0.74025,0.7609
4,wp,WP,38,0.05385109880566597,0.053053359591960905,0.739,0.7552
4,wp,WP,39,0.05351824617385864,0.052726603245735165,0.745,0.7677
4,wp,WP,40,0.053130486637353896,0.05235557135939598,0.7585,0.7748
4,wp,WP,41,0.052720210552215575,0.05187840037941933,0.75375,0.7715
4,wp,WP,42,0.05227342078089714,0.051436044055223465,0.75425,0.777
4,wp,WP,43,0.05172540545463562,0.05082461058497429,0.7585,0.7806
4,wp,WP,44,0.051234859436750414,0.05036845937371254,0.76125,0.7799
4,wp,WP,45,0.05091285660862923,0.04997337794303894,0.77425,0.7967
4,wp,WP,46,0.050859484821558,0.04997616125941277,0.7645,0.7853
4,wp,WP,47,0.05027457720041275,0.04930252566933632,0.76625,0.7936
4,wp,WP,48,0.05009991458058357,0.049093917542696,0.77125,0.7972
4,wp,WP,49,0.04949760168790817,0.0486339046895504,0.77625,0.7981
4,wp,WP,50,0.04868486320972443,0.047799815583229065,0.78125,0.8008
4,wp,WP,51,0.04814208197593689,0.04720087894797325,0.77875,0.7977
4,wp,WP,52,0.048245009511709215,0.04729734526872635,0.782,0.7998
4,wp,WP,53,0.04802285650372505,0.04703631893992424,0.783,0.8057
4,wp,WP,54,0.04797254607081413,0.047019491094350815,0.77825,0.8017
4,wp,WP,55,0.047347695767879484,0.046365829479694365,0.7855,0.8057
4,wp,WP,56,0.046914460927248,0.04591641635298729,0.78225,0.8027
4,wp,WP,57,0.04656115284562111,0.04549486221671104,0.7795,0.7962
4,wp,WP,58,0.046475647687911986,0.045397940355539325,0.78225,0.8009
4,wp,WP,59,0.0461991676390171,0.045125429165363315,0.78175,0.7984
4,wp,WP,60,0.04639807772636414,0.045193768364191055,0.78075,0.804
4,wp,WP,61,0.04573877042531967,0.04467681016921997,0.785,0.8041
4,wp,WP,62,0.046002949595451356,0.044907659578323364,0.78175,0.8005
4,wp,WP,63,0.04666210603713989,0.045512728226184844,0.779,0.7924
4,wp,WP,64,0.045867747336626054,0.044876475286483766,0.79025,0.8048
4,wp,WP,65,0.045834756821393964,0.044988297516107556,0.7845,0.8015
4,wp,WP,66,0.04577284100651741,0.044852701818943026,0.7845,0.8011
4,wp,WP,67,0.04537502852082252,0.04448955473899841,0.793,0.8023
4,wp,WP,68,0.045222420066595076,0.04422500805258751,0.7885,0.8007
4,wp,WP,69,0.04557028648257255,0.044544544869661334,0.7915,0.808
4,wp,WP,70,0.04572365409135819,0.04465925884246826,0.78725,0.8068
4,wp,WP,71,0.045110693246126175,0.04416901728510857,0.7905,0.8112
4,wp,WP,72,0.044783490657806395,0.04391971422433853,0.78775,0.8057
4,wp,WP,73,0.04459027057886124,0.04363132318854332,0.7965,0.81
4,wp,WP,74,0.044515541702508925,0.04356185297369957,0.79525,0.8117
4,wp,WP,75,0.044397736191749575,0.043569626897573474,0.78925,0.8034
4,wp,WP,76,0.04518120163679123,0.04428242546916008,0.787,0.7991
4,wp,WP,77,0.0454361192882061,0.04453382730484009,0.781,0.7966
4,wp,WP,78,0.045657974123954774,0.04480155184864998,0.78875,0.7987
4,wp,WP,79,0.045410429418087005,0.04442676271796227,0.78375,0.7987
4,wp,WP,80,0.04542416068911553,0.04451168788671494,0.7745,0.7918
4,wp,WP,81,0.045163428246974946,0.04411858160495758,0.78675,0.8018
4,wp,WP,82,0.04564427053928375,0.04459378653764725,0.7905,0.8041
4,wp,WP,83,0.0450456138253212,0.04410620174407959,0.79075,0.8055
4,wp,WP,84,0.04535265111923218,0.0443631673514843,0.78925,0.7997
4,wp,WP,85,0.045265256822109225,0.044280526506900786,0.7795,0.7955
4,wp,WP,86,0.04478804898262024,0.04370497588515282,0.78175,0.7953
4,wp,WP,87,0.04473851108551025,0.043612305891513825,0.788,0.7949
4,wp,WP,88,0.044915834695100784,0.04365416549444199,0.78275,0.7963
4,wp,WP,89,0.044950421839952466,0.04387657100558281,0.79125,0.799
4,wp,WP,90,0.04485457992553711,0.043830455136299136,0.78575,0.8021
4,wp,WP,91,0.04528238049149513,0.044280787456035614,0.7925,0.8024
4,wp,WP,92,0.04513230681419372,0.044282334560155866,0.78875,0.7983
4,wp,WP,93,0.044782001197338106,0.04390196366906166,0.794,0.805
4,wp,WP,94,0.04465333181619644,0.04370654429197311,0.7955,0.8083
4,wp,WP,95,0.044423330307006834,0.04346014218330383,0.7925,0.8045
4,wp,WP,96,0.04446794435381889,0.04347588732838631,0.7955,0.8085
4,wp,WP,97,0.044176094353199004,0.043098376429080966,0.79725,0.8052
4,wp,WP,98,0.04434448799490929,0.04332852606773376,0.792,0.7983
4,wp,WP,99,0.044270998030900954,0.04309232721328735,0.79375,0.8108
4,wp,WP,100,0.044528096675872805,0.04330155061483383,0.793,0.8079
4,wp,WP,101,0.044593606024980546,0.0434137228012085,0.79425,0.8076
4,wp,WP,102,0.044336174070835115,0.04312156435251236,0.79275,0.811
4,wp,WP,103,0.04412856909632683,0.042924252408742904,0.7965,0.8146
4,wp,WP,104,0.04412739711999893,0.04282236742973328,0.78775,0.8098
4,wp,WP,105,0.04348889744281769,0.04203924137949944,0.79725,0.8147
4,wp,WP,106,0.04346232289075851,0.0419805739402771,0.79325,0.8137
4,wp,WP,107,0.04364888948202133,0.04204017822146416,0.7975,0.8147
4,wp,WP,108,0.04360183024406433,0.04208471881747246,0.797,0.8108
4,wp,WP,109,0.043982793688774106,0.04247105005979538,0.79075,0.8087
4,wp,WP,110,0.043917540103197095,0.042428525412082675,0.79575,0.8094
4,wp,WP,111,0.043293031632900235,0.04179637734889984,0.80475,0.8148
4,wp,WP,112,0.043264770448207854,0.04189732474684715,0.80425,0.8142
4,wp,WP,113,0.043449393838644025,0.04197097609043121,0.8,0.8129
4,wp,WP,114,0.04383069196343422,0.04231930666565895,0.7935,0.814
4,wp,WP,115,0.04357272809743881,0.042107327044010164,0.79675,0.8111
4,wp,WP,116,0.04402258655428887,0.04279267928600311,0.79875,0.8037
4,wp,WP,117,0.04377253636717796,0.042598772770166396,0.79475,0.8048
4,wp,WP,118,0.04364488163590431,0.042508352690935135,0.79425,0.8081
4,wp,WP,119,0.043572187453508375,0.04227822636961937,0.79675,0.8067
4,wp,WP,120,0.043904085636138915,0.04258818535804749,0.792,0.8008
4,wp,WP,121,0.04382522565126419,0.04255943091511726,0.78575,0.7996
4,wp,WP,122,0.04379259496927261,0.042757940274477005,0.78925,0.8045
4,wp,WP,123,0.04354241508245468,0.04259796061515808,0.79425,0.806
4,wp,WP,124,0.04380831679701805,0.04279005941748619,0.7905,0.8023
4,wp,WP,125,0.04338406890630722,0.04258039185404777,0.796,0.804
4,wp,WP,126,0.04339098435640335,0.04253266423940658,0.79275,0.8044
4,wp,WP,127,0.04351588609814644,0.042461175590753554,0.785,0.8008
4,wp,WP,128,0.04353669482469559,0.04254404515624046,0.786,0.7993
4,wp,WP,129,0.043128582626581195,0.042110391622781754,0.78925,0.8024
4,wp,WP,130,0.04302234181761742,0.04204776096343994,0.789,0.8013
4,wp,WP,131,0.04337167802453041,0.04239903874993324,0.787,0.7972
4,wp,WP,132,0.04305382999777794,0.0421670526266098,0.7895,0.7969
4,wp,WP,133,0.04281887051463127,0.04210633310675621,0.79375,0.7981
4,wp,WP,134,0.042653437674045565,0.04189698494076729,0.788,0.796
4,wp,WP,135,0.04285488286614418,0.04205709217786789,0.7875,0.7961
4,wp,WP,136,0.04248572462797165,0.0418281729221344,0.789,0.7982
4,wp,WP,137,0.042817365318536756,0.04191466295719147,0.783,0.7972
4,wp,WP,138,0.042916191816329954,0.04188141456246376,0.782,0.7939
4,wp,WP,139,0.042765732645988465,0.041728856229782105,0.7835,0.7971
4,wp,WP,140,0.042029087990522386,0.0411535087287426,0.78575,0.8011
4,wp,WP,141,0.041849189281463625,0.040838396471738814,0.78625,0.801
4,wp,WP,142,0.04240373313426971,0.04132495856881142,0.78575,0.8027
4,wp,WP,143,0.042280365973711015,0.04125650411844253,0.7865,0.8036
4,wp,WP,144,0.04163071483373642,0.040924435395002366,0.7915,0.8048
4,wp,WP,145,0.04174948534369469,0.04094351523518562,0.787,0.8027
4,wp,WP,146,0.041341910868883135,0.040454658657312396,0.7915,0.8059
4,wp,WP,147,0.04136064329743385,0.040315096282958984,0.7905,0.804
4,wp,WP,148,0.04153240025043488,0.040332769268751144,0.7895,0.8065
4,wp,WP,149,0.0413313165307045,0.040033058083057405,0.78925,0.8074
4,wp,WP,150,0.04144550770521164,0.04025544614195824,0.7865,0.8042
4,wp,WP,151,0.041673353523015974,0.04048561199307442,0.7875,0.8066
4,wp,WP,152,0.04141427457332611,0.04005693494677544,0.7915,0.811
4,wp,WP,153,0.04103883796930313,0.03971942620277405,0.793,0.8119
4,wp,WP,154,0.040454549908638,0.03903469347953797,0.7945,0.8139
4,wp,WP,155,0.04094517213106155,0.03949552893638611,0.79375,0.8144
4,wp,WP,156,0.04118391636013985,0.039792005932331086,0.7925,0.8126
4,wp,WP,157,0.0410674122273922,0.03967245471477508,0.796,0.8129
4,wp,WP,158,0.04146553227305412,0.039982844454050065,0.79375,0.8097
4,wp,WP,159,0.04079118353128433,0.039348651695251466,0.79775,0.8161
4,wp,WP,160,0.04070827114582062,0.03929683756232261,0.798,0.814
4,wp,WP,161,0.040448177635669706,0.038954080533981326,0.79875,0.8131
4,wp,WP,162,0.04012222290039062,0.038559843826293946,0.80125,0.8169
4,wp,WP,163,0.04030842265486717,0.03882879431247711,0.8,0.8193
4,wp,WP,164,0.04005064845085144,0.03856569178700447,0.8045,0.8188
4,wp,WP,165,0.040340256422758104,0.038856011867523195,0.8,0.8193
4,wp,WP,166,0.040109068721532824,0.03859313418865204,0.79925,0.8179
4,wp,WP,167,0.03966065749526024,0.03811294003129005,0.8035,0.8225
4,wp,WP,168,0.04015759414434433,0.03842600394487381,0.79475,0.8197
4,wp,WP,169,0.04004573994874954,0.038482299667596816,0.79725,0.8169
4,wp,WP,170,0.04000005629658699,0.03837205627560616,0.79525,0.8153
4,wp,WP,171,0.040094344794750214,0.03833550732135773,0.7965,0.8171
4,wp,WP,172,0.03995185846090317,0.038322981774806975,0.80275,0.8197
4,wp,WP,173,0.039924747824668885,0.03833326100111008,0.7985,0.8184
4,wp,WP,174,0.04032345673441887,0.03843660889267921,0.7985,0.8159
4,wp,WP,175,0.039982073366642,0.038072607761621476,0.7965,0.8215
4,wp,WP,176,0.03971331682801247,0.037947562408447266,0.7995,0.8192
4,wp,WP,177,0.03971424576640129,0.03807757728099823,0.80375,0.818
4,wp,WP,178,0.039711262196302416,0.03793548473119736,0.79975,0.8181
4,wp,WP,179,0.03960628315806389,0.03784924152493477,0.7995,0.8174
4,wp,WP,180,0.039836518496274946,0.03800309788584709,0.80125,0.8186
4,wp,WP,181,0.03988262304663658,0.038096228671073915,0.8005,0.8187
4,wp,WP,182,0.03985907167196274,0.038290906500816346,0.8015,0.8165
4,wp,WP,183,0.03988459053635597,0.03826488716006279,0.8025,0.8163
4,wp,WP,184,0.03957851555943489,0.03793769978880882,0.80725,0.8202
4,wp,WP,185,0.039456400066614154,0.03785864950418472,0.8025,0.8134
4,wp,WP,186,0.03951674863696098,0.038068911600112915,0.794,0.8092
4,wp,WP,187,0.039334365755319595,0.03789266761541366,0.795,0.8126
4,wp,WP,188,0.039574730575084684,0.03818911219835281,0.7995,0.8091
4,wp,WP,189,0.03920928275585175,0.03783751031756401,0.7965,0.8114
4,wp,WP,190,0.039233107775449756,0.03772266517877579,0.80075,0.8121
4,wp,WP,191,0.03914826789498329,0.037760118275880813,0.80325,0.8087
4,wp,WP,192,0.039399143457412716,0.03796288877725601,0.7975,0.8119
4,wp,WP,193,0.03980793684720993,0.03829384947419166,0.7965,0.8107
4,wp,WP,194,0.03968282386660576,0.0382051228761673,0.8025,0.8112
4,wp,WP,195,0.03921555945277214,0.0378520847260952,0.80175,0.816
4,wp,WP,196,0.03919240859150887,0.03772801242470741,0.8025,0.8165
4,wp,WP,197,0.03906499034166336,0.03766699860692024,0.8025,0.8176
4,wp,WP,198,0.039143581926822664,0.03772083792686463,0.79675,0.817
4,wp,WP,199,0.03913305839896202,0.03768286771774292,0.79475,0.8126
4,wp,WP,200,0.03878727144002914,0.03727397740483284,0.8,0.8176
4,wp,WP,201,0.038459426194429394,0.03688622484207153,0.8025,0.82
4,wp,WP,202,0.03850344660878181,0.03693298602700233,0.80225,0.8183
4,wp,WP,203,0.03852423360943794,0.03704293358325958,0.79925,0.8171
4,wp,WP,204,0.03824157351255417,0.03689789382219315,0.8035,0.8175
4,wp,WP,205,0.03844954413175583,0.03714923731088638,0.8,0.8174
4,wp,WP,206,0.03904802206158638,0.037859491437673566,0.80325,0.8141
4,wp,WP,207,0.03897181534767151,0.037757858741283415,0.7995,0.8134
4,wp,WP,208,0.03873214048147201,0.03730397887825966,0.799,0.8121
4,wp,WP,209,0.0381484691798687,0.03678176589012146,0.802,0.8154
4,wp,WP,210,0.037972132116556166,0.0366886064350605,0.80475,0.8183
4,wp,WP,211,0.037447285383939745,0.03644073249697685,0.80925,0.8184
4,wp,WP,212,0.037312776684761045,0.03641385809183121,0.804,0.8181
4,wp,WP,213,0.03768608206510544,0.036956888270378116,0.80475,0.812
4,wp,WP,214,0.0376129911839962,0.03713418000340462,0.806,0.811
4,wp,WP,215,0.037036365687847135,0.03643003615140915,0.805,0.813
4,wp,WP,216,0.03763867983222008,0.0371115287065506,0.8115,0.8116
4,wp,WP,217,0.03783392518758774,0.037162874776124954,0.8095,0.812
4,wp,WP,218,0.03809916681051254,0.03734988235831261,0.81025,0.8107
4,wp,WP,219,0.03752376914024353,0.03689817329645157,0.815,0.812
4,wp,WP,220,0.03748515459895134,0.03672646218538284,0.816,0.8181
4,wp,WP,221,0.037432658314704895,0.03639771677255631,0.81275,0.8122
4,wp,WP,222,0.03729260876774788,0.03646834660172463,0.81275,0.8141
4,wp,WP,223,0.03769436565041542,0.03662845199108124,0.81,0.819
4,wp,WP,224,0.037501124948263166,0.03641722285747528,0.81225,0.8199
4,wp,WP,225,0.03758979418873787,0.036472136282920835,0.80975,0.8161
4,wp,WP,226,0.037555164486169815,0.036335049146413806,0.8115,0.8194
4,wp,WP,227,0.03748401057720184,0.03626280850768089,0.80775,0.819
4,wp,WP,228,0.03716099062561989,0.035952047580480574,0.80825,0.8187
4,wp,WP,229,0.03698311734199524,0.03548144346475601,0.8105,0.8191
4,wp,WP,230,0.03737308594584465,0.035870546680688856,0.808,0.8151
4,wp,WP,231,0.03701889562606812,0.035446780210733414,0.80675,0.8165
4,wp,WP,232,0.03701966166496277,0.03557840582728386,0.80625,0.8149
4,wp,WP,233,0.03737524935603142,0.03602147052288055,0.804,0.8163
4,wp,WP,234,0.03762224787473679,0.03625809423327446,0.79975,0.8171
4,wp,WP,235,0.03783663636445999,0.03646180993914604,0.79925,0.8143
4,wp,WP,236,0.03797106736898422,0.03648211736679077,0.79825,0.8138
4,wp,WP,237,0.0378050679564476,0.03618989415168762,0.80025,0.8159
4,wp,WP,238,0.037609571158885954,0.03583839253187179,0.803,0.8176
4,wp,WP,239,0.0372171656191349,0.03561192710995674,0.80125,0.8174
4,wp,WP,240,0.03747326609492302,0.03582882088422775,0.80675,0.8169
4,wp,WP,241,0.037330895841121675,0.03600528734326362,0.80525,0.8174
4,wp,WP,242,0.037404010146856306,0.036167560249567035,0.80925,0.8128
4,wp,WP,243,0.037667863607406614,0.03629244562983513,0.80475,0.8164
4,wp,WP,244,0.0375706572830677,0.036155944246053694,0.80575,0.8177
4,wp,WP,245,0.03763758426904679,0.03649032914638519,0.80125,0.8162
4,wp,WP,246,0.03783934354782104,0.036719848001003266,0.79925,0.8119
4,wp,WP,247,0.03771393430233002,0.03656516286730766,0.80025,0.8144
4,wp,WP,248,0.03780863156914711,0.036446189725399016,0.8035,0.8152
4,wp,WP,249,0.03787663286924362,0.036582163310050965,0.80425,0.8177
4,wp,WP,250,0.03779216969013214,0.03670933792591095,0.799,0.8144
4,wp,WP,251,0.03766710340976715,0.0366480302631855,0.803,0.8135
4,wp,WP,252,0.03740573874115944,0.03640113155841827,0.804,0.8167
4,wp,WP,253,0.03798270079493522,0.037093497323989866,0.79825,0.8096
4,wp,WP,254,0.037784967452287675,0.03668128105998039,0.80075,0.8106
4,wp,WP,255,0.03781813117861748,0.03697854313850403,0.79825,0.8071
4,wp,WP,256,0.037758536756038664,0.036506613492965696,0.8015,0.8116
4,wp,WP,257,0.038149531960487364,0.036768676578998565,0.805,0.8111
4,wp,WP,258,0.03806227651238441,0.03655408213734627,0.8035,0.8157
4,wp,WP,259,0.038029089838266375,0.03643872773647308,0.804,0.8133
4,wp,WP,260,0.038422709435224536,0.0369728260576725,0.79675,0.8112
4,wp,WP,261,0.03813100576400757,0.03653743111491203,0.8035,0.8161
4,wp,WP,262,0.03800258135795593,0.036541682893037795,0.80125,0.8125
4,wp,WP,263,0.03814685389399528,0.03659825668334961,0.8015,0.8122
4,wp,WP,264,0.03848606696724892,0.037070031213760374,0.7995,0.8093
4,wp,WP,265,0.03837755838036537,0.037011743927001954,0.8,0.8087
4,wp,WP,266,0.03843814194202423,0.037134944212436675,0.799,0.8065
4,wp,WP,267,0.03837860670685768,0.03691957538127899,0.7985,0.8113
4,wp,WP,268,0.03830382677912712,0.036549197244644165,0.796,0.8176
4,wp,WP,269,0.038029332637786864,0.03628151398301124,0.798,0.8144
4,wp,WP,270,0.03771867993474007,0.03606941174268723,0.80275,0.8174
4,wp,WP,271,0.03800941184163094,0.036261554336547853,0.8005,0.8144
4,wp,WP,272,0.03793413636088371,0.03613314573764801,0.80575,0.8145
4,wp,WP,273,0.038834162682294844,0.03692788999676704,0.80175,0.8134
4,wp,WP,274,0.03865679949522018,0.0365900115609169,0.80775,0.8183
4,wp,WP,275,0.03937406462430954,0.03734818632006645,0.7985,0.8144
4,wp,WP,276,0.03874154677987099,0.03693549292087555,0.8025,0.8184
4,wp,WP,277,0.03846591311693191,0.03649720821380615,0.80075,0.8181
4,wp,WP,278,0.03889993634819985,0.036943739759922024,0.78775,0.8132
4,wp,WP,279,0.03890655952692032,0.036988187158107755,0.7955,0.8164
4,wp,WP,280,0.03894071906805038,0.03714114033579826,0.788,0.8107
4,wp,WP,281,0.03963767078518868,0.03772238837480545,0.79525,0.8128
4,wp,WP,282,0.039793800950050355,0.038099136924743655,0.79625,0.8126
4,wp,WP,283,0.03896129724383354,0.03729054074287415,0.80175,0.8158
4,wp,WP,284,0.038912339121103284,0.03743634697794914,0.7985,0.8137
4,wp,WP,285,0.038590351581573486,0.03723673099279404,0.8035,0.8147
4,wp,WP,286,0.038080725759267804,0.03661280907988548,0.802,0.8185
4,wp,WP,287,0.03795907101035118,0.03665161194801331,0.79875,0.8134
4,wp,WP,288,0.038716742992401125,0.037175655287504196,0.7995,0.8137
4,wp,WP,289,0.03830996483564377,0.03675506207346916,0.79925,0.8135
4,wp,WP,290,0.037785467445850374,0.036429927998781204,0.8005,0.8132
4,wp,WP,291,0.037829548358917234,0.03661278635263443,0.799,0.8136
4,wp,WP,292,0.037917995303869245,0.036677500867843625,0.798,0.8117
4,wp,WP,293,0.03838906502723694,0.03697417924404144,0.79675,0.8111
4,wp,WP,294,0.039153708815574645,0.03787979345321655,0.79,0.811
4,wp,WP,295,0.039219076424837115,0.038149261093139646,0.7915,0.8077
4,wp,WP,296,0.03862713822722435,0.037539159893989565,0.7945,0.8079
4,wp,WP,297,0.03909503149986267,0.03780733078122139,0.78825,0.807
4,wp,WP,298,0.03893156707286835,0.037614603555202485,0.788,0.809
4,wp,WP,299,0.03872011467814446,0.03775060550570488,0.7875,0.8086
4,wp,WP,300,0.03850954684615135,0.037582194697856904,0.795,0.8104
4,wp,WP,301,0.038303449720144274,0.03720853466391563,0.79925,0.8148
4,wp,WP,302,0.038804009914398196,0.03794991233944893,0.79225,0.808
4,wp,WP,303,0.038959417819976805,0.037926786464452744,0.7885,0.805
4,wp,WP,304,0.03869116804003715,0.0375947204053402,0.791,0.804
4,wp,WP,305,0.03872748702764511,0.037544351744651795,0.795,0.8073
4,wp,WP,306,0.03899855649471283,0.03795276170372963,0.79325,0.8066
4,wp,WP,307,0.039387443393468856,0.038285818034410474,0.79325,0.8049
4,wp,WP,308,0.039441586583852765,0.038295201134681704,0.79125,0.8053
4,wp,WP,309,0.039155390202999116,0.03797849130630493,0.796,0.8074
4,wp,WP,310,0.038293644100427626,0.03723872229456902,0.79325,0.8114
4,wp,WP,311,0.03782356348633766,0.036690429729223255,0.80175,0.8152
4,wp,WP,312,0.03814788356423378,0.0370805435180664,0.80075,0.8164
4,wp,WP,313,0.038346825987100604,0.03742217335104942,0.799,0.8123
4,wp,WP,314,0.03822449991106987,0.037224613577127454,0.7985,0.8122
4,wp,WP,315,0.038588696271181104,0.037548389601707456,0.79325,0.812
4,wp,WP,316,0.03916228288412094,0.03802822141647339,0.7935,0.8089
4,wp,WP,317,0.03918328654766083,0.03781704308986664,0.7905,0.8118
4,wp,WP,318,0.03936283129453659,0.03801081562042236,0.7895,0.8148
4,wp,WP,319,0.039587615162134174,0.03823004406690598,0.789,0.8083
4,wp,WP,320,0.03989622449874878,0.03894631737470627,0.77975,0.7983
4,wp,WP,321,0.04053115347027779,0.03934905975461006,0.781,0.7928
4,wp,WP,322,0.04033499804139137,0.0389332209944725,0.7935,0.8068
4,wp,WP,323,0.039814073532819745,0.03847576500177383,0.78675,0.8025
4,wp,WP,324,0.039287453711032864,0.037920700478553775,0.78425,0.8028
4,wp,WP,325,0.03939213198423386,0.03792115893363952,0.787,0.8049
4,wp,WP,326,0.03895371311903,0.03747862617373467,0.787,0.8025
4,wp,WP,327,0.03954838535189629,0.03805335993170738,0.7865,0.8054
4,wp,WP,328,0.03959871977567673,0.03800639601945877,0.777,0.7986
4,wp,WP,329,0.039707941472530366,0.03794936500191688,0.778,0.8001
4,wp,WP,330,0.03935974505543709,0.03766897389292717,0.7785,0.8032
4,wp,WP,331,0.03931108811497688,0.03760505339503288,0.7915,0.8044
4,wp,WP,332,0.039515512764453885,0.03783261985182762,0.785,0.8
4,wp,WP,333,0.03980617243051529,0.038113927102088926,0.7855,0.7984
4,wp,WP,334,0.039691361010074616,0.038108035427331925,0.78425,0.8002
4,wp,WP,335,0.039115557700395584,0.03759270553588867,0.78,0.7995
4,wp,WP,336,0.03929667815566063,0.037780424028635025,0.7765,0.7998
4,wp,WP,337,0.04009990194439888,0.03864395928382874,0.77575,0.7944
4,wp,WP,338,0.040232060223817825,0.038497980159521106,0.77975,0.8011
4,wp,WP,339,0.04028218561410904,0.03866624438762665,0.7795,0.797
4,wp,WP,340,0.0412744625210762,0.0398089744746685,0.77325,0.7863
4,wp,WP,341,0.040524000883102415,0.03894465182423592,0.7765,0.7932
4,wp,WP,342,0.03938397338986397,0.037717153835296634,0.781,0.7955
4,wp,WP,343,0.03976101160049438,0.03797469887137413,0.7805,0.793
4,wp,WP,344,0.04053571620583534,0.03891760199666023,0.77,0.7829
4,wp,WP,345,0.04036184626817703,0.03859416671991348,0.772,0.7938
4,wp,WP,346,0.04036922493577003,0.038918062591552734,0.76625,0.7823
4,wp,WP,347,0.04019549915194511,0.03880015884041786,0.77075,0.7857
4,wp,WP,348,0.04001161390542984,0.03861755713224411,0.7805,0.7994
4,wp,WP,349,0.040172420114278795,0.038912508749961855,0.78325,0.7972
4,wp,WP,350,0.040244762182235716,0.038849214059114456,0.777,0.7958
4,wp,WP,351,0.039886175870895386,0.03847268491387367,0.77725,0.7982
4,wp,WP,352,0.03968393325805664,0.03853733457922935,0.785,0.8011
4,wp,WP,353,0.039956095516681674,0.03877865597009659,0.782,0.7933
4,wp,WP,354,0.03974578785896301,0.03850525314807892,0.7795,0.7975
4,wp,WP,355,0.03952012175321579,0.03820814689993858,0.785,0.7954
4,wp,WP,356,0.039395952194929126,0.0379941010594368,0.79025,0.802
4,wp,WP,357,0.040258170634508136,0.03912067635059357,0.79325,0.8027
4,wp,WP,358,0.03993855914473533,0.038509035688638685,0.784,0.7949
4,wp,WP,359,0.04017891049385071,0.038615579587221144,0.7925,0.8062
4,wp,WP,360,0.040289603412151334,0.03885787586569786,0.79125,0.8018
4,wp,WP,361,0.04092290636897087,0.03976231256127358,0.78625,0.7971
4,wp,WP,362,0.04032961490750313,0.03922271275520325,0.78825,0.7979
4,wp,WP,363,0.03978265011310577,0.03881170988678932,0.78875,0.8035
4,wp,WP,364,0.03936689987778664,0.03847738350629806,0.79375,0.8036
4,wp,WP,365,0.039177651971578596,0.03807101411223412,0.79075,0.8067
4,wp,WP,366,0.038869604319334033,0.03793008311986923,0.79,0.8092
4,wp,WP,367,0.03887498599290848,0.03780660461187363,0.79,0.8022
4,wp,WP,368,0.03915317568182945,0.038127881449460985,0.78925,0.8007
4,wp,WP,369,0.03834525367617607,0.03761068742275238,0.79875,0.8093
4,wp,WP,370,0.03870836788415909,0.0378386958360672,0.80025,0.8089
4,wp,WP,371,0.0398129734992981,0.038828486943244936,0.796,0.799
4,wp,WP,372,0.03958559647202492,0.03849778146743774,0.7935,0.7984
4,wp,WP,373,0.04057305175065994,0.03942734286189079,0.7915,0.7957
4,wp,WP,374,0.04065706267952919,0.03952798361182213,0.789,0.7945
4,wp,WP,375,0.04052404031157494,0.03910092111825943,0.79,0.8007
4,wp,WP,376,0.04044605714082718,0.03920657110214233,0.792,0.8003
4,wp,WP,377,0.04013020080327988,0.03880111879706383,0.79225,0.8008
4,wp,WP,378,0.039924839556217194,0.03871269726753235,0.79725,0.8031
4,wp,WP,379,0.03987995332479477,0.038494950580596925,0.792,0.7976
4,wp,WP,380,0.03950902453064919,0.03821943094730377,0.79075,0.7971
4,wp,WP,381,0.04008237063884735,0.03853862717151642,0.787,0.7983
4,wp,WP,382,0.040411651253700255,0.03908140392899513,0.78125,0.7926
4,wp,WP,383,0.039669185906648634,0.03827092323899269,0.784,0.7942
4,wp,WP,384,0.04092579346895218,0.0397153800368309,0.78,0.7829
4,wp,WP,385,0.04103677201271057,0.04012684177160263,0.7775,0.7838
4,wp,WP,386,0.04129446271061897,0.04008953651785851,0.7825,0.789
4,wp,WP,387,0.041926031529903415,0.040392324990034104,0.778,0.7902
4,wp,WP,388,0.04172815403342247,0.040301589703559876,0.77675,0.7878
4,wp,WP,389,0.04339048361778259,0.041964200335741046,0.77925,0.7878
4,wp,WP,390,0.04218238705396652,0.04066536394357681,0.779,0.7885
4,wp,WP,391,0.041268667936325075,0.039871807044744495,0.7835,0.7919
4,wp,WP,392,0.040805218428373334,0.03925738105177879,0.77825,0.7922
4,wp,WP,393,0.04092896348237991,0.039232695442438126,0.7775,0.7914
4,wp,WP,394,0.04172898545861244,0.040209339755773545,0.7685,0.781
4,wp,WP,395,0.04253894302248955,0.04096123690009117,0.76425,0.7757
4,wp,WP,396,0.04247734984755516,0.04061398523449898,0.77825,0.7879
4,wp,WP,397,0.04268931171298027,0.04124387051463127,0.7815,0.7909
4,wp,WP,398,0.04189719495177269,0.04057576826810837,0.77875,0.79
4,wp,WP,399,0.04224324631690979,0.040761398828029635,0.7775,0.7856
4,wp,WP,400,0.04241868853569031,0.04093748118877411,0.77075,0.7783
