seed,method,method_label,epoch,train_loss,test_loss,train_score,test_score,train_acc,test_acc
0,bp,BP,1,0.08118026864528656,0.08115677421092987,0.32925,0.3363,0.32925,0.3363
0,bp,BP,2,0.07786664187908172,0.07794803159236909,0.375,0.3807,0.375,0.3807
0,bp,BP,3,0.07577334928512573,0.07600006945133209,0.40175,0.4039,0.40175,0.4039
0,bp,BP,4,0.07415538108348846,0.07455235949754715,0.42525,0.4206,0.42525,0.4206
0,bp,BP,5,0.07291236412525177,0.07345549985170365,0.44125,0.436,0.44125,0.436
0,bp,BP,6,0.07188981968164444,0.07258364647626876,0.45575,0.4455,0.45575,0.4455
0,bp,BP,7,0.07092025935649872,0.07181933792829513,0.46975,0.4544,0.46975,0.4544
0,bp,BP,8,0.07017265635728837,0.07120647848844529,0.476,0.4598,0.476,0.4598
0,bp,BP,9,0.06938860350847244,0.07066044483184815,0.4845,0.4652,0.4845,0.4652
0,bp,BP,10,0.06870117676258088,0.07016769816875458,0.48925,0.469,0.48925,0.469
0,bp,BP,11,0.06815874058008194,0.06976353713274001,0.49575,0.4727,0.49575,0.4727
0,bp,BP,12,0.06746378153562546,0.06927611099481583,0.50675,0.4769,0.50675,0.4769
0,bp,BP,13,0.06699986028671265,0.06895768973827363,0.51225,0.4786,0.51225,0.4786
0,bp,BP,14,0.06646911919116974,0.06860151758193969,0.513,0.486,0.513,0.486
0,bp,BP,15,0.06590801519155502,0.06817839069366455,0.5245,0.4882,0.5245,0.4882
0,bp,BP,16,0.06537014985084534,0.06783119710683823,0.53,0.4901,0.53,0.4901
0,bp,BP,17,0.06482298308610916,0.06755865666866302,0.5335,0.4919,0.5335,0.4919
0,bp,BP,18,0.06443304961919785,0.06737494893074035,0.53725,0.4946,0.53725,0.4946
0,bp,BP,19,0.06396925592422485,0.067088589990139,0.548,0.4988,0.548,0.4988
0,bp,BP,20,0.06349882596731186,0.06679293410778046,0.54475,0.5,0.54475,0.5
0,bp,BP,21,0.06299139899015427,0.06652174497842789,0.551,0.5023,0.551,0.5023
0,bp,BP,22,0.06259895402193069,0.06627830135822296,0.55275,0.5063,0.55275,0.5063
0,bp,BP,23,0.061984411895275114,0.06594330818653106,0.56575,0.5108,0.56575,0.5108
0,bp,BP,24,0.06154237115383148,0.06573090654611588,0.56475,0.5122,0.56475,0.5122
0,bp,BP,25,0.061176316291093824,0.0656669273853302,0.5645,0.5122,0.5645,0.5122
0,bp,BP,26,0.060719893395900726,0.06538087297677994,0.58325,0.5196,0.58325,0.5196
0,bp,BP,27,0.06037579771876335,0.06531265077590942,0.5785,0.5178,0.5785,0.5178
0,bp,BP,28,0.059836310863494876,0.06499807411432267,0.5895,0.5213,0.5895,0.5213
0,bp,BP,29,0.05927673625946045,0.06469727339744567,0.59625,0.5239,0.59625,0.5239
0,bp,BP,30,0.05885882338881493,0.06455909824371338,0.59825,0.5228,0.59825,0.5228
0,bp,BP,31,0.05849581599235534,0.06450140589475632,0.599,0.5241,0.599,0.5241
0,bp,BP,32,0.05803868040442467,0.06424982680082321,0.603,0.5252,0.603,0.5252
0,bp,BP,33,0.05775002163648606,0.06434588145017624,0.6095,0.5259,0.6095,0.5259
0,bp,BP,34,0.057235647648572925,0.06398807052373887,0.61375,0.5309,0.61375,0.5309
0,bp,BP,35,0.056707696288824085,0.06374211192131042,0.6225,0.5323,0.6225,0.5323
0,bp,BP,36,0.05638093885779381,0.06383553746938705,0.622,0.5301,0.622,0.5301
0,bp,BP,37,0.0558387950360775,0.06358928474187851,0.633,0.5349,0.633,0.5349
0,bp,BP,38,0.05559972006082535,0.06361327621936798,0.634,0.5393,0.634,0.5393
0,bp,BP,39,0.0551493176817894,0.06346257266998291,0.6345,0.5375,0.6345,0.5375
0,bp,BP,40,0.05469888040423393,0.06340194798707963,0.64075,0.5356,0.64075,0.5356
0,bp,BP,41,0.05405147957801819,0.06307292295694351,0.6465,0.5424,0.6465,0.5424
0,bp,BP,42,0.05383952885866165,0.06324920506477356,0.646,0.5401,0.646,0.5401
0,bp,BP,43,0.053316285371780396,0.06299532487392426,0.65375,0.5425,0.65375,0.5425
0,bp,BP,44,0.0529809750020504,0.06307538880109786,0.654,0.5387,0.654,0.5387
0,bp,BP,45,0.052517843306064606,0.06288632541894913,0.65775,0.5414,0.65775,0.5414
0,bp,BP,46,0.05206365287303925,0.06270451194047928,0.66775,0.5435,0.66775,0.5435
0,bp,BP,47,0.051465595573186876,0.06254236636161804,0.67525,0.5442,0.67525,0.5442
0,bp,BP,48,0.05117128223180771,0.06254317886829376,0.67575,0.5473,0.67575,0.5473
0,bp,BP,49,0.05092174220085144,0.06255249954462051,0.6805,0.5449,0.6805,0.5449
0,bp,BP,50,0.0502827211022377,0.06237001531124115,0.684,0.5493,0.684,0.5493
0,bp,BP,51,0.05001384937763214,0.0625718248963356,0.6955,0.5473,0.6955,0.5473
0,bp,BP,52,0.04935904270410538,0.062124766409397125,0.6965,0.55,0.6965,0.55
0,bp,BP,53,0.04911338797211647,0.06243979475498199,0.6985,0.55,0.6985,0.55
0,bp,BP,54,0.048817557245492936,0.06259270408153533,0.705,0.5459,0.705,0.5459
0,bp,BP,55,0.04832142686843872,0.06238961627483368,0.71075,0.5473,0.71075,0.5473
0,bp,BP,56,0.0478357564508915,0.06225362997055054,0.7095,0.551,0.7095,0.551
0,bp,BP,57,0.047601533055305484,0.06230583868026733,0.71175,0.5499,0.71175,0.5499
0,bp,BP,58,0.046849215269088744,0.062119499099254606,0.71975,0.5536,0.71975,0.5536
0,bp,BP,59,0.046618243128061294,0.06225294724702835,0.718,0.5495,0.718,0.5495
0,bp,BP,60,0.04605147784948349,0.06206347650289536,0.7295,0.5534,0.7295,0.5534
0,bp,BP,61,0.04582617095112801,0.062389026045799253,0.73275,0.5495,0.73275,0.5495
0,bp,BP,62,0.04559579077363014,0.06247059038877487,0.7345,0.5518,0.7345,0.5518
0,bp,BP,63,0.04531742930412293,0.06281131721735,0.73875,0.5448,0.73875,0.5448
0,bp,BP,64,0.044636965721845626,0.06227805330753326,0.742,0.5531,0.742,0.5531
0,bp,BP,65,0.04454143992066383,0.06253988711833953,0.749,0.5494,0.749,0.5494
0,bp,BP,66,0.0439142227768898,0.06250116919279099,0.74925,0.5554,0.74925,0.5554
0,bp,BP,67,0.043492315858602526,0.06256236772537231,0.74975,0.549,0.74975,0.549
0,bp,BP,68,0.042513526797294615,0.06210156935453415,0.764,0.5571,0.764,0.5571
0,bp,BP,69,0.042167566061019894,0.06190614756345749,0.764,0.5571,0.764,0.5571
0,bp,BP,70,0.0422748467028141,0.062424456667900086,0.76075,0.5524,0.76075,0.5524
0,bp,BP,71,0.04185971385240555,0.0625005334854126,0.77075,0.5553,0.77075,0.5553
0,bp,BP,72,0.04158632805943489,0.06285473644733429,0.774,0.5526,0.774,0.5526
0,bp,BP,73,0.04061414530873299,0.06240797847509384,0.78375,0.5583,0.78375,0.5583
0,bp,BP,74,0.040671021401882175,0.06299688529968261,0.77375,0.5527,0.77375,0.5527
0,bp,BP,75,0.040205864995718,0.06266650949716568,0.78575,0.5521,0.78575,0.5521
0,bp,BP,76,0.0402966049015522,0.06335520658493042,0.783,0.5525,0.783,0.5525
0,bp,BP,77,0.039446460247039794,0.06297460902929305,0.8,0.5551,0.8,0.5551
0,bp,BP,78,0.03942014092206955,0.06351482601165771,0.7925,0.5523,0.7925,0.5523
0,bp,BP,79,0.03923933827877045,0.06369697349071503,0.7995,0.5491,0.7995,0.5491
0,bp,BP,80,0.03822878801822662,0.0631462942123413,0.80375,0.5526,0.80375,0.5526
0,np,IS NP,1,0.08961013197898865,0.08954403564929962,0.17025,0.1715,0.17025,0.1715
0,np,IS NP,2,0.08801333087682724,0.08800852494239807,0.1995,0.2025,0.1995,0.2025
0,np,IS NP,3,0.08680147767066955,0.0867715822815895,0.2355,0.2378,0.2355,0.2378
0,np,IS NP,4,0.08602868521213532,0.08596327885389328,0.2525,0.2624,0.2525,0.2624
0,np,IS NP,5,0.08549321907758713,0.08542611342668534,0.27,0.2781,0.27,0.2781
0,np,IS NP,6,0.08506224179267884,0.08499450404644013,0.28075,0.2838,0.28075,0.2838
0,np,IS NP,7,0.08453638112545013,0.08452337299585343,0.2825,0.2855,0.2825,0.2855
0,np,IS NP,8,0.08423188501596451,0.08418152338266373,0.2855,0.2941,0.2855,0.2941
0,np,IS NP,9,0.08370544701814651,0.08367385904788971,0.289,0.2977,0.289,0.2977
0,np,IS NP,10,0.083745649933815,0.08369737048149109,0.27775,0.2911,0.27775,0.2911
0,np,IS NP,11,0.08332932841777801,0.08334304819107055,0.2815,0.2944,0.2815,0.2944
0,np,IS NP,12,0.08272049468755723,0.08272220529317856,0.29275,0.2983,0.29275,0.2983
0,np,IS NP,13,0.08268700695037842,0.08272654144763947,0.29275,0.305,0.29275,0.305
0,np,IS NP,14,0.08241344296932221,0.0823831679224968,0.29875,0.3062,0.29875,0.3062
0,np,IS NP,15,0.08219991302490234,0.08220408014059066,0.297,0.3026,0.297,0.3026
0,np,IS NP,16,0.08237529647350311,0.08231216404438019,0.2975,0.3148,0.2975,0.3148
0,np,IS NP,17,0.08179464846849442,0.08177460106611252,0.312,0.3244,0.312,0.3244
0,np,IS NP,18,0.08178931677341461,0.08171789342164994,0.30725,0.3214,0.30725,0.3214
0,np,IS NP,19,0.08194595468044281,0.08195794062614441,0.312,0.3215,0.312,0.3215
0,np,IS NP,20,0.08176417678594589,0.08172207285165786,0.305,0.3114,0.305,0.3114
0,np,IS NP,21,0.08142932897806168,0.0813639833331108,0.31225,0.3235,0.31225,0.3235
0,np,IS NP,22,0.08130497115850449,0.0812716148853302,0.311,0.323,0.311,0.323
0,np,IS NP,23,0.08155341690778732,0.08153793100118636,0.314,0.3212,0.314,0.3212
0,np,IS NP,24,0.08110568988323212,0.08105676192045212,0.31775,0.324,0.31775,0.324
0,np,IS NP,25,0.08133404409885406,0.08131703412532806,0.3095,0.3173,0.3095,0.3173
0,np,IS NP,26,0.0810248852968216,0.08100447018146514,0.3085,0.3206,0.3085,0.3206
0,np,IS NP,27,0.08056561183929443,0.08059341926574708,0.31325,0.3259,0.31325,0.3259
0,np,IS NP,28,0.0810667125582695,0.08107634822130204,0.30525,0.3216,0.30525,0.3216
0,np,IS NP,29,0.08089257752895355,0.08084455230236054,0.3225,0.3348,0.3225,0.3348
0,np,IS NP,30,0.08081988286972046,0.08073555824756622,0.32875,0.3412,0.32875,0.3412
0,np,IS NP,31,0.08076839315891265,0.0806415423154831,0.31925,0.334,0.31925,0.334
0,np,IS NP,32,0.08050634372234344,0.08046785991191864,0.3335,0.3406,0.3335,0.3406
0,np,IS NP,33,0.08087609094381333,0.08084972816705703,0.326,0.339,0.326,0.339
0,np,IS NP,34,0.08062672108411789,0.08080181908607482,0.3185,0.3272,0.3185,0.3272
0,np,IS NP,35,0.08014851945638657,0.08022649080753326,0.32225,0.3332,0.32225,0.3332
0,np,IS NP,36,0.08014241069555282,0.08023622829914093,0.335,0.3399,0.335,0.3399
0,np,IS NP,37,0.08024540859460831,0.08034724737405777,0.327,0.3392,0.327,0.3392
0,np,IS NP,38,0.07999376648664475,0.08012480365037918,0.335,0.3411,0.335,0.3411
0,np,IS NP,39,0.0803374136686325,0.08042457703351974,0.337,0.345,0.337,0.345
0,np,IS NP,40,0.08007702922821044,0.08013517289161683,0.33325,0.3465,0.33325,0.3465
0,np,IS NP,41,0.07979527646303176,0.07991957453489304,0.33775,0.3482,0.33775,0.3482
0,np,IS NP,42,0.07989458113908768,0.08007276194095611,0.33075,0.3471,0.33075,0.3471
0,np,IS NP,43,0.07997817933559417,0.08016832953691483,0.337,0.3429,0.337,0.3429
0,np,IS NP,44,0.0799047759771347,0.07995854412317276,0.34475,0.3512,0.34475,0.3512
0,np,IS NP,45,0.08017229914665222,0.08021082519292831,0.33475,0.3392,0.33475,0.3392
0,np,IS NP,46,0.07985531723499298,0.07982212702035904,0.337,0.3498,0.337,0.3498
0,np,IS NP,47,0.08011567795276642,0.08012505705356598,0.32875,0.3397,0.32875,0.3397
0,np,IS NP,48,0.07973925560712815,0.07977221848964691,0.34025,0.351,0.34025,0.351
0,np,IS NP,49,0.07973690551519394,0.07976914204359055,0.337,0.3476,0.337,0.3476
0,np,IS NP,50,0.07983429580926896,0.07978041256666184,0.33925,0.3542,0.33925,0.3542
0,np,IS NP,51,0.07989221560955048,0.07987780656814575,0.34,0.3479,0.34,0.3479
0,np,IS NP,52,0.07964737379550933,0.07969929661750794,0.34175,0.3483,0.34175,0.3483
0,np,IS NP,53,0.0796520391702652,0.07974847072362899,0.34475,0.3563,0.34475,0.3563
0,np,IS NP,54,0.07949485015869141,0.07960011690855026,0.34775,0.3557,0.34775,0.3557
0,np,IS NP,55,0.07981921780109405,0.07983524299860001,0.34225,0.3562,0.34225,0.3562
0,np,IS NP,56,0.07967703753709793,0.07976281098127365,0.34825,0.3548,0.34825,0.3548
0,np,IS NP,57,0.07943283569812774,0.07946034305095673,0.34675,0.3598,0.34675,0.3598
0,np,IS NP,58,0.07950675106048584,0.07956184239387512,0.338,0.3461,0.338,0.3461
0,np,IS NP,59,0.07937548404932022,0.07948277179002762,0.34425,0.3545,0.34425,0.3545
0,np,IS NP,60,0.0793383188843727,0.07940565458536149,0.34325,0.3505,0.34325,0.3505
0,np,IS NP,61,0.07918975877761841,0.0792618490934372,0.3475,0.3548,0.3475,0.3548
0,np,IS NP,62,0.0796527293920517,0.07965541478395462,0.336,0.3504,0.336,0.3504
0,np,IS NP,63,0.07918591779470444,0.07918250856399536,0.34175,0.35,0.34175,0.35
0,np,IS NP,64,0.07939451688528061,0.07949010347127915,0.33075,0.3409,0.33075,0.3409
0,np,IS NP,65,0.07943412983417511,0.07948460091352463,0.325,0.3389,0.325,0.3389
0,np,IS NP,66,0.07945287966728211,0.07951949595212937,0.33725,0.3411,0.33725,0.3411
0,np,IS NP,67,0.07943206804990768,0.07951590077877045,0.33575,0.3396,0.33575,0.3396
0,np,IS NP,68,0.07901451981067657,0.07916063627004623,0.33125,0.3422,0.33125,0.3422
0,np,IS NP,69,0.07911292695999146,0.07915611571073532,0.32975,0.3491,0.32975,0.3491
0,np,IS NP,70,0.07922514063119888,0.07924500455856323,0.335,0.3516,0.335,0.3516
0,np,IS NP,71,0.0792437556385994,0.07942130897045135,0.338,0.3519,0.338,0.3519
0,np,IS NP,72,0.07914751118421555,0.0792966543674469,0.3285,0.3458,0.3285,0.3458
0,np,IS NP,73,0.07891153234243393,0.0790074154496193,0.344,0.3512,0.344,0.3512
0,np,IS NP,74,0.07915509724617005,0.07917691901922226,0.34025,0.3564,0.34025,0.3564
0,np,IS NP,75,0.07888741105794907,0.07891350945234299,0.347,0.3548,0.347,0.3548
0,np,IS NP,76,0.07893789863586426,0.07894559565782547,0.34175,0.3579,0.34175,0.3579
0,np,IS NP,77,0.07881063848733902,0.0788094015955925,0.343,0.3538,0.343,0.3538
0,np,IS NP,78,0.07891957122087478,0.07896052109003067,0.3515,0.3578,0.3515,0.3578
0,np,IS NP,79,0.07883705461025238,0.07879805272817611,0.341,0.3556,0.341,0.3556
0,np,IS NP,80,0.07943153661489487,0.0793681458234787,0.3485,0.3587,0.3485,0.3587
0,np_fixed,Vanilla NP,1,0.09335871875286102,0.09321449295282364,0.10125,0.109,0.10125,0.109
0,np_fixed,Vanilla NP,2,0.090936836540699,0.09089142545461655,0.135,0.1385,0.135,0.1385
0,np_fixed,Vanilla NP,3,0.08979978328943253,0.08970780656337737,0.1935,0.1869,0.1935,0.1869
0,np_fixed,Vanilla NP,4,0.08917482948303222,0.0890286092877388,0.1915,0.193,0.1915,0.193
0,np_fixed,Vanilla NP,5,0.08877496081590652,0.08868165426254272,0.19425,0.1944,0.19425,0.1944
0,np_fixed,Vanilla NP,6,0.08823914587497711,0.08811768043041229,0.21175,0.2163,0.21175,0.2163
0,np_fixed,Vanilla NP,7,0.08790476608276367,0.08786536176204682,0.2115,0.2149,0.2115,0.2149
0,np_fixed,Vanilla NP,8,0.08778747856616974,0.08776682841777801,0.2165,0.2149,0.2165,0.2149
0,np_fixed,Vanilla NP,9,0.08744735503196717,0.08746303383111954,0.21775,0.2237,0.21775,0.2237
0,np_fixed,Vanilla NP,10,0.08714439380168915,0.08711500961780548,0.2245,0.2289,0.2245,0.2289
0,np_fixed,Vanilla NP,11,0.08686842888593674,0.08684664397239684,0.2345,0.231,0.2345,0.231
0,np_fixed,Vanilla NP,12,0.08649439263343811,0.08646695255041123,0.24425,0.2438,0.24425,0.2438
0,np_fixed,Vanilla NP,13,0.08649955958127975,0.08647913006544113,0.2445,0.239,0.2445,0.239
0,np_fixed,Vanilla NP,14,0.0860204154253006,0.08596620644330978,0.25575,0.2635,0.25575,0.2635
0,np_fixed,Vanilla NP,15,0.08586056590080261,0.08583712197542191,0.251,0.2516,0.251,0.2516
0,np_fixed,Vanilla NP,16,0.08558242100477219,0.08552046345472336,0.26,0.2656,0.26,0.2656
0,np_fixed,Vanilla NP,17,0.08522923511266708,0.08520911264419556,0.26175,0.2689,0.26175,0.2689
0,np_fixed,Vanilla NP,18,0.08530127632617951,0.08522714700698852,0.26225,0.2664,0.26225,0.2664
0,np_fixed,Vanilla NP,19,0.08516429775953292,0.08504620252847672,0.26825,0.2669,0.26825,0.2669
0,np_fixed,Vanilla NP,20,0.08500535994768142,0.08492160247564316,0.26875,0.2732,0.26875,0.2732
0,np_fixed,Vanilla NP,21,0.0846850933432579,0.08460345970392227,0.28025,0.2814,0.28025,0.2814
0,np_fixed,Vanilla NP,22,0.08433547180891036,0.08431226485967636,0.2825,0.2845,0.2825,0.2845
0,np_fixed,Vanilla NP,23,0.08451496380567551,0.08442300337553024,0.28425,0.2943,0.28425,0.2943
0,np_fixed,Vanilla NP,24,0.0841388040781021,0.08402821340560913,0.2885,0.2908,0.2885,0.2908
0,np_fixed,Vanilla NP,25,0.08414636367559433,0.08410512204170227,0.2815,0.2859,0.2815,0.2859
0,np_fixed,Vanilla NP,26,0.08388312834501266,0.08375248341560364,0.277,0.293,0.277,0.293
0,np_fixed,Vanilla NP,27,0.08392910808324813,0.08376636339426041,0.281,0.2899,0.281,0.2899
0,np_fixed,Vanilla NP,28,0.08406778299808502,0.08396233185529708,0.273,0.2809,0.273,0.2809
0,np_fixed,Vanilla NP,29,0.08377645856142044,0.08367651118040084,0.28925,0.3018,0.28925,0.3018
0,np_fixed,Vanilla NP,30,0.08386270779371262,0.08378944115638733,0.29,0.303,0.29,0.303
0,np_fixed,Vanilla NP,31,0.08374575108289718,0.08363382999897004,0.29525,0.2979,0.29525,0.2979
0,np_fixed,Vanilla NP,32,0.08362213134765625,0.0835423479437828,0.29825,0.3069,0.29825,0.3069
0,np_fixed,Vanilla NP,33,0.08336544561386108,0.08321259740591049,0.3015,0.3119,0.3015,0.3119
0,np_fixed,Vanilla NP,34,0.08322529435157776,0.08316497632265091,0.29025,0.3016,0.29025,0.3016
0,np_fixed,Vanilla NP,35,0.08335804200172424,0.08329538546800613,0.289,0.302,0.289,0.302
0,np_fixed,Vanilla NP,36,0.08304466909170151,0.08294712439775467,0.28725,0.2994,0.28725,0.2994
0,np_fixed,Vanilla NP,37,0.08307399988174438,0.08298420271873475,0.3,0.3103,0.3,0.3103
0,np_fixed,Vanilla NP,38,0.0831447491645813,0.08310544357299805,0.2935,0.3049,0.2935,0.3049
0,np_fixed,Vanilla NP,39,0.0831774601340294,0.08309830243587493,0.3,0.3166,0.3,0.3166
0,np_fixed,Vanilla NP,40,0.08293229055404663,0.08292936508655548,0.29125,0.3083,0.29125,0.3083
0,np_fixed,Vanilla NP,41,0.08249207264184952,0.08247259254455566,0.29775,0.3128,0.29775,0.3128
0,np_fixed,Vanilla NP,42,0.08274293851852417,0.08270909748077393,0.306,0.3146,0.306,0.3146
0,np_fixed,Vanilla NP,43,0.08251365011930466,0.08236565498113632,0.3065,0.3138,0.3065,0.3138
0,np_fixed,Vanilla NP,44,0.08254654741287232,0.08244964673519134,0.2945,0.3035,0.2945,0.3035
0,np_fixed,Vanilla NP,45,0.08229865223169326,0.0822000061750412,0.299,0.3118,0.299,0.3118
0,np_fixed,Vanilla NP,46,0.08274735587835312,0.08265740088224412,0.31375,0.3215,0.31375,0.3215
0,np_fixed,Vanilla NP,47,0.0824026888012886,0.08231132813692092,0.31625,0.3205,0.31625,0.3205
0,np_fixed,Vanilla NP,48,0.08224150848388671,0.08218319826126098,0.318,0.3295,0.318,0.3295
0,np_fixed,Vanilla NP,49,0.08235989487171173,0.08218455705642701,0.30175,0.3144,0.30175,0.3144
0,np_fixed,Vanilla NP,50,0.08213889324665069,0.08196377530097962,0.30725,0.3164,0.30725,0.3164
0,np_fixed,Vanilla NP,51,0.08202028143405914,0.08194040714502335,0.3125,0.3255,0.3125,0.3255
0,np_fixed,Vanilla NP,52,0.08182923859357834,0.0817063599228859,0.315,0.3317,0.315,0.3317
0,np_fixed,Vanilla NP,53,0.08211322557926178,0.08197886366844177,0.31,0.3273,0.31,0.3273
0,np_fixed,Vanilla NP,54,0.08175966966152191,0.0817117780327797,0.31025,0.3316,0.31025,0.3316
0,np_fixed,Vanilla NP,55,0.08165452867746353,0.08156124002933503,0.31075,0.3341,0.31075,0.3341
0,np_fixed,Vanilla NP,56,0.08155025070905686,0.08150337320566177,0.31425,0.3331,0.31425,0.3331
0,np_fixed,Vanilla NP,57,0.08164300262928009,0.08160492376089096,0.31675,0.3346,0.31675,0.3346
0,np_fixed,Vanilla NP,58,0.08176293510198593,0.08169536697864532,0.3165,0.3301,0.3165,0.3301
0,np_fixed,Vanilla NP,59,0.08149764174222947,0.08149130152463913,0.30925,0.3205,0.30925,0.3205
0,np_fixed,Vanilla NP,60,0.08138150751590728,0.08144290964603423,0.31675,0.3239,0.31675,0.3239
0,np_fixed,Vanilla NP,61,0.08132758814096451,0.08135401173830033,0.32225,0.3264,0.32225,0.3264
0,np_fixed,Vanilla NP,62,0.08137077420949936,0.0813283367395401,0.329,0.3291,0.329,0.3291
0,np_fixed,Vanilla NP,63,0.08144636046886444,0.08137358524799347,0.31325,0.3254,0.31325,0.3254
0,np_fixed,Vanilla NP,64,0.08153045862913132,0.08153522872924805,0.32775,0.3303,0.32775,0.3303
0,np_fixed,Vanilla NP,65,0.08140451413393021,0.08131251609325409,0.312,0.3291,0.312,0.3291
0,np_fixed,Vanilla NP,66,0.08120880538225174,0.08123093448877335,0.3225,0.3317,0.3225,0.3317
0,np_fixed,Vanilla NP,67,0.08129972863197327,0.08130081906318665,0.3205,0.3276,0.3205,0.3276
0,np_fixed,Vanilla NP,68,0.081299181163311,0.08129548003673553,0.3205,0.3227,0.3205,0.3227
0,np_fixed,Vanilla NP,69,0.08152078068256378,0.08140478596687317,0.31475,0.3304,0.31475,0.3304
0,np_fixed,Vanilla NP,70,0.08202669036388398,0.08190122439861297,0.31675,0.3251,0.31675,0.3251
0,np_fixed,Vanilla NP,71,0.08148351365327836,0.08129224915504456,0.3155,0.3218,0.3155,0.3218
0,np_fixed,Vanilla NP,72,0.08157838332653046,0.08149578088521957,0.3165,0.3216,0.3165,0.3216
0,np_fixed,Vanilla NP,73,0.08169624096155166,0.08156251431703568,0.30475,0.316,0.30475,0.316
0,np_fixed,Vanilla NP,74,0.08211470818519592,0.08202072079181671,0.32375,0.3311,0.32375,0.3311
0,np_fixed,Vanilla NP,75,0.08131781148910522,0.08118869379758835,0.31675,0.3266,0.31675,0.3266
0,np_fixed,Vanilla NP,76,0.08142732089757919,0.08141202776432037,0.30625,0.3153,0.30625,0.3153
0,np_fixed,Vanilla NP,77,0.08115462058782577,0.0810971329331398,0.3205,0.335,0.3205,0.335
0,np_fixed,Vanilla NP,78,0.08108180969953536,0.08102157689332962,0.32775,0.3354,0.32775,0.3354
0,np_fixed,Vanilla NP,79,0.0812142270207405,0.08116886724233627,0.31,0.3228,0.31,0.3228
0,np_fixed,Vanilla NP,80,0.08121354937553406,0.08120425173044205,0.3335,0.3404,0.3335,0.3404
0,np_fan_in,Fan-in NP,1,0.0916701967716217,0.09157527105808258,0.13775,0.1425,0.13775,0.1425
0,np_fan_in,Fan-in NP,2,0.09013858985900879,0.09009681063890457,0.1695,0.172,0.1695,0.172
0,np_fan_in,Fan-in NP,3,0.0890882099866867,0.08902599663734435,0.1945,0.1971,0.1945,0.1971
0,np_fan_in,Fan-in NP,4,0.08841314101219178,0.08833088731765747,0.2125,0.2188,0.2125,0.2188
0,np_fan_in,Fan-in NP,5,0.08803673601150512,0.08797646166086197,0.2175,0.2248,0.2175,0.2248
0,np_fan_in,Fan-in NP,6,0.08758819764852524,0.08751576793193817,0.244,0.2476,0.244,0.2476
0,np_fan_in,Fan-in NP,7,0.08716624510288239,0.08715032020807266,0.24425,0.2424,0.24425,0.2424
0,np_fan_in,Fan-in NP,8,0.08691061019897461,0.0868816282749176,0.25275,0.256,0.25275,0.256
0,np_fan_in,Fan-in NP,9,0.08640231198072433,0.08639788609743118,0.25625,0.2559,0.25625,0.2559
0,np_fan_in,Fan-in NP,10,0.08617939794063569,0.08613624709844589,0.26225,0.2608,0.26225,0.2608
0,np_fan_in,Fan-in NP,11,0.08580461943149567,0.08577544728517532,0.264,0.2663,0.264,0.2663
0,np_fan_in,Fan-in NP,12,0.08541589349508286,0.08538509145975112,0.2695,0.2729,0.2695,0.2729
0,np_fan_in,Fan-in NP,13,0.08526749169826507,0.08527001594305038,0.2725,0.2764,0.2725,0.2764
0,np_fan_in,Fan-in NP,14,0.08489165604114532,0.08484636714458466,0.28025,0.2893,0.28025,0.2893
0,np_fan_in,Fan-in NP,15,0.08472475618124008,0.08467445591688157,0.279,0.2802,0.279,0.2802
0,np_fan_in,Fan-in NP,16,0.08456232798099518,0.08447600133419036,0.28875,0.2912,0.28875,0.2912
0,np_fan_in,Fan-in NP,17,0.08416071528196335,0.08409600584506989,0.2945,0.2955,0.2945,0.2955
0,np_fan_in,Fan-in NP,18,0.08409064191579818,0.08404250948429108,0.30175,0.3018,0.30175,0.3018
0,np_fan_in,Fan-in NP,19,0.08409512770175934,0.08404398769140244,0.2995,0.297,0.2995,0.297
0,np_fan_in,Fan-in NP,20,0.08366624689102173,0.08360723301172257,0.303,0.31,0.303,0.31
0,np_fan_in,Fan-in NP,21,0.0836073939204216,0.08353146691322327,0.29875,0.3053,0.29875,0.3053
0,np_fan_in,Fan-in NP,22,0.08334011787176132,0.083280670773983,0.3,0.309,0.3,0.309
0,np_fan_in,Fan-in NP,23,0.08334221994876861,0.08326576579809189,0.2995,0.309,0.2995,0.309
0,np_fan_in,Fan-in NP,24,0.08296389919519424,0.08289502909183502,0.30025,0.3136,0.30025,0.3136
0,np_fan_in,Fan-in NP,25,0.08301438814401627,0.08299855518341065,0.29925,0.3083,0.29925,0.3083
0,np_fan_in,Fan-in NP,26,0.0827333961725235,0.08265805451869965,0.30125,0.3116,0.30125,0.3116
0,np_fan_in,Fan-in NP,27,0.08247985863685608,0.08244657821655274,0.3005,0.3129,0.3005,0.3129
0,np_fan_in,Fan-in NP,28,0.08285926365852356,0.08283731330633164,0.29825,0.3024,0.29825,0.3024
0,np_fan_in,Fan-in NP,29,0.08245714241266251,0.08243204065561295,0.3125,0.3225,0.3125,0.3225
0,np_fan_in,Fan-in NP,30,0.08246983474493026,0.08240051515102387,0.31175,0.3235,0.31175,0.3235
0,np_fan_in,Fan-in NP,31,0.08228650504350662,0.08217459045648574,0.306,0.3176,0.306,0.3176
0,np_fan_in,Fan-in NP,32,0.08227356660366059,0.08217120490074158,0.31225,0.321,0.31225,0.321
0,np_fan_in,Fan-in NP,33,0.08203729438781739,0.08192518657445907,0.31025,0.3204,0.31025,0.3204
0,np_fan_in,Fan-in NP,34,0.08194570642709732,0.08194738175868987,0.31025,0.3203,0.31025,0.3203
0,np_fan_in,Fan-in NP,35,0.08181738883256912,0.08172546072006226,0.30675,0.3151,0.30675,0.3151
0,np_fan_in,Fan-in NP,36,0.08173906999826432,0.0816486866235733,0.30575,0.3195,0.30575,0.3195
0,np_fan_in,Fan-in NP,37,0.08174688524007798,0.08169890340566635,0.31225,0.3242,0.31225,0.3242
0,np_fan_in,Fan-in NP,38,0.08166123336553574,0.08163024526834488,0.30575,0.3186,0.30575,0.3186
0,np_fan_in,Fan-in NP,39,0.08184829753637314,0.08174767011404037,0.3175,0.3331,0.3175,0.3331
0,np_fan_in,Fan-in NP,40,0.08135021460056305,0.08132010229825974,0.3125,0.3282,0.3125,0.3282
0,np_fan_in,Fan-in NP,41,0.08118081510066986,0.0812107790350914,0.3215,0.3307,0.3215,0.3307
0,np_fan_in,Fan-in NP,42,0.08125596034526825,0.0812689284324646,0.32525,0.3327,0.32525,0.3327
0,np_fan_in,Fan-in NP,43,0.08116590619087219,0.08115108808279037,0.3235,0.3307,0.3235,0.3307
0,np_fan_in,Fan-in NP,44,0.0811070750951767,0.08109773874282837,0.3235,0.3277,0.3235,0.3277
0,np_fan_in,Fan-in NP,45,0.08086829245090485,0.08083392587900162,0.3215,0.3354,0.3215,0.3354
0,np_fan_in,Fan-in NP,46,0.08101940804719925,0.0809991317987442,0.3255,0.3364,0.3255,0.3364
0,np_fan_in,Fan-in NP,47,0.08092459505796433,0.08092177280187607,0.32525,0.3402,0.32525,0.3402
0,np_fan_in,Fan-in NP,48,0.08063270109891892,0.08065743597745896,0.33075,0.3438,0.33075,0.3438
0,np_fan_in,Fan-in NP,49,0.08082910430431366,0.08077788211107254,0.32825,0.3414,0.32825,0.3414
0,np_fan_in,Fan-in NP,50,0.08072596687078476,0.08062552179098129,0.32525,0.3392,0.32525,0.3392
0,np_fan_in,Fan-in NP,51,0.08059073567390442,0.08060179059505462,0.3275,0.3429,0.3275,0.3429
0,np_fan_in,Fan-in NP,52,0.08054761511087417,0.08055410287380219,0.32225,0.3448,0.32225,0.3448
0,np_fan_in,Fan-in NP,53,0.08060570895671844,0.08058607717752457,0.33125,0.3473,0.33125,0.3473
0,np_fan_in,Fan-in NP,54,0.0804328871369362,0.08046321892738342,0.33225,0.3455,0.33225,0.3455
0,np_fan_in,Fan-in NP,55,0.08065449267625809,0.08064415502548218,0.32975,0.3496,0.32975,0.3496
0,np_fan_in,Fan-in NP,56,0.08056472188234329,0.08056387295722961,0.33175,0.3487,0.33175,0.3487
0,np_fan_in,Fan-in NP,57,0.08050189918279647,0.08051698429584503,0.3385,0.3461,0.3385,0.3461
0,np_fan_in,Fan-in NP,58,0.08062710016965866,0.08056429196596146,0.32175,0.3323,0.32175,0.3323
0,np_fan_in,Fan-in NP,59,0.08032295268774033,0.08035146038532257,0.3235,0.3354,0.3235,0.3354
0,np_fan_in,Fan-in NP,60,0.08025865799188614,0.08034149335622788,0.33475,0.3445,0.33475,0.3445
0,np_fan_in,Fan-in NP,61,0.08005454367399216,0.08008726600408554,0.33275,0.3397,0.33275,0.3397
0,np_fan_in,Fan-in NP,62,0.0803223118185997,0.08038581709861756,0.33675,0.347,0.33675,0.347
0,np_fan_in,Fan-in NP,63,0.07994574016332626,0.08006666852235794,0.33125,0.3438,0.33125,0.3438
0,np_fan_in,Fan-in NP,64,0.08064691889286041,0.08081731491088867,0.337,0.3409,0.337,0.3409
0,np_fan_in,Fan-in NP,65,0.08017589324712754,0.08031787189245224,0.325,0.3409,0.325,0.3409
0,np_fan_in,Fan-in NP,66,0.08000761419534683,0.08012039597034454,0.334,0.3431,0.334,0.3431
0,np_fan_in,Fan-in NP,67,0.08000263857841491,0.0801034370303154,0.33625,0.3489,0.33625,0.3489
0,np_fan_in,Fan-in NP,68,0.08026376587152481,0.08043385982513428,0.3315,0.3412,0.3315,0.3412
0,np_fan_in,Fan-in NP,69,0.0801777046918869,0.08021217106580734,0.33325,0.346,0.33325,0.346
0,np_fan_in,Fan-in NP,70,0.08079227560758591,0.08087149618864059,0.33275,0.3481,0.33275,0.3481
0,np_fan_in,Fan-in NP,71,0.08008385300636292,0.08012448010444641,0.33675,0.3475,0.33675,0.3475
0,np_fan_in,Fan-in NP,72,0.08107007640600204,0.0812048663020134,0.3235,0.3346,0.3235,0.3346
0,np_fan_in,Fan-in NP,73,0.08070035827159881,0.0807849514245987,0.32425,0.3277,0.32425,0.3277
0,np_fan_in,Fan-in NP,74,0.08072443479299546,0.0807742635011673,0.347,0.351,0.347,0.351
0,np_fan_in,Fan-in NP,75,0.08001129049062729,0.08004311550855636,0.336,0.3429,0.336,0.3429
0,np_fan_in,Fan-in NP,76,0.07980625754594803,0.07984848673343659,0.3285,0.3434,0.3285,0.3434
0,np_fan_in,Fan-in NP,77,0.08038309204578399,0.08048548671007157,0.331,0.3433,0.331,0.3433
0,np_fan_in,Fan-in NP,78,0.08018577498197556,0.08028538259267808,0.334,0.341,0.334,0.341
0,np_fan_in,Fan-in NP,79,0.08031437540054322,0.08044088484048843,0.33275,0.345,0.33275,0.345
0,np_fan_in,Fan-in NP,80,0.08087083232402802,0.08083129690885543,0.33875,0.3426,0.33875,0.3426
0,wp,WP,1,0.0971051539182663,0.09696542085409164,0.10175,0.0995,0.10175,0.0995
0,wp,WP,2,0.09430023372173309,0.09419110466241837,0.112,0.1124,0.112,0.1124
0,wp,WP,3,0.09223680889606475,0.09212491171360015,0.1315,0.1355,0.1315,0.1355
0,wp,WP,4,0.09099223327636718,0.09090660712718963,0.156,0.1565,0.156,0.1565
0,wp,WP,5,0.09007864928245544,0.08999728802442551,0.168,0.1739,0.168,0.1739
0,wp,WP,6,0.08944040048122406,0.08935745198726654,0.1855,0.1911,0.1855,0.1911
0,wp,WP,7,0.0889422664642334,0.08887562704086303,0.19125,0.1977,0.19125,0.1977
0,wp,WP,8,0.08863513165712357,0.0885417234301567,0.1845,0.2,0.1845,0.2
0,wp,WP,9,0.08834369093179703,0.08824641826152801,0.19,0.2065,0.19,0.2065
0,wp,WP,10,0.08807585209608078,0.08798103302717208,0.189,0.205,0.189,0.205
0,wp,WP,11,0.08784321510791779,0.08774126390218735,0.19375,0.2093,0.19375,0.2093
0,wp,WP,12,0.08765814208984375,0.08753237028121948,0.199,0.2111,0.199,0.2111
0,wp,WP,13,0.0875046048760414,0.08742937891483307,0.20475,0.2112,0.20475,0.2112
0,wp,WP,14,0.08735506510734559,0.08725461651086808,0.21625,0.2252,0.21625,0.2252
0,wp,WP,15,0.08718064188957214,0.08709819872379303,0.21675,0.2265,0.21675,0.2265
0,wp,WP,16,0.08708736395835877,0.08697813374996186,0.22575,0.2269,0.22575,0.2269
0,wp,WP,17,0.0870306214094162,0.0869082312822342,0.213,0.2225,0.213,0.2225
0,wp,WP,18,0.08691500425338745,0.08683766548633576,0.21575,0.2236,0.21575,0.2236
0,wp,WP,19,0.08674876254796982,0.08665275188684464,0.21975,0.2293,0.21975,0.2293
0,wp,WP,20,0.08664031618833543,0.08653750946521759,0.22325,0.2335,0.22325,0.2335
0,wp,WP,21,0.08651059812307357,0.08637522403001785,0.2355,0.2409,0.2355,0.2409
0,wp,WP,22,0.08641980749368668,0.08630152125358581,0.241,0.2506,0.241,0.2506
0,wp,WP,23,0.0862129437327385,0.08613140679597854,0.24625,0.2502,0.24625,0.2502
0,wp,WP,24,0.08607653731107712,0.08598317422866822,0.24075,0.2501,0.24075,0.2501
0,wp,WP,25,0.08599223101139068,0.08591705945730209,0.24775,0.2487,0.24775,0.2487
0,wp,WP,26,0.08585044211149216,0.08576133416891098,0.2535,0.2585,0.2535,0.2585
0,wp,WP,27,0.0857145795226097,0.08560566264390945,0.25425,0.2581,0.25425,0.2581
0,wp,WP,28,0.08553680199384689,0.08540285685062408,0.262,0.2689,0.262,0.2689
0,wp,WP,29,0.08539176678657531,0.08524793777465821,0.26675,0.2742,0.26675,0.2742
0,wp,WP,30,0.08533704733848571,0.08522868608236313,0.26,0.2708,0.26,0.2708
0,wp,WP,31,0.0852888886332512,0.085150414955616,0.26325,0.2768,0.26325,0.2768
0,wp,WP,32,0.08509359085559845,0.08496518212556839,0.26575,0.2755,0.26575,0.2755
0,wp,WP,33,0.08507461655139924,0.08492064673900604,0.26825,0.2756,0.26825,0.2756
0,wp,WP,34,0.08506797069311142,0.0849496267080307,0.27225,0.2732,0.27225,0.2732
0,wp,WP,35,0.08490168434381486,0.0848047511935234,0.273,0.2768,0.273,0.2768
0,wp,WP,36,0.08474857902526856,0.08468897573947906,0.278,0.2798,0.278,0.2798
0,wp,WP,37,0.08480182552337646,0.08470534822940827,0.272,0.2807,0.272,0.2807
0,wp,WP,38,0.08470401746034623,0.08457026498317718,0.26975,0.2799,0.26975,0.2799
0,wp,WP,39,0.08466332703828812,0.08453197932243348,0.2685,0.2806,0.2685,0.2806
0,wp,WP,40,0.0845758380293846,0.08443432990312576,0.2725,0.283,0.2725,0.283
0,wp,WP,41,0.08439793980121613,0.08430604364871978,0.26875,0.2827,0.26875,0.2827
0,wp,WP,42,0.08429954326152801,0.08418633049726486,0.27475,0.283,0.27475,0.283
0,wp,WP,43,0.08421292322874069,0.08414714015722274,0.2685,0.2802,0.2685,0.2802
0,wp,WP,44,0.08401606756448746,0.08395663422346115,0.2715,0.2857,0.2715,0.2857
0,wp,WP,45,0.08409683978557586,0.08400518537759781,0.2775,0.2821,0.2775,0.2821
0,wp,WP,46,0.08398754489421845,0.08387396265268326,0.28275,0.2866,0.28275,0.2866
0,wp,WP,47,0.08397557121515274,0.08386987980604171,0.28425,0.2891,0.28425,0.2891
0,wp,WP,48,0.08394660037755966,0.0838542927980423,0.28475,0.2884,0.28475,0.2884
0,wp,WP,49,0.08396818578243255,0.08389929165840149,0.28425,0.2863,0.28425,0.2863
0,wp,WP,50,0.08377430003881454,0.08372173677682876,0.292,0.2929,0.292,0.2929
0,wp,WP,51,0.08371772146224976,0.08365191383361817,0.29,0.2934,0.29,0.2934
0,wp,WP,52,0.08358365207910538,0.08352008163928985,0.29725,0.2938,0.29725,0.2938
0,wp,WP,53,0.08367751693725586,0.08364328508377075,0.2955,0.2917,0.2955,0.2917
0,wp,WP,54,0.08367811006307602,0.08358623496294022,0.29275,0.2939,0.29275,0.2939
0,wp,WP,55,0.08363996428251266,0.08357379400730133,0.28775,0.2893,0.28775,0.2893
0,wp,WP,56,0.0836246600151062,0.08351945338249206,0.29125,0.2937,0.29125,0.2937
0,wp,WP,57,0.08342457765340805,0.08341743986606598,0.2905,0.2957,0.2905,0.2957
0,wp,WP,58,0.08347174018621445,0.08339125837087631,0.29175,0.2887,0.29175,0.2887
0,wp,WP,59,0.08347284924983979,0.0833645112991333,0.287,0.2944,0.287,0.2944
0,wp,WP,60,0.08339890325069428,0.08328547974824906,0.298,0.2968,0.298,0.2968
0,wp,WP,61,0.08348853296041489,0.08331570225954056,0.29425,0.2956,0.29425,0.2956
0,wp,WP,62,0.08348657041788102,0.08338360447883605,0.2995,0.2957,0.2995,0.2957
0,wp,WP,63,0.0832933573126793,0.08322761433124543,0.30075,0.3016,0.30075,0.3016
0,wp,WP,64,0.08318008732795715,0.0832782261967659,0.3055,0.3019,0.3055,0.3019
0,wp,WP,65,0.08315638023614884,0.08322478578090668,0.30025,0.3058,0.30025,0.3058
0,wp,WP,66,0.08321544349193573,0.08327684233188629,0.306,0.302,0.306,0.302
0,wp,WP,67,0.0833457264304161,0.08356274720430375,0.3075,0.2957,0.3075,0.2957
0,wp,WP,68,0.08338703602552414,0.0836397185921669,0.30475,0.2989,0.30475,0.2989
0,wp,WP,69,0.08356781077384949,0.08371304374933243,0.30675,0.2996,0.30675,0.2996
0,wp,WP,70,0.08381051623821259,0.08397050116062164,0.30575,0.2997,0.30575,0.2997
0,wp,WP,71,0.08397945630550384,0.08416838722229004,0.30825,0.3006,0.30825,0.3006
0,wp,WP,72,0.08396731060743332,0.08424746676683426,0.30825,0.2995,0.30825,0.2995
0,wp,WP,73,0.08387129497528076,0.0841282517671585,0.31,0.3035,0.31,0.3035
0,wp,WP,74,0.08427182620763779,0.08438026142120361,0.305,0.2989,0.305,0.2989
0,wp,WP,75,0.08457532125711441,0.08448409872055054,0.303,0.2929,0.303,0.2929
0,wp,WP,76,0.08457275813817978,0.08446412392854691,0.305,0.2964,0.305,0.2964
0,wp,WP,77,0.0846482486128807,0.08449183993339539,0.30625,0.2929,0.30625,0.2929
0,wp,WP,78,0.08521895927190781,0.08505384238958359,0.29,0.2879,0.29,0.2879
0,wp,WP,79,0.085204061627388,0.0850383279800415,0.29225,0.2837,0.29225,0.2837
0,wp,WP,80,0.08516877853870392,0.08501552118062973,0.29575,0.29,0.29575,0.29
1,bp,BP,1,0.08097983080148696,0.08100450974702834,0.3245,0.3374,0.3245,0.3374
1,bp,BP,2,0.07779948610067368,0.07795703943967819,0.3775,0.3805,0.3775,0.3805
1,bp,BP,3,0.07579417353868484,0.07608381835222244,0.4035,0.405,0.4035,0.405
1,bp,BP,4,0.0742875764966011,0.07469432675838471,0.4215,0.4214,0.4215,0.4214
1,bp,BP,5,0.07306496667861938,0.0735848204612732,0.43775,0.4349,0.43775,0.4349
1,bp,BP,6,0.07199824923276901,0.07266075019836425,0.45625,0.4451,0.45625,0.4451
1,bp,BP,7,0.07110716009140014,0.07191180794239044,0.46325,0.4519,0.46325,0.4519
1,bp,BP,8,0.07029206824302674,0.07129457365274429,0.4795,0.4641,0.4795,0.4641
1,bp,BP,9,0.06960968184471131,0.07069648722410202,0.48125,0.4645,0.48125,0.4645
1,bp,BP,10,0.06895457792282104,0.07021188770532608,0.48625,0.4742,0.48625,0.4742
1,bp,BP,11,0.06825682997703553,0.06973053923845292,0.4955,0.477,0.4955,0.477
1,bp,BP,12,0.06760041886568069,0.06922706186771393,0.50175,0.4839,0.50175,0.4839
1,bp,BP,13,0.06704999035596848,0.06889506714344025,0.50925,0.4857,0.50925,0.4857
1,bp,BP,14,0.06647617554664612,0.06845749859809876,0.515,0.4862,0.515,0.4862
1,bp,BP,15,0.06595966082811355,0.06808983150720596,0.51975,0.4891,0.51975,0.4891
1,bp,BP,16,0.06542491966485978,0.0677112809062004,0.52675,0.4913,0.52675,0.4913
1,bp,BP,17,0.0649147326350212,0.06743476288318634,0.53325,0.497,0.53325,0.497
1,bp,BP,18,0.06440478163957596,0.06711011033058166,0.53725,0.4968,0.53725,0.4968
1,bp,BP,19,0.06391189140081406,0.06683403940200805,0.54075,0.5012,0.54075,0.5012
1,bp,BP,20,0.06349768203496933,0.0666074003458023,0.55075,0.5027,0.55075,0.5027
1,bp,BP,21,0.06295770180225373,0.06631324626207352,0.55375,0.5058,0.55375,0.5058
1,bp,BP,22,0.06255258333683014,0.06604293069839477,0.559,0.507,0.559,0.507
1,bp,BP,23,0.06205747783184051,0.06585529117584228,0.5655,0.5075,0.5655,0.5075
1,bp,BP,24,0.06155624902248383,0.06551252962350845,0.5655,0.5126,0.5655,0.5126
1,bp,BP,25,0.06113258147239685,0.0653742439866066,0.57675,0.5123,0.57675,0.5123
1,bp,BP,26,0.060678247094154356,0.06518612774610519,0.5785,0.5162,0.5785,0.5162
1,bp,BP,27,0.06028917509317398,0.06500706517696381,0.57575,0.5202,0.57575,0.5202
1,bp,BP,28,0.05987978130578995,0.0648160545706749,0.5835,0.5199,0.5835,0.5199
1,bp,BP,29,0.05945864725112915,0.06469554634094238,0.58825,0.5224,0.58825,0.5224
1,bp,BP,30,0.05902357172966004,0.06456157397031784,0.5945,0.5214,0.5945,0.5214
1,bp,BP,31,0.058522713780403135,0.06431435354948044,0.59875,0.5241,0.59875,0.5241
1,bp,BP,32,0.05822723478078842,0.06426429712772369,0.60225,0.5278,0.60225,0.5278
1,bp,BP,33,0.05759744569659233,0.06384992196559906,0.60725,0.5287,0.60725,0.5287
1,bp,BP,34,0.0571987752020359,0.06380294961929321,0.60975,0.5307,0.60975,0.5307
1,bp,BP,35,0.05671522024273872,0.06358889039754867,0.61725,0.5344,0.61725,0.5344
1,bp,BP,36,0.05645636877417565,0.06364632281064987,0.61675,0.5337,0.61675,0.5337
1,bp,BP,37,0.055991093546152115,0.06349942677021027,0.62825,0.5339,0.62825,0.5339
1,bp,BP,38,0.055571971505880356,0.06335344508886337,0.63075,0.5338,0.63075,0.5338
1,bp,BP,39,0.05514367133378983,0.06316480889320374,0.63675,0.537,0.63675,0.537
1,bp,BP,40,0.054708607971668245,0.06308990700244904,0.64075,0.5349,0.64075,0.5349
1,bp,BP,41,0.054256369918584825,0.06290618644952774,0.64,0.5372,0.64,0.5372
1,bp,BP,42,0.054056329429149626,0.06297333010435105,0.64425,0.5387,0.64425,0.5387
1,bp,BP,43,0.05348628985881805,0.0627495760679245,0.6535,0.5444,0.6535,0.5444
1,bp,BP,44,0.052910703510046,0.06246316078901291,0.65075,0.5438,0.65075,0.5438
1,bp,BP,45,0.052657956451177594,0.06261846499443054,0.656,0.5467,0.656,0.5467
1,bp,BP,46,0.05257060614228248,0.06281544052362442,0.6605,0.5399,0.6605,0.5399
1,bp,BP,47,0.051821400076150895,0.06236470252275467,0.6665,0.5435,0.6665,0.5435
1,bp,BP,48,0.05149389836192131,0.06243741809129715,0.67275,0.5479,0.67275,0.5479
1,bp,BP,49,0.05113415709137917,0.06236334365606308,0.677,0.5426,0.677,0.5426
1,bp,BP,50,0.05073111975193024,0.06231684410572052,0.6775,0.5468,0.6775,0.5468
1,bp,BP,51,0.049975210040807724,0.062051145493984224,0.68425,0.5487,0.68425,0.5487
1,bp,BP,52,0.04971934401988983,0.062017274284362794,0.68575,0.5506,0.68575,0.5506
1,bp,BP,53,0.049523153245449064,0.062082892072200774,0.689,0.5493,0.689,0.5493
1,bp,BP,54,0.04886784821748733,0.06192869575023651,0.701,0.5529,0.701,0.5529
1,bp,BP,55,0.0488047354221344,0.06228709123134613,0.698,0.5493,0.698,0.5493
1,bp,BP,56,0.04847025793790817,0.06227200853824615,0.70175,0.5554,0.70175,0.5554
1,bp,BP,57,0.04782863476872444,0.062047053933143616,0.70925,0.551,0.70925,0.551
1,bp,BP,58,0.04739071670174599,0.061989466714859005,0.70675,0.553,0.70675,0.553
1,bp,BP,59,0.04715427088737488,0.062133406066894534,0.71525,0.5513,0.71525,0.5513
1,bp,BP,60,0.04667792144417763,0.062079820573329926,0.71075,0.5502,0.71075,0.5502
1,bp,BP,61,0.045966757476329806,0.06172368949651718,0.72525,0.5592,0.72525,0.5592
1,bp,BP,62,0.045999984055757524,0.06224699215888977,0.7225,0.5571,0.7225,0.5571
1,bp,BP,63,0.04540671208500862,0.06216027826070786,0.72675,0.5546,0.72675,0.5546
1,bp,BP,64,0.044927848726511004,0.061970493400096895,0.7345,0.5539,0.7345,0.5539
1,bp,BP,65,0.04458662953972817,0.06191100153923035,0.7355,0.5539,0.7355,0.5539
1,bp,BP,66,0.0443060260117054,0.062128479778766635,0.7395,0.5525,0.7395,0.5525
1,bp,BP,67,0.044158781081438066,0.06233739657402038,0.7475,0.555,0.7475,0.555
1,bp,BP,68,0.04338812229037285,0.06196425421237946,0.74875,0.5564,0.74875,0.5564
1,bp,BP,69,0.043013526320457456,0.06209789689779282,0.7595,0.5566,0.7595,0.5566
1,bp,BP,70,0.04300535145401955,0.06264231486320496,0.7475,0.5542,0.7475,0.5542
1,bp,BP,71,0.042004048615694047,0.06191203808784485,0.763,0.5613,0.763,0.5613
1,bp,BP,72,0.04218806871771812,0.06242486171722412,0.7675,0.5535,0.7675,0.5535
1,bp,BP,73,0.04150174149870872,0.06222976695299148,0.77375,0.5575,0.77375,0.5575
1,bp,BP,74,0.0407827100455761,0.06188659623861313,0.7765,0.5623,0.7765,0.5623
1,bp,BP,75,0.04115399086475372,0.06278589853048325,0.777,0.5568,0.777,0.5568
1,bp,BP,76,0.0404322529733181,0.0624240345954895,0.78825,0.5548,0.78825,0.5548
1,bp,BP,77,0.039971711039543154,0.06253571807146073,0.7855,0.5604,0.7855,0.5604
1,bp,BP,78,0.03953168138861656,0.062460751271247866,0.78975,0.5587,0.78975,0.5587
1,bp,BP,79,0.039122827708721164,0.06247861214876175,0.79725,0.5591,0.79725,0.5591
1,bp,BP,80,0.039455840826034545,0.06301027550697327,0.796,0.5559,0.796,0.5559
1,np,IS NP,1,0.08960207289457321,0.08964882357120514,0.18575,0.1768,0.18575,0.1768
1,np,IS NP,2,0.08775285196304321,0.0877768117427826,0.22475,0.2288,0.22475,0.2288
1,np,IS NP,3,0.08684442895650864,0.08679925527572632,0.244,0.2555,0.244,0.2555
1,np,IS NP,4,0.08595882391929627,0.08588701391220092,0.26725,0.2781,0.26725,0.2781
1,np,IS NP,5,0.08530208188295364,0.08521063627004623,0.26925,0.2882,0.26925,0.2882
1,np,IS NP,6,0.08462100124359132,0.08454960682392121,0.27075,0.2898,0.27075,0.2898
1,np,IS NP,7,0.08426973116397858,0.08421107565164566,0.27675,0.2969,0.27675,0.2969
1,np,IS NP,8,0.08381450754404068,0.08382917656898499,0.2795,0.2985,0.2795,0.2985
1,np,IS NP,9,0.08352646589279175,0.08350538581609726,0.2805,0.3013,0.2805,0.3013
1,np,IS NP,10,0.08337491303682328,0.08339853398799896,0.2875,0.3034,0.2875,0.3034
1,np,IS NP,11,0.08283352577686309,0.08285165575742721,0.289,0.3054,0.289,0.3054
1,np,IS NP,12,0.08260047686100006,0.0825139447927475,0.3045,0.3242,0.3045,0.3242
1,np,IS NP,13,0.08237329483032227,0.08229962563514709,0.2975,0.3184,0.2975,0.3184
1,np,IS NP,14,0.08249966877698899,0.08234792428016663,0.30325,0.3241,0.30325,0.3241
1,np,IS NP,15,0.08213798701763153,0.08204237366914749,0.31225,0.3222,0.31225,0.3222
1,np,IS NP,16,0.0820726951956749,0.08200741523504257,0.29975,0.3192,0.29975,0.3192
1,np,IS NP,17,0.08193841254711151,0.0818240361571312,0.31,0.3229,0.31,0.3229
1,np,IS NP,18,0.08175229722261429,0.08181268380880356,0.31,0.3216,0.31,0.3216
1,np,IS NP,19,0.08157731568813324,0.0816034740447998,0.3115,0.3233,0.3115,0.3233
1,np,IS NP,20,0.08133594620227813,0.08140045974254607,0.3195,0.3288,0.3195,0.3288
1,np,IS NP,21,0.08117514050006866,0.08125567421913146,0.31675,0.3301,0.31675,0.3301
1,np,IS NP,22,0.08107842284440994,0.0811392501950264,0.31875,0.3289,0.31875,0.3289
1,np,IS NP,23,0.08127915781736374,0.08129905027151108,0.3135,0.3255,0.3135,0.3255
1,np,IS NP,24,0.08122929072380065,0.08115103489160538,0.322,0.3331,0.322,0.3331
1,np,IS NP,25,0.08121608865261078,0.0813136477470398,0.321,0.3289,0.321,0.3289
1,np,IS NP,26,0.0809594520330429,0.0810643262386322,0.3205,0.3288,0.3205,0.3288
1,np,IS NP,27,0.0808985744714737,0.08107646219730377,0.324,0.3329,0.324,0.3329
1,np,IS NP,28,0.08077385193109513,0.0807956316113472,0.32125,0.331,0.32125,0.331
1,np,IS NP,29,0.08053842037916184,0.08060407756567001,0.3355,0.3413,0.3355,0.3413
1,np,IS NP,30,0.08077699685096741,0.08082984793186188,0.32775,0.3427,0.32775,0.3427
1,np,IS NP,31,0.08061043494939804,0.08059327785968781,0.33475,0.344,0.33475,0.344
1,np,IS NP,32,0.0805623859167099,0.080609379529953,0.3265,0.3284,0.3265,0.3284
1,np,IS NP,33,0.08061164253950119,0.08067149118185044,0.3265,0.334,0.3265,0.334
1,np,IS NP,34,0.0802641566991806,0.08026389356851578,0.336,0.3473,0.336,0.3473
1,np,IS NP,35,0.08032487171888351,0.0804200507760048,0.3285,0.343,0.3285,0.343
1,np,IS NP,36,0.08037516403198242,0.08035026276111602,0.33925,0.3485,0.33925,0.3485
1,np,IS NP,37,0.08030475258827209,0.08034027135372161,0.333,0.3459,0.333,0.3459
1,np,IS NP,38,0.08039812022447586,0.08055198307037353,0.33225,0.3452,0.33225,0.3452
1,np,IS NP,39,0.0801389787197113,0.08013016318082809,0.335,0.3496,0.335,0.3496
1,np,IS NP,40,0.08014502161741256,0.0800462161064148,0.3325,0.3441,0.3325,0.3441
1,np,IS NP,41,0.08023471105098724,0.08020566130876541,0.3235,0.339,0.3235,0.339
1,np,IS NP,42,0.07994511413574219,0.0799120965719223,0.3295,0.3386,0.3295,0.3386
1,np,IS NP,43,0.07994038194417953,0.07995340875387191,0.335,0.3414,0.335,0.3414
1,np,IS NP,44,0.07997123265266419,0.07990170067548752,0.3365,0.3481,0.3365,0.3481
1,np,IS NP,45,0.07975225013494491,0.07961417652368545,0.33775,0.3487,0.33775,0.3487
1,np,IS NP,46,0.07994090330600738,0.07980367647409439,0.33675,0.3472,0.33675,0.3472
1,np,IS NP,47,0.08004303926229477,0.0799273913025856,0.33675,0.3461,0.33675,0.3461
1,np,IS NP,48,0.08022696661949158,0.08015188190937042,0.33975,0.3435,0.33975,0.3435
1,np,IS NP,49,0.07989240539073944,0.07985454070568085,0.343,0.3503,0.343,0.3503
1,np,IS NP,50,0.0798456034064293,0.07980156749486923,0.3365,0.343,0.3365,0.343
1,np,IS NP,51,0.07981431007385253,0.07979513632059097,0.3355,0.3485,0.3355,0.3485
1,np,IS NP,52,0.07994319224357604,0.07999598625898362,0.331,0.3453,0.331,0.3453
1,np,IS NP,53,0.07965406733751297,0.07956720427274704,0.34,0.3523,0.34,0.3523
1,np,IS NP,54,0.07926840555667877,0.07915862175226211,0.33825,0.3517,0.33825,0.3517
1,np,IS NP,55,0.07939446556568146,0.07939707139730454,0.34275,0.3519,0.34275,0.3519
1,np,IS NP,56,0.07954754090309143,0.07953741430044174,0.3425,0.3487,0.3425,0.3487
1,np,IS NP,57,0.07962655901908874,0.07967449133396148,0.34375,0.3507,0.34375,0.3507
1,np,IS NP,58,0.07947715568542481,0.07946341811418534,0.334,0.346,0.334,0.346
1,np,IS NP,59,0.07934441298246384,0.07932285093069076,0.3455,0.355,0.3455,0.355
1,np,IS NP,60,0.07934975039958954,0.07936599524021148,0.336,0.3468,0.336,0.3468
1,np,IS NP,61,0.07929120028018952,0.07932088241577148,0.34875,0.3567,0.34875,0.3567
1,np,IS NP,62,0.07908443439006806,0.07908058922290802,0.3405,0.3528,0.3405,0.3528
1,np,IS NP,63,0.07912906169891358,0.07917425532341003,0.34475,0.3476,0.34475,0.3476
1,np,IS NP,64,0.07943316358327866,0.07935376107692718,0.34075,0.3519,0.34075,0.3519
1,np,IS NP,65,0.0791563675403595,0.07911522401571273,0.3425,0.3486,0.3425,0.3486
1,np,IS NP,66,0.07925570100545883,0.0791372300028801,0.3395,0.35,0.3395,0.35
1,np,IS NP,67,0.0791222665309906,0.07895532785654068,0.34125,0.3551,0.34125,0.3551
1,np,IS NP,68,0.0794680625796318,0.07923124183416366,0.3445,0.3536,0.3445,0.3536
1,np,IS NP,69,0.07906770098209381,0.07894566444158554,0.3455,0.3612,0.3455,0.3612
1,np,IS NP,70,0.07931734162569046,0.07920472004413605,0.34,0.3523,0.34,0.3523
1,np,IS NP,71,0.07919667118787765,0.07909936401844024,0.3415,0.3534,0.3415,0.3534
1,np,IS NP,72,0.07918918579816818,0.07903839747905732,0.34575,0.3514,0.34575,0.3514
1,np,IS NP,73,0.079015655875206,0.07888491572141647,0.35125,0.364,0.35125,0.364
1,np,IS NP,74,0.07876772445440293,0.07885824655294418,0.35875,0.363,0.35875,0.363
1,np,IS NP,75,0.07891117876768113,0.07891412334442138,0.344,0.3494,0.344,0.3494
1,np,IS NP,76,0.0790308992266655,0.0791389600276947,0.35075,0.3523,0.35075,0.3523
1,np,IS NP,77,0.07875286829471588,0.07898447239398956,0.3525,0.3547,0.3525,0.3547
1,np,IS NP,78,0.07894238823652268,0.07913359832763672,0.3555,0.3573,0.3555,0.3573
1,np,IS NP,79,0.07892596679925919,0.07904681199789047,0.3555,0.3569,0.3555,0.3569
1,np,IS NP,80,0.0786198103427887,0.0787116195678711,0.36275,0.3567,0.36275,0.3567
1,np_fixed,Vanilla NP,1,0.09411571770906449,0.09422795035839081,0.13825,0.1303,0.13825,0.1303
1,np_fixed,Vanilla NP,2,0.09157214879989624,0.09163128057718277,0.1485,0.1377,0.1485,0.1377
1,np_fixed,Vanilla NP,3,0.09022221612930298,0.09029582034349441,0.19925,0.1915,0.19925,0.1915
1,np_fixed,Vanilla NP,4,0.08946185910701751,0.08952670834064484,0.19525,0.1906,0.19525,0.1906
1,np_fixed,Vanilla NP,5,0.08894722729921341,0.08899665956497192,0.21925,0.2191,0.21925,0.2191
1,np_fixed,Vanilla NP,6,0.08836469846963882,0.08842867237329483,0.22975,0.2286,0.22975,0.2286
1,np_fixed,Vanilla NP,7,0.08816819590330124,0.08820917870998382,0.22425,0.2279,0.22425,0.2279
1,np_fixed,Vanilla NP,8,0.08773133158683777,0.08782327519655228,0.23475,0.2392,0.23475,0.2392
1,np_fixed,Vanilla NP,9,0.08733873349428177,0.08739624928236008,0.24,0.2437,0.24,0.2437
1,np_fixed,Vanilla NP,10,0.08719319951534271,0.08718858833312988,0.2425,0.2428,0.2425,0.2428
1,np_fixed,Vanilla NP,11,0.08691815155744552,0.08692084993124008,0.244,0.2495,0.244,0.2495
1,np_fixed,Vanilla NP,12,0.0866608659029007,0.08658289947509766,0.24975,0.2524,0.24975,0.2524
1,np_fixed,Vanilla NP,13,0.0865620681643486,0.08648187308311463,0.248,0.2565,0.248,0.2565
1,np_fixed,Vanilla NP,14,0.08616591936349868,0.08605629987716674,0.25625,0.2632,0.25625,0.2632
1,np_fixed,Vanilla NP,15,0.08560982173681259,0.08559401574134827,0.25625,0.2659,0.25625,0.2659
1,np_fixed,Vanilla NP,16,0.08543474954366684,0.0854191887497902,0.26775,0.2715,0.26775,0.2715
1,np_fixed,Vanilla NP,17,0.08529151457548141,0.08527780236005783,0.26875,0.2729,0.26875,0.2729
1,np_fixed,Vanilla NP,18,0.08498784106969834,0.0849856892466545,0.26825,0.2716,0.26825,0.2716
1,np_fixed,Vanilla NP,19,0.0850317879319191,0.08498976292610168,0.278,0.2867,0.278,0.2867
1,np_fixed,Vanilla NP,20,0.08470753031969071,0.08471701369285584,0.271,0.2819,0.271,0.2819
1,np_fixed,Vanilla NP,21,0.08447957837581635,0.08452714622020721,0.28275,0.2928,0.28275,0.2928
1,np_fixed,Vanilla NP,22,0.08428969883918762,0.08431436574459075,0.2805,0.2866,0.2805,0.2866
1,np_fixed,Vanilla NP,23,0.08416869628429413,0.08420453395843507,0.28825,0.2956,0.28825,0.2956
1,np_fixed,Vanilla NP,24,0.08412035745382308,0.08408954242467881,0.27975,0.2944,0.27975,0.2944
1,np_fixed,Vanilla NP,25,0.08424595016241074,0.08424229599237441,0.29375,0.3013,0.29375,0.3013
1,np_fixed,Vanilla NP,26,0.08395604300498963,0.08397507840394974,0.2865,0.2954,0.2865,0.2954
1,np_fixed,Vanilla NP,27,0.0837776129245758,0.08381293164491653,0.28475,0.2897,0.28475,0.2897
1,np_fixed,Vanilla NP,28,0.08389285880327224,0.08376852431297302,0.28225,0.2951,0.28225,0.2951
1,np_fixed,Vanilla NP,29,0.08364978903532028,0.08360289015769959,0.28475,0.2981,0.28475,0.2981
1,np_fixed,Vanilla NP,30,0.0836178714632988,0.08359248371124267,0.29225,0.3015,0.29225,0.3015
1,np_fixed,Vanilla NP,31,0.08350613707304001,0.0833904809832573,0.2925,0.306,0.2925,0.306
1,np_fixed,Vanilla NP,32,0.08324328351020813,0.08320295698642731,0.298,0.3084,0.298,0.3084
1,np_fixed,Vanilla NP,33,0.08316207563877105,0.08307611219882965,0.2945,0.3021,0.2945,0.3021
1,np_fixed,Vanilla NP,34,0.08325608050823212,0.08309320681095124,0.29425,0.3083,0.29425,0.3083
1,np_fixed,Vanilla NP,35,0.08313118189573288,0.08301724746227264,0.288,0.3066,0.288,0.3066
1,np_fixed,Vanilla NP,36,0.08299604898691178,0.08291614409685134,0.29875,0.3122,0.29875,0.3122
1,np_fixed,Vanilla NP,37,0.08291202670335769,0.08283390284776687,0.302,0.3159,0.302,0.3159
1,np_fixed,Vanilla NP,38,0.08282038450241089,0.08278088496923447,0.303,0.3166,0.303,0.3166
1,np_fixed,Vanilla NP,39,0.08289110141992569,0.08277511324882507,0.308,0.3173,0.308,0.3173
1,np_fixed,Vanilla NP,40,0.08278629672527313,0.08268096915483475,0.31075,0.3209,0.31075,0.3209
1,np_fixed,Vanilla NP,41,0.08269368225336075,0.08252362360954285,0.30225,0.3247,0.30225,0.3247
1,np_fixed,Vanilla NP,42,0.08301155215501785,0.08289296766519547,0.308,0.3197,0.308,0.3197
1,np_fixed,Vanilla NP,43,0.08263640290498733,0.08244546303749084,0.31125,0.3185,0.31125,0.3185
1,np_fixed,Vanilla NP,44,0.08267287999391555,0.08247886692285537,0.299,0.3159,0.299,0.3159
1,np_fixed,Vanilla NP,45,0.0824772937297821,0.08231175498962402,0.30125,0.3205,0.30125,0.3205
1,np_fixed,Vanilla NP,46,0.08215488868951798,0.08202010189294814,0.30725,0.3201,0.30725,0.3201
1,np_fixed,Vanilla NP,47,0.08212616550922394,0.08197593405246735,0.30325,0.3158,0.30325,0.3158
1,np_fixed,Vanilla NP,48,0.0822054277062416,0.08215900206565857,0.31,0.3261,0.31,0.3261
1,np_fixed,Vanilla NP,49,0.08255508202314377,0.08255709847211838,0.30525,0.3168,0.30525,0.3168
1,np_fixed,Vanilla NP,50,0.08216777396202088,0.08216807030439377,0.30575,0.3199,0.30575,0.3199
1,np_fixed,Vanilla NP,51,0.08220443898439407,0.0821452301979065,0.3185,0.3245,0.3185,0.3245
1,np_fixed,Vanilla NP,52,0.08225296652317048,0.08219196438789368,0.31025,0.323,0.31025,0.323
1,np_fixed,Vanilla NP,53,0.08204993659257889,0.08195540697574616,0.3215,0.3327,0.3215,0.3327
1,np_fixed,Vanilla NP,54,0.08218292224407196,0.08210582193136215,0.31625,0.3262,0.31625,0.3262
1,np_fixed,Vanilla NP,55,0.08205583894252777,0.08217175412178039,0.31125,0.3197,0.31125,0.3197
1,np_fixed,Vanilla NP,56,0.08207836014032364,0.08212506115436553,0.3085,0.3152,0.3085,0.3152
1,np_fixed,Vanilla NP,57,0.08204807168245315,0.08206198964118958,0.31775,0.3294,0.31775,0.3294
1,np_fixed,Vanilla NP,58,0.08160063993930816,0.08165226508378982,0.317,0.3313,0.317,0.3313
1,np_fixed,Vanilla NP,59,0.08176248359680176,0.0817499253153801,0.309,0.3182,0.309,0.3182
1,np_fixed,Vanilla NP,60,0.08185827159881592,0.08186284353733063,0.31125,0.3214,0.31125,0.3214
1,np_fixed,Vanilla NP,61,0.08171063846349716,0.08172346678972245,0.32325,0.3268,0.32325,0.3268
1,np_fixed,Vanilla NP,62,0.08162788617610932,0.0815821370601654,0.32475,0.3383,0.32475,0.3383
1,np_fixed,Vanilla NP,63,0.08145295840501786,0.08146502465009689,0.3145,0.3293,0.3145,0.3293
1,np_fixed,Vanilla NP,64,0.0815679897069931,0.08158351992368698,0.3165,0.3293,0.3165,0.3293
1,np_fixed,Vanilla NP,65,0.08141188895702361,0.08139732385873795,0.31375,0.3285,0.31375,0.3285
1,np_fixed,Vanilla NP,66,0.0818015809059143,0.0817483649969101,0.31975,0.3257,0.31975,0.3257
1,np_fixed,Vanilla NP,67,0.08163139718770981,0.0816298876285553,0.31325,0.3192,0.31325,0.3192
1,np_fixed,Vanilla NP,68,0.08154127323627472,0.0814083216905594,0.322,0.326,0.322,0.326
1,np_fixed,Vanilla NP,69,0.08155226027965545,0.08136331827640533,0.3205,0.3247,0.3205,0.3247
1,np_fixed,Vanilla NP,70,0.0818066635131836,0.0818284419298172,0.3195,0.3274,0.3195,0.3274
1,np_fixed,Vanilla NP,71,0.08238374119997025,0.08245951119661331,0.3095,0.319,0.3095,0.319
1,np_fixed,Vanilla NP,72,0.0821768673658371,0.08212363852262497,0.31375,0.3247,0.31375,0.3247
1,np_fixed,Vanilla NP,73,0.08184819781780243,0.08164922516345978,0.31625,0.3215,0.31625,0.3215
1,np_fixed,Vanilla NP,74,0.08141939336061478,0.08126533600091934,0.32225,0.3282,0.32225,0.3282
1,np_fixed,Vanilla NP,75,0.08132032513618469,0.08119628713130951,0.32275,0.3323,0.32275,0.3323
1,np_fixed,Vanilla NP,76,0.08183248746395111,0.08178957321643829,0.328,0.3299,0.328,0.3299
1,np_fixed,Vanilla NP,77,0.08140764433145523,0.08144634836912155,0.32925,0.3308,0.32925,0.3308
1,np_fixed,Vanilla NP,78,0.08145345222949982,0.08142046300172806,0.3325,0.3382,0.3325,0.3382
1,np_fixed,Vanilla NP,79,0.08160276365280152,0.08146635001897812,0.328,0.3347,0.328,0.3347
1,np_fixed,Vanilla NP,80,0.08128145521879196,0.08123695939779281,0.319,0.3294,0.319,0.3294
1,np_fan_in,Fan-in NP,1,0.09202052092552185,0.09208893181085587,0.1545,0.147,0.1545,0.147
1,np_fan_in,Fan-in NP,2,0.09019049918651581,0.09024465767145157,0.19275,0.1802,0.19275,0.1802
1,np_fan_in,Fan-in NP,3,0.08937421870231628,0.08940763586759568,0.2155,0.2084,0.2155,0.2084
1,np_fan_in,Fan-in NP,4,0.08866943645477295,0.08867401257753373,0.23175,0.2286,0.23175,0.2286
1,np_fan_in,Fan-in NP,5,0.08804396265745162,0.08803686072826386,0.24425,0.2461,0.24425,0.2461
1,np_fan_in,Fan-in NP,6,0.0873554869890213,0.08739420845508575,0.2495,0.2546,0.2495,0.2546
1,np_fan_in,Fan-in NP,7,0.08706628823280335,0.08711024137735367,0.25375,0.2579,0.25375,0.2579
1,np_fan_in,Fan-in NP,8,0.08664103937149048,0.08669749728441238,0.25175,0.2649,0.25175,0.2649
1,np_fan_in,Fan-in NP,9,0.08617212915420533,0.08623966673612594,0.2595,0.2698,0.2595,0.2698
1,np_fan_in,Fan-in NP,10,0.08613471895456314,0.08621083317995071,0.26025,0.2681,0.26025,0.2681
1,np_fan_in,Fan-in NP,11,0.08570150721073151,0.08576828875541687,0.26125,0.2782,0.26125,0.2782
1,np_fan_in,Fan-in NP,12,0.08543391185998916,0.08544745069742203,0.26975,0.2852,0.26975,0.2852
1,np_fan_in,Fan-in NP,13,0.0851622114777565,0.08515250716209412,0.268,0.2882,0.268,0.2882
1,np_fan_in,Fan-in NP,14,0.08503909766674042,0.08499437692165375,0.2765,0.2982,0.2765,0.2982
1,np_fan_in,Fan-in NP,15,0.08461089968681336,0.08462038363218308,0.27425,0.2979,0.27425,0.2979
1,np_fan_in,Fan-in NP,16,0.08438522291183471,0.08440799450874328,0.284,0.3008,0.284,0.3008
1,np_fan_in,Fan-in NP,17,0.08410196393728256,0.08407759329080582,0.28725,0.2977,0.28725,0.2977
1,np_fan_in,Fan-in NP,18,0.08385025519132615,0.08388802785873413,0.289,0.3016,0.289,0.3016
1,np_fan_in,Fan-in NP,19,0.08384298276901245,0.08385642509460449,0.29375,0.3093,0.29375,0.3093
1,np_fan_in,Fan-in NP,20,0.08362895423173905,0.08365515987873078,0.29525,0.3048,0.29525,0.3048
1,np_fan_in,Fan-in NP,21,0.08334140145778655,0.08337800583839416,0.2925,0.3137,0.2925,0.3137
1,np_fan_in,Fan-in NP,22,0.08320469570159912,0.08327253000736237,0.3015,0.3151,0.3015,0.3151
1,np_fan_in,Fan-in NP,23,0.08318163466453553,0.0832280105471611,0.30125,0.3199,0.30125,0.3199
1,np_fan_in,Fan-in NP,24,0.08324065923690796,0.08325882881879806,0.30675,0.3205,0.30675,0.3205
1,np_fan_in,Fan-in NP,25,0.08301923006772995,0.08309786126613616,0.306,0.3216,0.306,0.3216
1,np_fan_in,Fan-in NP,26,0.08294758039712906,0.0830504604101181,0.301,0.3147,0.301,0.3147
1,np_fan_in,Fan-in NP,27,0.08278188014030456,0.08294985181093216,0.309,0.3216,0.309,0.3216
1,np_fan_in,Fan-in NP,28,0.0827268055677414,0.08278003379106522,0.31125,0.3167,0.31125,0.3167
1,np_fan_in,Fan-in NP,29,0.08242259067296982,0.08255869190692902,0.30725,0.3211,0.30725,0.3211
1,np_fan_in,Fan-in NP,30,0.08260959470272064,0.08270018936395646,0.317,0.3273,0.317,0.3273
1,np_fan_in,Fan-in NP,31,0.08251229965686799,0.08253623820543289,0.315,0.3264,0.315,0.3264
1,np_fan_in,Fan-in NP,32,0.08226656174659729,0.0823019340991974,0.31475,0.3276,0.31475,0.3276
1,np_fan_in,Fan-in NP,33,0.08230850815773011,0.0823253079533577,0.31375,0.3262,0.31375,0.3262
1,np_fan_in,Fan-in NP,34,0.08215298575162888,0.08213572354316712,0.31275,0.3281,0.31275,0.3281
1,np_fan_in,Fan-in NP,35,0.08199933785200118,0.08201557451486588,0.3085,0.3211,0.3085,0.3211
1,np_fan_in,Fan-in NP,36,0.08193304944038392,0.08193442056179047,0.3175,0.3346,0.3175,0.3346
1,np_fan_in,Fan-in NP,37,0.0819462199807167,0.08192500046491623,0.324,0.3338,0.324,0.3338
1,np_fan_in,Fan-in NP,38,0.08191851323843002,0.08198386733531952,0.3225,0.3369,0.3225,0.3369
1,np_fan_in,Fan-in NP,39,0.081779534637928,0.08176191427707673,0.321,0.3349,0.321,0.3349
1,np_fan_in,Fan-in NP,40,0.08163375389575958,0.08161568410396576,0.32,0.336,0.32,0.336
1,np_fan_in,Fan-in NP,41,0.08155142897367477,0.08151163235902786,0.319,0.3332,0.319,0.3332
1,np_fan_in,Fan-in NP,42,0.0820260134935379,0.08198191267251968,0.31925,0.3313,0.31925,0.3313
1,np_fan_in,Fan-in NP,43,0.08164477556943893,0.0815752317905426,0.328,0.3372,0.328,0.3372
1,np_fan_in,Fan-in NP,44,0.08140080428123474,0.08130467064380646,0.33025,0.3377,0.33025,0.3377
1,np_fan_in,Fan-in NP,45,0.08125760847330094,0.08120190689563751,0.3355,0.3416,0.3355,0.3416
1,np_fan_in,Fan-in NP,46,0.08118217623233795,0.08106680263280869,0.33525,0.3441,0.33525,0.3441
1,np_fan_in,Fan-in NP,47,0.08133124876022339,0.08121124269962311,0.316,0.3276,0.316,0.3276
1,np_fan_in,Fan-in NP,48,0.08129584407806396,0.08124831372499466,0.32575,0.341,0.32575,0.341
1,np_fan_in,Fan-in NP,49,0.0813138917684555,0.08133255707025527,0.3285,0.3419,0.3285,0.3419
1,np_fan_in,Fan-in NP,50,0.08101124006509781,0.08102531098127365,0.33075,0.3416,0.33075,0.3416
1,np_fan_in,Fan-in NP,51,0.08073834109306335,0.08077321337461471,0.34025,0.3467,0.34025,0.3467
1,np_fan_in,Fan-in NP,52,0.08103282755613327,0.0810551619887352,0.3325,0.3387,0.3325,0.3387
1,np_fan_in,Fan-in NP,53,0.08072879940271377,0.08073440842628479,0.34,0.3504,0.34,0.3504
1,np_fan_in,Fan-in NP,54,0.08073016792535782,0.08081324722766876,0.33375,0.3477,0.33375,0.3477
1,np_fan_in,Fan-in NP,55,0.08072923028469085,0.08092514046430588,0.33275,0.3417,0.33275,0.3417
1,np_fan_in,Fan-in NP,56,0.08071880668401718,0.0808691104888916,0.32675,0.337,0.32675,0.337
1,np_fan_in,Fan-in NP,57,0.08069388228654861,0.08079769196510315,0.3365,0.3457,0.3365,0.3457
1,np_fan_in,Fan-in NP,58,0.0806407585144043,0.08072623368501664,0.338,0.3491,0.338,0.3491
1,np_fan_in,Fan-in NP,59,0.08097222304344177,0.08104296946525574,0.3315,0.3374,0.3315,0.3374
1,np_fan_in,Fan-in NP,60,0.08113276392221451,0.08126268264055252,0.313,0.3243,0.313,0.3243
1,np_fan_in,Fan-in NP,61,0.08070956820249557,0.08078010047674179,0.3385,0.3406,0.3385,0.3406
1,np_fan_in,Fan-in NP,62,0.08022738683223725,0.08029431703090668,0.33975,0.3504,0.33975,0.3504
1,np_fan_in,Fan-in NP,63,0.08011516731977462,0.08022940504550934,0.3365,0.347,0.3365,0.347
1,np_fan_in,Fan-in NP,64,0.08033777111768722,0.08045937238931655,0.3345,0.3399,0.3345,0.3399
1,np_fan_in,Fan-in NP,65,0.08044782227277755,0.08052939101457596,0.3335,0.3372,0.3335,0.3372
1,np_fan_in,Fan-in NP,66,0.08034152275323868,0.08033458449840546,0.34175,0.3427,0.34175,0.3427
1,np_fan_in,Fan-in NP,67,0.08010384494066239,0.08005325133800506,0.3345,0.3411,0.3345,0.3411
1,np_fan_in,Fan-in NP,68,0.08053232789039612,0.08038211784362793,0.339,0.3435,0.339,0.3435
1,np_fan_in,Fan-in NP,69,0.08053133434057236,0.08032143930196763,0.3365,0.3364,0.3365,0.3364
1,np_fan_in,Fan-in NP,70,0.08071481722593307,0.08078588936328888,0.32825,0.3334,0.32825,0.3334
1,np_fan_in,Fan-in NP,71,0.08038747787475586,0.08040051445960998,0.33775,0.3418,0.33775,0.3418
1,np_fan_in,Fan-in NP,72,0.0814982517361641,0.08152777189016343,0.3295,0.3364,0.3295,0.3364
1,np_fan_in,Fan-in NP,73,0.08067269539833069,0.08050403866767883,0.331,0.3377,0.331,0.3377
1,np_fan_in,Fan-in NP,74,0.0800142850279808,0.07990693986415863,0.33475,0.3449,0.33475,0.3449
1,np_fan_in,Fan-in NP,75,0.07994856774806976,0.07987993394136429,0.34625,0.3505,0.34625,0.3505
1,np_fan_in,Fan-in NP,76,0.08054767149686813,0.08056222772598266,0.33775,0.3354,0.33775,0.3354
1,np_fan_in,Fan-in NP,77,0.07976689147949219,0.07985800987482071,0.34225,0.3456,0.34225,0.3456
1,np_fan_in,Fan-in NP,78,0.08014958566427231,0.08030044378042221,0.349,0.3542,0.349,0.3542
1,np_fan_in,Fan-in NP,79,0.08013210648298263,0.08023124333620071,0.35675,0.3564,0.35675,0.3564
1,np_fan_in,Fan-in NP,80,0.08009230482578278,0.0802095957517624,0.34625,0.3512,0.34625,0.3512
1,wp,WP,1,0.10047059154510499,0.10059200112819672,0.104,0.1021,0.104,0.1021
1,wp,WP,2,0.09588022929430008,0.09600606888532638,0.13225,0.1349,0.13225,0.1349
1,wp,WP,3,0.09318969428539275,0.09332085703611374,0.15675,0.1559,0.15675,0.1559
1,wp,WP,4,0.09142966437339782,0.09155372867584229,0.175,0.1665,0.175,0.1665
1,wp,WP,5,0.0902800914645195,0.09040438532829284,0.19575,0.1866,0.19575,0.1866
1,wp,WP,6,0.08935358154773712,0.08948728829622268,0.19925,0.193,0.19925,0.193
1,wp,WP,7,0.08876705318689346,0.08889360567331314,0.20875,0.2,0.20875,0.2
1,wp,WP,8,0.08832011729478836,0.08841567658185959,0.2145,0.21,0.2145,0.21
1,wp,WP,9,0.08798154610395431,0.08808000929355621,0.2195,0.2193,0.2195,0.2193
1,wp,WP,10,0.08771189415454865,0.08781133460998534,0.22375,0.2201,0.22375,0.2201
1,wp,WP,11,0.08754256546497345,0.08764922641515732,0.225,0.2256,0.225,0.2256
1,wp,WP,12,0.08728779453039169,0.08741221874952317,0.231,0.2278,0.231,0.2278
1,wp,WP,13,0.08713698887825012,0.08723607298135758,0.225,0.2327,0.225,0.2327
1,wp,WP,14,0.08691138869524002,0.08701962424516678,0.23625,0.2333,0.23625,0.2333
1,wp,WP,15,0.08660931396484375,0.0867287804722786,0.2335,0.2359,0.2335,0.2359
1,wp,WP,16,0.08652443200349808,0.08662946329116822,0.241,0.2404,0.241,0.2404
1,wp,WP,17,0.08638090568780898,0.08644449043273926,0.24075,0.2479,0.24075,0.2479
1,wp,WP,18,0.08614763975143433,0.08623296966552735,0.24475,0.2495,0.24475,0.2495
1,wp,WP,19,0.08609878081083298,0.08615754435062409,0.2405,0.245,0.2405,0.245
1,wp,WP,20,0.08599942272901535,0.08603628135919571,0.239,0.2527,0.239,0.2527
1,wp,WP,21,0.08577888023853301,0.0858285905957222,0.2505,0.2581,0.2505,0.2581
1,wp,WP,22,0.08570032620429993,0.08571152150630951,0.25275,0.261,0.25275,0.261
1,wp,WP,23,0.0855798310637474,0.08559582759141922,0.25225,0.2641,0.25225,0.2641
1,wp,WP,24,0.0854753023982048,0.08543116002082825,0.25475,0.2684,0.25475,0.2684
1,wp,WP,25,0.08534826165437698,0.08531165252923965,0.2555,0.2647,0.2555,0.2647
1,wp,WP,26,0.08520856815576554,0.08518103522062302,0.2585,0.2666,0.2585,0.2666
1,wp,WP,27,0.08503556358814239,0.0850036362171173,0.259,0.2652,0.259,0.2652
1,wp,WP,28,0.08503816163539886,0.08496707440614701,0.2595,0.2665,0.2595,0.2665
1,wp,WP,29,0.0849824401140213,0.08490482647418976,0.25775,0.2693,0.25775,0.2693
1,wp,WP,30,0.08489526051282882,0.08480192347764968,0.25975,0.2709,0.25975,0.2709
1,wp,WP,31,0.08488296383619308,0.084768197453022,0.26275,0.2716,0.26275,0.2716
1,wp,WP,32,0.0848685217499733,0.08477407500743867,0.26325,0.2717,0.26325,0.2717
1,wp,WP,33,0.08472503036260605,0.08468085467815399,0.2595,0.2728,0.2595,0.2728
1,wp,WP,34,0.08460860353708267,0.0844844855427742,0.269,0.2779,0.269,0.2779
1,wp,WP,35,0.08450651186704636,0.08436137830018997,0.27275,0.2811,0.27275,0.2811
1,wp,WP,36,0.08450676828622818,0.08438565094470978,0.2715,0.2807,0.2715,0.2807
1,wp,WP,37,0.08440428549051285,0.08436460900306701,0.28025,0.2856,0.28025,0.2856
1,wp,WP,38,0.08421463572978974,0.08420992648601532,0.2805,0.288,0.2805,0.288
1,wp,WP,39,0.0840943785905838,0.0841084713101387,0.286,0.29,0.286,0.29
1,wp,WP,40,0.08417841768264771,0.08416320515871048,0.27625,0.2867,0.27625,0.2867
1,wp,WP,41,0.08405347001552582,0.08403646261692047,0.27575,0.2875,0.27575,0.2875
1,wp,WP,42,0.08422541028261185,0.0842556824684143,0.2755,0.2784,0.2755,0.2784
1,wp,WP,43,0.08413405233621597,0.08413164342641831,0.2745,0.2825,0.2745,0.2825
1,wp,WP,44,0.08418683701753617,0.08419711648225785,0.27575,0.2813,0.27575,0.2813
1,wp,WP,45,0.08413674378395081,0.08412879856824874,0.2795,0.2867,0.2795,0.2867
1,wp,WP,46,0.08392224049568177,0.08399923318624497,0.2875,0.2881,0.2875,0.2881
1,wp,WP,47,0.08399635833501816,0.084032510638237,0.28375,0.2904,0.28375,0.2904
1,wp,WP,48,0.0839454488158226,0.08404105997085572,0.28175,0.2862,0.28175,0.2862
1,wp,WP,49,0.08393684601783752,0.08408775217533111,0.2845,0.2824,0.2845,0.2824
1,wp,WP,50,0.08420360332727432,0.08428418072462082,0.28375,0.2826,0.28375,0.2826
1,wp,WP,51,0.08416479390859603,0.0842212084889412,0.27925,0.2827,0.27925,0.2827
1,wp,WP,52,0.08414267581701279,0.08419565043449402,0.279,0.2802,0.279,0.2802
1,wp,WP,53,0.08422319418191909,0.08423559837341309,0.27525,0.2759,0.27525,0.2759
1,wp,WP,54,0.0843242602944374,0.08433728103637696,0.272,0.277,0.272,0.277
1,wp,WP,55,0.0842552290558815,0.08424353674650192,0.2715,0.2739,0.2715,0.2739
1,wp,WP,56,0.08449731630086899,0.08453953105211258,0.274,0.2737,0.274,0.2737
1,wp,WP,57,0.08454003077745438,0.08455629564523696,0.269,0.2753,0.269,0.2753
1,wp,WP,58,0.0845344756245613,0.08450090365409851,0.26825,0.2719,0.26825,0.2719
1,wp,WP,59,0.08446064460277557,0.08455144646167755,0.273,0.2728,0.273,0.2728
1,wp,WP,60,0.084612331032753,0.08468740817308426,0.272,0.2712,0.272,0.2712
1,wp,WP,61,0.08483323115110397,0.08481678467988968,0.2705,0.2704,0.2705,0.2704
1,wp,WP,62,0.08498371595144272,0.08481908422708512,0.26075,0.2704,0.26075,0.2704
1,wp,WP,63,0.08533586132526398,0.08501837152242661,0.2615,0.2713,0.2615,0.2713
1,wp,WP,64,0.08543803173303605,0.08519742871522903,0.265,0.2702,0.265,0.2702
1,wp,WP,65,0.08553271770477294,0.0853624596953392,0.26925,0.2696,0.26925,0.2696
1,wp,WP,66,0.08575898444652558,0.08551625890731812,0.2705,0.2686,0.2705,0.2686
1,wp,WP,67,0.08597248506546021,0.0857613837480545,0.27225,0.264,0.27225,0.264
1,wp,WP,68,0.08594252258539199,0.08576471462249756,0.26575,0.264,0.26575,0.264
1,wp,WP,69,0.08585591053962707,0.08584419710636139,0.2665,0.2663,0.2665,0.2663
1,wp,WP,70,0.0859537764787674,0.08590551499128342,0.27125,0.2765,0.27125,0.2765
1,wp,WP,71,0.08623769944906234,0.08608430236577988,0.271,0.2754,0.271,0.2754
1,wp,WP,72,0.08651226651668549,0.08622350548505783,0.27375,0.2707,0.27375,0.2707
1,wp,WP,73,0.0865578144788742,0.08636443034410476,0.271,0.2709,0.271,0.2709
1,wp,WP,74,0.08649647402763366,0.08629009909629821,0.27525,0.267,0.27525,0.267
1,wp,WP,75,0.08657512551546097,0.08655019806623458,0.28175,0.2741,0.28175,0.2741
1,wp,WP,76,0.08648676198720932,0.08639847847223282,0.27975,0.2792,0.27975,0.2792
1,wp,WP,77,0.08690269446372986,0.08676671693325043,0.276,0.28,0.276,0.28
1,wp,WP,78,0.08728432238101959,0.08703790495395661,0.27325,0.2814,0.27325,0.2814
1,wp,WP,79,0.08783000791072845,0.08754231609106064,0.26425,0.2746,0.26425,0.2746
1,wp,WP,80,0.08767426365613937,0.08749890817403794,0.2595,0.2712,0.2595,0.2712
2,bp,BP,1,0.0809228105545044,0.08092190464735032,0.336,0.3442,0.336,0.3442
2,bp,BP,2,0.07762998408079147,0.07779950802326202,0.37925,0.3826,0.37925,0.3826
2,bp,BP,3,0.0755031658411026,0.07585253950357437,0.41,0.4086,0.41,0.4086
2,bp,BP,4,0.07401547807455063,0.0744751169204712,0.42925,0.423,0.42925,0.423
2,bp,BP,5,0.07278479617834091,0.07341040827035904,0.44225,0.4369,0.44225,0.4369
2,bp,BP,6,0.07169462418556213,0.07249360635280609,0.457,0.4443,0.457,0.4443
2,bp,BP,7,0.0707960580587387,0.07175816123485565,0.46875,0.4527,0.46875,0.4527
2,bp,BP,8,0.07007407891750336,0.07117286063432693,0.4755,0.4566,0.4755,0.4566
2,bp,BP,9,0.06926502192020416,0.07054359649419785,0.48725,0.4635,0.48725,0.4635
2,bp,BP,10,0.0686227598786354,0.07011473228931427,0.4945,0.4731,0.4945,0.4731
2,bp,BP,11,0.06793046951293945,0.06957650887966156,0.5015,0.4714,0.5015,0.4714
2,bp,BP,12,0.0673569205403328,0.06919724435806274,0.50775,0.4791,0.50775,0.4791
2,bp,BP,13,0.0668427307009697,0.06878553322553635,0.5125,0.48,0.5125,0.48
2,bp,BP,14,0.06624370592832565,0.06842146829366684,0.51225,0.4805,0.51225,0.4805
2,bp,BP,15,0.06569724816083908,0.06803560720682145,0.521,0.4896,0.521,0.4896
2,bp,BP,16,0.06523498862981797,0.06771304936408996,0.52125,0.4872,0.52125,0.4872
2,bp,BP,17,0.0647427824139595,0.0673923764705658,0.53575,0.4944,0.53575,0.4944
2,bp,BP,18,0.06425586742162705,0.06712148059606553,0.53225,0.4923,0.53225,0.4923
2,bp,BP,19,0.06368409359455109,0.0667406768321991,0.54025,0.4958,0.54025,0.4958
2,bp,BP,20,0.0632008157968521,0.06650741076469421,0.548,0.503,0.548,0.503
2,bp,BP,21,0.06278100520372391,0.06628421772718429,0.553,0.5057,0.553,0.5057
2,bp,BP,22,0.06235537362098694,0.06603549451828003,0.557,0.5037,0.557,0.5037
2,bp,BP,23,0.061961467862129214,0.06588349977731704,0.5635,0.5101,0.5635,0.5101
2,bp,BP,24,0.06144254946708679,0.06557275156974793,0.55875,0.5137,0.55875,0.5137
2,bp,BP,25,0.060956199496984484,0.06527176225185394,0.57775,0.5144,0.57775,0.5144
2,bp,BP,26,0.06056080436706543,0.065135031747818,0.57975,0.5174,0.57975,0.5174
2,bp,BP,27,0.06008562538027763,0.06493097873926162,0.57875,0.5181,0.57875,0.5181
2,bp,BP,28,0.05977810302376747,0.06483003739118576,0.58025,0.5212,0.58025,0.5212
2,bp,BP,29,0.05934068298339844,0.06460747659206391,0.58675,0.5226,0.58675,0.5226
2,bp,BP,30,0.05881534415483475,0.06443803769350052,0.59,0.5225,0.59,0.5225
2,bp,BP,31,0.058479896157979966,0.06429658967256546,0.59025,0.5229,0.59025,0.5229
2,bp,BP,32,0.0580299973487854,0.06412212966680526,0.59775,0.526,0.59775,0.526
2,bp,BP,33,0.05749692311882973,0.06388389902114869,0.61125,0.5303,0.61125,0.5303
2,bp,BP,34,0.05709997636079788,0.06368947261571885,0.61175,0.5277,0.61175,0.5277
2,bp,BP,35,0.05670822259783745,0.06364772998094559,0.61725,0.5347,0.61725,0.5347
2,bp,BP,36,0.05620808398723602,0.06349033468961715,0.617,0.5275,0.617,0.5275
2,bp,BP,37,0.055860882103443144,0.06339334653615951,0.624,0.5328,0.624,0.5328
2,bp,BP,38,0.055319007456302645,0.06313767212629318,0.63375,0.5305,0.63375,0.5305
2,bp,BP,39,0.05491562831401825,0.06308424190282821,0.6365,0.5384,0.6365,0.5384
2,bp,BP,40,0.05452636393904686,0.06295952824354172,0.638,0.5322,0.638,0.5322
2,bp,BP,41,0.054392854928970336,0.06320705411434173,0.639,0.5373,0.639,0.5373
2,bp,BP,42,0.053711783587932584,0.06281637181043626,0.647,0.5367,0.647,0.5367
2,bp,BP,43,0.05336469343304634,0.06274845218658447,0.65125,0.54,0.65125,0.54
2,bp,BP,44,0.05285596722364426,0.06255902539491653,0.65925,0.5398,0.65925,0.5398
2,bp,BP,45,0.052438183963298794,0.06259188814163208,0.657,0.5412,0.657,0.5412
2,bp,BP,46,0.05215313148498535,0.06263279198408127,0.657,0.5392,0.657,0.5392
2,bp,BP,47,0.05134543883800507,0.062252924764156344,0.672,0.5442,0.672,0.5442
2,bp,BP,48,0.05120544296503067,0.062381043922901155,0.667,0.5407,0.667,0.5407
2,bp,BP,49,0.05079230943322182,0.062384657859802246,0.68175,0.544,0.68175,0.544
2,bp,BP,50,0.05036067187786102,0.062270069575309756,0.6875,0.5438,0.6875,0.5438
2,bp,BP,51,0.04991748133301735,0.062216471230983734,0.68925,0.5446,0.68925,0.5446
2,bp,BP,52,0.04940269207954407,0.06200998421907425,0.69825,0.5482,0.69825,0.5482
2,bp,BP,53,0.04917906627058983,0.06202193032503128,0.69675,0.5462,0.69675,0.5462
2,bp,BP,54,0.04910939812660217,0.06249524570703507,0.70075,0.542,0.70075,0.542
2,bp,BP,55,0.048292098075151446,0.062108354330062863,0.70825,0.5493,0.70825,0.5493
2,bp,BP,56,0.04791605171561241,0.06213711665868759,0.71375,0.5433,0.71375,0.5433
2,bp,BP,57,0.04780751177668571,0.06217547742128372,0.719,0.5461,0.719,0.5461
2,bp,BP,58,0.04725349631905556,0.06225112003087997,0.71925,0.5482,0.71925,0.5482
2,bp,BP,59,0.046668733775615694,0.06193916027545929,0.73,0.5531,0.73,0.5531
2,bp,BP,60,0.046169464707374576,0.06183649802207947,0.72675,0.5506,0.72675,0.5506
2,bp,BP,61,0.046019963383674624,0.06209978688955307,0.73275,0.5521,0.73275,0.5521
2,bp,BP,62,0.04524629074335098,0.06192661482095718,0.74,0.5484,0.74,0.5484
2,bp,BP,63,0.04484546709060669,0.06191722785234451,0.73925,0.5487,0.73925,0.5487
2,bp,BP,64,0.044558049738407136,0.062043995106220245,0.74975,0.5513,0.74975,0.5513
2,bp,BP,65,0.04425696331262589,0.06208228816986084,0.754,0.5509,0.754,0.5509
2,bp,BP,66,0.044546879947185515,0.06285764076709748,0.7545,0.5497,0.7545,0.5497
2,bp,BP,67,0.04337577873468399,0.06219530596733093,0.76175,0.5504,0.76175,0.5504
2,bp,BP,68,0.04326984626054764,0.06250876203775406,0.76475,0.5482,0.76475,0.5482
2,bp,BP,69,0.042515025496482846,0.06222285788059235,0.772,0.5517,0.772,0.5517
2,bp,BP,70,0.04245365363359451,0.06251948298215866,0.76825,0.5491,0.76825,0.5491
2,bp,BP,71,0.04200694534182549,0.062451127648353574,0.77125,0.5526,0.77125,0.5526
2,bp,BP,72,0.041492667883634565,0.062520636844635,0.77875,0.5476,0.77875,0.5476
2,bp,BP,73,0.041414442867040636,0.06274339488744736,0.7805,0.549,0.7805,0.549
2,bp,BP,74,0.04116332888603211,0.06292057375907897,0.78325,0.5471,0.78325,0.5471
2,bp,BP,75,0.04108968952298164,0.06328689496517181,0.78525,0.5514,0.78525,0.5514
2,bp,BP,76,0.03985402455925941,0.06254396533966064,0.79325,0.554,0.79325,0.554
2,bp,BP,77,0.03937569898366928,0.06262691839933396,0.79625,0.5522,0.79625,0.5522
2,bp,BP,78,0.03926925665140152,0.06283619468212127,0.80075,0.5503,0.80075,0.5503
2,bp,BP,79,0.03869029477238655,0.06281738789081573,0.8005,0.549,0.8005,0.549
2,bp,BP,80,0.038731657117605206,0.06300732496976852,0.804,0.5539,0.804,0.5539
2,np,IS NP,1,0.08946986538171768,0.08953558210134506,0.18675,0.1846,0.18675,0.1846
2,np,IS NP,2,0.08815047955513,0.08811818156242371,0.23575,0.2284,0.23575,0.2284
2,np,IS NP,3,0.08728557127714157,0.0872753504037857,0.228,0.2339,0.228,0.2339
2,np,IS NP,4,0.08626236790418625,0.08621062092781066,0.23425,0.238,0.23425,0.238
2,np,IS NP,5,0.08584738457202912,0.08578425328731537,0.24525,0.2513,0.24525,0.2513
2,np,IS NP,6,0.08502880132198334,0.08501702500581741,0.274,0.2849,0.274,0.2849
2,np,IS NP,7,0.08452093583345413,0.0844464473605156,0.2695,0.2821,0.2695,0.2821
2,np,IS NP,8,0.08420594584941864,0.08414194468259811,0.281,0.2934,0.281,0.2934
2,np,IS NP,9,0.08379761326313019,0.08372165981531143,0.27725,0.2905,0.27725,0.2905
2,np,IS NP,10,0.08338657486438751,0.08330691695213317,0.29425,0.3025,0.29425,0.3025
2,np,IS NP,11,0.08309407645463944,0.08303871113061904,0.285,0.2991,0.285,0.2991
2,np,IS NP,12,0.0831009556055069,0.08307194024324417,0.299,0.3142,0.299,0.3142
2,np,IS NP,13,0.08269047790765763,0.08263128943443299,0.292,0.3052,0.292,0.3052
2,np,IS NP,14,0.08288393819332122,0.08278920974731445,0.28625,0.2933,0.28625,0.2933
2,np,IS NP,15,0.0826630979180336,0.08256077708005904,0.2925,0.3001,0.2925,0.3001
2,np,IS NP,16,0.0821967910528183,0.08203040316104888,0.30025,0.3117,0.30025,0.3117
2,np,IS NP,17,0.08209036356210708,0.08202193565368653,0.29875,0.3052,0.29875,0.3052
2,np,IS NP,18,0.08165618932247162,0.08157545486688614,0.31175,0.3183,0.31175,0.3183
2,np,IS NP,19,0.08178538507223129,0.0816346076965332,0.29675,0.3053,0.29675,0.3053
2,np,IS NP,20,0.08155265760421752,0.08149130728244781,0.3095,0.3195,0.3095,0.3195
2,np,IS NP,21,0.08163098591566086,0.08159712226390839,0.3035,0.3108,0.3035,0.3108
2,np,IS NP,22,0.08148103195428848,0.08142980669736863,0.30375,0.3112,0.30375,0.3112
2,np,IS NP,23,0.0814002965092659,0.0813595415353775,0.3045,0.3155,0.3045,0.3155
2,np,IS NP,24,0.081331116437912,0.08130555208921432,0.30825,0.3196,0.30825,0.3196
2,np,IS NP,25,0.08096340620517731,0.08088722845315933,0.31125,0.3165,0.31125,0.3165
2,np,IS NP,26,0.08127445536851884,0.08118101162910461,0.31525,0.3238,0.31525,0.3238
2,np,IS NP,27,0.08095767843723298,0.08089752063751221,0.32125,0.3266,0.32125,0.3266
2,np,IS NP,28,0.08080099594593049,0.0808205058336258,0.319,0.3279,0.319,0.3279
2,np,IS NP,29,0.08071200054883956,0.08066833304166794,0.32625,0.3326,0.32625,0.3326
2,np,IS NP,30,0.08113056659698487,0.08108206120729447,0.315,0.3248,0.315,0.3248
2,np,IS NP,31,0.08055395245552063,0.08057303293943405,0.323,0.3317,0.323,0.3317
2,np,IS NP,32,0.08074029707908631,0.08065855576992034,0.32225,0.3337,0.32225,0.3337
2,np,IS NP,33,0.08052343422174454,0.08041130992174149,0.3215,0.3373,0.3215,0.3373
2,np,IS NP,34,0.08069163101911545,0.08049088349342347,0.3265,0.3392,0.3265,0.3392
2,np,IS NP,35,0.08027046406269074,0.08018031228780746,0.32625,0.3438,0.32625,0.3438
2,np,IS NP,36,0.08052908259630204,0.08034157537221909,0.326,0.3409,0.326,0.3409
2,np,IS NP,37,0.08060480558872223,0.08048058393001556,0.3315,0.3404,0.3315,0.3404
2,np,IS NP,38,0.08041901087760925,0.08038825837373734,0.328,0.3427,0.328,0.3427
2,np,IS NP,39,0.08057810431718826,0.08040276894569397,0.33075,0.3493,0.33075,0.3493
2,np,IS NP,40,0.08030703455209733,0.08017893331050872,0.33075,0.3448,0.33075,0.3448
2,np,IS NP,41,0.08038829219341279,0.08031770955324173,0.328,0.3434,0.328,0.3434
2,np,IS NP,42,0.08026502120494843,0.08019811261892319,0.3255,0.3376,0.3255,0.3376
2,np,IS NP,43,0.07994105100631714,0.07999773309230804,0.33425,0.3395,0.33425,0.3395
2,np,IS NP,44,0.08008581352233887,0.0801624509692192,0.33675,0.3408,0.33675,0.3408
2,np,IS NP,45,0.08020920658111572,0.08023639496564865,0.32275,0.3359,0.32275,0.3359
2,np,IS NP,46,0.08026480942964553,0.08024852193593979,0.336,0.3426,0.336,0.3426
2,np,IS NP,47,0.08021617841720581,0.08018829087018967,0.34325,0.3487,0.34325,0.3487
2,np,IS NP,48,0.0801679458618164,0.08011750077009201,0.33675,0.3457,0.33675,0.3457
2,np,IS NP,49,0.08031804770231248,0.08019750657081604,0.33275,0.3404,0.33275,0.3404
2,np,IS NP,50,0.080012042760849,0.08000898810625076,0.332,0.3463,0.332,0.3463
2,np,IS NP,51,0.07988772112131119,0.07993619791269302,0.32425,0.3373,0.32425,0.3373
2,np,IS NP,52,0.0800783040523529,0.08004542255401612,0.336,0.3477,0.336,0.3477
2,np,IS NP,53,0.08007966959476472,0.0800145225405693,0.33125,0.3397,0.33125,0.3397
2,np,IS NP,54,0.07983460533618927,0.07978186364173889,0.3375,0.3492,0.3375,0.3492
2,np,IS NP,55,0.07974162703752517,0.07976986479759217,0.33275,0.3491,0.33275,0.3491
2,np,IS NP,56,0.079936259329319,0.07991879482269287,0.3305,0.3437,0.3305,0.3437
2,np,IS NP,57,0.08001626682281494,0.08005622757673264,0.32625,0.3406,0.32625,0.3406
2,np,IS NP,58,0.07978125005960464,0.07976696833372116,0.33575,0.3498,0.33575,0.3498
2,np,IS NP,59,0.07963076937198639,0.07958170915842057,0.34725,0.3649,0.34725,0.3649
2,np,IS NP,60,0.07981194192171097,0.07971603171825409,0.33925,0.3496,0.33925,0.3496
2,np,IS NP,61,0.07957062005996704,0.07944621578454972,0.3445,0.3597,0.3445,0.3597
2,np,IS NP,62,0.08004830884933471,0.07993037723302841,0.33525,0.3444,0.33525,0.3444
2,np,IS NP,63,0.07990714412927627,0.07978896930217742,0.341,0.3507,0.341,0.3507
2,np,IS NP,64,0.07960477423667908,0.0795919617652893,0.34875,0.3574,0.34875,0.3574
2,np,IS NP,65,0.07976452821493149,0.07973340662717819,0.339,0.3421,0.339,0.3421
2,np,IS NP,66,0.07925227493047714,0.0793138449549675,0.346,0.3523,0.346,0.3523
2,np,IS NP,67,0.07896494543552399,0.07898983999490738,0.35225,0.3541,0.35225,0.3541
2,np,IS NP,68,0.07896664255857468,0.07901090824604035,0.3485,0.3553,0.3485,0.3553
2,np,IS NP,69,0.0792142071723938,0.07919190144538879,0.34375,0.3482,0.34375,0.3482
2,np,IS NP,70,0.07904148018360138,0.07902001700401307,0.3485,0.3531,0.3485,0.3531
2,np,IS NP,71,0.07905752724409103,0.07908453401327133,0.3475,0.3511,0.3475,0.3511
2,np,IS NP,72,0.07918029141426086,0.07918830698728561,0.3445,0.3543,0.3445,0.3543
2,np,IS NP,73,0.07955140084028244,0.07942565299272537,0.34675,0.3535,0.34675,0.3535
2,np,IS NP,74,0.07942688989639282,0.079338618683815,0.342,0.3526,0.342,0.3526
2,np,IS NP,75,0.07927934980392456,0.07930062373876572,0.333,0.3479,0.333,0.3479
2,np,IS NP,76,0.07894212144613266,0.07895781013965607,0.347,0.3584,0.347,0.3584
2,np,IS NP,77,0.07901154547929763,0.07903023653030396,0.33925,0.352,0.33925,0.352
2,np,IS NP,78,0.07934414315223694,0.07937666320800782,0.34325,0.3574,0.34325,0.3574
2,np,IS NP,79,0.0794409395456314,0.07940190171003342,0.33975,0.3566,0.33975,0.3566
2,np,IS NP,80,0.07933894014358521,0.0792776826620102,0.331,0.3426,0.331,0.3426
2,np_fixed,Vanilla NP,1,0.09290101063251495,0.09296234050989151,0.1125,0.1066,0.1125,0.1066
2,np_fixed,Vanilla NP,2,0.09065041130781173,0.09069121630191802,0.16575,0.1601,0.16575,0.1601
2,np_fixed,Vanilla NP,3,0.08986439329385758,0.08990024266242981,0.191,0.1873,0.191,0.1873
2,np_fixed,Vanilla NP,4,0.08935893040895462,0.0893751608133316,0.20475,0.1989,0.20475,0.1989
2,np_fixed,Vanilla NP,5,0.08897833263874054,0.08899896360635758,0.211,0.2091,0.211,0.2091
2,np_fixed,Vanilla NP,6,0.08866479378938676,0.0886761382818222,0.21025,0.2078,0.21025,0.2078
2,np_fixed,Vanilla NP,7,0.08860724848508834,0.08862260161638259,0.21375,0.2166,0.21375,0.2166
2,np_fixed,Vanilla NP,8,0.08812103402614593,0.08816361598968506,0.22475,0.2221,0.22475,0.2221
2,np_fixed,Vanilla NP,9,0.08763466084003449,0.08767865062952042,0.23025,0.2351,0.23025,0.2351
2,np_fixed,Vanilla NP,10,0.08740700215101242,0.08740275334119797,0.23925,0.2413,0.23925,0.2413
2,np_fixed,Vanilla NP,11,0.08719350838661194,0.08711190023422241,0.2305,0.2438,0.2305,0.2438
2,np_fixed,Vanilla NP,12,0.08693574523925782,0.08684490758180619,0.2425,0.2477,0.2425,0.2477
2,np_fixed,Vanilla NP,13,0.08659750264883041,0.08649979927539825,0.24375,0.2463,0.24375,0.2463
2,np_fixed,Vanilla NP,14,0.08635514378547668,0.08628440310955048,0.24075,0.242,0.24075,0.242
2,np_fixed,Vanilla NP,15,0.0861981948018074,0.08607896625995635,0.2475,0.2514,0.2475,0.2514
2,np_fixed,Vanilla NP,16,0.0860616448521614,0.0859491115808487,0.23875,0.2494,0.23875,0.2494
2,np_fixed,Vanilla NP,17,0.08600257605314254,0.08595862439870834,0.2485,0.2604,0.2485,0.2604
2,np_fixed,Vanilla NP,18,0.08562493240833283,0.08558026316165925,0.2545,0.262,0.2545,0.262
2,np_fixed,Vanilla NP,19,0.08565020203590393,0.08551801897287369,0.24675,0.2557,0.24675,0.2557
2,np_fixed,Vanilla NP,20,0.08547905385494232,0.08533035942316056,0.245,0.2569,0.245,0.2569
2,np_fixed,Vanilla NP,21,0.0851422404050827,0.08508621882200242,0.2595,0.2673,0.2595,0.2673
2,np_fixed,Vanilla NP,22,0.0848322771191597,0.08477157269716262,0.26025,0.2666,0.26025,0.2666
2,np_fixed,Vanilla NP,23,0.08486093777418137,0.08478109481334686,0.26925,0.2777,0.26925,0.2777
2,np_fixed,Vanilla NP,24,0.08473534786701202,0.08472978612184524,0.273,0.2804,0.273,0.2804
2,np_fixed,Vanilla NP,25,0.08452792954444885,0.08451998099088669,0.264,0.2756,0.264,0.2756
2,np_fixed,Vanilla NP,26,0.0844382770061493,0.08441275861263275,0.2695,0.2772,0.2695,0.2772
2,np_fixed,Vanilla NP,27,0.08421799206733703,0.08414486438035965,0.268,0.2782,0.268,0.2782
2,np_fixed,Vanilla NP,28,0.08416298919916153,0.08415083857774734,0.2725,0.2792,0.2725,0.2792
2,np_fixed,Vanilla NP,29,0.08399066609144211,0.08394900637865066,0.273,0.2886,0.273,0.2886
2,np_fixed,Vanilla NP,30,0.08377669209241867,0.08367015192508698,0.2725,0.2869,0.2725,0.2869
2,np_fixed,Vanilla NP,31,0.08378694415092468,0.08362542277574539,0.28875,0.2956,0.28875,0.2956
2,np_fixed,Vanilla NP,32,0.08389691364765167,0.0836888909459114,0.28,0.2886,0.28,0.2886
2,np_fixed,Vanilla NP,33,0.08351957523822784,0.08327917040586472,0.2825,0.2944,0.2825,0.2944
2,np_fixed,Vanilla NP,34,0.08339001077413559,0.08312915377616882,0.287,0.304,0.287,0.304
2,np_fixed,Vanilla NP,35,0.08340832644701004,0.0831494278550148,0.29375,0.3103,0.29375,0.3103
2,np_fixed,Vanilla NP,36,0.08339615815877914,0.08315742045640945,0.28375,0.297,0.28375,0.297
2,np_fixed,Vanilla NP,37,0.08315984010696412,0.08303141596317291,0.30075,0.3131,0.30075,0.3131
2,np_fixed,Vanilla NP,38,0.08299001115560532,0.0828694853067398,0.29375,0.3065,0.29375,0.3065
2,np_fixed,Vanilla NP,39,0.0830403065085411,0.08290112507343292,0.29225,0.2999,0.29225,0.2999
2,np_fixed,Vanilla NP,40,0.0830146188735962,0.08286730378866196,0.29575,0.3117,0.29575,0.3117
2,np_fixed,Vanilla NP,41,0.08270114409923554,0.08253186010122299,0.2965,0.3055,0.2965,0.3055
2,np_fixed,Vanilla NP,42,0.08264028316736222,0.08256356714963912,0.29575,0.3083,0.29575,0.3083
2,np_fixed,Vanilla NP,43,0.08256244373321533,0.0824877449274063,0.3065,0.3083,0.3065,0.3083
2,np_fixed,Vanilla NP,44,0.08240503072738647,0.08234469870328903,0.2985,0.3105,0.2985,0.3105
2,np_fixed,Vanilla NP,45,0.08238543701171876,0.08226862354278565,0.306,0.3163,0.306,0.3163
2,np_fixed,Vanilla NP,46,0.08235916584730148,0.08219705375432969,0.3045,0.3213,0.3045,0.3213
2,np_fixed,Vanilla NP,47,0.08242464601993561,0.08224992810487747,0.29225,0.3131,0.29225,0.3131
2,np_fixed,Vanilla NP,48,0.08237545001506806,0.08220560253858566,0.29675,0.3145,0.29675,0.3145
2,np_fixed,Vanilla NP,49,0.08229569554328918,0.08218782032728195,0.3045,0.3201,0.3045,0.3201
2,np_fixed,Vanilla NP,50,0.08226377755403519,0.08208313564062118,0.32075,0.3314,0.32075,0.3314
2,np_fixed,Vanilla NP,51,0.08229385232925415,0.08213590579032898,0.30025,0.3224,0.30025,0.3224
2,np_fixed,Vanilla NP,52,0.08223701405525208,0.08200451673269271,0.30325,0.3247,0.30325,0.3247
2,np_fixed,Vanilla NP,53,0.08247411894798279,0.08220833386182785,0.3015,0.3178,0.3015,0.3178
2,np_fixed,Vanilla NP,54,0.08192965149879455,0.08175458406209946,0.316,0.3265,0.316,0.3265
2,np_fixed,Vanilla NP,55,0.0820869038105011,0.08188453365564347,0.30975,0.3212,0.30975,0.3212
2,np_fixed,Vanilla NP,56,0.08189488786458969,0.08175729125738145,0.323,0.3321,0.323,0.3321
2,np_fixed,Vanilla NP,57,0.08210661268234253,0.08194916516542435,0.30975,0.3217,0.30975,0.3217
2,np_fixed,Vanilla NP,58,0.08240476357936859,0.0823104689836502,0.317,0.3287,0.317,0.3287
2,np_fixed,Vanilla NP,59,0.08174090266227722,0.08166984881162644,0.32275,0.3286,0.32275,0.3286
2,np_fixed,Vanilla NP,60,0.0814807294011116,0.08136924232244491,0.3165,0.3236,0.3165,0.3236
2,np_fixed,Vanilla NP,61,0.08138059467077255,0.08131473307609557,0.32325,0.3308,0.32325,0.3308
2,np_fixed,Vanilla NP,62,0.08133668631315231,0.08135535368919372,0.318,0.3243,0.318,0.3243
2,np_fixed,Vanilla NP,63,0.08175251650810242,0.08189384993314743,0.31125,0.3222,0.31125,0.3222
2,np_fixed,Vanilla NP,64,0.0815993355512619,0.08160666482448578,0.3215,0.3249,0.3215,0.3249
2,np_fixed,Vanilla NP,65,0.08138466739654542,0.08130732345581054,0.32025,0.3341,0.32025,0.3341
2,np_fixed,Vanilla NP,66,0.08125677621364594,0.08126827183961868,0.32125,0.3282,0.32125,0.3282
2,np_fixed,Vanilla NP,67,0.08129745173454285,0.08125266883373261,0.33625,0.337,0.33625,0.337
2,np_fixed,Vanilla NP,68,0.08117049032449722,0.0811230496764183,0.3295,0.3316,0.3295,0.3316
2,np_fixed,Vanilla NP,69,0.08119872772693634,0.08119259519577027,0.32425,0.3277,0.32425,0.3277
2,np_fixed,Vanilla NP,70,0.08145269805192948,0.08138972629308701,0.3175,0.3262,0.3175,0.3262
2,np_fixed,Vanilla NP,71,0.08185370665788651,0.08166339595317841,0.31025,0.3196,0.31025,0.3196
2,np_fixed,Vanilla NP,72,0.0815882950425148,0.08154759886264801,0.318,0.325,0.318,0.325
2,np_fixed,Vanilla NP,73,0.081474269926548,0.08136302680969239,0.3135,0.3282,0.3135,0.3282
2,np_fixed,Vanilla NP,74,0.08147175079584122,0.08133970831632614,0.31775,0.3296,0.31775,0.3296
2,np_fixed,Vanilla NP,75,0.08118529033660889,0.08118148621320724,0.32175,0.3321,0.32175,0.3321
2,np_fixed,Vanilla NP,76,0.08167226082086564,0.0817777743935585,0.301,0.3074,0.301,0.3074
2,np_fixed,Vanilla NP,77,0.08126312530040741,0.08120759418010712,0.3155,0.3292,0.3155,0.3292
2,np_fixed,Vanilla NP,78,0.08122365760803223,0.08120586451292038,0.32325,0.3358,0.32325,0.3358
2,np_fixed,Vanilla NP,79,0.0815839427113533,0.08154146251678467,0.317,0.3236,0.317,0.3236
2,np_fixed,Vanilla NP,80,0.08118863850831985,0.08117491269111633,0.3165,0.3323,0.3165,0.3323
2,np_fan_in,Fan-in NP,1,0.09164564591646195,0.09171747506856918,0.15025,0.1472,0.15025,0.1472
2,np_fan_in,Fan-in NP,2,0.09028254061937332,0.09030759357213974,0.2015,0.1991,0.2015,0.1991
2,np_fan_in,Fan-in NP,3,0.08960961449146271,0.08963884295225144,0.20625,0.2043,0.20625,0.2043
2,np_fan_in,Fan-in NP,4,0.08877460861206055,0.08878695597648621,0.2195,0.2188,0.2195,0.2188
2,np_fan_in,Fan-in NP,5,0.08830679887533188,0.08830614141225815,0.224,0.2298,0.224,0.2298
2,np_fan_in,Fan-in NP,6,0.08775348883867264,0.08778182966709137,0.2345,0.2345,0.2345,0.2345
2,np_fan_in,Fan-in NP,7,0.08746613258123398,0.08746716037988662,0.235,0.2419,0.235,0.2419
2,np_fan_in,Fan-in NP,8,0.08707829600572586,0.08709539824724197,0.24575,0.2542,0.24575,0.2542
2,np_fan_in,Fan-in NP,9,0.08675140589475631,0.08675108430385589,0.25675,0.2659,0.25675,0.2659
2,np_fan_in,Fan-in NP,10,0.08648167026042938,0.08646461451053619,0.2625,0.2689,0.2625,0.2689
2,np_fan_in,Fan-in NP,11,0.08612118911743163,0.08610870156288147,0.2605,0.2703,0.2605,0.2703
2,np_fan_in,Fan-in NP,12,0.0858723104596138,0.08588268084526061,0.27375,0.2781,0.27375,0.2781
2,np_fan_in,Fan-in NP,13,0.08558556473255158,0.08558926266431809,0.26825,0.2785,0.26825,0.2785
2,np_fan_in,Fan-in NP,14,0.0854176999926567,0.08541387026309967,0.26925,0.2761,0.26925,0.2761
2,np_fan_in,Fan-in NP,15,0.0852383440732956,0.08520291645526885,0.27575,0.2836,0.27575,0.2836
2,np_fan_in,Fan-in NP,16,0.08493870133161545,0.08490165703296661,0.26925,0.2822,0.26925,0.2822
2,np_fan_in,Fan-in NP,17,0.0848874141573906,0.08484212969541549,0.27675,0.2845,0.27675,0.2845
2,np_fan_in,Fan-in NP,18,0.08440423661470413,0.08438320316076278,0.28575,0.2885,0.28575,0.2885
2,np_fan_in,Fan-in NP,19,0.08414843463897705,0.08408136734962464,0.28275,0.2871,0.28275,0.2871
2,np_fan_in,Fan-in NP,20,0.08405458360910416,0.08398446488380432,0.2805,0.2891,0.2805,0.2891
2,np_fan_in,Fan-in NP,21,0.08398028033971787,0.08393857730627059,0.287,0.2937,0.287,0.2937
2,np_fan_in,Fan-in NP,22,0.08365041381120682,0.08356296092271805,0.28825,0.2938,0.28825,0.2938
2,np_fan_in,Fan-in NP,23,0.0839289168715477,0.08385160613059997,0.29325,0.2981,0.29325,0.2981
2,np_fan_in,Fan-in NP,24,0.08349276632070542,0.08344772208929062,0.291,0.2946,0.291,0.2946
2,np_fan_in,Fan-in NP,25,0.08324699258804322,0.08325548512935639,0.2865,0.2959,0.2865,0.2959
2,np_fan_in,Fan-in NP,26,0.08328565430641174,0.08327177149057388,0.2975,0.3082,0.2975,0.3082
2,np_fan_in,Fan-in NP,27,0.08299204403162003,0.08300243896245957,0.29175,0.3091,0.29175,0.3091
2,np_fan_in,Fan-in NP,28,0.08286219030618668,0.082898715031147,0.29475,0.3022,0.29475,0.3022
2,np_fan_in,Fan-in NP,29,0.08274853497743606,0.08278249200582505,0.303,0.3075,0.303,0.3075
2,np_fan_in,Fan-in NP,30,0.08264985895156861,0.08267871979475021,0.29975,0.305,0.29975,0.305
2,np_fan_in,Fan-in NP,31,0.08243316775560379,0.08242620457410813,0.309,0.3137,0.309,0.3137
2,np_fan_in,Fan-in NP,32,0.08245911693572998,0.08244339181184769,0.30475,0.3151,0.30475,0.3151
2,np_fan_in,Fan-in NP,33,0.0821615988612175,0.08211492182016372,0.3085,0.3208,0.3085,0.3208
2,np_fan_in,Fan-in NP,34,0.08227668797969818,0.08222471239566803,0.3095,0.319,0.3095,0.319
2,np_fan_in,Fan-in NP,35,0.08211496514081955,0.08203936725854874,0.3145,0.3242,0.3145,0.3242
2,np_fan_in,Fan-in NP,36,0.08191523694992066,0.08187352699041367,0.312,0.3227,0.312,0.3227
2,np_fan_in,Fan-in NP,37,0.08198352432250977,0.08195013927221298,0.3145,0.3295,0.3145,0.3295
2,np_fan_in,Fan-in NP,38,0.08162664109468461,0.08163389027118682,0.3125,0.3263,0.3125,0.3263
2,np_fan_in,Fan-in NP,39,0.08187648767232895,0.08188464356660843,0.31225,0.3215,0.31225,0.3215
2,np_fan_in,Fan-in NP,40,0.08151901525259019,0.08152297337055206,0.32025,0.3348,0.32025,0.3348
2,np_fan_in,Fan-in NP,41,0.08154379659891128,0.08153913161754608,0.3205,0.3332,0.3205,0.3332
2,np_fan_in,Fan-in NP,42,0.08147603237628936,0.0815190563082695,0.31375,0.3267,0.31375,0.3267
2,np_fan_in,Fan-in NP,43,0.08126714950799942,0.08129881957769394,0.3195,0.3321,0.3195,0.3321
2,np_fan_in,Fan-in NP,44,0.0812650402188301,0.08130504828691483,0.32025,0.3299,0.32025,0.3299
2,np_fan_in,Fan-in NP,45,0.08125194156169892,0.0812538513302803,0.31975,0.3304,0.31975,0.3304
2,np_fan_in,Fan-in NP,46,0.08127852040529251,0.08120372782945633,0.325,0.3386,0.325,0.3386
2,np_fan_in,Fan-in NP,47,0.08111136025190353,0.08103359960317612,0.32975,0.3402,0.32975,0.3402
2,np_fan_in,Fan-in NP,48,0.0809986212849617,0.08098848572969437,0.32175,0.3337,0.32175,0.3337
2,np_fan_in,Fan-in NP,49,0.08084616506099701,0.08079554003477096,0.33425,0.3417,0.33425,0.3417
2,np_fan_in,Fan-in NP,50,0.08086873412132263,0.08081966778039933,0.331,0.3425,0.331,0.3425
2,np_fan_in,Fan-in NP,51,0.08092682087421417,0.08089545348882675,0.3215,0.3366,0.3215,0.3366
2,np_fan_in,Fan-in NP,52,0.08099980270862579,0.08090966527462005,0.32925,0.3396,0.32925,0.3396
2,np_fan_in,Fan-in NP,53,0.08086615937948227,0.08077661743164062,0.3315,0.339,0.3315,0.339
2,np_fan_in,Fan-in NP,54,0.0806786281466484,0.08064326062202454,0.34,0.3451,0.34,0.3451
2,np_fan_in,Fan-in NP,55,0.08105116659402847,0.0811044515967369,0.33075,0.3397,0.33075,0.3397
2,np_fan_in,Fan-in NP,56,0.08078697955608367,0.0807335519194603,0.33625,0.3494,0.33625,0.3494
2,np_fan_in,Fan-in NP,57,0.08143396544456481,0.08134774632453919,0.3285,0.3352,0.3285,0.3352
2,np_fan_in,Fan-in NP,58,0.08107825410366058,0.08095145877599716,0.33575,0.3541,0.33575,0.3541
2,np_fan_in,Fan-in NP,59,0.08024637776613236,0.08016475131511688,0.34125,0.3539,0.34125,0.3539
2,np_fan_in,Fan-in NP,60,0.08030359381437302,0.080202366065979,0.3375,0.3481,0.3375,0.3481
2,np_fan_in,Fan-in NP,61,0.08057581800222396,0.08048055615425109,0.33925,0.3463,0.33925,0.3463
2,np_fan_in,Fan-in NP,62,0.08051805257797241,0.08042663984298706,0.3355,0.3433,0.3355,0.3433
2,np_fan_in,Fan-in NP,63,0.08092550963163375,0.08096380001306534,0.32425,0.3407,0.32425,0.3407
2,np_fan_in,Fan-in NP,64,0.08096011936664581,0.08098269780874252,0.3225,0.3312,0.3225,0.3312
2,np_fan_in,Fan-in NP,65,0.08082593953609467,0.08080905740261078,0.332,0.3463,0.332,0.3463
2,np_fan_in,Fan-in NP,66,0.08036885607242585,0.08050206336975098,0.34,0.3497,0.34,0.3497
2,np_fan_in,Fan-in NP,67,0.08018186509609222,0.08022823071479797,0.34925,0.3546,0.34925,0.3546
2,np_fan_in,Fan-in NP,68,0.07977317041158676,0.07987331992387772,0.34275,0.3515,0.34275,0.3515
2,np_fan_in,Fan-in NP,69,0.08041600865125656,0.08053936749696732,0.33825,0.3501,0.33825,0.3501
2,np_fan_in,Fan-in NP,70,0.08026169443130493,0.08026619583368301,0.33025,0.3404,0.33025,0.3404
2,np_fan_in,Fan-in NP,71,0.08048069781064987,0.0804704729795456,0.33475,0.3396,0.33475,0.3396
2,np_fan_in,Fan-in NP,72,0.08028487968444824,0.08040851300954818,0.34425,0.3516,0.34425,0.3516
2,np_fan_in,Fan-in NP,73,0.08046359193325042,0.08047956068515777,0.3375,0.3488,0.3375,0.3488
2,np_fan_in,Fan-in NP,74,0.08080948555469512,0.08082620060443878,0.3405,0.3417,0.3405,0.3417
2,np_fan_in,Fan-in NP,75,0.08050702530145645,0.08057099541425705,0.333,0.3418,0.333,0.3418
2,np_fan_in,Fan-in NP,76,0.08102494013309479,0.08120364372730256,0.3155,0.3179,0.3155,0.3179
2,np_fan_in,Fan-in NP,77,0.0800840903520584,0.08008598552942275,0.33725,0.3515,0.33725,0.3515
2,np_fan_in,Fan-in NP,78,0.08001656335592269,0.08002459861040115,0.34125,0.3482,0.34125,0.3482
2,np_fan_in,Fan-in NP,79,0.08025411826372146,0.08034746063947677,0.338,0.3513,0.338,0.3513
2,np_fan_in,Fan-in NP,80,0.07991617196798324,0.08004400956630707,0.3425,0.3501,0.3425,0.3501
2,wp,WP,1,0.09613256400823593,0.09616900480985642,0.12325,0.1188,0.12325,0.1188
2,wp,WP,2,0.09326576578617096,0.0933000256061554,0.141,0.1349,0.141,0.1349
2,wp,WP,3,0.09171086740493774,0.09173222175836564,0.15875,0.1538,0.15875,0.1538
2,wp,WP,4,0.090559137403965,0.09056857242584229,0.17875,0.1779,0.17875,0.1779
2,wp,WP,5,0.08974899500608444,0.08977538574934006,0.188,0.1869,0.188,0.1869
2,wp,WP,6,0.0891985200047493,0.08922582113742829,0.202,0.1948,0.202,0.1948
2,wp,WP,7,0.08869750744104385,0.08869174318313598,0.21925,0.209,0.21925,0.209
2,wp,WP,8,0.08829327428340912,0.08829547535181045,0.2195,0.2193,0.2195,0.2193
2,wp,WP,9,0.08807115131616593,0.08807140468358994,0.22425,0.221,0.22425,0.221
2,wp,WP,10,0.08773940765857696,0.08773158181905746,0.227,0.2308,0.227,0.2308
2,wp,WP,11,0.08745110923051834,0.08746171498298645,0.235,0.2341,0.235,0.2341
2,wp,WP,12,0.0872608249783516,0.08722911179065704,0.23825,0.2387,0.23825,0.2387
2,wp,WP,13,0.08707648450136185,0.08707874039411545,0.24725,0.2435,0.24725,0.2435
2,wp,WP,14,0.08694016355276107,0.08690107673406601,0.24625,0.2454,0.24625,0.2454
2,wp,WP,15,0.08682541620731354,0.08679950700998307,0.25075,0.2464,0.25075,0.2464
2,wp,WP,16,0.08658210188150406,0.08659011477231979,0.24975,0.2532,0.24975,0.2532
2,wp,WP,17,0.08654392611980438,0.08654971096515655,0.252,0.2491,0.252,0.2491
2,wp,WP,18,0.08650736731290817,0.08650779038667679,0.2545,0.2495,0.2545,0.2495
2,wp,WP,19,0.08632399171590804,0.08631055166721344,0.25975,0.2555,0.25975,0.2555
2,wp,WP,20,0.08610696202516556,0.08611489728689194,0.2585,0.2545,0.2585,0.2545
2,wp,WP,21,0.08596868759393692,0.08596233633756638,0.26375,0.2588,0.26375,0.2588
2,wp,WP,22,0.08583882480859756,0.08581212319135666,0.2695,0.2678,0.2695,0.2678
2,wp,WP,23,0.08563723945617675,0.08560873543024063,0.2685,0.2736,0.2685,0.2736
2,wp,WP,24,0.08561545765399933,0.08556944465637208,0.26975,0.2688,0.26975,0.2688
2,wp,WP,25,0.08545568037033081,0.08542981102466583,0.272,0.2653,0.272,0.2653
2,wp,WP,26,0.08528300857543945,0.08524562420845032,0.277,0.2728,0.277,0.2728
2,wp,WP,27,0.0851050330400467,0.085053719830513,0.281,0.2712,0.281,0.2712
2,wp,WP,28,0.08504842895269393,0.08500010318756103,0.2775,0.2728,0.2775,0.2728
2,wp,WP,29,0.08507874876260757,0.08498930000066757,0.27725,0.2693,0.27725,0.2693
2,wp,WP,30,0.08501211446523667,0.08492372792959213,0.2785,0.2714,0.2785,0.2714
2,wp,WP,31,0.08494617760181428,0.08487824597358704,0.27125,0.2757,0.27125,0.2757
2,wp,WP,32,0.0849278929233551,0.08484928518533706,0.27975,0.2722,0.27975,0.2722
2,wp,WP,33,0.08480189955234528,0.08477902470827103,0.27775,0.2762,0.27775,0.2762
2,wp,WP,34,0.08472549700736999,0.08466128726005555,0.2765,0.2761,0.2765,0.2761
2,wp,WP,35,0.08468339985609055,0.08462095240354538,0.2775,0.2767,0.2775,0.2767
2,wp,WP,36,0.08457886457443237,0.08455298821926117,0.2755,0.2784,0.2755,0.2784
2,wp,WP,37,0.0845704276561737,0.08453184512853622,0.28125,0.2804,0.28125,0.2804
2,wp,WP,38,0.08468493407964707,0.08453883912563324,0.276,0.2794,0.276,0.2794
2,wp,WP,39,0.08454069566726685,0.08449586114883423,0.27775,0.2778,0.27775,0.2778
2,wp,WP,40,0.08476601123809814,0.08462420305013657,0.26625,0.2741,0.26625,0.2741
2,wp,WP,41,0.08467079758644104,0.08451605468988418,0.25825,0.2694,0.25825,0.2694
2,wp,WP,42,0.08463076245784759,0.08449943466186523,0.27,0.2698,0.27,0.2698
2,wp,WP,43,0.0846569853425026,0.08445737496614455,0.268,0.2769,0.268,0.2769
2,wp,WP,44,0.0845746905207634,0.08444572420120239,0.26625,0.2706,0.26625,0.2706
2,wp,WP,45,0.08447089302539826,0.0843297397851944,0.27075,0.274,0.27075,0.274
2,wp,WP,46,0.08459732973575593,0.08445850352048874,0.2695,0.2753,0.2695,0.2753
2,wp,WP,47,0.0846623187661171,0.08448521254062652,0.266,0.276,0.266,0.276
2,wp,WP,48,0.08466879200935364,0.08452640093564988,0.264,0.2788,0.264,0.2788
2,wp,WP,49,0.0848375174999237,0.08471642820835114,0.26475,0.2757,0.26475,0.2757
2,wp,WP,50,0.08474368971586227,0.08459575127363204,0.26975,0.2726,0.26975,0.2726
2,wp,WP,51,0.08475048327445985,0.08461878530979157,0.263,0.2767,0.263,0.2767
2,wp,WP,52,0.08474281018972397,0.08465704138278961,0.2555,0.2766,0.2555,0.2766
2,wp,WP,53,0.08475241500139237,0.0846048975110054,0.25775,0.2773,0.25775,0.2773
2,wp,WP,54,0.08461721163988113,0.08433569254875183,0.2705,0.2877,0.2705,0.2877
2,wp,WP,55,0.08450754898786544,0.08415670417547226,0.27575,0.2917,0.27575,0.2917
2,wp,WP,56,0.08462328255176545,0.08425281697511673,0.2735,0.2928,0.2735,0.2928
2,wp,WP,57,0.08460167562961578,0.0842173136472702,0.26925,0.2897,0.26925,0.2897
2,wp,WP,58,0.08469405484199524,0.08419127081632614,0.27225,0.2911,0.27225,0.2911
2,wp,WP,59,0.0847594056725502,0.08437405210733413,0.275,0.2917,0.275,0.2917
2,wp,WP,60,0.08462299221754074,0.08424694713354111,0.27225,0.2915,0.27225,0.2915
2,wp,WP,61,0.08483649480342866,0.0844530818939209,0.26575,0.286,0.26575,0.286
2,wp,WP,62,0.08504587942361831,0.08481428800821304,0.27275,0.2796,0.27275,0.2796
2,wp,WP,63,0.08511622720956802,0.08485176528692245,0.2715,0.2832,0.2715,0.2832
2,wp,WP,64,0.0852961790561676,0.08496690121889114,0.26525,0.2826,0.26525,0.2826
2,wp,WP,65,0.08504263198375701,0.08477522473335267,0.275,0.2868,0.275,0.2868
2,wp,WP,66,0.08504122751951218,0.08476916054487228,0.2775,0.2877,0.2775,0.2877
2,wp,WP,67,0.08527490085363389,0.08487099355459213,0.27375,0.291,0.27375,0.291
2,wp,WP,68,0.08536655962467193,0.08491849102973938,0.272,0.2948,0.272,0.2948
2,wp,WP,69,0.08585580480098724,0.08535534915924073,0.26925,0.2849,0.26925,0.2849
2,wp,WP,70,0.08596781969070434,0.08565576906204224,0.2755,0.2878,0.2755,0.2878
2,wp,WP,71,0.08610108423233032,0.08563552920818329,0.2655,0.2853,0.2655,0.2853
2,wp,WP,72,0.0866547908782959,0.08615141903162002,0.2675,0.2824,0.2675,0.2824
2,wp,WP,73,0.08674453854560853,0.08617868386507034,0.26275,0.2773,0.26275,0.2773
2,wp,WP,74,0.08715510410070419,0.08642293266057968,0.256,0.274,0.256,0.274
2,wp,WP,75,0.08722215551137924,0.08663898823261261,0.26475,0.2748,0.26475,0.2748
2,wp,WP,76,0.08777021580934524,0.08705105825662612,0.26,0.2774,0.26,0.2774
2,wp,WP,77,0.08827646404504776,0.08754459053277969,0.256,0.2701,0.256,0.2701
2,wp,WP,78,0.08842059642076493,0.08776317268610001,0.262,0.2696,0.262,0.2696
2,wp,WP,79,0.08888027811050415,0.0881262680053711,0.254,0.2668,0.254,0.2668
2,wp,WP,80,0.08874122422933578,0.08821270092725754,0.262,0.2658,0.262,0.2658
3,bp,BP,1,0.08112231248617172,0.08107854789495468,0.3245,0.3327,0.3245,0.3327
3,bp,BP,2,0.07778465843200684,0.07788976019620895,0.37125,0.3771,0.37125,0.3771
3,bp,BP,3,0.0757895240187645,0.07601390608549118,0.396,0.3998,0.396,0.3998
3,bp,BP,4,0.07426629441976547,0.07462946200370789,0.41925,0.4158,0.41925,0.4158
3,bp,BP,5,0.0731187436580658,0.07358064179420472,0.4355,0.4274,0.4355,0.4274
3,bp,BP,6,0.07204343909025192,0.07265324382781982,0.446,0.4418,0.446,0.4418
3,bp,BP,7,0.071180637717247,0.07196284811496735,0.45725,0.4476,0.45725,0.4476
3,bp,BP,8,0.0703632025718689,0.07129519280195236,0.475,0.4558,0.475,0.4558
3,bp,BP,9,0.06955133491754532,0.0706742753624916,0.484,0.4632,0.484,0.4632
3,bp,BP,10,0.0689092162847519,0.07016893969774246,0.4905,0.4658,0.4905,0.4658
3,bp,BP,11,0.06819084912538528,0.06967488507032395,0.4985,0.4678,0.4985,0.4678
3,bp,BP,12,0.06762522828578948,0.06924345654249191,0.5055,0.4785,0.5055,0.4785
3,bp,BP,13,0.06703952807188034,0.0688032702922821,0.51175,0.4777,0.51175,0.4777
3,bp,BP,14,0.06651617383956909,0.06850715012550354,0.5185,0.4812,0.5185,0.4812
3,bp,BP,15,0.06599347776174545,0.06811059284210205,0.524,0.4879,0.524,0.4879
3,bp,BP,16,0.0654860954284668,0.06783562655448913,0.52675,0.4889,0.52675,0.4889
3,bp,BP,17,0.06492568600177764,0.06745560356378555,0.53325,0.4915,0.53325,0.4915
3,bp,BP,18,0.06441959124803544,0.06713011615276336,0.53675,0.4956,0.53675,0.4956
3,bp,BP,19,0.06402046865224838,0.06691062455177307,0.53975,0.4966,0.53975,0.4966
3,bp,BP,20,0.06346504420042037,0.06661647275686264,0.5455,0.4978,0.5455,0.4978
3,bp,BP,21,0.06298108285665512,0.0663287893295288,0.551,0.5034,0.551,0.5034
3,bp,BP,22,0.062469360768795015,0.06607090617418289,0.55925,0.5061,0.55925,0.5061
3,bp,BP,23,0.06210197651386261,0.06587953819036484,0.5635,0.5092,0.5635,0.5092
3,bp,BP,24,0.06168511611223221,0.06575450909137726,0.5605,0.5078,0.5605,0.5078
3,bp,BP,25,0.06125928512215614,0.06548440481424332,0.57475,0.5137,0.57475,0.5137
3,bp,BP,26,0.060720616698265076,0.06522565242052078,0.577,0.516,0.577,0.516
3,bp,BP,27,0.060349923223257065,0.06503983101844787,0.5775,0.5154,0.5775,0.5154
3,bp,BP,28,0.05979966521263123,0.0648645519733429,0.587,0.5178,0.587,0.5178
3,bp,BP,29,0.059477114021778105,0.06469718400239945,0.5865,0.5193,0.5865,0.5193
3,bp,BP,30,0.05893193519115448,0.0644511217713356,0.59425,0.5234,0.59425,0.5234
3,bp,BP,31,0.05870162868499756,0.06448101242780685,0.5915,0.5217,0.5915,0.5217
3,bp,BP,32,0.05809271577000618,0.06406107711791992,0.6035,0.525,0.6035,0.525
3,bp,BP,33,0.057794360935688016,0.06403481328487397,0.60075,0.5244,0.60075,0.5244
3,bp,BP,34,0.057330553472042085,0.06392273480892181,0.61,0.5275,0.61,0.5275
3,bp,BP,35,0.05695823240280151,0.06384889602661133,0.61325,0.5288,0.61325,0.5288
3,bp,BP,36,0.05642507633566857,0.0635945974111557,0.625,0.5323,0.625,0.5323
3,bp,BP,37,0.05601122990250587,0.06342808604240417,0.63025,0.5361,0.63025,0.5361
3,bp,BP,38,0.055672584176063536,0.06340971102714539,0.62925,0.5324,0.62925,0.5324
3,bp,BP,39,0.05516464775800705,0.0632159683585167,0.6365,0.5392,0.6365,0.5392
3,bp,BP,40,0.05472582930326462,0.0630788988351822,0.639,0.5351,0.639,0.5351
3,bp,BP,41,0.05424971297383308,0.06290638271570205,0.644,0.5382,0.644,0.5382
3,bp,BP,42,0.053998786389827726,0.0629603618979454,0.65575,0.5379,0.65575,0.5379
3,bp,BP,43,0.053616640090942386,0.06298335576057434,0.65725,0.5351,0.65725,0.5351
3,bp,BP,44,0.0529931313097477,0.06266556780338288,0.6575,0.5383,0.6575,0.5383
3,bp,BP,45,0.05268146535754204,0.0626397115945816,0.66175,0.5409,0.66175,0.5409
3,bp,BP,46,0.052207489728927615,0.06260006254911422,0.66875,0.543,0.66875,0.543
3,bp,BP,47,0.051686000853776934,0.06238138854503632,0.67,0.5439,0.67,0.5439
3,bp,BP,48,0.051746561586856844,0.06263185707330704,0.6725,0.5457,0.6725,0.5457
3,bp,BP,49,0.05105723881721497,0.06238320622444153,0.678,0.5474,0.678,0.5474
3,bp,BP,50,0.05049507987499237,0.0621943160533905,0.68775,0.5494,0.68775,0.5494
3,bp,BP,51,0.05022536715865135,0.062275063526630405,0.685,0.5423,0.685,0.5423
3,bp,BP,52,0.050006329476833346,0.06240126384496689,0.6865,0.5442,0.6865,0.5442
3,bp,BP,53,0.04934463202953339,0.062182571017742154,0.69875,0.5477,0.69875,0.5477
3,bp,BP,54,0.049267671823501585,0.0622559925198555,0.69375,0.5464,0.69375,0.5464
3,bp,BP,55,0.048623171210289,0.062143599653244015,0.70425,0.5476,0.70425,0.5476
3,bp,BP,56,0.048268465876579285,0.06213869152069092,0.7085,0.5522,0.7085,0.5522
3,bp,BP,57,0.04788416785001755,0.06224975949525833,0.7095,0.5471,0.7095,0.5471
3,bp,BP,58,0.04728045925498009,0.06199694218635559,0.71725,0.5464,0.71725,0.5464
3,bp,BP,59,0.04681147569417953,0.062048965561389925,0.7215,0.5483,0.7215,0.5483
3,bp,BP,60,0.046790288507938385,0.062266188049316405,0.72825,0.5488,0.72825,0.5488
3,bp,BP,61,0.046019761800765994,0.061949398112297056,0.735,0.5517,0.735,0.5517
3,bp,BP,62,0.04566218304634094,0.06210516254901886,0.734,0.5504,0.734,0.5504
3,bp,BP,63,0.04520311826467514,0.0619415122628212,0.74475,0.5552,0.74475,0.5552
3,bp,BP,64,0.04479746788740158,0.06196495400667191,0.746,0.5551,0.746,0.5551
3,bp,BP,65,0.04454304024577141,0.0620689644575119,0.74625,0.5522,0.74625,0.5522
3,bp,BP,66,0.043856450766324995,0.061856700253486635,0.74775,0.5559,0.74775,0.5559
3,bp,BP,67,0.04358566018939018,0.06209123778343201,0.75675,0.5546,0.75675,0.5546
3,bp,BP,68,0.0432249265909195,0.06211431328058243,0.7645,0.5538,0.7645,0.5538
3,bp,BP,69,0.04331456464529038,0.06242673020362854,0.76075,0.5535,0.76075,0.5535
3,bp,BP,70,0.04223179399967194,0.06194301561117172,0.768,0.5533,0.768,0.5533
3,bp,BP,71,0.04222013089060783,0.06231698789596558,0.767,0.5504,0.767,0.5504
3,bp,BP,72,0.04220558342337608,0.06262702296972275,0.768,0.5566,0.768,0.5566
3,bp,BP,73,0.04141759741306305,0.06252780612707139,0.77625,0.5517,0.77625,0.5517
3,bp,BP,74,0.04053500035405159,0.061943679881095885,0.7845,0.5573,0.7845,0.5573
3,bp,BP,75,0.040589903652668,0.062282769000530244,0.78425,0.5554,0.78425,0.5554
3,bp,BP,76,0.03997674688696861,0.062268000257015226,0.7905,0.5587,0.7905,0.5587
3,bp,BP,77,0.03969928804039955,0.06246710797548294,0.79375,0.5555,0.79375,0.5555
3,bp,BP,78,0.03948056000471115,0.06268791284561158,0.7915,0.5557,0.7915,0.5557
3,bp,BP,79,0.03933037269115448,0.06315152668952942,0.79025,0.5534,0.79025,0.5534
3,bp,BP,80,0.03812086045742035,0.06244014892578125,0.807,0.5577,0.807,0.5577
3,np,IS NP,1,0.089981984436512,0.08999273339509964,0.17725,0.1747,0.17725,0.1747
3,np,IS NP,2,0.08835856384038925,0.08838712383508682,0.2125,0.211,0.2125,0.211
3,np,IS NP,3,0.08735789835453034,0.08736879351139068,0.22675,0.2295,0.22675,0.2295
3,np,IS NP,4,0.08646936762332916,0.0863920390844345,0.252,0.2569,0.252,0.2569
3,np,IS NP,5,0.08587312531471253,0.08584204083681106,0.26875,0.2741,0.26875,0.2741
3,np,IS NP,6,0.08512582862377167,0.08506765356063843,0.27475,0.2864,0.27475,0.2864
3,np,IS NP,7,0.08464260894060135,0.08457009971141816,0.28075,0.2878,0.28075,0.2878
3,np,IS NP,8,0.08390139907598496,0.08382818633317947,0.28575,0.2985,0.28575,0.2985
3,np,IS NP,9,0.0834313383102417,0.08339509136676788,0.2935,0.3081,0.2935,0.3081
3,np,IS NP,10,0.08344624310731888,0.083367058801651,0.2945,0.3022,0.2945,0.3022
3,np,IS NP,11,0.08301410979032517,0.08301225352287292,0.296,0.3077,0.296,0.3077
3,np,IS NP,12,0.08280522119998932,0.0827901371717453,0.29125,0.3108,0.29125,0.3108
3,np,IS NP,13,0.08251536643505096,0.08249128650426865,0.31075,0.3209,0.31075,0.3209
3,np,IS NP,14,0.08263835322856904,0.08259609462022781,0.30975,0.3163,0.30975,0.3163
3,np,IS NP,15,0.0819735922217369,0.08197888166904449,0.32125,0.3281,0.32125,0.3281
3,np,IS NP,16,0.08173651504516602,0.08174727401733399,0.3135,0.3299,0.3135,0.3299
3,np,IS NP,17,0.08228870838880539,0.08226827538013458,0.3045,0.3144,0.3045,0.3144
3,np,IS NP,18,0.08182341694831848,0.08178434337377548,0.31975,0.3338,0.31975,0.3338
3,np,IS NP,19,0.08178926914930344,0.08175730831623078,0.31,0.3232,0.31,0.3232
3,np,IS NP,20,0.08172357481718064,0.08169666177034378,0.3165,0.3246,0.3165,0.3246
3,np,IS NP,21,0.08136647588014603,0.0812996658205986,0.3155,0.3313,0.3155,0.3313
3,np,IS NP,22,0.08159951144456863,0.08151939643621445,0.31425,0.3213,0.31425,0.3213
3,np,IS NP,23,0.08163865369558335,0.08150458405017853,0.31375,0.3303,0.31375,0.3303
3,np,IS NP,24,0.08136111307144166,0.08132467883825302,0.3195,0.3288,0.3195,0.3288
3,np,IS NP,25,0.0811453765630722,0.08103482743501664,0.31725,0.3295,0.31725,0.3295
3,np,IS NP,26,0.0811252863407135,0.08100611048936844,0.3155,0.3299,0.3155,0.3299
3,np,IS NP,27,0.08086602449417114,0.08073998131752014,0.32125,0.333,0.32125,0.333
3,np,IS NP,28,0.08073205399513245,0.08059149458408356,0.32025,0.3342,0.32025,0.3342
3,np,IS NP,29,0.08058197021484376,0.08051945739984512,0.3225,0.3352,0.3225,0.3352
3,np,IS NP,30,0.08072107076644898,0.08061718204021454,0.31875,0.3324,0.31875,0.3324
3,np,IS NP,31,0.0807434087395668,0.08067748054265976,0.31725,0.3303,0.31725,0.3303
3,np,IS NP,32,0.08056800150871277,0.08060326763391494,0.32375,0.3383,0.32375,0.3383
3,np,IS NP,33,0.08045191222429275,0.08034157110452651,0.3285,0.3437,0.3285,0.3437
3,np,IS NP,34,0.0804548880457878,0.0803541121006012,0.31675,0.3321,0.31675,0.3321
3,np,IS NP,35,0.08056193655729293,0.08052220180034637,0.32,0.3374,0.32,0.3374
3,np,IS NP,36,0.08041427910327911,0.0802867374420166,0.324,0.3459,0.324,0.3459
3,np,IS NP,37,0.0802676956653595,0.0801956857085228,0.32825,0.3478,0.32825,0.3478
3,np,IS NP,38,0.08053376930952072,0.08037951121330261,0.32475,0.3364,0.32475,0.3364
3,np,IS NP,39,0.08019968122243881,0.08001697663068771,0.31925,0.3397,0.31925,0.3397
3,np,IS NP,40,0.08024055957794189,0.08013812252283097,0.33725,0.3541,0.33725,0.3541
3,np,IS NP,41,0.08005482137203217,0.07995082894563675,0.338,0.3525,0.338,0.3525
3,np,IS NP,42,0.08019227719306946,0.08021035665273667,0.33425,0.3489,0.33425,0.3489
3,np,IS NP,43,0.08025835037231445,0.08017579083442689,0.33675,0.3489,0.33675,0.3489
3,np,IS NP,44,0.08016883152723313,0.08009179702997207,0.33175,0.342,0.33175,0.342
3,np,IS NP,45,0.07991343814134598,0.07992926986217498,0.3345,0.3473,0.3345,0.3473
3,np,IS NP,46,0.07988730663061142,0.07988058407306671,0.32725,0.3375,0.32725,0.3375
3,np,IS NP,47,0.08002636045217514,0.07998399950265885,0.337,0.3489,0.337,0.3489
3,np,IS NP,48,0.07996986556053162,0.07990018291473389,0.3455,0.3524,0.3455,0.3524
3,np,IS NP,49,0.07988492572307587,0.07988879100084305,0.3405,0.3499,0.3405,0.3499
3,np,IS NP,50,0.07960631537437439,0.07964390133619309,0.33575,0.3467,0.33575,0.3467
3,np,IS NP,51,0.07976981508731842,0.07984567637443543,0.336,0.3463,0.336,0.3463
3,np,IS NP,52,0.07987762594223022,0.0798765041589737,0.34025,0.3429,0.34025,0.3429
3,np,IS NP,53,0.07944008731842041,0.07945982261896134,0.339,0.3518,0.339,0.3518
3,np,IS NP,54,0.07946111035346985,0.07940409635305405,0.34,0.3459,0.34,0.3459
3,np,IS NP,55,0.07971970003843308,0.07974277083873749,0.33425,0.3473,0.33425,0.3473
3,np,IS NP,56,0.07965171259641647,0.07954923849105835,0.338,0.3443,0.338,0.3443
3,np,IS NP,57,0.07959000378847123,0.07953180645704269,0.34075,0.3527,0.34075,0.3527
3,np,IS NP,58,0.07915081596374511,0.07911283106803894,0.34325,0.3528,0.34325,0.3528
3,np,IS NP,59,0.07948466658592224,0.07946530164480209,0.33525,0.3421,0.33525,0.3421
3,np,IS NP,60,0.07979597800970077,0.07982346612215042,0.3285,0.339,0.3285,0.339
3,np,IS NP,61,0.0796880744099617,0.07965646787881851,0.3345,0.3477,0.3345,0.3477
3,np,IS NP,62,0.07959453988075256,0.07965622186660766,0.3395,0.3482,0.3395,0.3482
3,np,IS NP,63,0.07952370071411133,0.07957516843080521,0.347,0.3512,0.347,0.3512
3,np,IS NP,64,0.0793760063648224,0.0794703810095787,0.336,0.3478,0.336,0.3478
3,np,IS NP,65,0.0790790901184082,0.07919845824241638,0.33925,0.3495,0.33925,0.3495
3,np,IS NP,66,0.07900136995315551,0.07898430664539337,0.33875,0.3555,0.33875,0.3555
3,np,IS NP,67,0.07912336188554764,0.07908392118215561,0.348,0.3608,0.348,0.3608
3,np,IS NP,68,0.07882483953237533,0.07889023110866547,0.354,0.3628,0.354,0.3628
3,np,IS NP,69,0.07891144102811813,0.07887407219409942,0.34175,0.3581,0.34175,0.3581
3,np,IS NP,70,0.07869308149814605,0.07881002885103226,0.34775,0.3569,0.34775,0.3569
3,np,IS NP,71,0.07877435225248337,0.07886228129863739,0.347,0.3523,0.347,0.3523
3,np,IS NP,72,0.07897884923219681,0.07908537747859955,0.353,0.3537,0.353,0.3537
3,np,IS NP,73,0.07860470080375671,0.07887955683469772,0.348,0.3502,0.348,0.3502
3,np,IS NP,74,0.0792027485370636,0.07938317738771439,0.35275,0.3547,0.35275,0.3547
3,np,IS NP,75,0.07928469169139862,0.07945282250642777,0.34825,0.3528,0.34825,0.3528
3,np,IS NP,76,0.07876816934347153,0.07895889128446579,0.3535,0.3557,0.3535,0.3557
3,np,IS NP,77,0.07850691217184066,0.07873807998895645,0.3455,0.3518,0.3455,0.3518
3,np,IS NP,78,0.07864243280887603,0.07888145033121109,0.3575,0.3559,0.3575,0.3559
3,np,IS NP,79,0.07850154256820678,0.07860956777334213,0.35,0.3571,0.35,0.3571
3,np,IS NP,80,0.07854038971662522,0.07861691848039627,0.34225,0.3513,0.34225,0.3513
3,np_fixed,Vanilla NP,1,0.09360051137208938,0.09361141930818558,0.12675,0.1284,0.12675,0.1284
3,np_fixed,Vanilla NP,2,0.09160521954298019,0.09160636377334595,0.14025,0.137,0.14025,0.137
3,np_fixed,Vanilla NP,3,0.09076424825191498,0.09074622485637665,0.14275,0.1452,0.14275,0.1452
3,np_fixed,Vanilla NP,4,0.09015654629468918,0.0900860387802124,0.1545,0.1578,0.1545,0.1578
3,np_fixed,Vanilla NP,5,0.08956128209829331,0.08953965512514114,0.16525,0.1717,0.16525,0.1717
3,np_fixed,Vanilla NP,6,0.08888652700185776,0.08886111278533936,0.1985,0.2053,0.1985,0.2053
3,np_fixed,Vanilla NP,7,0.0886757202744484,0.08865198022127152,0.19425,0.2028,0.19425,0.2028
3,np_fixed,Vanilla NP,8,0.08803694254159927,0.08802147614955902,0.2285,0.2325,0.2285,0.2325
3,np_fixed,Vanilla NP,9,0.0877858817577362,0.08775914198160172,0.22575,0.2374,0.22575,0.2374
3,np_fixed,Vanilla NP,10,0.08760321992635726,0.08755301992893219,0.236,0.2446,0.236,0.2446
3,np_fixed,Vanilla NP,11,0.08733160352706909,0.08732992689609527,0.24075,0.2547,0.24075,0.2547
3,np_fixed,Vanilla NP,12,0.08700620484352112,0.08706340392827988,0.24475,0.2589,0.24475,0.2589
3,np_fixed,Vanilla NP,13,0.08667920452356338,0.08675005543231964,0.25525,0.2628,0.25525,0.2628
3,np_fixed,Vanilla NP,14,0.08649681013822555,0.08656983431577682,0.2515,0.2582,0.2515,0.2582
3,np_fixed,Vanilla NP,15,0.08628059053421021,0.08636417951583862,0.256,0.2673,0.256,0.2673
3,np_fixed,Vanilla NP,16,0.08593430405855179,0.08599498839378357,0.255,0.2686,0.255,0.2686
3,np_fixed,Vanilla NP,17,0.08590102511644364,0.08590270409584046,0.2515,0.2613,0.2515,0.2613
3,np_fixed,Vanilla NP,18,0.08565450870990753,0.08568574771881103,0.25475,0.2606,0.25475,0.2606
3,np_fixed,Vanilla NP,19,0.08555568909645081,0.0855536305308342,0.2465,0.2583,0.2465,0.2583
3,np_fixed,Vanilla NP,20,0.08523278653621674,0.08524721910953521,0.24775,0.2637,0.24775,0.2637
3,np_fixed,Vanilla NP,21,0.08512423086166382,0.08510054045915603,0.26725,0.2689,0.26725,0.2689
3,np_fixed,Vanilla NP,22,0.08473542737960815,0.08474362959861756,0.269,0.2742,0.269,0.2742
3,np_fixed,Vanilla NP,23,0.08475975471735,0.08469445551633835,0.2675,0.277,0.2675,0.277
3,np_fixed,Vanilla NP,24,0.08469243156909943,0.08463775618076325,0.26375,0.2786,0.26375,0.2786
3,np_fixed,Vanilla NP,25,0.08480128705501556,0.08468564009666443,0.2645,0.2749,0.2645,0.2749
3,np_fixed,Vanilla NP,26,0.08456808930635452,0.08449684380292892,0.2695,0.2824,0.2695,0.2824
3,np_fixed,Vanilla NP,27,0.0843114636540413,0.08420171189308166,0.2685,0.282,0.2685,0.282
3,np_fixed,Vanilla NP,28,0.084053406894207,0.08403739445209503,0.26525,0.2745,0.26525,0.2745
3,np_fixed,Vanilla NP,29,0.0837295093536377,0.08376156458854675,0.27025,0.279,0.27025,0.279
3,np_fixed,Vanilla NP,30,0.08367913609743119,0.08366128647327423,0.27425,0.2819,0.27425,0.2819
3,np_fixed,Vanilla NP,31,0.08395221585035324,0.0838348158121109,0.27125,0.2821,0.27125,0.2821
3,np_fixed,Vanilla NP,32,0.08358670216798782,0.08357870888710021,0.277,0.2877,0.277,0.2877
3,np_fixed,Vanilla NP,33,0.08331366991996765,0.08332869873046875,0.27675,0.2895,0.27675,0.2895
3,np_fixed,Vanilla NP,34,0.08340573304891587,0.08340366168022156,0.28375,0.2958,0.28375,0.2958
3,np_fixed,Vanilla NP,35,0.08321798801422119,0.0832567239999771,0.2785,0.2975,0.2785,0.2975
3,np_fixed,Vanilla NP,36,0.08303387945890427,0.08305994485616684,0.28025,0.2981,0.28025,0.2981
3,np_fixed,Vanilla NP,37,0.0827291021347046,0.08277979831695556,0.29825,0.3087,0.29825,0.3087
3,np_fixed,Vanilla NP,38,0.0827555953860283,0.08283809455633163,0.29425,0.3062,0.29425,0.3062
3,np_fixed,Vanilla NP,39,0.08266324841976166,0.08273320585489273,0.3035,0.3111,0.3035,0.3111
3,np_fixed,Vanilla NP,40,0.08257721775770187,0.08269584951400757,0.31325,0.323,0.31325,0.323
3,np_fixed,Vanilla NP,41,0.08247329795360565,0.08261686389446259,0.3075,0.3154,0.3075,0.3154
3,np_fixed,Vanilla NP,42,0.08268100309371948,0.08282104868888855,0.30425,0.3117,0.30425,0.3117
3,np_fixed,Vanilla NP,43,0.08228785902261734,0.08235809400081634,0.2985,0.3121,0.2985,0.3121
3,np_fixed,Vanilla NP,44,0.08231207603216172,0.08240327430963516,0.29825,0.308,0.29825,0.308
3,np_fixed,Vanilla NP,45,0.08222881764173508,0.0822685056090355,0.2955,0.3106,0.2955,0.3106
3,np_fixed,Vanilla NP,46,0.08213902169466018,0.0822335564494133,0.30575,0.3171,0.30575,0.3171
3,np_fixed,Vanilla NP,47,0.08198988330364228,0.08201603109836578,0.3075,0.323,0.3075,0.323
3,np_fixed,Vanilla NP,48,0.08201256483793258,0.08203587856292725,0.30725,0.3216,0.30725,0.3216
3,np_fixed,Vanilla NP,49,0.08226481389999389,0.08226005125045777,0.30725,0.3151,0.30725,0.3151
3,np_fixed,Vanilla NP,50,0.08210700190067291,0.08209765605926514,0.31325,0.3176,0.31325,0.3176
3,np_fixed,Vanilla NP,51,0.08227948987483978,0.08231896393299103,0.3035,0.3143,0.3035,0.3143
3,np_fixed,Vanilla NP,52,0.08205665397644044,0.08203699402809143,0.3175,0.3241,0.3175,0.3241
3,np_fixed,Vanilla NP,53,0.08179511803388595,0.08179086191654206,0.315,0.3253,0.315,0.3253
3,np_fixed,Vanilla NP,54,0.08157771813869476,0.08158282936811447,0.32275,0.3254,0.32275,0.3254
3,np_fixed,Vanilla NP,55,0.08151668882369995,0.08157302191257476,0.32225,0.3325,0.32225,0.3325
3,np_fixed,Vanilla NP,56,0.08169268548488617,0.08176541806459427,0.32225,0.3295,0.32225,0.3295
3,np_fixed,Vanilla NP,57,0.08165412831306458,0.08174882754087448,0.321,0.3313,0.321,0.3313
3,np_fixed,Vanilla NP,58,0.08138247638940811,0.08148189872503281,0.33375,0.3349,0.33375,0.3349
3,np_fixed,Vanilla NP,59,0.08150685876607895,0.08154437633752823,0.3235,0.3242,0.3235,0.3242
3,np_fixed,Vanilla NP,60,0.08184751236438752,0.0818879504442215,0.32925,0.3258,0.32925,0.3258
3,np_fixed,Vanilla NP,61,0.08173498600721359,0.08175583645105362,0.3095,0.3173,0.3095,0.3173
3,np_fixed,Vanilla NP,62,0.08211185204982757,0.08220696665048599,0.3325,0.3269,0.3325,0.3269
3,np_fixed,Vanilla NP,63,0.08205453950166702,0.08208527419567108,0.321,0.3216,0.321,0.3216
3,np_fixed,Vanilla NP,64,0.081297945022583,0.08133554952144623,0.32725,0.3256,0.32725,0.3256
3,np_fixed,Vanilla NP,65,0.08151677042245865,0.08147187867164611,0.33,0.3307,0.33,0.3307
3,np_fixed,Vanilla NP,66,0.0815745381116867,0.08153045049905777,0.316,0.3258,0.316,0.3258
3,np_fixed,Vanilla NP,67,0.08139732158184051,0.08139220123291016,0.32375,0.3254,0.32375,0.3254
3,np_fixed,Vanilla NP,68,0.08203539901971817,0.08211831266880035,0.3215,0.3216,0.3215,0.3216
3,np_fixed,Vanilla NP,69,0.08179329437017441,0.081732761323452,0.32575,0.3283,0.32575,0.3283
3,np_fixed,Vanilla NP,70,0.08167538893222809,0.08173302637338638,0.31825,0.3245,0.31825,0.3245
3,np_fixed,Vanilla NP,71,0.08150265163183212,0.08147375512123108,0.3185,0.3246,0.3185,0.3246
3,np_fixed,Vanilla NP,72,0.08188391900062561,0.08186832392215729,0.3215,0.3206,0.3215,0.3206
3,np_fixed,Vanilla NP,73,0.08131486928462982,0.08129185206890106,0.31925,0.3241,0.31925,0.3241
3,np_fixed,Vanilla NP,74,0.08161599600315093,0.08160079023838043,0.322,0.3209,0.322,0.3209
3,np_fixed,Vanilla NP,75,0.08212108141183853,0.08203838394880295,0.319,0.3235,0.319,0.3235
3,np_fixed,Vanilla NP,76,0.08170681405067444,0.08173309108018875,0.30875,0.3154,0.30875,0.3154
3,np_fixed,Vanilla NP,77,0.08228670734167098,0.08222745176553727,0.308,0.3083,0.308,0.3083
3,np_fixed,Vanilla NP,78,0.0819865267276764,0.0819534187912941,0.32125,0.3289,0.32125,0.3289
3,np_fixed,Vanilla NP,79,0.08112361365556717,0.08104468301534652,0.32475,0.334,0.32475,0.334
3,np_fixed,Vanilla NP,80,0.08154211437702179,0.08162358437776565,0.31325,0.3252,0.31325,0.3252
3,np_fan_in,Fan-in NP,1,0.09234598857164383,0.09237028617858886,0.13875,0.1409,0.13875,0.1409
3,np_fan_in,Fan-in NP,2,0.0907420888543129,0.09079036563634872,0.16575,0.1602,0.16575,0.1602
3,np_fan_in,Fan-in NP,3,0.0900033785700798,0.09004060244560241,0.184,0.1845,0.184,0.1845
3,np_fan_in,Fan-in NP,4,0.0892410044670105,0.08923364577293395,0.202,0.2052,0.202,0.2052
3,np_fan_in,Fan-in NP,5,0.08882879835367202,0.0888340195775032,0.22025,0.2328,0.22025,0.2328
3,np_fan_in,Fan-in NP,6,0.08815698111057281,0.08814873123168945,0.2415,0.2441,0.2415,0.2441
3,np_fan_in,Fan-in NP,7,0.08778356528282165,0.08776219154596329,0.2355,0.2474,0.2355,0.2474
3,np_fan_in,Fan-in NP,8,0.08713423705101013,0.08709840170145035,0.2545,0.258,0.2545,0.258
3,np_fan_in,Fan-in NP,9,0.08679639416933059,0.0867698818564415,0.253,0.2649,0.253,0.2649
3,np_fan_in,Fan-in NP,10,0.0864703130722046,0.08641231154203415,0.258,0.2691,0.258,0.2691
3,np_fan_in,Fan-in NP,11,0.08624745106697082,0.08623471904993057,0.2685,0.2814,0.2685,0.2814
3,np_fan_in,Fan-in NP,12,0.08587310880422593,0.085846444106102,0.2685,0.2815,0.2685,0.2815
3,np_fan_in,Fan-in NP,13,0.08550362998247146,0.08545993589162827,0.28475,0.29,0.28475,0.29
3,np_fan_in,Fan-in NP,14,0.08540378218889236,0.08536951690912246,0.28075,0.2863,0.28075,0.2863
3,np_fan_in,Fan-in NP,15,0.08506183564662934,0.08503604962825775,0.2885,0.3005,0.2885,0.3005
3,np_fan_in,Fan-in NP,16,0.08477904325723648,0.08477380049228668,0.288,0.3029,0.288,0.3029
3,np_fan_in,Fan-in NP,17,0.08503212279081344,0.08501567494869232,0.27625,0.2888,0.27625,0.2888
3,np_fan_in,Fan-in NP,18,0.08452598786354065,0.0845336538553238,0.2885,0.2999,0.2885,0.2999
3,np_fan_in,Fan-in NP,19,0.08438022685050964,0.08438403854370118,0.2805,0.2977,0.2805,0.2977
3,np_fan_in,Fan-in NP,20,0.08402510690689087,0.08402222943305969,0.28925,0.3035,0.28925,0.3035
3,np_fan_in,Fan-in NP,21,0.083919797539711,0.08388853580951691,0.296,0.3057,0.296,0.3057
3,np_fan_in,Fan-in NP,22,0.08381038582324982,0.08378038786649704,0.29275,0.3015,0.29275,0.3015
3,np_fan_in,Fan-in NP,23,0.08354766005277633,0.08347736634016037,0.296,0.3096,0.296,0.3096
3,np_fan_in,Fan-in NP,24,0.08360260051488877,0.08356799107789993,0.296,0.3078,0.296,0.3078
3,np_fan_in,Fan-in NP,25,0.08327297407388687,0.08320603047609329,0.298,0.3122,0.298,0.3122
3,np_fan_in,Fan-in NP,26,0.08328981333971024,0.08323403370380401,0.30025,0.3078,0.30025,0.3078
3,np_fan_in,Fan-in NP,27,0.08292298722267151,0.08284760119915009,0.30525,0.317,0.30525,0.317
3,np_fan_in,Fan-in NP,28,0.08267013132572174,0.08260128251314164,0.306,0.3135,0.306,0.3135
3,np_fan_in,Fan-in NP,29,0.08266809242963791,0.08262848955392837,0.30525,0.312,0.30525,0.312
3,np_fan_in,Fan-in NP,30,0.08262461197376252,0.08257483463287353,0.30675,0.3149,0.30675,0.3149
3,np_fan_in,Fan-in NP,31,0.08280170202255249,0.0827242514014244,0.309,0.3137,0.309,0.3137
3,np_fan_in,Fan-in NP,32,0.08234376251697541,0.08233261672258377,0.313,0.3205,0.313,0.3205
3,np_fan_in,Fan-in NP,33,0.08218082582950592,0.08218122627735137,0.3135,0.3241,0.3135,0.3241
3,np_fan_in,Fan-in NP,34,0.08218839091062546,0.08215740262269974,0.31,0.325,0.31,0.325
3,np_fan_in,Fan-in NP,35,0.08224126273393631,0.08225113744735718,0.30925,0.3213,0.30925,0.3213
3,np_fan_in,Fan-in NP,36,0.0819759624004364,0.08194072847366334,0.3115,0.3229,0.3115,0.3229
3,np_fan_in,Fan-in NP,37,0.081778360247612,0.08178261626958847,0.31425,0.3308,0.31425,0.3308
3,np_fan_in,Fan-in NP,38,0.08170635110139847,0.08174194779396057,0.316,0.3273,0.316,0.3273
3,np_fan_in,Fan-in NP,39,0.08148274832963943,0.08148715870380402,0.311,0.3292,0.311,0.3292
3,np_fan_in,Fan-in NP,40,0.08158083945512772,0.08161179254055023,0.32925,0.3388,0.32925,0.3388
3,np_fan_in,Fan-in NP,41,0.08143165534734725,0.0814326276421547,0.331,0.3444,0.331,0.3444
3,np_fan_in,Fan-in NP,42,0.0814642493724823,0.08153699371814728,0.3275,0.3373,0.3275,0.3373
3,np_fan_in,Fan-in NP,43,0.08111341637372971,0.08117677663564682,0.32975,0.343,0.32975,0.343
3,np_fan_in,Fan-in NP,44,0.08133211809396744,0.08136101590394974,0.3235,0.3389,0.3235,0.3389
3,np_fan_in,Fan-in NP,45,0.08083584892749786,0.08088783258199692,0.32725,0.3405,0.32725,0.3405
3,np_fan_in,Fan-in NP,46,0.08103531754016877,0.08114868085384369,0.32175,0.3314,0.32175,0.3314
3,np_fan_in,Fan-in NP,47,0.08097669631242752,0.08105161762237549,0.32325,0.3327,0.32325,0.3327
3,np_fan_in,Fan-in NP,48,0.08090858113765717,0.0809291377902031,0.34,0.348,0.34,0.348
3,np_fan_in,Fan-in NP,49,0.08086514383554459,0.08090514731407165,0.34025,0.3469,0.34025,0.3469
3,np_fan_in,Fan-in NP,50,0.08090458333492279,0.08093784044981003,0.33775,0.3411,0.33775,0.3411
3,np_fan_in,Fan-in NP,51,0.08096923345327377,0.08101392471790314,0.326,0.3327,0.326,0.3327
3,np_fan_in,Fan-in NP,52,0.08085667115449906,0.08085196982622146,0.349,0.345,0.349,0.345
3,np_fan_in,Fan-in NP,53,0.08046315109729767,0.08052060569524765,0.3355,0.3423,0.3355,0.3423
3,np_fan_in,Fan-in NP,54,0.08046471518278121,0.0804330930352211,0.3355,0.338,0.3355,0.338
3,np_fan_in,Fan-in NP,55,0.08078984481096267,0.08074932972192764,0.3355,0.3452,0.3355,0.3452
3,np_fan_in,Fan-in NP,56,0.08036126691102982,0.08031446379423142,0.3335,0.3438,0.3335,0.3438
3,np_fan_in,Fan-in NP,57,0.08035839158296586,0.08032818012237548,0.32625,0.3372,0.32625,0.3372
3,np_fan_in,Fan-in NP,58,0.08017449259757996,0.08016819920539855,0.3485,0.3491,0.3485,0.3491
3,np_fan_in,Fan-in NP,59,0.08020122545957566,0.08018315583467484,0.33925,0.352,0.33925,0.352
3,np_fan_in,Fan-in NP,60,0.0802874363064766,0.08028469932079316,0.34325,0.3459,0.34325,0.3459
3,np_fan_in,Fan-in NP,61,0.08053832250833512,0.08060163140296936,0.33125,0.3327,0.33125,0.3327
3,np_fan_in,Fan-in NP,62,0.08049330353736878,0.08056031614542007,0.34675,0.3502,0.34675,0.3502
3,np_fan_in,Fan-in NP,63,0.08122885715961456,0.08138811355829238,0.33575,0.3412,0.33575,0.3412
3,np_fan_in,Fan-in NP,64,0.08056627035140991,0.08063623425960541,0.32975,0.3367,0.32975,0.3367
3,np_fan_in,Fan-in NP,65,0.08012299281358719,0.08013506220579147,0.34725,0.3516,0.34725,0.3516
3,np_fan_in,Fan-in NP,66,0.08055029159784317,0.0805252541065216,0.33475,0.3464,0.33475,0.3464
3,np_fan_in,Fan-in NP,67,0.08041285938024521,0.08043410496711731,0.33625,0.3408,0.33625,0.3408
3,np_fan_in,Fan-in NP,68,0.0807456362247467,0.08091087563037873,0.33825,0.3434,0.33825,0.3434
3,np_fan_in,Fan-in NP,69,0.08142091149091721,0.08149196112155914,0.33125,0.3364,0.33125,0.3364
3,np_fan_in,Fan-in NP,70,0.0804080058336258,0.08058264706134796,0.33975,0.3443,0.33975,0.3443
3,np_fan_in,Fan-in NP,71,0.0802465426325798,0.08039330885410309,0.3435,0.3495,0.3435,0.3495
3,np_fan_in,Fan-in NP,72,0.08078356331586838,0.08081903971433639,0.329,0.3352,0.329,0.3352
3,np_fan_in,Fan-in NP,73,0.08028283834457398,0.08043710029125213,0.34275,0.346,0.34275,0.346
3,np_fan_in,Fan-in NP,74,0.07984058821201324,0.07995910978317261,0.34575,0.344,0.34575,0.344
3,np_fan_in,Fan-in NP,75,0.08077031254768371,0.08090439682006836,0.33475,0.3385,0.33475,0.3385
3,np_fan_in,Fan-in NP,76,0.08090872150659562,0.08114608300924302,0.3345,0.3435,0.3345,0.3435
3,np_fan_in,Fan-in NP,77,0.08034397453069687,0.08051455844640731,0.3345,0.3334,0.3345,0.3334
3,np_fan_in,Fan-in NP,78,0.07979603677988052,0.07995716564655304,0.345,0.3538,0.345,0.3538
3,np_fan_in,Fan-in NP,79,0.08014759880304337,0.08033258306980133,0.344,0.3462,0.344,0.3462
3,np_fan_in,Fan-in NP,80,0.07994759517908097,0.08006892664432526,0.33575,0.35,0.33575,0.35
3,wp,WP,1,0.09830346763134003,0.09826305530071258,0.0745,0.0783,0.0745,0.0783
3,wp,WP,2,0.09514803248643876,0.09510688512325287,0.09875,0.105,0.09875,0.105
3,wp,WP,3,0.09284837526082992,0.0928081523180008,0.123,0.1234,0.123,0.1234
3,wp,WP,4,0.09147838860750199,0.09140656530857086,0.14075,0.15,0.14075,0.15
3,wp,WP,5,0.09065368539094924,0.09058185379505157,0.1605,0.1613,0.1605,0.1613
3,wp,WP,6,0.0899460129737854,0.08989157959222793,0.16375,0.1627,0.16375,0.1627
3,wp,WP,7,0.08939681243896484,0.08936369154453278,0.18525,0.1782,0.18525,0.1782
3,wp,WP,8,0.08899398118257523,0.08894522531032563,0.19625,0.1883,0.19625,0.1883
3,wp,WP,9,0.08857271826267242,0.08851056704521179,0.205,0.2013,0.205,0.2013
3,wp,WP,10,0.08831296342611313,0.08823792821168899,0.2025,0.208,0.2025,0.208
3,wp,WP,11,0.08809050446748734,0.08800342773199081,0.21075,0.2145,0.21075,0.2145
3,wp,WP,12,0.08781200355291366,0.08773317785263061,0.22325,0.2246,0.22325,0.2246
3,wp,WP,13,0.0876267672777176,0.08755858228206634,0.22625,0.2239,0.22625,0.2239
3,wp,WP,14,0.08741874605417252,0.08730622885227203,0.22225,0.2253,0.22225,0.2253
3,wp,WP,15,0.08716939383745194,0.08703845165967941,0.214,0.2335,0.214,0.2335
3,wp,WP,16,0.08705393475294113,0.08692400976419448,0.226,0.2437,0.226,0.2437
3,wp,WP,17,0.08696181046962738,0.086780606508255,0.22375,0.2443,0.22375,0.2443
3,wp,WP,18,0.08679578584432603,0.08658972282409667,0.2305,0.248,0.2305,0.248
3,wp,WP,19,0.0867369065284729,0.08650832686424255,0.2225,0.2449,0.2225,0.2449
3,wp,WP,20,0.08657875657081604,0.08631961317062378,0.23225,0.2497,0.23225,0.2497
3,wp,WP,21,0.08637459385395051,0.08612263906002045,0.2365,0.2498,0.2365,0.2498
3,wp,WP,22,0.08632097697257995,0.08608657507896424,0.2295,0.2501,0.2295,0.2501
3,wp,WP,23,0.08610296696424484,0.08589388885498046,0.23775,0.2547,0.23775,0.2547
3,wp,WP,24,0.08592259967327118,0.08572610034942627,0.24475,0.2576,0.24475,0.2576
3,wp,WP,25,0.08572542113065719,0.08555810432434081,0.245,0.2643,0.245,0.2643
3,wp,WP,26,0.08558481806516648,0.0854109492778778,0.247,0.2687,0.247,0.2687
3,wp,WP,27,0.08548898530006409,0.08531937831640243,0.248,0.2688,0.248,0.2688
3,wp,WP,28,0.0853353917002678,0.08516931871175766,0.25525,0.2716,0.25525,0.2716
3,wp,WP,29,0.08503632259368897,0.08486272175312043,0.26225,0.2759,0.26225,0.2759
3,wp,WP,30,0.08510529732704163,0.08490777986049652,0.25925,0.2735,0.25925,0.2735
3,wp,WP,31,0.08501038509607316,0.08480900374650956,0.254,0.2683,0.254,0.2683
3,wp,WP,32,0.08483554184436798,0.0846769477725029,0.256,0.2795,0.256,0.2795
3,wp,WP,33,0.08469172191619873,0.084562040746212,0.26325,0.2813,0.26325,0.2813
3,wp,WP,34,0.08456091594696045,0.08445509281158448,0.26425,0.2757,0.26425,0.2757
3,wp,WP,35,0.0844424865245819,0.08432190759181976,0.2595,0.2783,0.2595,0.2783
3,wp,WP,36,0.0843925902247429,0.08418704998493194,0.26525,0.2779,0.26525,0.2779
3,wp,WP,37,0.0843029413819313,0.0840888316988945,0.27175,0.2824,0.27175,0.2824
3,wp,WP,38,0.08423258340358734,0.08400971007347106,0.27475,0.2834,0.27475,0.2834
3,wp,WP,39,0.08425720018148422,0.08397629853487015,0.272,0.2872,0.272,0.2872
3,wp,WP,40,0.08405231982469559,0.08380815559625626,0.27675,0.2859,0.27675,0.2859
3,wp,WP,41,0.08402449834346772,0.08377264930009842,0.27775,0.2894,0.27775,0.2894
3,wp,WP,42,0.08412738364934921,0.08391710740327835,0.27575,0.2871,0.27575,0.2871
3,wp,WP,43,0.08404397791624069,0.08382978065013885,0.2805,0.2891,0.2805,0.2891
3,wp,WP,44,0.08396775823831558,0.08375635619163513,0.27075,0.2915,0.27075,0.2915
3,wp,WP,45,0.08385240632295608,0.08364775191545487,0.28125,0.2964,0.28125,0.2964
3,wp,WP,46,0.08377985137701034,0.0836078106045723,0.284,0.2958,0.284,0.2958
3,wp,WP,47,0.08374271082878113,0.08363295214176178,0.28875,0.2902,0.28875,0.2902
3,wp,WP,48,0.08381965810060502,0.08369445587396622,0.28275,0.2915,0.28275,0.2915
3,wp,WP,49,0.08395343774557114,0.08379982645511627,0.291,0.2932,0.291,0.2932
3,wp,WP,50,0.0837337305545807,0.08355053461790085,0.285,0.2953,0.285,0.2953
3,wp,WP,51,0.08396264898777007,0.0837557252407074,0.28125,0.2936,0.28125,0.2936
3,wp,WP,52,0.08381696087121963,0.08362656415700913,0.2865,0.2961,0.2865,0.2961
3,wp,WP,53,0.08376778000593185,0.08363777821063996,0.28175,0.2952,0.28175,0.2952
3,wp,WP,54,0.08380141597986221,0.08373941485881806,0.28525,0.2983,0.28525,0.2983
3,wp,WP,55,0.08371872437000275,0.08368983353376389,0.28075,0.2945,0.28075,0.2945
3,wp,WP,56,0.08384500002861023,0.08384427244663238,0.288,0.2957,0.288,0.2957
3,wp,WP,57,0.08367559856176376,0.08373192814588547,0.2855,0.2891,0.2855,0.2891
3,wp,WP,58,0.08376625084877014,0.08378041268587112,0.294,0.2956,0.294,0.2956
3,wp,WP,59,0.08387942522764207,0.08393357079029083,0.293,0.2975,0.293,0.2975
3,wp,WP,60,0.0839537718296051,0.08398071315288544,0.29025,0.295,0.29025,0.295
3,wp,WP,61,0.08410645335912705,0.08408885967731476,0.2845,0.2936,0.2845,0.2936
3,wp,WP,62,0.08400173723697663,0.0840751027226448,0.2895,0.291,0.2895,0.291
3,wp,WP,63,0.08447421884536743,0.08451247971057892,0.289,0.2905,0.289,0.2905
3,wp,WP,64,0.08444695788621902,0.08454380804300309,0.28825,0.2926,0.28825,0.2926
3,wp,WP,65,0.08466332018375397,0.08477225096225738,0.27775,0.2868,0.27775,0.2868
3,wp,WP,66,0.08470915305614471,0.08480888013839721,0.283,0.2881,0.283,0.2881
3,wp,WP,67,0.08474400073289871,0.08501022746562958,0.27975,0.2818,0.27975,0.2818
3,wp,WP,68,0.08481200128793716,0.0849264214515686,0.27625,0.2844,0.27625,0.2844
3,wp,WP,69,0.0849433143734932,0.08504602690935135,0.27775,0.2888,0.27775,0.2888
3,wp,WP,70,0.08516551733016968,0.08531909664869308,0.277,0.288,0.277,0.288
3,wp,WP,71,0.0850636979341507,0.08519349771738052,0.277,0.2904,0.277,0.2904
3,wp,WP,72,0.0852046064734459,0.08545468595027923,0.2725,0.2842,0.2725,0.2842
3,wp,WP,73,0.08554276412725449,0.08581205377578735,0.279,0.282,0.279,0.282
3,wp,WP,74,0.08569162744283676,0.08590240314006806,0.2795,0.2806,0.2795,0.2806
3,wp,WP,75,0.08591416299343109,0.08620504635572433,0.2725,0.2711,0.2725,0.2711
3,wp,WP,76,0.08628828966617584,0.08633953673839569,0.271,0.278,0.271,0.278
3,wp,WP,77,0.08682043313980102,0.08678351558446884,0.2745,0.2775,0.2745,0.2775
3,wp,WP,78,0.08717305725812911,0.0872281764626503,0.27075,0.2795,0.27075,0.2795
3,wp,WP,79,0.0871317008137703,0.08716236494779586,0.2715,0.2765,0.2715,0.2765
3,wp,WP,80,0.08744250053167343,0.08741450119018555,0.2655,0.2757,0.2655,0.2757
4,bp,BP,1,0.08077569335699081,0.0807953363776207,0.3315,0.3455,0.3315,0.3455
4,bp,BP,2,0.07762823873758316,0.07783848135471344,0.37725,0.3821,0.37725,0.3821
4,bp,BP,3,0.07568806797266006,0.07601123538017272,0.40125,0.4026,0.40125,0.4026
4,bp,BP,4,0.07424620205163955,0.07468527343273162,0.42875,0.4206,0.42875,0.4206
4,bp,BP,5,0.0729774131178856,0.07356347233057021,0.43575,0.4355,0.43575,0.4355
4,bp,BP,6,0.07187467402219773,0.07269442889690399,0.4545,0.4461,0.4545,0.4461
4,bp,BP,7,0.07101551401615143,0.07192226474285125,0.467,0.4575,0.467,0.4575
4,bp,BP,8,0.07011840391159058,0.07123506716489791,0.47625,0.462,0.47625,0.462
4,bp,BP,9,0.06930678278207779,0.07059507977962494,0.48625,0.4655,0.48625,0.4655
4,bp,BP,10,0.06861692476272584,0.0700491418004036,0.49475,0.4711,0.49475,0.4711
4,bp,BP,11,0.06793169057369232,0.06955970565080642,0.4985,0.4762,0.4985,0.4762
4,bp,BP,12,0.06738236314058303,0.06927373865842819,0.50575,0.4746,0.50575,0.4746
4,bp,BP,13,0.06671327036619186,0.06867265887260438,0.51275,0.4817,0.51275,0.4817
4,bp,BP,14,0.06612330919504165,0.0683044826745987,0.5205,0.4865,0.5205,0.4865
4,bp,BP,15,0.06554502075910568,0.06790717757940293,0.52825,0.4901,0.52825,0.4901
4,bp,BP,16,0.0650316287279129,0.06760064444541931,0.53375,0.4898,0.53375,0.4898
4,bp,BP,17,0.06454498261213303,0.0673274321436882,0.535,0.4951,0.535,0.4951
4,bp,BP,18,0.06406472516059876,0.06697357851266861,0.543,0.5008,0.543,0.5008
4,bp,BP,19,0.06354482626914978,0.06671303339004517,0.5475,0.5011,0.5475,0.5011
4,bp,BP,20,0.06309392827749252,0.06650940277576446,0.552,0.5046,0.552,0.5046
4,bp,BP,21,0.06256258344650269,0.0661298477768898,0.56225,0.5074,0.56225,0.5074
4,bp,BP,22,0.06227214801311493,0.06602294336557388,0.5605,0.5089,0.5605,0.5089
4,bp,BP,23,0.06189309793710709,0.06595496785640717,0.5645,0.5092,0.5645,0.5092
4,bp,BP,24,0.061169444054365155,0.06547071241140366,0.5755,0.5139,0.5755,0.5139
4,bp,BP,25,0.06073672658205032,0.06526002968549728,0.578,0.5171,0.578,0.5171
4,bp,BP,26,0.060310077160596845,0.06509870980978012,0.5835,0.5207,0.5835,0.5207
4,bp,BP,27,0.05980203300714493,0.06480653985738755,0.5915,0.5203,0.5915,0.5203
4,bp,BP,28,0.05936072951555252,0.06463840907812118,0.594,0.5252,0.594,0.5252
4,bp,BP,29,0.058975122570991516,0.0644877557516098,0.5915,0.5228,0.5915,0.5228
4,bp,BP,30,0.05878127875924111,0.0646141876578331,0.6025,0.5259,0.6025,0.5259
4,bp,BP,31,0.05827855870127678,0.06429439282417297,0.60125,0.5268,0.60125,0.5268
4,bp,BP,32,0.057863020777702334,0.06417004554271698,0.60325,0.527,0.60325,0.527
4,bp,BP,33,0.057347785025835034,0.06390470095872879,0.615,0.5343,0.615,0.5343
4,bp,BP,34,0.05701955959200859,0.06385216217041016,0.61175,0.5306,0.61175,0.5306
4,bp,BP,35,0.05651189851760864,0.06367173233032226,0.6205,0.5341,0.6205,0.5341
4,bp,BP,36,0.05611440762877464,0.063480326628685,0.628,0.5362,0.628,0.5362
4,bp,BP,37,0.055614005893468856,0.0634000125527382,0.63175,0.5389,0.63175,0.5389
4,bp,BP,38,0.05534156200289726,0.06342270791530609,0.62825,0.5363,0.62825,0.5363
4,bp,BP,39,0.05473949009180069,0.06303233189582824,0.63825,0.5424,0.63825,0.5424
4,bp,BP,40,0.05454398825764656,0.06325751407146454,0.6395,0.5403,0.6395,0.5403
4,bp,BP,41,0.054056457966566086,0.06309537661075593,0.6495,0.5426,0.6495,0.5426
4,bp,BP,42,0.05360326427221298,0.06286547925472259,0.655,0.5412,0.655,0.5412
4,bp,BP,43,0.05327093628048897,0.06287783070802688,0.652,0.5466,0.652,0.5466
4,bp,BP,44,0.05294862341880798,0.06295208828449249,0.6585,0.5463,0.6585,0.5463
4,bp,BP,45,0.05228748682141304,0.0626075082540512,0.666,0.5472,0.666,0.5472
4,bp,BP,46,0.051920432806015014,0.06255360575914383,0.66825,0.5483,0.66825,0.5483
4,bp,BP,47,0.05145193201303482,0.062446844482421875,0.67525,0.5479,0.67525,0.5479
4,bp,BP,48,0.05096542754769325,0.06230426347255707,0.6755,0.548,0.6755,0.548
4,bp,BP,49,0.050563657641410825,0.06221804474592209,0.68275,0.5501,0.68275,0.5501
4,bp,BP,50,0.05074640256166458,0.06268701456785201,0.6755,0.5436,0.6755,0.5436
4,bp,BP,51,0.049755011558532715,0.06205314947366714,0.68525,0.55,0.68525,0.55
4,bp,BP,52,0.04950020670890808,0.06223815734386444,0.693,0.5465,0.693,0.5465
4,bp,BP,53,0.049229531526565555,0.062445051431655886,0.68825,0.5435,0.68825,0.5435
4,bp,BP,54,0.04897876518964767,0.06256368155479432,0.69925,0.5497,0.69925,0.5497
4,bp,BP,55,0.048149617940187454,0.062057338619232176,0.70875,0.5497,0.70875,0.5497
4,bp,BP,56,0.04813415107131004,0.06234205801486969,0.705,0.5499,0.705,0.5499
4,bp,BP,57,0.04758463421463966,0.0625069838643074,0.712,0.5473,0.712,0.5473
4,bp,BP,58,0.047157425284385684,0.062256914508342746,0.71525,0.5491,0.71525,0.5491
4,bp,BP,59,0.04651898249983787,0.06203972220420837,0.72025,0.5514,0.72025,0.5514
4,bp,BP,60,0.04594824868440628,0.06191610993742943,0.72875,0.5521,0.72875,0.5521
4,bp,BP,61,0.04628259217739105,0.062498383343219756,0.726,0.5463,0.726,0.5463
4,bp,BP,62,0.04547039669752121,0.06209180207252502,0.7355,0.5514,0.7355,0.5514
4,bp,BP,63,0.0450818647146225,0.06224240489006042,0.73125,0.5498,0.73125,0.5498
4,bp,BP,64,0.04539085799455643,0.06300156335830688,0.73375,0.5408,0.73375,0.5408
4,bp,BP,65,0.044168283224105834,0.06196992472410202,0.74875,0.5558,0.74875,0.5558
4,bp,BP,66,0.043744453102350235,0.06196388331651688,0.75225,0.554,0.75225,0.554
4,bp,BP,67,0.04342713332176208,0.06209316765069962,0.75825,0.5533,0.75825,0.5533
4,bp,BP,68,0.04256855866312981,0.06195143597126007,0.768,0.5501,0.768,0.5501
4,bp,BP,69,0.0425204727947712,0.06228209524154663,0.7635,0.5518,0.7635,0.5518
4,bp,BP,70,0.04204576227068901,0.0619529159784317,0.774,0.5567,0.774,0.5567
4,bp,BP,71,0.041728191792964935,0.06217586444616318,0.775,0.5528,0.775,0.5528
4,bp,BP,72,0.04206814855337143,0.0630738378405571,0.768,0.5505,0.768,0.5505
4,bp,BP,73,0.041004581838846206,0.06227588400840759,0.783,0.5543,0.783,0.5543
4,bp,BP,74,0.04143736413121223,0.06309971626996994,0.7725,0.5476,0.7725,0.5476
4,bp,BP,75,0.039983166307210924,0.06226657730340958,0.7885,0.5566,0.7885,0.5566
4,bp,BP,76,0.0396655495762825,0.06216128878593445,0.79725,0.5544,0.79725,0.5544
4,bp,BP,77,0.03941462031006813,0.06252869509458542,0.8025,0.5528,0.8025,0.5528
4,bp,BP,78,0.03929447984695435,0.06302400236129761,0.79925,0.5497,0.79925,0.5497
4,bp,BP,79,0.038496914237737656,0.06248730902671814,0.8105,0.5492,0.8105,0.5492
4,bp,BP,80,0.03829128476977348,0.0626585049033165,0.81125,0.5554,0.81125,0.5554
4,np,IS NP,1,0.08892057245969773,0.08893253532648086,0.20225,0.1843,0.20225,0.1843
4,np,IS NP,2,0.08753617620468139,0.08751548488140107,0.22625,0.2202,0.22625,0.2202
4,np,IS NP,3,0.08682937347888947,0.08677593628168107,0.2325,0.2383,0.2325,0.2383
4,np,IS NP,4,0.08585814309120178,0.08576984816789628,0.2535,0.2532,0.2535,0.2532
4,np,IS NP,5,0.08552057558298111,0.08539678276777267,0.251,0.2544,0.251,0.2544
4,np,IS NP,6,0.08484163665771484,0.08473420647382736,0.26475,0.2757,0.26475,0.2757
4,np,IS NP,7,0.08439345788955689,0.08426447117328643,0.2675,0.2833,0.2675,0.2833
4,np,IS NP,8,0.08408733677864075,0.08400086250305176,0.27175,0.2825,0.27175,0.2825
4,np,IS NP,9,0.0837848442196846,0.08373063488006592,0.2715,0.2838,0.2715,0.2838
4,np,IS NP,10,0.08322118711471557,0.08312842828035355,0.29325,0.3034,0.29325,0.3034
4,np,IS NP,11,0.0831825920343399,0.08305291712284088,0.294,0.2983,0.294,0.2983
4,np,IS NP,12,0.08281484591960907,0.08270513316392898,0.29375,0.3003,0.29375,0.3003
4,np,IS NP,13,0.08270939254760742,0.08277098016738892,0.291,0.3002,0.291,0.3002
4,np,IS NP,14,0.08221592593193054,0.08226854294538498,0.30375,0.3122,0.30375,0.3122
4,np,IS NP,15,0.08212542134523391,0.08208241084814072,0.29925,0.3136,0.29925,0.3136
4,np,IS NP,16,0.0822043132185936,0.08222691857814789,0.3075,0.3164,0.3075,0.3164
4,np,IS NP,17,0.08215353327989579,0.08211718533039093,0.31275,0.3138,0.31275,0.3138
4,np,IS NP,18,0.0822693801522255,0.08232403314113616,0.30025,0.3098,0.30025,0.3098
4,np,IS NP,19,0.08190430700778961,0.08191526026725769,0.30925,0.3163,0.30925,0.3163
4,np,IS NP,20,0.08165347743034362,0.08171065926551818,0.32075,0.3299,0.32075,0.3299
4,np,IS NP,21,0.08150137460231781,0.08156926664113999,0.3245,0.3333,0.3245,0.3333
4,np,IS NP,22,0.08134107434749603,0.08142337287664414,0.324,0.3339,0.324,0.3339
4,np,IS NP,23,0.08139381647109985,0.08147968606948852,0.318,0.3247,0.318,0.3247
4,np,IS NP,24,0.08121276086568832,0.08130987434387207,0.3145,0.3269,0.3145,0.3269
4,np,IS NP,25,0.08114205968379974,0.0811557222366333,0.3195,0.3239,0.3195,0.3239
4,np,IS NP,26,0.0810846176147461,0.08111672209501267,0.315,0.3269,0.315,0.3269
4,np,IS NP,27,0.081318976521492,0.08133175475597382,0.31225,0.3192,0.31225,0.3192
4,np,IS NP,28,0.08105397486686707,0.08104817932844162,0.3085,0.3151,0.3085,0.3151
4,np,IS NP,29,0.08081116902828217,0.08079012145996094,0.32525,0.3327,0.32525,0.3327
4,np,IS NP,30,0.08058746922016144,0.08067474685907364,0.3375,0.3389,0.3375,0.3389
4,np,IS NP,31,0.08036932468414307,0.08047922413349151,0.329,0.3337,0.329,0.3337
4,np,IS NP,32,0.08059018743038178,0.08067104293107986,0.3265,0.3314,0.3265,0.3314
4,np,IS NP,33,0.08019355601072312,0.08036205147504806,0.32975,0.338,0.32975,0.338
4,np,IS NP,34,0.08026070398092269,0.08039481537342072,0.33325,0.3404,0.33325,0.3404
4,np,IS NP,35,0.0802907388806343,0.08044596755504609,0.333,0.3322,0.333,0.3322
4,np,IS NP,36,0.08056780576705933,0.08064304442405701,0.33475,0.3358,0.33475,0.3358
4,np,IS NP,37,0.08091705864667892,0.08095356202125549,0.32475,0.3314,0.32475,0.3314
4,np,IS NP,38,0.08042089653015137,0.08057462717294693,0.33825,0.3358,0.33825,0.3358
4,np,IS NP,39,0.08056441527605057,0.08058153517246246,0.34,0.337,0.34,0.337
4,np,IS NP,40,0.08000555717945099,0.07995371578931809,0.34225,0.3413,0.34225,0.3413
4,np,IS NP,41,0.08052685213088989,0.08043013648986816,0.33575,0.3393,0.33575,0.3393
4,np,IS NP,42,0.07996305584907532,0.07988883974552155,0.33675,0.343,0.33675,0.343
4,np,IS NP,43,0.08052834075689316,0.08043042504787445,0.33425,0.3384,0.33425,0.3384
4,np,IS NP,44,0.08016357409954071,0.08006795943975449,0.33525,0.3459,0.33525,0.3459
4,np,IS NP,45,0.08011727178096771,0.08001312605142594,0.335,0.3469,0.335,0.3469
4,np,IS NP,46,0.080069719851017,0.08002153030633927,0.33175,0.3423,0.33175,0.3423
4,np,IS NP,47,0.08020579659938812,0.08006694272756576,0.334,0.3434,0.334,0.3434
4,np,IS NP,48,0.08024281907081604,0.08023043813705444,0.3335,0.3293,0.3335,0.3293
4,np,IS NP,49,0.07992423385381699,0.07999772518873215,0.3375,0.3416,0.3375,0.3416
4,np,IS NP,50,0.07991535985469818,0.07995399303436279,0.348,0.345,0.348,0.345
4,np,IS NP,51,0.0796836107969284,0.07963281761407852,0.334,0.3385,0.334,0.3385
4,np,IS NP,52,0.07950356405973434,0.07953396133184433,0.3345,0.3398,0.3345,0.3398
4,np,IS NP,53,0.07946444875001907,0.07952542409896851,0.335,0.3508,0.335,0.3508
4,np,IS NP,54,0.07984607207775116,0.07978665939569474,0.3415,0.3448,0.3415,0.3448
4,np,IS NP,55,0.0794458310008049,0.07956850575208664,0.3405,0.3417,0.3405,0.3417
4,np,IS NP,56,0.07940963542461395,0.07950175976753235,0.355,0.3567,0.355,0.3567
4,np,IS NP,57,0.0793775931596756,0.07935476987361909,0.33775,0.3503,0.33775,0.3503
4,np,IS NP,58,0.07980661088228226,0.07975251086950302,0.33975,0.3474,0.33975,0.3474
4,np,IS NP,59,0.0796729177236557,0.07967249680757522,0.33575,0.3452,0.33575,0.3452
4,np,IS NP,60,0.0792908753156662,0.07927710040807724,0.33975,0.3501,0.33975,0.3501
4,np,IS NP,61,0.07988678628206253,0.07995488492250442,0.339,0.3466,0.339,0.3466
4,np,IS NP,62,0.07923939138650894,0.07929442414045333,0.3345,0.3487,0.3345,0.3487
4,np,IS NP,63,0.07944537198543548,0.0794796694636345,0.3275,0.3439,0.3275,0.3439
4,np,IS NP,64,0.07946030950546265,0.07953177932500839,0.3385,0.3484,0.3385,0.3484
4,np,IS NP,65,0.0793481103181839,0.079388392329216,0.341,0.3507,0.341,0.3507
4,np,IS NP,66,0.07944415730237961,0.07950252990722656,0.3505,0.3501,0.3505,0.3501
4,np,IS NP,67,0.07931678521633148,0.07933201069831848,0.33675,0.3457,0.33675,0.3457
4,np,IS NP,68,0.07921981316804885,0.07930159560441971,0.34275,0.3486,0.34275,0.3486
4,np,IS NP,69,0.07912672317028045,0.0791625258564949,0.3475,0.3541,0.3475,0.3541
4,np,IS NP,70,0.07908163070678711,0.07914908776283264,0.33725,0.3458,0.33725,0.3458
4,np,IS NP,71,0.07911029487848281,0.0792370087146759,0.33125,0.3413,0.33125,0.3413
4,np,IS NP,72,0.07915755194425583,0.07925023082494735,0.3525,0.3585,0.3525,0.3585
4,np,IS NP,73,0.07909946012496948,0.07908759219646454,0.34875,0.3562,0.34875,0.3562
4,np,IS NP,74,0.07925145816802978,0.0791449196100235,0.34175,0.3544,0.34175,0.3544
4,np,IS NP,75,0.07918467819690704,0.07910710346698761,0.3405,0.3536,0.3405,0.3536
4,np,IS NP,76,0.07897846692800523,0.07892805802822113,0.339,0.3534,0.339,0.3534
4,np,IS NP,77,0.07905995857715607,0.07908388170003891,0.345,0.3483,0.345,0.3483
4,np,IS NP,78,0.07896815806627273,0.07900305331945419,0.34625,0.3513,0.34625,0.3513
4,np,IS NP,79,0.07901099580526352,0.07896824337244034,0.343,0.3505,0.343,0.3505
4,np,IS NP,80,0.07891993260383606,0.07878721050024033,0.34775,0.3588,0.34775,0.3588
4,np_fixed,Vanilla NP,1,0.0918526691198349,0.09194466547966003,0.14325,0.1356,0.14325,0.1356
4,np_fixed,Vanilla NP,2,0.090019804418087,0.090095836353302,0.159,0.1499,0.159,0.1499
4,np_fixed,Vanilla NP,3,0.08932048958539963,0.08940834619998932,0.195,0.1861,0.195,0.1861
4,np_fixed,Vanilla NP,4,0.0887006521821022,0.08877338908910751,0.1975,0.1934,0.1975,0.1934
4,np_fixed,Vanilla NP,5,0.08860134142637253,0.08855905752182007,0.19925,0.199,0.19925,0.199
4,np_fixed,Vanilla NP,6,0.0882604324221611,0.08818997032642364,0.20925,0.2107,0.20925,0.2107
4,np_fixed,Vanilla NP,7,0.08809181839227677,0.0880046287894249,0.212,0.21,0.212,0.21
4,np_fixed,Vanilla NP,8,0.0875408821105957,0.08750579253435135,0.219,0.2235,0.219,0.2235
4,np_fixed,Vanilla NP,9,0.08731803303956985,0.08722322746515274,0.227,0.2375,0.227,0.2375
4,np_fixed,Vanilla NP,10,0.08691279029846191,0.08678723186254501,0.2315,0.2406,0.2315,0.2406
4,np_fixed,Vanilla NP,11,0.08675945591926575,0.08658165234327317,0.2295,0.2351,0.2295,0.2351
4,np_fixed,Vanilla NP,12,0.08664580422639846,0.08644932159185409,0.232,0.2373,0.232,0.2373
4,np_fixed,Vanilla NP,13,0.08637868171930313,0.08635460714101792,0.238,0.2401,0.238,0.2401
4,np_fixed,Vanilla NP,14,0.08579945820569992,0.08579110547304153,0.239,0.2463,0.239,0.2463
4,np_fixed,Vanilla NP,15,0.08559961950778962,0.08556916620731354,0.24775,0.2538,0.24775,0.2538
4,np_fixed,Vanilla NP,16,0.08575607138872146,0.0857201297402382,0.2445,0.2517,0.2445,0.2517
4,np_fixed,Vanilla NP,17,0.08548763650655747,0.0854943578004837,0.25075,0.2577,0.25075,0.2577
4,np_fixed,Vanilla NP,18,0.08541794389486312,0.08543831862211228,0.25,0.26,0.25,0.26
4,np_fixed,Vanilla NP,19,0.08535787165164947,0.0853225450873375,0.26,0.2614,0.26,0.2614
4,np_fixed,Vanilla NP,20,0.08517591392993927,0.08520035238265991,0.25875,0.2691,0.25875,0.2691
4,np_fixed,Vanilla NP,21,0.08486434692144394,0.0848771935582161,0.26,0.266,0.26,0.266
4,np_fixed,Vanilla NP,22,0.08477877569198608,0.08482571469545365,0.25925,0.2727,0.25925,0.2727
4,np_fixed,Vanilla NP,23,0.08461715745925903,0.08465069369077682,0.2635,0.2731,0.2635,0.2731
4,np_fixed,Vanilla NP,24,0.08412344032526016,0.08412038618326187,0.27075,0.2845,0.27075,0.2845
4,np_fixed,Vanilla NP,25,0.08418913501501084,0.0840928142786026,0.2675,0.278,0.2675,0.278
4,np_fixed,Vanilla NP,26,0.08388370388746262,0.08384045076370239,0.275,0.2862,0.275,0.2862
4,np_fixed,Vanilla NP,27,0.0840694180727005,0.08405262914896011,0.27425,0.2849,0.27425,0.2849
4,np_fixed,Vanilla NP,28,0.08394003248214722,0.08390240304470062,0.27375,0.2869,0.27375,0.2869
4,np_fixed,Vanilla NP,29,0.08383850866556168,0.08381105444431305,0.27425,0.2869,0.27425,0.2869
4,np_fixed,Vanilla NP,30,0.08340307539701462,0.083389490878582,0.29025,0.2954,0.29025,0.2954
4,np_fixed,Vanilla NP,31,0.08314777803421021,0.08310993928909302,0.2845,0.2929,0.2845,0.2929
4,np_fixed,Vanilla NP,32,0.08335127729177474,0.08340906196832656,0.28475,0.2885,0.28475,0.2885
4,np_fixed,Vanilla NP,33,0.08317637157440186,0.0832293269276619,0.2865,0.296,0.2865,0.296
4,np_fixed,Vanilla NP,34,0.08301543521881104,0.08301736764907837,0.28925,0.2974,0.28925,0.2974
4,np_fixed,Vanilla NP,35,0.08312053906917571,0.08313324681520462,0.2975,0.302,0.2975,0.302
4,np_fixed,Vanilla NP,36,0.08296949857473374,0.08288764507770538,0.30225,0.3045,0.30225,0.3045
4,np_fixed,Vanilla NP,37,0.08274242812395095,0.08266738181114197,0.3055,0.3097,0.3055,0.3097
4,np_fixed,Vanilla NP,38,0.08304531508684158,0.08300090711116791,0.30025,0.3045,0.30025,0.3045
4,np_fixed,Vanilla NP,39,0.08285409265756608,0.08277097415924073,0.299,0.3095,0.299,0.3095
4,np_fixed,Vanilla NP,40,0.08277238935232162,0.08275482720136643,0.2995,0.3068,0.2995,0.3068
4,np_fixed,Vanilla NP,41,0.08285236346721649,0.08282320772409439,0.306,0.3087,0.306,0.3087
4,np_fixed,Vanilla NP,42,0.08268587678670883,0.082660708630085,0.30275,0.3078,0.30275,0.3078
4,np_fixed,Vanilla NP,43,0.08269122779369355,0.08264636033773422,0.3045,0.299,0.3045,0.299
4,np_fixed,Vanilla NP,44,0.08254605203866959,0.0824778250694275,0.306,0.3088,0.306,0.3088
4,np_fixed,Vanilla NP,45,0.08258891302347184,0.082514228951931,0.3035,0.3057,0.3035,0.3057
4,np_fixed,Vanilla NP,46,0.08245471596717835,0.08247435601949692,0.3055,0.3081,0.3055,0.3081
4,np_fixed,Vanilla NP,47,0.08262809324264526,0.08250797361135483,0.31425,0.3155,0.31425,0.3155
4,np_fixed,Vanilla NP,48,0.08266203492879867,0.08262207103967667,0.3015,0.3001,0.3015,0.3001
4,np_fixed,Vanilla NP,49,0.08248166429996491,0.08238218334913254,0.30975,0.3111,0.30975,0.3111
4,np_fixed,Vanilla NP,50,0.08239016777276993,0.08235274368524552,0.3095,0.309,0.3095,0.309
4,np_fixed,Vanilla NP,51,0.0820864810347557,0.08207139195203782,0.31725,0.3193,0.31725,0.3193
4,np_fixed,Vanilla NP,52,0.08196291667222977,0.0819355782866478,0.3015,0.3112,0.3015,0.3112
4,np_fixed,Vanilla NP,53,0.08224686121940612,0.08224570772647857,0.31375,0.318,0.31375,0.318
4,np_fixed,Vanilla NP,54,0.08216473525762558,0.08207330672740937,0.30825,0.3148,0.30825,0.3148
4,np_fixed,Vanilla NP,55,0.0823126943707466,0.082323204267025,0.30775,0.3146,0.30775,0.3146
4,np_fixed,Vanilla NP,56,0.08183565366268158,0.0818326761007309,0.313,0.3231,0.313,0.3231
4,np_fixed,Vanilla NP,57,0.08205523675680161,0.08201186411380768,0.31125,0.314,0.31125,0.314
4,np_fixed,Vanilla NP,58,0.08199789541959762,0.08195285041332245,0.32025,0.3244,0.32025,0.3244
4,np_fixed,Vanilla NP,59,0.08214953166246414,0.08213254050016403,0.314,0.3171,0.314,0.3171
4,np_fixed,Vanilla NP,60,0.08194480746984482,0.08189740722179413,0.317,0.3264,0.317,0.3264
4,np_fixed,Vanilla NP,61,0.0823966715335846,0.08239342167377472,0.317,0.3228,0.317,0.3228
4,np_fixed,Vanilla NP,62,0.08236387354135513,0.08221269335746766,0.30575,0.311,0.30575,0.311
4,np_fixed,Vanilla NP,63,0.08169650447368622,0.08167943068742752,0.32025,0.3238,0.32025,0.3238
4,np_fixed,Vanilla NP,64,0.08226074200868606,0.08229605439901352,0.3105,0.3102,0.3105,0.3102
4,np_fixed,Vanilla NP,65,0.08223426896333695,0.08223423521518708,0.31075,0.3126,0.31075,0.3126
4,np_fixed,Vanilla NP,66,0.08187772011756897,0.08181883182525634,0.315,0.3211,0.315,0.3211
4,np_fixed,Vanilla NP,67,0.08173978358507156,0.0816882549405098,0.3085,0.3194,0.3085,0.3194
4,np_fixed,Vanilla NP,68,0.08203106898069382,0.08183394533395767,0.305,0.3171,0.305,0.3171
4,np_fixed,Vanilla NP,69,0.08164111196994782,0.08159214164018631,0.31175,0.318,0.31175,0.318
4,np_fixed,Vanilla NP,70,0.08180106550455093,0.0818225325703621,0.3215,0.3195,0.3215,0.3195
4,np_fixed,Vanilla NP,71,0.082450597345829,0.08233920178413391,0.30775,0.3133,0.30775,0.3133
4,np_fixed,Vanilla NP,72,0.08148954087495804,0.08145867155790329,0.32425,0.3282,0.32425,0.3282
4,np_fixed,Vanilla NP,73,0.08192988455295563,0.08207415704727172,0.3205,0.3198,0.3205,0.3198
4,np_fixed,Vanilla NP,74,0.08136782449483872,0.08144527252912521,0.319,0.3322,0.319,0.3322
4,np_fixed,Vanilla NP,75,0.08142888069152832,0.08138598071336746,0.31025,0.3243,0.31025,0.3243
4,np_fixed,Vanilla NP,76,0.08144459593296051,0.08141073886156082,0.317,0.323,0.317,0.323
4,np_fixed,Vanilla NP,77,0.08170412856340409,0.08166011694669724,0.3185,0.3251,0.3185,0.3251
4,np_fixed,Vanilla NP,78,0.08163763403892517,0.08170685399770737,0.31975,0.3224,0.31975,0.3224
4,np_fixed,Vanilla NP,79,0.08278789627552033,0.08292293189764023,0.2995,0.3054,0.2995,0.3054
4,np_fixed,Vanilla NP,80,0.08136298131942749,0.08139036527872086,0.32225,0.3251,0.32225,0.3251
4,np_fan_in,Fan-in NP,1,0.09069041788578033,0.09073228027820587,0.162,0.1485,0.162,0.1485
4,np_fan_in,Fan-in NP,2,0.08928203094005585,0.08929405825138093,0.18275,0.1725,0.18275,0.1725
4,np_fan_in,Fan-in NP,3,0.08867237621545791,0.08867104485034942,0.20875,0.1986,0.20875,0.1986
4,np_fan_in,Fan-in NP,4,0.08793761283159256,0.08790115435123444,0.21925,0.2173,0.21925,0.2173
4,np_fan_in,Fan-in NP,5,0.08771633738279343,0.08762931559085846,0.22225,0.2222,0.22225,0.2222
4,np_fan_in,Fan-in NP,6,0.08706344509124755,0.0870136689901352,0.23475,0.2418,0.23475,0.2418
4,np_fan_in,Fan-in NP,7,0.08679483056068421,0.08669365630149842,0.24,0.2421,0.24,0.2421
4,np_fan_in,Fan-in NP,8,0.0865084730386734,0.08641758304834365,0.23975,0.2443,0.23975,0.2443
4,np_fan_in,Fan-in NP,9,0.08614835315942765,0.08604833989143372,0.2475,0.2552,0.2475,0.2552
4,np_fan_in,Fan-in NP,10,0.08582467228174209,0.08570852704048157,0.25525,0.268,0.25525,0.268
4,np_fan_in,Fan-in NP,11,0.0855966739654541,0.08544876611232757,0.26,0.2681,0.26,0.2681
4,np_fan_in,Fan-in NP,12,0.08527969259023667,0.08513939340114593,0.2615,0.2698,0.2615,0.2698
4,np_fan_in,Fan-in NP,13,0.08515435725450515,0.08511738702058792,0.26325,0.274,0.26325,0.274
4,np_fan_in,Fan-in NP,14,0.08464880728721619,0.08461626374721527,0.27125,0.2832,0.27125,0.2832
4,np_fan_in,Fan-in NP,15,0.08445663791894913,0.08440915693044662,0.27075,0.2826,0.27075,0.2826
4,np_fan_in,Fan-in NP,16,0.08448291146755219,0.08446813560724259,0.281,0.2858,0.281,0.2858
4,np_fan_in,Fan-in NP,17,0.08432145822048187,0.08430104609727859,0.28375,0.2885,0.28375,0.2885
4,np_fan_in,Fan-in NP,18,0.084216039955616,0.08420790538787842,0.27675,0.2876,0.27675,0.2876
4,np_fan_in,Fan-in NP,19,0.08400587713718415,0.08397942851781845,0.28275,0.2869,0.28275,0.2869
4,np_fan_in,Fan-in NP,20,0.08374398410320281,0.08376112570762634,0.2895,0.2993,0.2895,0.2993
4,np_fan_in,Fan-in NP,21,0.08357429146766662,0.08359261201620102,0.2955,0.3006,0.2955,0.3006
4,np_fan_in,Fan-in NP,22,0.08344958305358886,0.08347133421897888,0.296,0.2974,0.296,0.2974
4,np_fan_in,Fan-in NP,23,0.08326718777418136,0.08330751032829285,0.28525,0.2945,0.28525,0.2945
4,np_fan_in,Fan-in NP,24,0.08285959577560424,0.08290870547294617,0.29225,0.3019,0.29225,0.3019
4,np_fan_in,Fan-in NP,25,0.08289498883485794,0.08289556173086167,0.2885,0.3013,0.2885,0.3013
4,np_fan_in,Fan-in NP,26,0.08262462598085403,0.08262364746332168,0.29525,0.3061,0.29525,0.3061
4,np_fan_in,Fan-in NP,27,0.08268806803226471,0.08266479110717774,0.29325,0.3068,0.29325,0.3068
4,np_fan_in,Fan-in NP,28,0.08255190378427506,0.08253632766008377,0.29875,0.3065,0.29875,0.3065
4,np_fan_in,Fan-in NP,29,0.08239381474256516,0.08233392441272736,0.29625,0.3096,0.29625,0.3096
4,np_fan_in,Fan-in NP,30,0.08224309682846069,0.0822607605934143,0.303,0.3114,0.303,0.3114
4,np_fan_in,Fan-in NP,31,0.08200441789627075,0.08207867265939713,0.3075,0.3124,0.3075,0.3124
4,np_fan_in,Fan-in NP,32,0.08200871795415879,0.08209884637594222,0.3085,0.3096,0.3085,0.3096
4,np_fan_in,Fan-in NP,33,0.081877671957016,0.08198026533126831,0.30925,0.3137,0.30925,0.3137
4,np_fan_in,Fan-in NP,34,0.08167494654655456,0.08171270909309387,0.305,0.3148,0.305,0.3148
4,np_fan_in,Fan-in NP,35,0.08180532658100129,0.08182358727455138,0.30375,0.3151,0.30375,0.3151
4,np_fan_in,Fan-in NP,36,0.08162735122442245,0.08164375447034836,0.32025,0.3269,0.32025,0.3269
4,np_fan_in,Fan-in NP,37,0.08166874253749848,0.08170216736793517,0.3215,0.3255,0.3215,0.3255
4,np_fan_in,Fan-in NP,38,0.08170471960306168,0.08167873905897141,0.3175,0.3228,0.3175,0.3228
4,np_fan_in,Fan-in NP,39,0.08157940995693207,0.08157870726585388,0.317,0.3276,0.317,0.3276
4,np_fan_in,Fan-in NP,40,0.08130797922611237,0.08132389999628067,0.314,0.3233,0.314,0.3233
4,np_fan_in,Fan-in NP,41,0.08156962317228317,0.0815592351436615,0.32125,0.3308,0.32125,0.3308
4,np_fan_in,Fan-in NP,42,0.081214785695076,0.08125125465393067,0.3215,0.3305,0.3215,0.3305
4,np_fan_in,Fan-in NP,43,0.08131833642721176,0.08136087231636048,0.3215,0.3275,0.3215,0.3275
4,np_fan_in,Fan-in NP,44,0.08124913144111633,0.08125851793289185,0.3245,0.3302,0.3245,0.3302
4,np_fan_in,Fan-in NP,45,0.0812759798169136,0.08128321695327759,0.329,0.3299,0.329,0.3299
4,np_fan_in,Fan-in NP,46,0.08127435231208802,0.08134068278074265,0.32025,0.3278,0.32025,0.3278
4,np_fan_in,Fan-in NP,47,0.08133755499124527,0.08132427401542663,0.3295,0.3356,0.3295,0.3356
4,np_fan_in,Fan-in NP,48,0.08127717679738998,0.08127702794075012,0.32475,0.328,0.32475,0.328
4,np_fan_in,Fan-in NP,49,0.08097475868463516,0.08099843223094941,0.319,0.333,0.319,0.333
4,np_fan_in,Fan-in NP,50,0.08085217320919037,0.08086694346666336,0.32825,0.3308,0.32825,0.3308
4,np_fan_in,Fan-in NP,51,0.0806680371761322,0.08069020649194718,0.3275,0.334,0.3275,0.334
4,np_fan_in,Fan-in NP,52,0.08062679809331894,0.08065126127004624,0.31475,0.326,0.31475,0.326
4,np_fan_in,Fan-in NP,53,0.08067098772525787,0.08070830091238022,0.32675,0.3341,0.32675,0.3341
4,np_fan_in,Fan-in NP,54,0.08062630236148834,0.08060220410823822,0.3285,0.3322,0.3285,0.3322
4,np_fan_in,Fan-in NP,55,0.08077874988317489,0.08090519007444381,0.32675,0.3298,0.32675,0.3298
4,np_fan_in,Fan-in NP,56,0.08047540992498398,0.08064012299776077,0.32875,0.3412,0.32875,0.3412
4,np_fan_in,Fan-in NP,57,0.08075126075744629,0.08088967382907868,0.32675,0.3311,0.32675,0.3311
4,np_fan_in,Fan-in NP,58,0.08042208123207092,0.08047326709032059,0.342,0.3473,0.342,0.3473
4,np_fan_in,Fan-in NP,59,0.0809818155169487,0.08116971265077591,0.3325,0.341,0.3325,0.341
4,np_fan_in,Fan-in NP,60,0.08039071422815323,0.08048212931156158,0.34,0.3424,0.34,0.3424
4,np_fan_in,Fan-in NP,61,0.08089977759122849,0.0809687661409378,0.33225,0.3357,0.33225,0.3357
4,np_fan_in,Fan-in NP,62,0.08088047504425049,0.08090689388513565,0.32475,0.3294,0.32475,0.3294
4,np_fan_in,Fan-in NP,63,0.08009763115644455,0.08015331218242645,0.33375,0.3405,0.33375,0.3405
4,np_fan_in,Fan-in NP,64,0.08083650541305543,0.08091639349460601,0.329,0.3303,0.329,0.3303
4,np_fan_in,Fan-in NP,65,0.08057694047689438,0.08069938133955001,0.32575,0.3312,0.32575,0.3312
4,np_fan_in,Fan-in NP,66,0.08040743637084961,0.08044240818023682,0.332,0.3376,0.332,0.3376
4,np_fan_in,Fan-in NP,67,0.08063645905256271,0.08076635895967484,0.33,0.339,0.33,0.339
4,np_fan_in,Fan-in NP,68,0.08095936167240143,0.08094035296440125,0.32775,0.3364,0.32775,0.3364
4,np_fan_in,Fan-in NP,69,0.08031649589538574,0.08033892987966537,0.34575,0.3473,0.34575,0.3473
4,np_fan_in,Fan-in NP,70,0.08046397733688354,0.08051878838539124,0.33325,0.3309,0.33325,0.3309
4,np_fan_in,Fan-in NP,71,0.08020932412147522,0.0802524051308632,0.33675,0.3403,0.33675,0.3403
4,np_fan_in,Fan-in NP,72,0.08009993648529053,0.08012101588249207,0.34225,0.3543,0.34225,0.3543
4,np_fan_in,Fan-in NP,73,0.08110035121440888,0.08131438925266266,0.32525,0.3387,0.32525,0.3387
4,np_fan_in,Fan-in NP,74,0.07983572113513947,0.07985527281761169,0.348,0.3534,0.348,0.3534
4,np_fan_in,Fan-in NP,75,0.08012078273296357,0.08008406171798706,0.34275,0.3516,0.34275,0.3516
4,np_fan_in,Fan-in NP,76,0.07987332367897033,0.0798685482621193,0.341,0.3458,0.341,0.3458
4,np_fan_in,Fan-in NP,77,0.08039148807525635,0.08035220707654953,0.3355,0.342,0.3355,0.342
4,np_fan_in,Fan-in NP,78,0.08023005259037018,0.08023369706869125,0.3395,0.3455,0.3395,0.3455
4,np_fan_in,Fan-in NP,79,0.08075845330953597,0.0808274096250534,0.329,0.3429,0.329,0.3429
4,np_fan_in,Fan-in NP,80,0.0801409861445427,0.08014155167341232,0.338,0.3452,0.338,0.3452
4,wp,WP,1,0.09618678957223892,0.09615598804950715,0.11425,0.1143,0.11425,0.1143
4,wp,WP,2,0.09331821763515473,0.0933173922419548,0.1315,0.1314,0.1315,0.1314
4,wp,WP,3,0.09150589948892593,0.09151970170736314,0.14225,0.1456,0.14225,0.1456
4,wp,WP,4,0.09046694791316987,0.09047362238168716,0.1595,0.1636,0.1595,0.1636
4,wp,WP,5,0.08959863585233688,0.08962469128370285,0.17875,0.1728,0.17875,0.1728
4,wp,WP,6,0.0890042576789856,0.08905701749324799,0.19325,0.1873,0.19325,0.1873
4,wp,WP,7,0.08857954210042954,0.08865157169103623,0.2025,0.2028,0.2025,0.2028
4,wp,WP,8,0.08827092450857163,0.08832376507520676,0.20525,0.2065,0.20525,0.2065
4,wp,WP,9,0.08795274162292481,0.0880077917098999,0.2135,0.2141,0.2135,0.2141
4,wp,WP,10,0.08774871277809143,0.08778682744503022,0.2205,0.2199,0.2205,0.2199
4,wp,WP,11,0.08749955385923386,0.08754014303684235,0.22575,0.2239,0.22575,0.2239
4,wp,WP,12,0.08731760805845261,0.08732909138202667,0.23525,0.2305,0.23525,0.2305
4,wp,WP,13,0.08710372889041901,0.08712281621694565,0.24,0.239,0.24,0.239
4,wp,WP,14,0.08698969602584838,0.08696083111763,0.241,0.2425,0.241,0.2425
4,wp,WP,15,0.0868035101890564,0.08677952382564545,0.2495,0.2493,0.2495,0.2493
4,wp,WP,16,0.08666254705190658,0.08662560828924179,0.2465,0.2479,0.2465,0.2479
4,wp,WP,17,0.08656410557031631,0.08657258743047715,0.2455,0.2488,0.2455,0.2488
4,wp,WP,18,0.08640222162008286,0.08640423427820206,0.2485,0.2547,0.2485,0.2547
4,wp,WP,19,0.08609475195407867,0.08607939640283585,0.2545,0.2617,0.2545,0.2617
4,wp,WP,20,0.0859900284409523,0.08599005056619644,0.25475,0.2568,0.25475,0.2568
4,wp,WP,21,0.08589908516407013,0.08586272642612457,0.253,0.2587,0.253,0.2587
4,wp,WP,22,0.08587594312429428,0.08578186115026475,0.25125,0.2567,0.25125,0.2567
4,wp,WP,23,0.08582375758886338,0.08573377560377121,0.25625,0.2598,0.25625,0.2598
4,wp,WP,24,0.08577284908294677,0.08566709206104278,0.25575,0.2657,0.25575,0.2657
4,wp,WP,25,0.08560349202156067,0.08550152468681335,0.25775,0.2663,0.25775,0.2663
4,wp,WP,26,0.08549372082948685,0.08539550907611847,0.254,0.2645,0.254,0.2645
4,wp,WP,27,0.0855153324007988,0.08541510840654373,0.25525,0.2634,0.25525,0.2634
4,wp,WP,28,0.08536545890569687,0.08523793816566468,0.25925,0.2656,0.25925,0.2656
4,wp,WP,29,0.08528442633152009,0.08510517570972442,0.25925,0.2676,0.25925,0.2676
4,wp,WP,30,0.08527440524101257,0.08508887723684311,0.26325,0.2736,0.26325,0.2736
4,wp,WP,31,0.08504069250822067,0.08489060446023941,0.26375,0.2745,0.26375,0.2745
4,wp,WP,32,0.08497724467515945,0.08484943385124206,0.26725,0.2736,0.26725,0.2736
4,wp,WP,33,0.08490122747421265,0.08478665721416473,0.27475,0.2724,0.27475,0.2724
4,wp,WP,34,0.084897580742836,0.08476699973344803,0.26775,0.2721,0.26775,0.2721
4,wp,WP,35,0.08471319699287415,0.08458158198595046,0.2685,0.2754,0.2685,0.2754
4,wp,WP,36,0.08466337233781815,0.08453741306066513,0.27075,0.2752,0.27075,0.2752
4,wp,WP,37,0.08456204301118851,0.08443730508089066,0.27125,0.2808,0.27125,0.2808
4,wp,WP,38,0.08446689254045486,0.08431783276796341,0.272,0.282,0.272,0.282
4,wp,WP,39,0.08447065800428391,0.0843061173915863,0.274,0.2832,0.274,0.2832
4,wp,WP,40,0.08445336085557938,0.08433312153816223,0.27975,0.28,0.27975,0.28
4,wp,WP,41,0.08430691576004028,0.08421692324876785,0.28025,0.2862,0.28025,0.2862
4,wp,WP,42,0.08441143029928208,0.0842631609082222,0.278,0.2839,0.278,0.2839
4,wp,WP,43,0.08461722320318223,0.08441131834983825,0.2695,0.2806,0.2695,0.2806
4,wp,WP,44,0.08461743223667145,0.08437092601060868,0.274,0.2779,0.274,0.2779
4,wp,WP,45,0.08447925269603729,0.08427105369567871,0.27275,0.2811,0.27275,0.2811
4,wp,WP,46,0.08449269843101502,0.08429944022893905,0.27525,0.281,0.27525,0.281
4,wp,WP,47,0.08452389264106751,0.08433287628889084,0.276,0.2815,0.276,0.2815
4,wp,WP,48,0.0846479641199112,0.08443081003427505,0.28425,0.2865,0.28425,0.2865
4,wp,WP,49,0.08464486747980118,0.08445150674581528,0.281,0.2831,0.281,0.2831
4,wp,WP,50,0.08432672768831254,0.08413187600374222,0.2885,0.2818,0.2885,0.2818
4,wp,WP,51,0.08412431168556213,0.0839838220357895,0.29175,0.29,0.29175,0.29
4,wp,WP,52,0.08424627017974853,0.08399599664211273,0.2905,0.2893,0.2905,0.2893
4,wp,WP,53,0.08433546721935273,0.08411710667610169,0.29175,0.2867,0.29175,0.2867
4,wp,WP,54,0.08460196644067765,0.08436330686807632,0.29075,0.283,0.29075,0.283
4,wp,WP,55,0.08463440954685211,0.08441174446344375,0.281,0.2735,0.281,0.2735
4,wp,WP,56,0.08465306043624878,0.0843993786931038,0.28375,0.2798,0.28375,0.2798
4,wp,WP,57,0.08445355302095413,0.08423470233678818,0.29325,0.2837,0.29325,0.2837
4,wp,WP,58,0.08449139708280563,0.08442074890136719,0.29725,0.2832,0.29725,0.2832
4,wp,WP,59,0.08445850175619125,0.08428223894834519,0.29225,0.2907,0.29225,0.2907
4,wp,WP,60,0.0845500864982605,0.08438588063716888,0.29275,0.2878,0.29275,0.2878
4,wp,WP,61,0.08470045042037964,0.08457715934514999,0.2875,0.2891,0.2875,0.2891
4,wp,WP,62,0.08501376688480378,0.08486920216083527,0.2905,0.286,0.2905,0.286
4,wp,WP,63,0.08511642175912858,0.08501189090013504,0.2945,0.2878,0.2945,0.2878
4,wp,WP,64,0.08528919965028763,0.08531799566745758,0.29775,0.2788,0.29775,0.2788
4,wp,WP,65,0.08554769432544708,0.08549683517217636,0.289,0.282,0.289,0.282
4,wp,WP,66,0.08549201369285583,0.0854970779299736,0.297,0.2854,0.297,0.2854
4,wp,WP,67,0.08564245891571044,0.08574298697710037,0.288,0.2852,0.288,0.2852
4,wp,WP,68,0.08576814287900925,0.08598310061693192,0.29325,0.2798,0.29325,0.2798
4,wp,WP,69,0.08579028618335724,0.08610253254175186,0.28975,0.2834,0.28975,0.2834
4,wp,WP,70,0.08587314134836196,0.08620329620838166,0.29225,0.2807,0.29225,0.2807
4,wp,WP,71,0.08620842462778092,0.08649499608278274,0.2895,0.2772,0.2895,0.2772
4,wp,WP,72,0.08635241574048996,0.08667952697277069,0.28925,0.2772,0.28925,0.2772
4,wp,WP,73,0.08695688384771347,0.08716893074512481,0.2845,0.2756,0.2845,0.2756
4,wp,WP,74,0.0872986159324646,0.08733094762563705,0.2855,0.2774,0.2855,0.2774
4,wp,WP,75,0.08758227151632308,0.08746297101974487,0.28075,0.2786,0.28075,0.2786
4,wp,WP,76,0.08739479351043701,0.08729381664991379,0.28325,0.2781,0.28325,0.2781
4,wp,WP,77,0.08768632620573044,0.08761509577035904,0.2815,0.2839,0.2815,0.2839
4,wp,WP,78,0.08823632490634918,0.0878953835606575,0.28075,0.278,0.28075,0.278
4,wp,WP,79,0.08841149699687957,0.0881817290186882,0.278,0.2757,0.278,0.2757
4,wp,WP,80,0.0891172062754631,0.08887724374532699,0.27975,0.2772,0.27975,0.2772
